№,Код 1с,Артикул поставщика,Наименование,Мин. разр. к отгр.
1,081100768_,LDPA0-5030-1H-K01,"Светильник аварийный ДПА 5030-1, NI-CD, пост.,1ч,IP20, IEK",1
2,081100769_,LDPA0-5030-3H-K01,"Светильник аварийный ДПА 5030-3, NI-CD, пост.,3ч,IP20, IEK",1
3,130200381_,LDBA0-3926-30-K01,Светильник ДБА 3926 аккумулятор 3ч 3Вт IEK,1
4,081100762_,LDBA0-3927-90-K01,Светильник ДБА 3927 аккумулятор 15ч 9Вт IEK,1
5,130200378_,LDBA0-3928-60-K01,Светильник светодиодный аккумуляторный ДБА 3928 15ч 12Вт IEK,1
6,081100766_,LDRO1-2060-04-10-K02,Светильник LED переносной ДРО 2060 IP44 шнур 10м черный IEK,1
7,081100767_,LDRO1-2061-09-10-K02,Светильник LED переносной ДРО 2061 IP54 шнур 10м черный IEK,1
8,081100760_,LDNN5-001-SQ-P-00-S-K01,Светильник-ночник 001 круг USB датчик осв. 220В IEK,1
9,081100759_,LDNN1-002-OV-P-00-S-K01,Светильник-ночник 002 овал розетка 220В IEK,1
10,081100758_,LDNN0-005-OV-P-00-S-K01,Светильник-ночник 005 овал 220В IEK,1
11,081100761_,LDNN8-018-SQ-P-00-S-K01,Светильник-ночник 018 квадрат датчик осв. 220В IEK,1
12,150101182_,LT-UBU0-5100-E27-1-K02,Светильник уличный 5100 настенный E27 IP54 черный IEK,1
13,150101183_,LT-UBU0-5101-E27-2-K02,Светильник уличный 5101 настенный E27 IP54 черный IEK,1
14,150101200_,LT-UPU0-5104-GX53-1-K01,Светильник уличный 5104 потолочный GX53 IP65 белый IEK,1
15,150101202_,LT-UPU0-5104-GX53-1-K03,Светильник уличный 5104 потолочный GX53 IP65 серый IEK,1
16,150101201_,LT-UPU0-5104-GX53-1-K02,Светильник уличный 5104 потолочный GX53 IP65 черный IEK,1
17,150101188_,LT-UBU0-5107-GU10-1-K01,Светильник уличный 5107 настенный GU10 IP65 белый IEK,1
18,150101190_,LT-UBU0-5107-GU10-1-K03,Светильник уличный 5107 настенный GU10 IP65 серый IEK,1
19,150101189_,LT-UBU0-5107-GU10-1-K02,Светильник уличный 5107 настенный GU10 IP65 черный IEK,1
20,150101191_,LT-UBU0-5108-GU10-2-K01,Светильник уличный 5108 настенный 2хGU10 IP65 белый IEK,1
21,150101193_,LT-UBU0-5108-GU10-2-K03,Светильник уличный 5108 настенный 2хGU10 IP65 серый IEK,1
22,150101192_,LT-UBU0-5108-GU10-2-K02,Светильник уличный 5108 настенный 2хGU10 IP65 черный IEK,1
23,150101205_,LT-UPU0-5110-GU10-1-K03,Светильник уличный 5110 потолочный GU10 IP65 серый IEK,1
24,150101204_,LT-UPU0-5110-GU10-1-K02,Светильник уличный 5110 потолочный GU10 IP65 черный IEK,1
25,150101207_,LT-UPU0-5112-GU10-1-K03,Светильник уличный 5112 настенный GU10 IP65 серый IEK,1
26,150101209_,LT-UPU0-5113-GU10-2-K03,Светильник уличный 5113 настенный 2хGU10 IP65 серый IEK,1
27,150101208_,LT-UPU0-5113-GU10-2-K02,Светильник уличный 5113 настенный 2хGU10 IP65 черный IEK,1
28,150101194_,LT-UBU0-5220-GU10-1-K01,Светильник уличный 5220 настенный GU10 IP65 белый IEK,1
29,150101196_,LT-UBU0-5220-GU10-1-K03,Светильник уличный 5220 настенный GU10 IP65 серый IEK,1
30,150101195_,LT-UBU0-5220-GU10-1-K02,Светильник уличный 5220 настенный GU10 IP65 черный IEK,1
31,150101197_,LT-UBU0-5221-GU10-2-K01,Светильник уличный 5221 настенный 2хGU10 IP65 белый IEK,1
32,150101199_,LT-UBU0-5221-GU10-2-K03,Светильник уличный 5221 настенный 2хGU10 IP65 серый IEK,1
33,150101198_,LT-UBU0-5221-GU10-2-K02,Светильник уличный 5221 настенный 2хGU10 IP65 черный IEK,1
34,150101210_,LT-UPU0-5222-GU10-1-K01,Светильник уличный 5222 потолочный GU10 IP65 белый IEK,1
35,150101178_,LT-DBU0-5103-010-40-K03,Светильник уличный LED 5103 наст. 10Вт 4000К IP54 серый IEK,1
36,150101177_,LT-DBU0-5103-010-40-K02,Светильник уличный LED 5103 наст. 10Вт 4000К IP54 черный IEK,1
37,150101179_,LT-DBU0-5111-006-40-K01,Светильник уличный LED 5111 наст. 6Вт 4000К IP65 белый IEK,1
38,150101181_,LT-DBU0-5111-006-40-K03,Светильник уличный LED 5111 наст. 6Вт 4000К IP65 серый IEK,1
39,150101180_,LT-DBU0-5111-006-40-K02,Светильник уличный LED 5111 наст. 6Вт 4000К IP65 черный IEK,1
40,080800137_,LSR5-1-120-65-2-10-S0,"Светодиодная лента ""Неон"" (лента LED 10м LSR5-2835WW120-8-IP65-220В - 3000K+ драйвер) IEK",1
41,080800139_,LSR5-2-120-65-2-10-S0,"Светодиодная лента ""Неон"" LED 10м LSR5-2835W120-8-IP65-220В-6500K+драйвер IEK",1
42,080800141_,LSR5-RGB-060-65-2-10-S0,"Светодиодная лента ""Неон"" LED 10м LSR5-5050RGB60-8-IP65-220В+драйвер IEK",1
43,080800138_,LSR5-2-120-65-2-05-S0,"Светодиодная лента ""Неон"" LED 5м LSR5-2835W120-8-IP65-220В-6500K+драйвер IEK",1
44,080800136_,LSR5-1-120-65-2-05-S0,"Светодиодная лента ""Неон"" LED 5м LSR5-2835WW120-8-IP65-220В-3000K+драйвер IEK",1
45,080800140_,LSR5-RGB-060-65-2-05-S0,"Светодиодная лента ""Неон"" LED 5м LSR5-5050RGB60-8-IP65-220В+драйвер IEK",1
46,080800130_,LSR1-1-060-20-1-D12-S3,"Светодиодная лента ""Сделай сам"" LED 1,2м LSR-2835WW60-4,8-IP20-12В-3000K+драйвер+датч движ IEK",1
47,080800129_,LSR1-1-060-20-1-2XD12-S3,"Светодиодная лента ""Сделай сам"" LED 2х1,2м LSR-2835WW60-4,8-IP20-12В-3000K+драйвер+2 датч движ IEK",1
48,080800132_,LSR1-2-060-20-1-05-S1,"Светодиодная лента ""Сделай сам"" LED 5м LSR-2835W60-4,8-IP20-12В-6500K+драйвер+выкл IEK",1
49,080800133_,LSR1-2-060-65-1-05-S1,"Светодиодная лента ""Сделай сам"" LED 5м LSR-2835W60-4,8-IP65-12В-6500K+драйвер+выкл IEK",1
50,080800128_,LSR1-1-060-20-1-05-S1,"Светодиодная лента ""Сделай сам"" LED 5м LSR-2835WW60-4,8-IP20-12В-3000K+драйвер+выключатель IEK",1
51,080800131_,LSR1-1-060-65-1-05-S1,"Светодиодная лента ""Сделай сам"" LED 5м LSR-2835WW60-4,8-IP65-12В-3000K+драйвер+выкл IEK",1
52,080800134_,LSR2-3-060-20-1-05-S2,"Светодиодная лента ""Сделай сам"" LED 5м LSR-5050RGB60-14,4-IP20-12В+драйвер+контр IEK",1
53,080800135_,LSR2-3-060-65-1-05-S2,"Светодиодная лента ""Сделай сам"" LED 5м LSR-5050RGB60-14,4-IP65-12В+драйвер+контр IEK",1
54,151000059_,LNPP0-1101-1-100-K01,НПП 1101-100  бел/круг IEK(8),1
55,151000061_,LNPP0-1102-1-100-K01,НПП 1102-100  бел/круг с реш. IEK(8),1
56,151000082_,LNPP0-1401-1-060-K01,НПП 1401-60  бел/овал IP54 IEK(12),1
57,151000175_,WSP20-10-K09, Переноска УП-1Р 10м. плоск. вилка IEK,1
58,151000137_,WSP20-05-K09, Переноска УП-1Р 5м (плоск. вилка) IEK,1
59,081100277_,LLE-A60-11-230-30-E27," LED A60 ""ECO"" 11w 230v 3000K E27 IEK(1)",10
60,081100278_,LLE-A60-11-230-40-E27," LED A60 ""ECO"" 11w 230v 4000K E27 IEK(1)",10
61,081100745_,LLE-T80-10-230-40-GX53,Лампа LED T75 таблетка 10Вт 230В 4000К GX53 IEK,10
62,081100746_,LLE-T80-10-230-65-GX53,Лампа LED T75 таблетка 10Вт 230В 6500К GX53 IEK,10
63,081100747_,LLE-T80-15-230-40-GX53,Лампа LED T75 таблетка 15Вт 230В 4000К GX53 IEK,10
64,081100635_,LLE-T80-15-230-65-GX53,Лампа LED T75 таблетка 15Вт 230В 6500К GX53 IEK,10
65,081100743_,LLE-T80-6-230-40-GX53,Лампа LED T75 таблетка 6Вт 230В 4000К GX53 IEK,10
66,081100744_,LLE-T80-6-230-65-GX53,Лампа LED T75 таблетка 6Вт 230В 6500К GX53 IEK,10
67,081100749_,LUVB0-GX53-1-K01,Светильник встраиваемый под лампу GX53 белый IEK,10
68,081100750_,LUPB0-GX53-1-K01,Светильник накладной под лампу GX53 белый IEK,10
69,081100706_,LLF-A60-9-230-30-E27-CLG,Лампа филаментная LED A60 шар золото  9Вт 230В 2700К E27 серия 360° IEK,10
70,081100702_,LLF-A60-11-230-30-E27-CLG,Лампа филаментная LED A60 шар золото 11Вт 230В 2700К E27 серия 360° IEK,10
71,081100703_,LLF-A60-7-230-30-E27-CL,Лампа филаментная LED A60 шар прозр.  7Вт 230В 3000К E27 серия 360° IEK,10
72,081100704_,LLF-A60-7-230-40-E27-CL,Лампа филаментная LED A60 шар прозр.  7Вт 230В 4000К E27 серия 360° IEK,10
73,081100705_,LLF-A60-7-230-65-E27-CL,Лампа филаментная LED A60 шар прозр.  7Вт 230В 6500К E27 серия 360° IEK,10
74,081100707_,LLF-A60-9-230-40-E27-CL,Лампа филаментная LED A60 шар прозр.  9Вт 230В 4000К E27 серия 360° IEK,10
75,081100708_,LLF-A60-9-230-65-E27-CL,Лампа филаментная LED A60 шар прозр.  9Вт 230В 6500К E27 серия 360° IEK,10
76,081100641_,LLF-A60-11-230-40-E27-CL,Лампа филаментная LED A60 шар прозр. 11Вт 230В 4000К E27 серия 360° IEK,10
77,151300040_,LLF-A60-11-230-65-E27-CL,Лампа филаментная LED A60 шар прозр. 11Вт 230В 6500К E27 серия 360° IEK,#N/A
78,081100709_,LLF-C35-5-230-30-E14-CLG,Лампа филаментная LED C35 свеча золото 5Вт 230В 2700К E14 серия 360° IEK,10
79,081100712_,LLF-C35-7-230-30-E14-CLG,Лампа филаментная LED C35 свеча золото 7Вт 230В 2700К E14 серия 360° IEK,10
80,081100710_,LLF-C35-5-230-40-E14-CL,Лампа филаментная LED C35 свеча прозр. 5Вт 230В 4000К E14 серия 360° IEK,10
81,081100711_,LLF-C35-5-230-40-E27-CL,Лампа филаментная LED C35 свеча прозр. 5Вт 230В 4000К E27 серия 360° IEK,10
82,081100713_,LLF-C35-7-230-30-E27-CL,Лампа филаментная LED C35 свеча прозр. 7Вт 230В 3000К E27 серия 360° IEK,10
83,151300041_,LLF-C35-7-230-40-E14-CL,Лампа филаментная LED C35 свеча прозр. 7Вт 230В 4000К E14 серия 360° IEK,10
84,081100714_,LLF-C35-7-230-40-E27-CL,Лампа филаментная LED C35 свеча прозр. 7Вт 230В 4000К E27 серия 360° IEK,10
85,081100715_,LLF-CT35-5-230-30-E14-CL,Лампа филаментная LED CT35 свеча вит. 5Вт 230В 3000К E14 серия 360° IEK,#N/A
86,081100717_,LLF-CT35-5-230-40-E14-CL,Лампа филаментная LED CT35 свеча вит. 5Вт 230В 4000К E14 серия 360° IEK,10
87,081100718_,LLF-CT35-5-230-40-E27-CL,Лампа филаментная LED CT35 свеча вит. 5Вт 230В 4000К E27 серия 360° IEK,10
88,081100719_,LLF-CT35-7-230-30-E14-CL,Лампа филаментная LED CT35 свеча вит. 7Вт 230В 3000К E14 серия 360° IEK,#N/A
89,081100720_,LLF-CT35-7-230-30-E27-CL,Лампа филаментная LED CT35 свеча вит. 7Вт 230В 3000К E27 серия 360° IEK,10
90,081100721_,LLF-CT35-7-230-40-E14-CL,Лампа филаментная LED CT35 свеча вит. 7Вт 230В 4000К E14 серия 360° IEK,10
91,081100722_,LLF-CT35-7-230-40-E27-CL,Лампа филаментная LED CT35 свеча вит. 7Вт 230В 4000К E27 серия 360° IEK,10
92,081100723_,LLF-G95-6-230-30-E27-CLG,Лампа филаментная LED G95 шар золото 6Вт 230В 2700К E27 серия 360° IEK,1
93,081100642_,LLF-G95-8-230-30-E27-CLG,Лампа филаментная LED G95 шар золото 8Вт 230В 2700К E27 серия 360° IEK,1
94,081100724_,LLF-ST64-6-230-30-E27-CLG,Лампа филаментная LED ST64 золото 6Вт 230В 2700К E27 серия 360° IEK,#N/A
95,081100643_,LLF-ST64-8-230-30-E27-CLG,Лампа филаментная LED ST64 золото 8Вт 230В 2700К E27 серия 360° IEK,1
96,151000558_,LLVPOD-EPK-58-1H,"Блок ав-го питания БАП58-1,0 IEK (5)",1
97,150101155_,EPA12-04-02-K02,"Патрон подвесной E27 со шнуром 1,5м RETRO черный IEK",10
98,130300287_,LDD10-008-1100-001,"Датчик движения ДД 008 белый,до 1100 Вт,дальность 12 м IP44 IEK (48)",1
99,151000369_,LDD10-008-1100-002,"Датчик движения ДД 008 черный,до 1100 Вт,дальность 12 м IP44 IEK (48)",1
100,151000691_,LDD10-009-1100-002,"Датчик движения ДД 009 черный,до 1100 Вт,дальность 12 м IP44 IEK (48)",1
101,130300288_,LDD10-010-1100-001,"Датчик движения ДД 010 белый,до 1100 Вт,дальность 10 м IP44 IEK (48)",1
102,151000692_,LDD10-010-1100-002,"Датчик движения ДД 010 черный,до 1100 Вт,дальность 10 м IP44 IEK (48)",1
103,130200298_,LDD10-013-1100-001,"Датчик движения ДД 013 белый,до 1200 Вт,дальность 12 м IP65 IEK (50)",1
104,130200299_,LDD11-016-800-001,"Датчик движения ДД 016 угловой белый,до 800 Вт,дальность 12 м IP44  IEK (50)",1
105,081100779_,LDD13-017-1100-001,"Датчик движения ДД 017 белый, макс. нагрузка 1100Вт, угол обзора 120град., дальность 12м, IP44, ИЭК",#N/A
106,081100771_,LDD10-018B-1100-001,"Датчик движения ДД 018В белый, макс. нагрузка 1100Вт, угол обзора 270град., дальность 12м, IP44, IEK",1
107,081100772_,LDD11-022-2000-001,Датчик движения ДД 022 белый 2000Вт 360гр 4мх20м IP20 IEK,1
108,130200128_,LDD11-024-1100-001,"Датчик движения ДД 024 белый,до 1100 Вт,дальность 6 м IP33 IEK (60)",1
109,130200300_,LDD11-026-2000-001,"Датчик движения ДД 026 белый,до 2000 Вт,дальность 6 м IP20 IEK  (50)",1
110,081100778_,LDD12-035-500-001,"Датчик движения ДД 035 белый, макс. нагрузка 500Вт, угол обзора 140град., дальность 12м, IP20, IEK E",1
111,081100774_,LDD11-201-1200-001,"Датчик движения ДД 201 белый, 1200Вт, 360 гр.,6М,IP20,IEK",1
112,130200302_,LDD11-401-800-001,"Датчик движения ДД 401 белый,до 800 Вт,дальность 8 м IP20 IEK (50)",1
113,130300764_,LDD11-301MB-1200-001,"Датчик движения МВ 301 белый,1200 Вт, 360гр. дальность 8 м IP20 IEK (50)",1
114,130300765_,LDD11-401MB-500-001,"Датчик движения МВ 401 белый, 1200 Вт, 360гр. дальность 8 м IP20 IEK (100)",1
115,130300102_,MTA10-16,Таймер ТЭ15 цифровой 16А 230В на DIN-рейку IEK (100),1
116,130300302_,MTA20-16,Таймер ТЭМ 181 аналоговый 16А 230В на DIN-рейку IEK (100),1
117,130300220_,LFR20-601-2200-003,"Фотореле ФР 601 серый, 2200 Вт IP44 IEK (120)",20
118,130300221_,LFR20-602-4400-003,"Фотореле ФР 602 серый, 5500 Вт IP44 IEK (120)",20
119,081100780_,LFR20-603-2200-K01,Фотореле ФР 603 макс. нагрузка 2200ВА IP66 белый IEK (50),1
120,081100781_,LFR20-604-3300-K01,Фотореле ФР 604 макс. нагрузка 3300ВА IP66 белый IEK,1
121,010500001_,MVA20-1-001-C,ВА47-29 (1ф)   1А IEK (12/144),12
122,010500003_,MVA20-1-002-C,ВА47-29 (1ф)   2А IEK (12/144),12
123,010500068_,MVA20-1-003-C,ВА47-29 (1ф)  3А IEK (12/144),12
124,010500044_,MVA20-1-004-C,ВА47-29 (1ф)  4А IEK (12/144),12
125,010500054_,MVA20-1-005-C,ВА47-29 (1ф)  5А IEK (12/144),12
126,010500004_,MVA20-1-006-C,ВА47-29 (1ф)  6А IEK (12/144),12
127,010500005_,MVA20-1-010-C,ВА47-29 (1ф) 10А IEK (12/144),12
128,010500006_,MVA20-1-016-C,ВА47-29 (1ф) 16А IEK (12/144),12
129,010500007_,MVA20-1-020-C,ВА47-29 (1ф) 20А IEK (12/144),12
130,010500008_,MVA20-1-025-C,ВА47-29 (1ф) 25А IEK (12/144),12
131,010500009_,MVA20-1-032-C,ВА47-29 (1ф) 32А IEK (12/144),12
132,010500010_,MVA20-1-040-C,ВА47-29 (1ф) 40А IEK (12/144),12
133,010500011_,MVA20-1-050-C,ВА47-29 (1ф) 50А IEK (12/144),12
134,010500012_,MVA20-1-063-C,ВА47-29 (1ф) 63А IEK (12/144),12
135,010500103_,MVA20-2-006-C,ВА47-29 (2ф)  6А IEK (6/72),6
136,010500018_,MVA20-2-010-C,ВА47-29 (2ф) 10А IEK (6/72),6
137,010500019_,MVA20-2-016-C,ВА47-29 (2ф) 16А IEK (6/72),6
138,010500020_,MVA20-2-020-C,ВА47-29 (2ф) 20А IEK (6/72),6
139,010500021_,MVA20-2-025-C,ВА47-29 (2ф) 25А IEK (6/72),6
140,010500022_,MVA20-2-032-C,ВА47-29 (2ф) 32А IEK (6/72),6
141,010500023_,MVA20-2-040-C,ВА47-29 (2ф) 40А IEK (6/72),6
142,010500024_,MVA20-2-050-C,ВА47-29 (2ф) 50А IEK (6/72),6
143,010500025_,MVA20-2-063-C,ВА47-29 (2ф) 63А IEK (6/72),6
144,010500046_,MVA20-3-002-C,ВА47-29 (3ф)  2А IEK (4/48),4
145,010500053_,MVA20-3-003-C,ВА47-29 (3ф)  3А IEK (4/48),4
146,010500047_,MVA20-3-004-C,ВА47-29 (3ф)  4А IEK (4/48),4
147,010500048_,MVA20-3-006-C,ВА47-29 (3ф)  6А IEK (4/48),4
148,010500032_,MVA20-3-010-C,ВА47-29 (3ф) 10А IEK (4/48),4
149,010500033_,MVA20-3-016-C,ВА47-29 (3ф) 16А IEK (4/48),4
150,010500034_,MVA20-3-020-C,ВА47-29 (3ф) 20А IEK (4/48),4
151,010500035_,MVA20-3-025-C,ВА47-29 (3ф) 25А IEK (4/48),4
152,010500036_,MVA20-3-032-C,ВА47-29 (3ф) 32А IEK (4/48),4
153,010500037_,MVA20-3-040-C,ВА47-29 (3ф) 40А IEK (4/48),4
154,010500038_,MVA20-3-050-C,ВА47-29 (3ф) 50А IEK (4/48),4
155,010500039_,MVA20-3-063-C,ВА47-29 (3ф) 63А IEK (4/48),4
156,010500090_,MVA20-4-016-C,ВА47-29 (4ф) 16А IEK (3/36),3
157,010500091_,MVA20-4-020-C,ВА47-29 (4ф) 20А IEK (3/36),3
158,010500092_,MVA20-4-025-C,ВА47-29 (4ф) 25А IEK (3/36),3
159,010500093_,MVA20-4-032-C,ВА47-29 (4ф) 32А IEK (3/36),3
160,010500094_,MVA20-4-040-C,ВА47-29 (4ф) 40А IEK (3/36),3
161,010500063_,MVA20-4-050-C,ВА47-29 (4ф) 50A IEK (3/36),3
162,010500095_,MVA20-4-063-C,ВА47-29 (4ф) 63А IEK (3/36),3
163,010700029_,MVA40-3-025-C, BA 47-100 (3ф)  25А IEK (4/40),4
164,010700030_,MVA40-3-032-C, BA 47-100 (3ф)  32А IEK (4/40),4
165,010700031_,MVA40-3-040-C, BA 47-100 (3ф)  40А IEK (4/40),4
166,010700032_,MVA40-3-050-C, BA 47-100 (3ф)  50А IEK (4/40),4
167,010700001_,MVA40-3-063-C, BA 47-100 (3ф)  63А IEK (4/40),4
168,010700003_,MVA40-3-080-C, BA 47-100 (3ф)  80А IEK (4/40),4
169,010700002_,MVA40-3-100-C, BA 47-100 (3ф) 100А IEK (4/40),4
170,010700103_,MVA50-3-100-C, BA 47-150 (3ф) 100А IEK (4/40) ,1
171,010700102_,MVA50-3-125-C, BA 47-150 (3ф) 125А IEK (4/40),1
172,010800009_,SVA10-3-0016,ВА 88-32 (3ф)  16А IEK (1/20),1
173,010800018_,SVA10-3-0025,ВА 88-32 (3ф)  25А IEK (1/20),1
174,010800010_,SVA10-3-0032,ВА 88-32 (3ф)  32А IEK (1/20),1
175,010800011_,SVA10-3-0040,ВА 88-32 (3ф)  40А IEK (1/20),1
176,010800015_,SVA10-3-0050,ВА 88-32 (3ф)  50А IEK (1/20),1
177,010800016_,SVA10-3-0063,ВА 88-32 (3ф)  63А IEK (1/20),1
178,010800017_,SVA10-3-0080,ВА 88-32 (3ф)  80А IEK (1/20),1
179,010800001_,SVA10-3-0100,ВА 88-32 (3ф) 100А IEK (1/20),1
180,010800002_,SVA10-3-0125,ВА 88-32 (3ф) 125А IEK (1/20),1
181,010800033_,SVA20-3-0080,ВА 88-33 (3ф)  80А IEK (1/16),1
182,010800027_,SVA20-3-0100,ВА 88-33 (3ф) 100А IEK (1/16),1
183,010800028_,SVA20-3-0125,ВА 88-33 (3ф) 125А IEK (1/16),1
184,010800003_,SVA20-3-0160,ВА 88-33 (3ф) 160А IEK (1/16),1
185,010800034_,SVA30-3-0125,ВА 88-35 (3ф) 125А IEK (1/6),1
186,010800035_,SVA30-3-0160,ВА 88-35 (3ф) 160А IEK (1/6),1
187,010800012_,SVA30-3-0200,ВА 88-35 (3ф) 200А IEK (1/6),1
188,010800004_,SVA30-3-0250,ВА 88-35 (3ф) 250А IEK (1/6),1
189,010800055_,SVA40-3-0250,ВА 88-37 (3ф) 250А IEK (1/4),1
190,010800029_,SVA40-3-0315,ВА 88-37 (3ф) 315А IEK (1/4),1
191,010800005_,SVA40-3-0400,ВА 88-37 (3ф) 400А IEK (1/4),1
192,010800030_,SVA50-3-0500,ВА 88-40 (3ф) 500А IEK (1/2),1
193,010800006_,SVA50-3-0630,ВА 88-40 (3ф) 630А IEK (1/2),1
194,010800031_,SVA50-3-0800,ВА 88-40 (3ф) 800А IEK (1/2),1
195,010800044_,SVA61-3-1000,ВА 88-43 (3ф) 1000А 50кА с эл расц МР 211 IEK (1),1
196,010800045_,SVA61-3-1250,ВА 88-43 (3ф) 1250А 50кА с эл расц МР 211 IEK (1),1
197,010800046_,SVA61-3-1600,ВА 88-43 (3ф) 1600А 50 кА с эл расц МР 211 IEK (1),1
198,010700055_,SVA4410-3-0080,ВА 44-33 (3ф)  80А IEK (1/20),1
199,010800139_,SVA4410-3-0250,ВА 44-35 (3ф) 250А IEK (1/6),1
200,010300094_,MAD22-5-006-C-30, УЗО АВДТ 32   6А IEK  (6/60),1
201,010300074_,MAD22-5-010-C-30, УЗО АВДТ 32  10А IEK  (6/60),1
202,010300075_,MAD22-5-016-C-30, УЗО АВДТ 32  16А IEK  (6/60),1
203,010300095_,MAD22-5-020-C-30, УЗО АВДТ 32  20А IEK  (6/60),1
204,010300053_,MAD22-5-025-C-30, УЗО АВДТ 32  25А IEK  (6/60),1
205,010300121_,MAD22-5-032-C-30, УЗО АВДТ 32  32А IEK  (6/60),1
206,010300096_,MAD22-5-040-C-30, УЗО АВДТ 32  40А IEK  (6/60),1
207,010300001_,MAD10-2-010-C-030, УЗО АД 12  (2ф) 10А IEK (5/40),1
208,010300002_,MAD10-2-016-C-030, УЗО АД 12  (2ф) 16А IEK (5/40),1
209,010300123_,MAD10-2-020-C-030, УЗО АД 12  (2ф) 20А IEK (5/40),1
210,010300003_,MAD10-2-025-C-030, УЗО АД 12  (2ф) 25А IEK (5/40),1
211,010300004_,MAD10-2-032-C-030, УЗО АД 12  (2ф) 32А IEK (5/40),1
212,010300005_,MAD10-2-040-C-030, УЗО АД 12  (2ф) 40А IEK (4/32),1
213,010300006_,MAD10-2-050-C-030, УЗО АД 12  (2ф) 50А IEK (4/32),1
214,010300007_,MAD10-2-063-C-030, УЗО АД 12  (2ф) 63А IEK (4/32),1
215,010300124_,MAD10-4-010-C-030, УЗО АД 14  (4ф) 10А IEK (3/24),3
216,010300008_,MAD10-4-016-C-030, УЗО АД 14  (4ф) 16А IEK (3/24),1
217,010300009_,MAD10-4-025-C-030, УЗО АД 14  (4ф) 25А IEK (3/24),1
218,010300010_,MAD10-4-032-C-030, УЗО АД 14  (4ф) 32А IEK (3/24),1
219,010300011_,MAD10-4-040-C-030, УЗО АД 14  (4ф) 40А IEK (3/24),1
220,010300012_,MAD10-4-050-C-030, УЗО АД 14  (4ф) 50А IEK (3/24),3
221,010300013_,MAD10-4-063-C-030, УЗО АД 14  (4ф) 63А IEK (3/24),1
222,010300068_,MAD12-2-025-C-030, УЗО АД12М  (2ф) 25А IEK (5/40),1
223,010300069_,MAD12-2-032-C-030, УЗО АД12М  (2ф) 32А IEK (5/40),1
224,010300014_,MDV10-2-016-030, УЗО ВД1 63 (2ф) 16А IEK  (1/48),1
225,010300015_,MDV10-2-025-030, УЗО ВД1 63 (2ф) 25А 30мА IEK  (1/48),1
226,010300016_,MDV10-2-032-030, УЗО ВД1 63 (2ф) 32А 30мА IEK  (1/48),1
227,010300017_,MDV10-2-040-030, УЗО ВД1 63 (2ф) 40А 30мА  IEK  (1/48),1
228,010300018_,MDV10-2-050-030, УЗО ВД1 63 (2ф) 50А 30мА IEK  (1/48),1
229,010300057_,MDV10-2-063-030, УЗО ВД1 63 (2ф) 63А 30мА IEK  (1/48),1
230,010300052_,MDV10-4-016-030, УЗО ВД1-63 (4ф) 16А 30мА IEK  (1/24),1
231,010300019_,MDV10-4-025-030, УЗО ВД1-63 (4ф) 25А 30мА IEK  (1/24),1
232,010300020_,MDV10-4-032-030, УЗО ВД1-63 (4ф) 32А 30мА IEK  (1/24),1
233,010300023_,MDV10-4-040-030, УЗО ВД1-63 (4ф) 40А 30мА IEK  (1/24),1
234,010300024_,MDV10-4-050-030, УЗО ВД1-63 (4ф) 50А 30мА IEK  (1/24),1
235,010300021_,MDV10-4-063-030, УЗО ВД1-63 (4ф) 63А 30мА IEK  (1/24),1
236,010700168_,AR-B06S-1N-C10C030,УЗО АВДТ 1P+NP 10 А 30мА ARMAT IEK (12),12
237,010700169_,AR-B06S-1N-C16C030,УЗО АВДТ 1P+NP 16 А 30мА ARMAT IEK (12),12
238,010700170_,AR-B06S-1N-C20C030,УЗО АВДТ 1P+NP 20 А 30мА ARMAT IEK (12),12
239,010700171_,AR-B06S-1N-C25C030,УЗО АВДТ 1P+NP 25 А 30мА ARMAT IEK (12),12
240,010700172_,AR-B06S-1N-C32C030,УЗО АВДТ 1P+NP 32 А 30мА ARMAT IEK (1),1
241,010700167_,AR-B06S-1N-C06C030,УЗО АВДТ 1P+NP 6 А 30мА ARMAT IEK (12),12
242,010700161_,AR-R10N-2-025C030,УЗО АВДТ 2(ф) 25А 30мА ARMAT IEK (1),1
243,010700162_,AR-R10N-2-040C030,УЗО АВДТ 2(ф) 40А 30мА ARMAT IEK (6),6
244,010700163_,AR-R10N-2-063C030,УЗО АВДТ 2(ф) 63А 30мА ARMAT IEK (6),6
245,010700164_,AR-R10N-4-025C030,УЗО АВДТ 4(ф) 25А 30мА ARMAT IEK (3),3
246,010700165_,AR-R10N-4-040C030,УЗО АВДТ 4(ф) 40А 30мА ARMAT IEK (3),3
247,010700166_,AR-R10N-4-063A030,УЗО АВДТ 4(ф) 63А 30мА ARMAT IEK (3),3
248,010700134_,AR-M06N-1-C010,ARMAT (1ф) 10А C IEK (1),1
249,010700135_,AR-M06N-1-C016,ARMAT (1ф) 16А C IEK (1),1
250,010700136_,AR-M06N-1-C020,ARMAT (1ф) 20А C IEK (1),1
251,010700137_,AR-M06N-1-C025,ARMAT (1ф) 25А C IEK (1),1
252,010700138_,AR-M06N-1-C032,ARMAT (1ф) 32А C IEK (1),1
253,010700139_,AR-M06N-1-C040,ARMAT (1ф) 40А C IEK (1),1
254,010700140_,AR-M06N-1-C050,ARMAT (1ф) 50А C IEK (1),1
255,010700141_,AR-M06N-1-C063,ARMAT (1ф) 63А C IEK (1),1
256,010700133_,AR-M06N-1-C006,ARMAT (1ф) 6А C IEK (1),1
257,010700143_,AR-M06N-2-C010,ARMAT (2ф) 10А C IEK (1),1
258,010700144_,AR-M06N-2-C016,ARMAT (2ф) 16А C IEK (1),1
259,010700145_,AR-M06N-2-C020,ARMAT (2ф) 20А C IEK (1),1
260,010700146_,AR-M06N-2-C025,ARMAT (2ф) 25А C IEK (1),1
261,010700147_,AR-M06N-2-C032,ARMAT (2ф) 32А C IEK (1),1
262,010700148_,AR-M06N-2-C040,ARMAT (2ф) 40А C IEK (1),1
263,010700149_,AR-M06N-2-C050,ARMAT (2ф) 50А C IEK (1),1
264,010700150_,AR-M06N-2-C063,ARMAT (2ф) 63А C IEK (1),1
265,010700142_,AR-M06N-2-C006,ARMAT (2ф) 6А C IEK (1),1
266,010700152_,AR-M06N-3-C010,ARMAT (3ф) 10А C IEK (1),1
267,010700153_,AR-M06N-3-C016,ARMAT (3ф) 16А C IEK (1),1
268,010700154_,AR-M06N-3-C020,ARMAT (3ф) 20А C IEK (1),1
269,010700155_,AR-M06N-3-C025,ARMAT (3ф) 25А C IEK (1),1
270,010700156_,AR-M06N-3-C032,ARMAT (3ф) 32А C IEK (1),1
271,010700158_,AR-M06N-3-C040,ARMAT (3ф) 40А C IEK (1),1
272,010700159_,AR-M06N-3-C050,ARMAT (3ф) 50А C IEK (1),1
273,010700160_,AR-M06N-3-C063,ARMAT (3ф) 63А C IEK (1),1
274,010700151_,AR-M06N-3-C006,ARMAT (3ф) 6А C IEK (1),1
275,AR-M06N-4-C025,AR-M06N-4-C025,ARMAT Автоматический выключатель M06N 4P C 25А IEK,1
276,010500111_,MNV10-3-020,Выкл. нагрузки ВН-32 (3ф)  20А IEK (4/80),4
277,010500102_,MNV10-3-032,Выкл. нагрузки ВН-32 (3ф)  32А IEK (4/80),4
278,010500041_,MNV10-3-040,Выкл. нагрузки ВН-32 (3ф)  40А IEK (4/80),4
279,010500042_,MNV10-3-063,Выкл. нагрузки ВН-32 (3ф)  63А IEK (4/80),4
280,010500040_,MNV10-3-100,Выкл. нагрузки ВН-32 (3ф) 100А IEK (4/80),4
281,130500098_,MOP20-1-B,Огр-ль имп. перенапр. ОПС1-B 1Р In=30kA Un=400B Im=60kA IEK E-PRO,1
282,130500137_,MOP20-1-D,Огр-ль имп. перенапр. ОПС1-D 1Р In=5kA Un=230B Im=10kA IEK E-PRO,10
283,200400050_,KMM11-006-230-10,  Миниконтактор МКИ-10610 6А 230В IEK (1/100),1
284,120100001_,KKM11-009-230-10, Контактор КМИ-10910  9А  230В (1вел) IEK (1/50),5
285,120100032_,KKM11-009-400-10, Контактор КМИ-10910  9А  400В (1вел) IEK (1/50),1
286,120100002_,KKM11-012-230-10, Контактор КМИ-11210 12А 230В (1вел) IEK (1/50),1
287,120100033_,KKM11-012-400-10, Контактор КМИ-11210 12А 400В (1вел) IEK (1/50),1
288,120100004_,KKM11-018-230-10, Контактор КМИ-11810 18А 230В (1вел) IEK (1/50),5
289,120100034_,KKM11-018-400-10, Контактор КМИ-11810 18А 400В (1вел) IEK (1/50),1
290,120100006_,KKM21-025-230-10, Контактор КМИ-22510 25А 230В (2вел) IEK (1/50),1
291,120100035_,KKM21-025-400-10, Контактор КМИ-22510 25А 400В (2вел) IEK (1/50),1
292,120100030_,KKM21-032-230-10, Контактор КМИ-23210 32А 230В (2вел) IEK (1/50),1
293,120100036_,KKM21-032-400-10, Контактор КМИ-23210 32А 400В (2вел) IEK (1/50),1
294,120100011_,KKM31-040-230-11, Контактор КМИ-34012 40А 230В (3вел) IEK (1/20),1
295,120100037_,KKM31-040-400-11, Контактор КМИ-34012 40А 400В (3вел) IEK (1/20),1
296,120100013_,KKM31-050-230-11, Контактор КМИ-35012 50А 230В (3вел) IEK (1/20),1
297,120100038_,KKM31-050-400-11, Контактор КМИ-35012 50А 400В (3вел) IEK (1/20),1
298,120100118_,KKM41-065-230-11, Контактор КМИ-46512 65А 230В (4вел) IEK (1/20),1
299,120100119_,KKM41-065-400-11, Контактор КМИ-46512 65А 400В (4вел) IEK (1/20),1
300,120100041_,KKM41-080-230-11, Контактор КМИ-48012 80А 230В (4вел) IEK (1/16),1
301,120100042_,KKM41-080-400-11, Контактор КМИ-48012 80А 400В (4вел) IEK (1/16),1
302,120100016_,KKM41-095-230-11, Контактор КМИ-49512 95А 230В (4вел) IEK (1/16),1
303,120100081_,KKM41-095-400-11, Контактор КМИ-49512 95А 400В (4вел) IEK (1/16),1
304,120100055_,KKM16-009-220-00,Контактор  КМИ-10960 9А 220В  IP54  (1вел в корпусе) IEK (1/20),1
305,120100045_,KKM16-009-380-00,Контактор  КМИ-10960 9А 380В  IP54 (1вел в корпусе) IEK (1/20),1
306,120100056_,KKM16-012-220-00,Контактор  КМИ-11260 12А 220В  IP54 (1вел в корпусе) IEK (1/20),1
307,120100003_,KKM16-012-380-00,Контактор  КМИ-11260 12А 380В  IP54 (1вел в корпусе) IEK (1/20),1
308,120100057_,KKM16-018-220-00,Контактор  КМИ-11860 18А 220В  IP54 (1вел в корпусе) IEK (1/20),1
309,120100005_,KKM16-018-380-00,Контактор  КМИ-11860 18А 380В  IP54 (1вел в корпусе) IEK (1/20),1
310,120100058_,KKM26-025-220-00,Контактор  КМИ-22560 25А 220В  IP54 (2вел в корпусе) IEK (1/16),1
311,120100008_,KKM26-025-380-00,Контактор  КМИ-22560 25А 380В  IP54 (2вел в корпусе) IEK (1/16),1
312,120100059_,KKM26-032-220-00,Контактор  КМИ-23260 32А 220В  IP54 (2вел в корпусе) IEK (1/16),1
313,120100010_,KKM26-032-380-00,Контактор  КМИ-23260 32А 380В  IP54 (2вел в корпусе) IEK (1/16),1
314,120100080_,KKM36-040-220-00,Контактор  КМИ-34062 40А 220В  IP54 (3вел в корпусе) IEK (1/6),1
315,120100012_,KKM36-040-380-00,Контактор  КМИ-34062 40А 380В  IP54 (3вел в корпусе) IEK (1/6),1
316,120100060_,KKM36-050-220-00,Контактор  КМИ-35062 50А 220В  IP54 (3вел в корпусе) IEK (1/6),1
317,120100122_,KKM46-065-380-00,Контактор  КМИ-46562 65А 380В  IP54 (3вел в корпусе) IEK (1/6),1
318,120300008_,KKT50-115-230-10,Контактор  КТИ 5115  115А 230В IEK (1/4),1
319,120300023_,KKT50-115-400-10,Контактор  КТИ 5115  115А 400В IEK (1/4),1
320,120100043_,KKT50-150-230-10,Контактор  КТИ 5150  150А 230В IEK (1/4),1
321,120100044_,KKT50-150-400-10,Контактор  КТИ 5150  150А 400В IEK (1/4),1
322,120100085_,KKT50-185-230-10,Контактор  КТИ 5185  185А 230В IEK (1/4),1
323,120100088_,KKT50-185-400-10,Контактор  КТИ 5185  185А 400В IEK (1/4),1
324,120100047_,KKT50-225-230-10,Контактор  КТИ 5225  225А 230В IEK (1/2),1
325,120100046_,KKT50-225-400-10,Контактор  КТИ 5225  225А 400В IEK (1/2),1
326,120100086_,KKT50-265-230-10,Контактор  КТИ 5265  265А 230В IEK (1/2),1
327,120100089_,KKT50-265-400-10,Контактор  КТИ 5265  265А 400В IEK (1/2),1
328,120100087_,KKT60-400-230-10,Контактор КТИ 6400  400А 230В IEK (1/4),1
329,120100050_,KKT60-400-400-10,Контактор КТИ 6400  400А 400В IEK (1/2),1
330,120100320_,MKK11-20-11,Контактор КМ 20-11М AC IEK ,1
331,120100306_,MKK11-20-20,Контактор КМ 20-20М AC IEK,1
332,MKK11-20-22,MKK11-20-22,Контактор КМ 20-22М AC IEK E-PRO,1
333,120100307_,MKK11-20-40,Контактор КМ 20-40М AC IEK E-PRO,1
334,120100322_,MKK11-25-22,Контактор КМ 25-22М AC IEK ,1
335,MKK11-40-11,MKK11-40-11,Контактор КМ 40-11М AC IEK E-PRO,1
336,120100325_,MKK11-40-20,Контактор КМ 40-20М AC IEK E-PRO,1
337,120100308_,MKK21-40-40,Контактор КМ 40-40М AC/DC IEK E-PRO,1
338,MKK11-63-20,MKK11-63-20,Контактор КМ 63-20М AC IEK E-PRO,1
339,120100309_,MKK21-63-40,Контактор КМ 63-40М AC/DC IEK E-PRO,1
340,130300103_,KPK10-11,Приставка ПКИ 11 1з+1р IEK (1/250),1
341,130300152_,KPK10-22,Приставка ПКИ 22 2з+2р IEK (1/250),1
342,120100070_,DMS11-010, Пускатель ПРК32-10 In=10A Ir=6-10A Ue 660В IEK (1/50),1
343,120100071_,DMS11-014, Пускатель ПРК32-14 In=14A Ir=9-14A Ue 660В IEK (1/50),1
344,120100072_,DMS11-018, Пускатель ПРК32-18 In=18A Ir=13-18A Ue 660В IEK (1/50),1
345,120100073_,DMS11-025, Пускатель ПРК32-25 In=25A Ir=20-25A Ue 660В IEK (1/50),1
346,120100069_,DMS11-D63," Пускатель ПРК32-6,3 In=6,3A Ir=4-6,3A Ue 660В IEK (1/50)",1
347,080800070_,BLS10-ADDS-230-K05,Индикатор AD-22DS (LED) Ø22мм (желтый) IEK (10/600),10
348,080800071_,BLS10-ADDS-230-K06,Индикатор AD-22DS (LED) Ø22мм (зеленый) IEK (10/600),10
349,080800072_,BLS10-ADDS-230-K04,Индикатор AD-22DS (LED) Ø22мм (красный) IEK (10/600),10
350,080800024_,BLS30-ALTE-K06,Индикатор AL-22TE Ø22мм (зеленый неон) IEK (10/300),10
351,130200019_,MIF10-400,Свет. индикатор фаз (3-х фазн. на DIN-рейку) IEK (24/480),24
352,130900014_,KVK10-06-3, ВКИ-211 3Р 6А 230\400В IP40 IEK (10/120),10
353,130900013_,KVK20-10-3, ВКИ-216 3Р 10А 230\400В IP40 IEK (10/120),10
354,130900001_,KVK30-16-3, ВКИ-230 3Р 16А 230\400В IP40 IEK (10/100),10
355,130200085_,MBD10-11-K51, Кнопка управления модульная КМУ-11 IEK (12/144),12
356,130300021_,BBT30-ABLFS-K06,Кнопка ABLFS-22 (зеленый неон) IEK (10/200),10
357,130300022_,BBT30-ABLFS-K04,Кнопка ABLFS-22 (красный неон) IEK (10/200),10
358,130900065_,BBG30-AEA-K04,"Кнопка AEA-22  (грибок, красный)  IEK  (10/200)",10
359,130900017_,BBG60-AEAL-K04,Кнопка AEAL-22 (грибок с фиксац.красн) IEK (10/200),10
360,130900031_,BBG20-AELA-K06,Кнопка AELA-22 (грибок зеленый неон) IEK (10/200),10
361,130900030_,BBG20-AELA-K04,Кнопка AELA-22 (грибок красный неон) IEK (10/200),10
362,130900008_,BSW10-ALCLR-3-K02,Кнопка ALCLR-22 (черный.на 3 полож) IEK (10/200),10
363,130900009_,BBG40-ANE-K04,Кнопка ANE-22 (грибок с фиксац.красн.неон) IEK (10/200),10
364,130300154_,BBD11-APBB-K51,"Кнопка APBB-22N ""ПУСК-СТОП"" Ø22мм IEK(10/200)",10
365,130300080_,BBD21-PPBB-K51,"Кнопка PPВВ-30N ""ПУСК-СТОП"" Ø30мм IEK (10/200)",10
366,130900020_,BBT40-SB7-K06,"Кнопка SB-7 ""ПУСК"" (зеленая Ø22мм) IEK (10/500)",10
367,130900019_,BBT40-SB7-K04,"Кнопка SB-7 ""СТОП"" (красная Ø22мм) IEK (10/500)",10
368,130300101_,BSW10-AKS-2-K02, Переключатель AKS-22  (черный с ключом на 2 фикс.полож.) IEK (10/200),10
369,130900012_,BSW10-ANC-2-K06, Переключатель ANC-22-2 (зеленый неон на 2 полож)  IEK (10/200),10
370,130900010_,BSW10-ANC-2-K04, Переключатель ANC-22-2 (красный неон на 2 полож)  IEK (10/200),10
371,130900006_,BSW10-ANCLR-3-K06, Переключатель ANCLR 22-3 (зеленый неон на 3 полож.) IEK (10/200),10
372,130900007_,BSW10-ANCLR-3-K04, Переключатель ANCLR 22-3 (красный неон на 3 полож.) IEK (10/200),10
373,010500124_,BSW60-BD-2-K02," Переключатель LAY5-BD25 2 полож.""1-0"" стандарт ручка IEK (1/20)",20
374,010500122_,BSW60-BD-3-K02," Переключатель LAY5-BD33 3 положения ""I-0-II"" стандарт ручка ИЕК (1/20)",20
375,130301133_,BBG90-BS-K04," Переключатель LAY5-BS542 ""Грибок"" аварийная с фиксацией поворотная IEK ",20
376,270300134_,BCS13-025-2," Переключатель кулачковый ПКП25-33 /О 25А""1-0-2""3Р/400В  IEK",#N/A
377,250600030_,BKP10-1-K01,Пост кноп (корпус) КП-101 (1 мест.бел.) IEK (10/100),10
378,250600013_,BKP10-2-K01,Пост кноп (корпус) КП-102 (2 мест.бел.) IEK (10/100),10
379,250600014_,BKP10-3-K01,Пост кноп (корпус) КП-103 (3 мест.бел.) IEK (10/100),10
380,250600015_,BKP10-4-K01,Пост кноп (корпус) КП-104 (4 мест.бел.) IEK (10/50),10
381,130300204_,BPU10-2,Пост тельф.ПКТ-61 (на 2 кноп.) IP54 IEK (5/60),5
382,130300004_,BPU10-4,Пост тельф.ПКТ-62 (на 4 кноп.) IP54 IEK (5/40),5
383,130300003_,BPU10-6,Пост тельф.ПКТ-63 (на 6 кноп.) IP54 IEK (5/30),5
384,080800062_,MLS10-230-K05,Сиг. лампа ЛС-47 (желтый неон) IEK (12/240),12
385,080800030_,MLS10-230-K06,Сиг. лампа ЛС-47 (зеленый неон) IEK (12/240),12
386,080800031_,MLS10-230-K04,Сиг. лампа ЛС-47 (красный неон) IEK (12/240),12
387,130600078_,DRT10-D004-C063,"Тепловое реле РТИ-1304 (0,4-0,63А) IEK (1/100)",1
388,130600079_,DRT10-C063-0001,"Тепловое реле РТИ-1305 (0,63-1,0А) IEK (1/100)",1
389,130600080_,DRT10-0001-D016,"Тепловое реле РТИ-1306 (1-1,6А) IEK (1/100)",1
390,130600031_,DRT10-D016-D025,"Тепловое реле РТИ-1307 (1,6-2,5А) IEK (1/100)",1
391,130600052_,DRT10-D025-0004,"Тепловое реле РТИ-1308 (2,5-4,0А) IEK (1/100)",1
392,130600032_,DRT10-0004-0006,Тепловое реле РТИ-1310 (4-6А) IEK (1/100),1
393,130600086_,DRT10-D055-0008,"Тепловое реле РТИ-1312  (5,5-8А) IEK (1/100)",1
394,130600021_,DRT10-0007-0010,Тепловое реле РТИ-1314 (7-10А) IEK (1/100),1
395,130600022_,DRT10-0009-0013,Тепловое реле РТИ-1316 (9-13А) IEK (1/100),1
396,130600053_,DRT10-0012-0018,Тепловое реле РТИ-1321 (12-18А) IEK (1/100),1
397,130600023_,DRT10-0017-0025,Тепловое реле РТИ-1322 (17-25А) IEK (1/100),1
398,130600024_,DRT20-0028-0036,Тепловое реле РТИ-2355 (28-36А) IEK (60),1
399,130600066_,DRT30-0023-0032,Тепловое реле РТИ-3353 (23-32А) IEK (50),1
400,130600025_,DRT30-0030-0040,Тепловое реле РТИ-3355 (30-40А) IEK (50),1
401,130600051_,DRT30-0037-0050,Тепловое реле РТИ-3357 (37-50А) IEK (50),1
402,130600067_,DRT30-0055-0070,Тепловое реле РТИ-3361 (55-70А) IEK (50),1
403,130600064_,DRT30-0063-0080,Тепловое реле РТИ-3363 (63-80А) IEK (50),1
404,130300020_,MVA01D-RN,Расцепитель независимый РН47 на DIN-рейку НОВЫЕ IEK (12/240),12
405,270300112_,ITT10-2-05-0050,"  Трансформатор тока ТТИ-А   50/5А  5ВА  класс 0,5  IEK",1
406,270300098_,ITT10-2-05-0075,"  Трансформатор тока ТТИ-А   75/5А  5ВА  класс 0,5  IEK",1
407,270300099_,ITT10-2-05-0100,"  Трансформатор тока ТТИ-А  100/5А  5ВА  класс 0,5  IEK",1
408,270300101_,ITT10-2-05-0200,"  Трансформатор тока ТТИ-А  200/5А  5ВА  класс 0,5  IEK",1
409,270300132_,ITT10-2-05-0250,"Трансформатор тока ТТИ-А  250/5А  5ВА  класс 0,5  IEK",1
410,270300021_,ITT30-2-05-0300," Трансформатор тока ТТИ-40  300/5А  5ВА  класс 0,5  IEK",1
411,270300025_,ITT30-2-05-0400," Трансформатор тока ТТИ-40  400/5А  5ВА  класс 0,5  IEK",1
412,270300234_,ITT30-2-05-0500," Трансформатор тока ТТИ-40 500/5А 5ВА 0,5 IEK ",1
413,270300035_,ITT30-2-05-0600," Трансформатор тока ТТИ-40 600/5А 5ВА 0,5 IEK ",#N/A
414,270300217_,ITT60-2-15-1000,"Трансформатор тока ТТИ-100 1000/5А 15ВА 0,5 IEK ",#N/A
415,270300100_,ITT10-2-05-0150,"Трансформатор тока ТТИ-А  150/5А  5ВА  класс 0,5  IEK",1
416,270100211_,PE-31120-0250,Разъединитель РЕ19-35-31120 250А IEK (4) NEW,1
417,270100212_,PE-31120-0400,Разъединитель РЕ19-37-31120 400А IEK (4) NEW,1
418,270100217_,PE-31140-0400,Разъединитель РЕ19-37-31140 400А IEK (4) NEW,1
419,270100213_,PE-31120-0630,Разъединитель РЕ19-39-31120 630А IEK (1) NEW,1
420,270100218_,PE-31140-0630,Разъединитель РЕ19-39-31140 630А IEK (1) NEW,1
421,270100221_,PE-31160-0630,Разъединитель РЕ19-39-31160 630А IEK (1) NEW,1
422,270100214_,PE-31120-1000,Разъединитель РЕ19-41-31120 1000А IEK (1) NEW,1
423,270100219_,PE-31140-1000,Разъединитель РЕ19-41-31140 1000А IEK (1) NEW,1
424,270100215_,PE-31120-1600,Разъединитель РЕ19-43-31120 1600А IEK (1) NEW,1
425,270100223_,PE-31160-1600,Разъединитель РЕ19-43-31160 1600А IEK (1) NEW,1
426,270400035_,MPR10-2-063,Рубильник  трехпозиционный ВРТ-63 2P 63А IEK E-PRO,6
427,270300001_,MTT12-012-0250, Ящик  ЯТП(укп) 220/12 IEK (1),1
428,270300002_,MTT12-024-0250, Ящик  ЯТП(укп) 220/24 IEK  (1),1
429,270300003_,MTT12-036-0250, Ящик  ЯТП(укп) 220/36 IEK  (1),1
430,270300004_,MTT12-042-0250, Ящик  ЯТП(укп) 220/42 IEK (1),1
431,270300007_,MTT21-036-0250, Ящик  ЯТП(укп) 380/36 IEK (1),1
432,270300253_,MTT12-012-0251-54,Ящик  ЯТП(укп) 230/12 IP54 IEK (1),1
433,270300251_,MTT12-024-0251-54,Ящик  ЯТП(укп) 230/24 IP54 IEK (1),1
434,270300254_,MTT12-036-0251-54,Ящик  ЯТП(укп) 230/36 IP54 IEK (1),1
435,130600128_,ORT-M2-ACDC12-240V, Реле времени  ORT многофункц. 2 конт. 12-240V AC/DC IEK (1/200),1
436,130300084_,MZD10-230,Звонок ЗД-47 на DIN-рейку IEK (12/240),12
437,130600124_,ORT-2T-ACDC12-240V,Реле времени ORT 2 конт. 2 уст. 12-240В AC/DC ИЭК ORT-2T-ACDC12-240V NEW,1
438,130600125_,ORT-M1-AC230V,Реле времени ORT многофункц. 1 конт. 230В AC ИЭК ORT-M1-AC230V NEW,1
439,130600211_,ORM-1-2C-AC220V-L-B,Реле интерфейсное ORM-1 2C 220В AC с LED и тест. кнопкой ONI ORM-1-2C-AC220V-L-B NEW,20
440,130600210_,ORM-1-2C-DC24V-L-B,Реле интерфейсное ORM-1 2C 24В DC с LED и тест. кнопкой ONI ORM-1-2C-DC24V-L-B NEW,20
441,130600209_,ORM-1-4C-DC24V-L-B,Реле интерфейсное ORM-1 4C 24В DC с LED и тест. кнопкой ONI ORM-1-4C-DC24V-L-B NEW,20
442,130600203_,ORL-01-ACDC24-240V,Реле уровня ORL 24-240В AC/DC ИЭК ORL-01-ACDC24-240V NEW,1
443,130600126_,ORT-M1-ACDC12-240V,Реле времени ORT многофункциональное 1 контакт 12-240В AC/DC IEK,1
444,130600136_,ORF-03-220-460VAC,Реле фаз ORF 03. 3ф 220-460V IEK (1/200),1
445,130600137_,ORF-05-220-460VAC,Реле фаз ORF 05. 3ф 220-460V IEK (1/200),1
446,130600138_,ORF-06-220-460VAC,Реле фаз ORF 06. 3ф 220-460V IEK (1/200),1
447,130600224_,ORF-08D-127-265VAC,Реле фаз ORF-08D 3ф. 2 конт. 127-265В AC с контр. нейтр. ONI ORF-08D-127-265VAC NEW,1
448,130600223_,ORF-08D-220-460VAC,Реле фаз ORF-08D 3ф. 2 конт. 220-460В AC ONI ORF-08D-220-460VAC NEW,1
449,130600098_,RRP10D-RRM-3,Разъем РРМ77/3(PTF11A) для РЭК77/3(LY3) модульный IEK,10
450,130600063_,RRP10D-RRM-4,Разъем РРМ77/4(PTF14A) для РЭК77/4(LY4) модульный IEK (10/400),10
451,130600062_,RRP20D-RRM-4,Разъем РРМ78/4 для РЭК78/4(MY4) модульный IEK (20/500),20
452,130600217_,OIR-208-AC230V,Реле промежут. OIR 2 конт. 8А 230В AC ИЭК OIR-208-AC230V NEW,1
453,130600150_,OIR-316-AC230V,Реле промежут. OIR 3 конт. 16А 230В AC ИЭК OIR-316-AC230V NEW,1
454,130600216_,OIR-316-ACDC24V,Реле промежут. OIR 3 конт. 16А 24В AC/DC ИЭК OIR-316-ACDC24V NEW,1
455,130600148_,OIR-308-AC230V,Реле промежут. OIR 3 конт. 8А 230В AC ИЭК OIR-308-AC230V NEW,1
456,130300555_,RRP10-3-10-220A,Реле РЭК77/3(LY3)  10А 230В АC IEK,20
457,130600068_,RRP10-4-10-220A,Реле РЭК77/4(LY4) 10A 220B IEK (20/300),20
458,130600027_,RRP20-3-05-220A,Реле РЭК78/3(MY3)  5А 220В АC IEK (20/500),20
459,130600061_,RRP20-4-03-220A,Реле РЭК78/4(MY4)  3А 220В АC IEK (20/500),20
460,200400001_,EVK10-K01-10-DM, I1  выкл. 1кл. 10А КВАРТА ВС 10-1-0-КБ (200),10
461,200400003_,EVK20-K01-10-DM, I2  выкл. 2кл. 10А КВАРТА ВС 10-2-0-КБ (200) ,10
462,200400002_,EVK11-K01-10-DM, I3  выкл. 1кл. с инд. 10А КВАРТА ВС 10-1-1-КБ (200) ,10
463,200400004_,EVK21-K01-10-DM, I4  выкл. 2кл. с инд.10А КВАРТА ВС 10-2-1-КБ (200),10
464,280300145_,ERK13-K01-10-DM, I5 роз. с/у  10А КВАРТА РС 10-2-КБ (200),10
465,200400007_,ERK11-K01-16-DM, I6 А роз. с/у з/к с/ш 16А КВАРТА РСш 10-3-КБ (200) ,10
466,200400101_,ERK14-K01-16-DM, I6 роз. с/у з/к 16А КВАРТА РС 10-3-КБ (200),10
467,280300229_,ERK23-K01-10-DM, I7  роз. 2-я с/у  10А КВАРТА РС 12-2-КБ (180),9
468,280300146_,ERK24-K01-16-DM, I8  роз. 2-я с/у з/к  16А)КВАРТА РС 12-3-КБ (160),8
469,200400249_,ERK15-K01-16-DM, I9 роз. с/у з/к 16А IP44 КВАРТА РСб 10-3-КБ (160),8
470,200400015_,EAK10-K01-DM,I10 розетка TV КВАРТА РТВ 10-КБ (200),10
471,200400011_,ETK10-K01-DM,I11 розетка тел. КВАРТА РТ10-КБ (10/200),10
472,280300231_,EDK10-K01-03-DM,I12 диммер КВАРТА ВСР 10-1-0-КБ (160),8
473,280300147_,EKK10-K01-DM,I13 роз. комп КВАРТА РК10-КБ (200),10
474,200400014_,EIK10-K01-DM,I14 роз. 2-я комп+тел КВАРТА РК/Т12-КБ (200),10
475,200400016_,EMK20-K01-DM,I15 Рамка 2-я КВАРТА (760),38
476,200400017_,EMK30-K01-DM,I16 Рамка 3-я КВАРТА (500),25
477,200400018_,EMK40-K01-DM,I17 Рамка 4-я КВАРТА (380),19
478,200400019_,EVO10-K01-10-DC,I18 выкл. 1кл. о/у 10А ОКТАВА ВС 20-1-0-ОБ (36/432),36
479,200400021_,EVO20-K01-10-DC,I19 выкл. 2кл. о/у 10А ОКТАВА ВС 20-2-0-ОБ (36/432),36
480,200400020_,EVO11-K01-10-DC,I20выкл. 1кл. с инд. о/у 10А ОКТАВА ВС 20-1-1-ОБ (36/432),36
481,200400022_,EVO21-K01-10-DC,I21 выкл. 2кл. с инд. о/у 10А ОКТАВА ВС 20-2-1-ОБ (36/432),36
482,200400023_,ERO10-K01-10-DC,I22 роз. о/у 10А ОКТАВА РС 20-2-0-ОБ (36/432),36
483,200400024_,ERO11-K01-16-DC,I23 роз. о/у з/к 16А ОКТАВА РС 20-3-0-ОБ (30/360),30
484,200400025_,ERO20-K01-10-DC,I24 роз. 2-я о/у 10А ОКТАВА РС 22-2-0-ОБ (24/288),24
485,200400026_,ERO21-K01-16-DC,I25 роз. 2-я о/у з/к 16А ОКТАВА РС 22-3-0-ОБ (18/216),18
486,200400029_,EVMP10-K01-10-54-EC,I26 выкл 1кл о/у белый IP54 ГЕРМЕС IEK ВС20-1-0-ГПБ  (10/100),10
487,200400030_,EVMP20-K01-10-54-EC,I27 выкл 2кл о/у белый IP54 ГЕРМЕС IEK ВС20-2-0-ГПБ  (10/100),10
488,200400027_,ERMP12-K03-16-54-EC,I28 роз з/к о/у дымчатый IP54 ГЕРМЕС IEK РСб20-3-ГПБд  (10/100),10
489,200400028_,ERMP22-K03-16-54-EC,I29 роз 2-я з/к о/у дымчатый IP54 ГЕРМЕС IEK РСб22-3-ГПБд  (5/50),5
490,ярп40257,EVA10-K03-10-54,Выключатель 1кл о/у 10А IP54 AQUATIC ВС-20-1-0-А IEK,10
491,ярп40260,EVA20-K03-10-54,Выключатель 2кл. о/у 10А IP54 AQUATIC ВС-20-2-0-А IEK,10
492,280300644_,EVA14-K03-10-54,Выключатель кнопочный 1кл. о/у 10А IP54 AQUATIC ВС-20-1-3-А IEK,10
493,280300645_,EVA12-K03-10-54,Выключатель проходной 1кл о/у 10А IP54 AQUATIC ВС-20-1-2-А IEK,10
494,ярп40255,ERA12-K03-16-54,Розетка 1-ая з/к о/у 16А IP54 AQUATIC РСш12-2-А IEK,10
495,ярп40256,ERA22-K03-16-54,Розетка 2-ая з/к о/у 16А IP54 AQUATIC РСш22-2-А IEK,5
496,030201031_,BR-R16-16-44-K47,BRITE Розетка 1-я с/з с/щ и крышкой 16А IP44 РСбш10-3-44-БрА алюминий IEK,1
497,030200908_,BR-VK10-0-K47,"Вывод кабеля ""BRITE"" алюминий (1/200)",1
498,030200777_,BR-V13-0-10-K47,"Выкл 1-кл перекрестный  10А б/рамки ""BRITE"" алюминий (1/100)",1
499,030200407_,BR-V10-0-10-K47,"Выкл 1-кл. 10А б/рамки ""BRITE"" алюминий (1/100)",1
500,030200412_,BR-V12-0-10-K47,"Выкл 1-кл. прох. 10А б/рамки ""BRITE"" алюминий (1/100)",1
501,030200867_,BR-V12-1-10-K47,"Выкл 1-кл. прох. с инд б/рамки 10А ""BRITE"" алюминий (1/100)",1
502,030200408_,BR-V10-1-10-K47,"Выкл 1-кл. с инд. б/рамки ""BRITE"" алюминий (1/100)",1
503,030200409_,BR-V20-0-10-K47,"Выкл 2-кл. 10А б/рамки ""BRITE"" алюминий (1/100)",1
504,030200419_,BR-V22-0-10-K47,"Выкл 2-кл. прох. б/рамки ""BRITE"" алюминий (1/100)",1
505,030200410_,BR-V20-1-10-K47,"Выкл 2-кл. с инд. б/рамки ""BRITE"" алюминий (1/100)",1
506,030200740_,BR-V30-0-10-K47,"Выкл 3-кл. 10А б/рамки ""BRITE"" алюминий (1/100)",1
507,030200974_,BR-V14-0-10-K47,"Выкл. 1-кл. самовозвратн. 10А ""BRITE"" алюминий (1/100)",1
508,030200946_,BR-V15-0-10-K47,"Выкл. жалюзи 10А ""BRITE"" алюминий (1/100)",1
509,030200965_,BR-MS10-N-150-05-K47,"Датчик движения ""BRITE"" алюминий (1/80)",1
510,030200889_,BR-PL10-K47,"Заглушка c суппортом ""BRITE"" алюминий (1/200)",1
511,030200955_,BR-FL20-K47,"Подсветка LED встр. ""BRITE"" алюминий (1/100)",1
512,030200415_,BR-M12-K47,"Рамка 1-мест. ""BRITE"" алюминий (1/100)",1
513,030200416_,BR-M22-K47,"Рамка 2-мест. ""BRITE"" алюминий (1/100)",1
514,030200417_,BR-M32-K47,"Рамка 3-мест. ""BRITE"" алюминий (1/100)",1
515,030200418_,BR-M42-K47,"Рамка 4-мест. ""BRITE"" алюминий (1/100)",1
516,030200756_,BR-M52-K47,"Рамка 5-мест. ""BRITE"" алюминий (1/100)",1
517,030200869_,BR-K20-1-K47,"Роз 2-ая комп. RJ45 кат.5E б/рамки ""BRITE"" алюминий (1/100)",1
518,030200868_,BR-R26-16-44-K47-F,"Роз 2-я с кр.  16А в сб IP44 ""BRITE"" алюминий (1/100)",1
519,030200540_,BR-A10-O-K47,"Роз TV оконечная  б/рамки ""BRITE"" алюминий (1/100)",1
520,030200784_,BR-KT20-O-1-K47,"Роз. 2-я RJ11+RJ45 кат.5E б/рамки ""BRITE"" алюминий (1/100)",1
521,030200529_,BR-AK20-1-K47,"Роз. 2-я TV+RJ45 кат.5E б/рамки ""BRITE"" алюминий (1/100)",1
522,030200984_,BR-AF20-O-K47,"Роз. 2-я TV+SAT б/рамки ""BRITE"" алюминий (1/100)",1
523,030200413_,BR-R21-16-K47-F,"Роз. 2-я с з/к без з/ш 16А в сборе ""BRITE"" алюминий (1/100)",1
524,030200414_,BR-R24-16-K47-F,"Роз. 2-я с з/к/ш 16А в сборе ""BRITE"" алюминий (1/100)",1
525,030200938_,BR-H10-K47,"Роз. HDMI б/рамки ""BRITE"" алюминий (1/100)",1
526,030200746_,BR-A10-P-K47,"Роз. TV проходная б/рамки ""BRITE"" алюминий (1/100)",1
527,030200915_,BR-U21-D31-K47,"Роз. USB A+A 3,1А б/рамки ""BRITE"" алюминий (1/80)",1
528,030200765_,BR-U22-018-K47,"Роз. USB A+C 18Вт б/рамки ""BRITE"" алюминий (1/80)",1
529,030200979_,BR-S40-K47,"Роз. аудио 4-мест. ""BRITE"" алюминий (1/100)",1
530,030200527_,BR-R10-10-K47,"Роз. без з/к 10А б/рамки ""BRITE"" алюминий (1/100)",1
531,030200411_,BR-K10-1-K47,"Роз. комп. RJ45 кат.5E б/рамки ""BRITE"" алюминий (1/100)",1
532,030200528_,BR-R11-16-K47,"Роз. с з/к без з/ш 16А б/рамки ""BRITE""  алюминий  (1/100)",1
533,030200969_,BR-R14-16-U21-D21-K47,"Роз. с з/к с з/ш 16А с USB A+A 2,1А б/рамки ""BRITE"" алюминий (1/80)",1
534,030200764_,BR-R14-16-U21-D31-K47,"Роз. с з/к с з/ш 16А с USB A+A 3,1А б/рамки ""BRITE"" алюминий (1/80)",1
535,030200950_,BR-R14-16-U22-018-K47,"Роз. с з/к с з/ш 16А с USB A+C 18Вт б/рамки ""BRITE"" алюминий (1/80)",1
536,030200923_,BR-R16-16-K47,"Роз. с з/к с з/ш с кр. 16А IP20 б/рамки ""BRITE"" алюминий (1/100)",1
537,030200406_,BR-R14-16-K47,"Роз. с з/к/ш 16А б/рамки ""BRITE"" алюминий (1/100)",1
538,030200987_,BR-D20-0600-K47,"Светорег. пов-наж. 600Вт ""BRITE"" алюминий (1/80)",1
539,030200960_,BR-RT11-K47,"Термостат с инд. ""BRITE"" алюминий (1/80)",1
540,BR-VK10-0-K10,BR-VK10-0-K10,BRITE Вывод кабеля МВ10-БрКр бежевый IEK,1
541,BR-R16-16-K10,BR-R16-16-K10,BRITE Розетка 1-местная с заземлением с защитными шторками и крышкой 16А IP20 бежевый IEK,1
542,BR-RT11-K10,BR-RT11-K10,BRITE Термостат электронный с инд. ТС10-1-БрКр беж. IEK,1
543,030200828_,BR-V10-0-10-K10,"Выкл 1-кл. 10А б/рамки ""BRITE"" бежевый (1/100)",1
544,030201018_,BR-V13-0-10-K10,"Выкл 1-кл. перекр 10А б/рамки ""BRITE"" бежевый (1/100)",1
545,030200833_,BR-V12-0-10-K10,"Выкл 1-кл. прох. 10А б/рамки ""BRITE"" бежевый (1/100)",1
546,030200829_,BR-V10-1-10-K10,"Выкл 1-кл. с инд. 10А б/рамки ""BRITE"" бежевый (1/100)",1
547,030200830_,BR-V20-0-10-K10,"Выкл 2-кл. 10А б/рамки ""BRITE"" бежевый (1/100)",1
548,030200840_,BR-V22-0-10-K10,"Выкл 2-кл. прох. 10А б/рамки ""BRITE"" бежевый (1/100)",1
549,030200831_,BR-V20-1-10-K10,"Выкл 2-кл. с инд. 10А б/рамки ""BRITE"" бежевый (1/100)",1
550,030200841_,BR-V30-0-10-K10,"Выкл 3-кл. 10А б/рамки ""BRITE"" бежевый (1/100)",1
551,030200846_,BR-V15-0-10-K10,"Выкл жалюзи 10А б/рамки ""BRITE"" бежевый (1/100)",1
552,030200836_,BR-M12-K10,"Рамка 1-мест. ""BRITE"" бежевый (1/100)",1
553,030200837_,BR-M22-K10,"Рамка 2-мест. ""BRITE"" бежевый (1/100)",1
554,030200838_,BR-M32-K10,"Рамка 3-мест. ""BRITE"" бежевый (1/100)",1
555,030200839_,BR-M42-K10,"Рамка 4-мест. ""BRITE"" бежевый (1/100)",1
556,030201019_,BR-M52-K10,"Рамка 5-мест. ""BRITE"" бежевый (1/100)",1
557,030201020_,BR-R11-16-K10,"Роз. с з/к без з/ш 16А б/рамки ""BRITE"" бежевый (1/100)",1
558,030201017_,BR-R16-16-44-K10,"Роз. 1-мест. с з/к с з/ш 16А IP44 б/рамки ""BRITE"" бежевый (1/100)",1
559,030200834_,BR-R21-16-K10-F,"Роз. 2-мест. с з/к 16А в сборе ""BRITE"" ""BRITE"" бежевый (1/100)",1
560,030200835_,BR-R24-16-K10-F,"Роз. 2-я с з/к/ш 16А в сб. ""BRITE"" бежевый (1/100)",1
561,030200842_,BR-R26-16-44-K10-F,"Роз. 2-я с кр. 16А в сб IP44 ""BRITE"" бежевый (1/100)",1
562,030200845_,BR-H10-K10,"Роз. HDMI б/рамки ""BRITE"" бежевый (1/100)",1
563,030200844_,BR-A10-O-K10,"Роз. TV окон б/рамки ""BRITE"" бежевый (1/100)",1
564,030200843_,BR-K20-1-K10,"Роз. комп. 2-ая RJ45 кат.5E б/рамки ""BRITE"" бежевый (1/100)",1
565,030200832_,BR-K10-1-K10,"Роз. комп. RJ45 кат.5E б/рамки ""BRITE"" бежевый (1/100)",1
566,030200827_,BR-R14-16-K10,"Роз. с з/к/ш 16А б/рамки ""BRITE"" бежевый (1/100)",1
567,030200905_,BR-VK10-0-K01,"Вывод кабеля ""BRITE"" белый (1/200)",1
568,030200456_,BR-V13-0-10-K01,"Выкл 1-кл перекр 10А б/рамки ""BRITE"" белый (1/100)",1
569,030200514_,BR-V10-0-10-K01,"Выкл 1-кл. 10А б/рамки ""BRITE"" белый (1/100)",1
570,030200448_,BR-V10-0-10-K01-F,"Выкл 1-кл. 10А в сборе ""BRITE"" белый (1/100)",1
571,030200454_,BR-V12-0-10-K01,"Выкл 1-кл. прох. 10А б/рамки ""BRITE"" белый (1/100)",1
572,030200455_,BR-V12-1-10-K01,"Выкл 1-кл. прох. с инд. 10А ""BRITE"" белый (1/100)",1
573,030200449_,BR-V10-1-10-K01,"Выкл 1-кл. с инд. 10А б/рамки ""BRITE"" белый (1/100)",1
574,030200515_,BR-V20-0-10-K01,"Выкл 2-кл. 10А б/рамки ""BRITE"" белый (1/100)",1
575,030200450_,BR-V20-0-10-K01-F,"Выкл 2-кл. 10А в сборе ""BRITE"" белый (1/100)",1
576,030200470_,BR-V22-0-10-K01,"Выкл 2-кл. прох. 10А б/рамки ""BRITE"" белый (1/100)",1
577,030200451_,BR-V20-1-10-K01,"Выкл 2-кл. с инд. 10А б/рамки ""BRITE"" белый (1/100)",1
578,030200452_,BR-V30-0-10-K01,"Выкл 3-кл. 10А б/рамки ""BRITE"" белый (1/100)",1
579,030200970_,BR-V14-0-10-K01,"Выкл. 1-кл. самовозвратн. 10А ""BRITE"" белый (1/100)",1
580,030200774_,BR-V15-0-10-K01,"Выкл. жалюзи 10А ""BRITE"" белый (1/100)",1
581,030200961_,BR-MS10-N-150-05-K01,"Датчик движения ""BRITE"" белый (1/80)",1
582,030200886_,BR-PL10-K01,"Заглушка с суппортом ""BRITE"" белый (1/200)",1
583,030200951_,BR-FL20-K01,"Подсветка LED встр. ""BRITE"" белый (1/100)",1
584,030200463_,BR-M12-K01,"Рамка 1-мест. ""BRITE"" белый (1/100)",1
585,030200468_,BR-M12-44-K01,"Рамка 1-мест. IP44 ""BRITE"" белый (1/100)",1
586,030200464_,BR-M22-K01,"Рамка 2-мест. ""BRITE"" белый (1/100)",1
587,030200469_,BR-M22-44-K01,"Рамка 2-мест. IP44 ""BRITE"" белый (1/100)",1
588,030200465_,BR-M32-K01,"Рамка 3-мест. ""BRITE"" белый (1/100)",1
589,030200466_,BR-M42-K01,"Рамка 4-мест. ""BRITE"" белый (1/100)",1
590,030200753_,BR-M52-K01,"Рамка 5-мест. ""BRITE"" белый (1/100)",1
591,030200519_,BR-R26-16-44-K01-F,"Роз 2-я с кр. 16А в сб IP44 ""BRITE"" Белый (1/100)",1
592,030200782_,BR-KT20-O-1-K01,"Роз. 2-я RJ11+RJ45 кат.5E б/рамки ""BRITE"" белый (1/100)",1
593,030200520_,BR-AK20-1-K01,"Роз. 2-я TV+RJ45 кат.5E б/рамки ""BRITE"" белый (1/100)",1
594,030200980_,BR-AF20-O-K01,"Роз. 2-я TV+SAT б/рамки ""BRITE"" белый (1/100)",1
595,030200457_,BR-R20-10-K01-F,"Роз. 2-я без з/к/ш 10А в сборе ""BRITE"" белый (1/100)",1
596,030200518_,BR-R21-16-K01-F,"Роз. 2-я с з/к без з/ш 16А в сборе ""BRITE"" белый (1/100)",1
597,030200458_,BR-R24-16-K01-F,"Роз. 2-я с з/к/ш 16А в сборе ""BRITE"" белый (1/100)",1
598,030200935_,BR-H10-K01,"Роз. HDMI б/рамки ""BRITE"" белый (1/100)",1
599,030200462_,BR-A10-O-K01,"Роз. TV оконечная б/рамки ""BRITE"" белый (1/100)",1
600,030200988_,BR-A10-P-K01,"Роз. TV проходная б/рамки ""BRITE"" белый (1/100)",1
601,030200912_,BR-U21-D31-K01,"Роз. USB A+A 3,1А б/рамки ""BRITE"" белый (1/80)",1
602,030200568_,BR-U22-018-K01,"Роз. USB A+C 18Вт б/рамки ""BRITE"" белый (1/80)",1
603,030200975_,BR-S40-K01,"Роз. аудио 4-мест. ""BRITE"" белый (1/100)",1
604,030200516_,BR-R10-10-K01,"Роз. без з/к 10А б/рамки ""BRITE"" белый (1/100)",1
605,030200459_,BR-K20-1-K01,"Роз. комп. 2-ая RJ45 кат.5E б/рамки ""BRITE"" белый (1/100)",1
606,030200453_,BR-K10-1-K01,"Роз. комп. RJ45 кат.5E б/рамки ""BRITE"" белый (1/100)",1
607,030200990_,BR-K10-2-K01,"Роз. комп. RJ45 кат.6 б/рамки ""BRITE"" белый (1/100)",1
608,030200517_,BR-R14-16-K01-F,"Роз. с з/к  с з/ш 16А в сборе ""BRITE"" белый (1/100)",1
609,030200460_,BR-R11-16-K01,"Роз. с з/к без з/ш 16А б/рамки ""BRITE"" белый (1/100)",1
610,030200966_,BR-R14-16-U21-D21-K01,"Роз. с з/к с з/ш 16А USB A+A 2,1А б/рамки ""BRITE"" белый (1/80)",1
611,030200759_,BR-R14-16-U21-D31-K01,"Роз. с з/к с з/ш 16А USB A+A 3,1А б/рамки ""BRITE"" белый (1/80)",1
612,030200567_,BR-R14-16-U22-018-K01,"Роз. с з/к с з/ш 16А USB A+C 18Вт б/рамки ""BRITE"" белый (1/80)",1
613,030200920_,BR-R16-16-K01,"Роз. с з/к с з/ш с кр. 16А IP20 б/рамки ""BRITE"" белый (1/100)",1
614,030200461_,BR-R14-16-K01,"Роз. с з/к/ш 16А б/рамки ""BRITE"" белый (1/100)",1
615,030200467_,BR-R16-16-44-K01,"Роз. с з/к/ш с кр. 16А IP44 б/рамки ""BRITE"" белый (1/100)",1
616,030200773_,BR-D20-0600-K01,"Светорег. пов-наж. 600Вт ""BRITE"" белый (1/80)",1
617,030200956_,BR-RT11-K01,"Термостат с инд. ""BRITE"" белый (1/80)",1
618,030201012_,BR-R16-16-44-K53,BRITE Розетка 1-местная с заземлением с защитными шторками и крышкой 16А IP44 РСбш10-3-44-БрГ графит,1
619,030200910_,BR-VK10-0-K53,"Вывод кабеля ""BRITE"" графит (1/200)",1
620,030200779_,BR-V13-0-10-K53,"Выкл 1-кл перекрестный  б/рамки 10А ""BRITE"" графит (1/100)",1
621,030200472_,BR-V10-0-10-K53,"Выкл 1-кл. 10А б/рамки ""BRITE"" графит (1/100)",1
622,030200477_,BR-V12-0-10-K53,"Выкл 1-кл. прох. 10А б/рамки ""BRITE"" графит (1/100)",1
623,030200874_,BR-V12-1-10-K53,"Выкл 1-кл. прох. с инд.  10А ""BRITE"" графит (1/100)",1
624,030200473_,BR-V10-1-10-K53,"Выкл 1-кл. с инд. 10А б/рамки ""BRITE"" графит (1/100)",1
625,030200474_,BR-V20-0-10-K53,"Выкл 2-кл. 10А б/рамки ""BRITE"" графит (1/100)",1
626,030200484_,BR-V22-0-10-K53,"Выкл 2-кл. прох. 10А б/рамки ""BRITE"" графит (1/100)",1
627,030200475_,BR-V20-1-10-K53,"Выкл 2-кл. с инд. 10А б/рамки ""BRITE"" графит (1/100)",1
628,030200743_,BR-V30-0-10-K53,"Выкл 3-кл. 10А 10А б/рамки ""BRITE"" графит (1/100)",1
629,030200972_,BR-V14-0-10-K53,"Выкл. 1-кл. самовозвратн. 10А ""BRITE"" графит (1/100)",1
630,030200944_,BR-V15-0-10-K53,"Выкл. жалюзи 10А ""BRITE"" графит (1/100)",1
631,030200963_,BR-MS10-N-150-05-K53,"Датчик движения ""BRITE"" графит (1/80)",1
632,030200891_,BR-PL10-K53,"Заглушка c суппортом ""BRITE"" графит (1/200)",1
633,030200953_,BR-FL20-K53,"Подсветка LED встр. ""BRITE"" графит (1/100)",1
634,030200480_,BR-M12-K53,"Рамка 1-мест. ""BRITE"" графит (1/100)",1
635,030200481_,BR-M22-K53,"Рамка 2-мест. ""BRITE"" графит (1/100)",1
636,030200482_,BR-M32-K53,"Рамка 3-мест. ""BRITE"" графит (1/100)",1
637,030200483_,BR-M42-K53,"Рамка 4-мест. ""BRITE"" графит (1/100)",1
638,030200748_,BR-M52-K53,"Рамка 5-мест. ""BRITE"" графит (1/100)",1
639,030200542_,BR-A10-O-K53,"Роз TV оконечная  б/рамки ""BRITE"" графит (1/100)",1
640,030200785_,BR-KT20-O-1-K53,"Роз. 2-я RJ11+RJ45 кат.5E б/рамки ""BRITE"" графит (1/100)",1
641,030200535_,BR-AK20-1-K53,"Роз. 2-я TV+RJ45 кат.5E б/рамки ""BRITE"" графит (1/100)",1
642,030200982_,BR-AF20-O-K53,"Роз. 2-я TV+SAT б/рамки ""BRITE"" графит (1/100)",1
643,030200478_,BR-R21-16-K53-F,"Роз. 2-я с з/к без з/ш 16А в сборе ""BRITE"" графит (1/100)",1
644,030200479_,BR-R24-16-K53-F,"Роз. 2-я с з/к/ш 16А в сборе ""BRITE"" графит (1/100)",1
645,030200940_,BR-H10-K53,"Роз. HDMI б/рамки ""BRITE"" графит (1/100)",1
646,030200747_,BR-A10-P-K53,"Роз. TV проходная б/рамки ""BRITE"" графит (1/100)",1
647,030200917_,BR-U21-D31-K53,"Роз. USB A+A 3,1А б/рамки ""BRITE"" графит (1/80)",1
648,030200769_,BR-U22-018-K53,"Роз. USB A+C 18Вт б/рамки ""BRITE"" графит (1/80)",1
649,030200977_,BR-S40-K53,"Роз. аудио 4-мест. ""BRITE"" графит (1/100)",1
650,030200533_,BR-R10-10-K53,"Роз. без з/к 10А б/рамки ""BRITE"" графит (1/100)",1
651,030200476_,BR-K10-1-K53,"Роз. комп. RJ45 кат.5E б/рамки ""BRITE"" графит (1/100)",1
652,030200534_,BR-R11-16-K53,"Роз. с з/к без з/ш 16А б/рамки ""BRITE""  графит  (1/100)",1
653,030200781_,BR-R14-16-U21-D21-K53,"Роз. с з/к с з/ш 16А с USB A+A 2,1А б/рамки ""BRITE"" графит (1/80)",1
654,030200768_,BR-R14-16-U21-D31-K53,"Роз. с з/к с з/ш 16А с USB A+A 3,1А б/рамки ""BRITE"" графит (1/80)",1
655,030200948_,BR-R14-16-U22-018-K53,"Роз. с з/к с з/ш 16А с USB A+C 18Вт б/рамки ""BRITE"" графит (1/80)",1
656,030200925_,BR-R16-16-K53,"Роз. с з/к с з/ш с кр. 16А IP20 б/рамки ""BRITE"" графит (1/100)",1
657,030200471_,BR-R14-16-K53,"Роз. с з/к/ш 16А б/рамки ""BRITE"" графит (1/100)",1
658,030200875_,BR-K20-1-K53,"Розетка 2-ая компьютерная RJ45 кат.5E ""BRITE"" графит (1/100)",1
659,030200985_,BR-D20-0600-K53,"Светорег. пов-наж. 600Вт ""BRITE"" графит (1/80)",1
660,030200958_,BR-RT11-K53,"Термостат с инд. ""BRITE"" графит (1/80)",1
661,BR-VK10-0-K36,BR-VK10-0-K36,BRITE Вывод кабеля МВ10-БрЖ жемчуг IEK,1
662,030200775_,BR-V13-0-10-K36,"Выкл 1-кл перекрестный 10А б/рамки ""BRITE"" жемчуг (1/100)",1
663,030200420_,BR-V10-0-10-K36,"Выкл 1-кл. 10А б/рамки ""BRITE"" жемчуг (1/100)",1
664,030200425_,BR-V12-0-10-K36,"Выкл 1-кл. прох. 10А б/рамки ""BRITE"" жемчуг (1/100)",1
665,030200870_,BR-V12-1-10-K36,"Выкл 1-кл. прох. с инд б/рамки 10А ""BRITE"" жемчуг (1/100)",1
666,030200421_,BR-V10-1-10-K36,"Выкл 1-кл. с инд. 10А б/рамки ""BRITE"" жемчуг (1/100)",1
667,030200422_,BR-V20-0-10-K36,"Выкл 2-кл. 10А б/рамки ""BRITE"" жемчуг (1/100)",1
668,030200433_,BR-V22-0-10-K36,"Выкл 2-кл. прох. 10А б/рамки ""BRITE"" жемчуг (1/100)",1
669,030200423_,BR-V20-1-10-K36,"Выкл 2-кл. с инд. 10А б/рамки ""BRITE"" жемчуг (1/100)",1
670,030200739_,BR-V30-0-10-K36,"Выкл 3-кл. 10А  б/рамки ""BRITE"" жемчуг (1/100)",1
671,030200429_,BR-M12-K36,"Рамка 1-мест. ""BRITE"" жемчуг (1/100)",1
672,030200430_,BR-M22-K36,"Рамка 2-мест. ""BRITE"" жемчуг (1/100)",1
673,030200431_,BR-M32-K36,"Рамка 3-мест. ""BRITE"" жемчуг (1/100)",1
674,030200432_,BR-M42-K36,"Рамка 4-мест. ""BRITE"" жемчуг (1/100)",1
675,030200872_,BR-K20-1-K36,"Роз 2-ая комп. RJ45 кат.5E б/рамки ""BRITE"" жемчуг (1/100)",1
676,030200871_,BR-R26-16-44-K36-F,"Роз 2-я с кр. 16А в сб IP44 ""BRITE"" жемчуг (1/100)",1
677,030200513_,BR-A10-O-K36,"Роз TV оконечная  б/рамки ""BRITE"" жемчуг (1/100)",1
678,030200426_,BR-R21-16-K36-F,"Роз. 2-я с з/к без з/ш 16А в сборе ""BRITE"" жемчуг (1/100)",1
679,030200427_,BR-R24-16-K36-F,"Роз. 2-я с з/к/ш 16А в сборе ""BRITE"" жемчуг (1/100)",1
680,030200521_,BR-R10-10-K36,"Роз. без з/к 10А б/рамки ""BRITE"" жемчуг (1/100)",1
681,030200424_,BR-K10-1-K36,"Роз. комп. RJ45 кат.5E б/рамки ""BRITE"" жемчуг (1/100)",1
682,030200522_,BR-R11-16-K36,"Роз. с з/к без з/ш 16А б/рамки ""BRITE"" жемчуг (1/100)",1
683,030200428_,BR-R14-16-K36,"Роз. с з/к/ш 16А б/рамки ""BRITE"" жемчуг (1/100)",1
684,BR-R16-16-44-K46,BR-R16-16-44-K46,BRITE Розетка 1-местная с заземлением с защитными шторками и крышкой 16А IP44 РСбш10-3-44-БрС сталь,1
685,BR-R26-16-44-K46-F,BR-R26-16-44-K46-F,BRITE Розетка 2-местная с заземлением с защитными шторками и крышкой 16А в сборе IP44 сталь IEK,1
686,030200909_,BR-VK10-0-K46,"Вывод кабеля ""BRITE"" сталь (1/200)",1
687,030200778_,BR-V13-0-10-K46,"Выкл 1-кл перекрестный  б/рамки 10А ""BRITE"" сталь (1/100)",1
688,030200500_,BR-V10-0-10-K46,"Выкл 1-кл. 10А б/рамки ""BRITE"" сталь (1/100)",1
689,030200505_,BR-V12-0-10-K46,"Выкл 1-кл. прох. 10А б/рамки ""BRITE"" сталь (1/100)",1
690,030200878_,BR-V12-1-10-K46,"Выкл 1-кл. прох. с инд. 10А ""BRITE"" сталь (1/100)",1
691,030200501_,BR-V10-1-10-K46,"Выкл 1-кл. с инд. 10А б/рамки ""BRITE"" сталь (1/100)",1
692,030200502_,BR-V20-0-10-K46,"Выкл 2-кл. 10А б/рамки ""BRITE"" сталь (1/100)",1
693,030200512_,BR-V22-0-10-K46,"Выкл 2-кл. прох. 10А б/рамки ""BRITE"" сталь (1/100)",1
694,030200503_,BR-V20-1-10-K46,"Выкл 2-кл. с инд. 10А б/рамки ""BRITE"" сталь (1/100)",1
695,030200741_,BR-V30-0-10-K46,"Выкл 3-кл. 10А  б/рамки ""BRITE"" сталь (1/100)",1
696,030200973_,BR-V14-0-10-K46,"Выкл. 1-кл. самовозвратн. 10А ""BRITE"" сталь (1/100)",1
697,030200945_,BR-V15-0-10-K46,"Выкл. жалюзи 10А ""BRITE"" сталь (1/100)",1
698,030200964_,BR-MS10-N-150-05-K46,"Датчик движения ""BRITE"" сталь (1/80)",1
699,030200890_,BR-PL10-K46,"Заглушка c суппортом ""BRITE"" сталь (1/200)",1
700,030200954_,BR-FL20-K46,"Подсветка LED встр. ""BRITE"" сталь (1/100)",1
701,030200508_,BR-M12-K46,"Рамка 1-мест. ""BRITE"" сталь (1/100)",1
702,030200509_,BR-M22-K46,"Рамка 2-мест. ""BRITE"" сталь (1/100)",1
703,030200510_,BR-M32-K46,"Рамка 3-мест. ""BRITE"" сталь (1/100)",1
704,030200511_,BR-M42-K46,"Рамка 4-мест. ""BRITE"" сталь (1/100)",1
705,030200757_,BR-M52-K46,"Рамка 5-мест. ""BRITE"" сталь (1/100)",1
706,030200879_,BR-K20-1-K46,"Роз 2-ая комп. RJ45 кат.5E ""BRITE"" сталь (1/100)",1
707,030200541_,BR-A10-O-K46,"Роз TV оконечная  б/рамки ""BRITE"" сталь (1/100)",1
708,030200989_,BR-KT20-O-1-K46,"Роз. 2-я RJ11+RJ45 кат.5E б/рамки ""BRITE"" сталь (1/100)",1
709,030200532_,BR-AK20-1-K46,"Роз. 2-я TV+RJ45 кат.5E б/рамки ""BRITE"" сталь (1/100)",1
710,030200983_,BR-AF20-O-K46,"Роз. 2-я TV+SAT б/рамки ""BRITE"" сталь (1/100)",1
711,030200506_,BR-R21-16-K46-F,"Роз. 2-я с з/к без з/ш 16А в сборе ""BRITE"" сталь (1/100)",1
712,030200507_,BR-R24-16-K46-F,"Роз. 2-я с з/к/ш 16А в сборе ""BRITE"" сталь (1/100)",1
713,030200939_,BR-H10-K46,"Роз. HDMI б/рамки ""BRITE"" сталь (1/100)",1
714,030200742_,BR-A10-P-K46,"Роз. TV проходная б/рамки ""BRITE"" сталь (1/100)",1
715,030200916_,BR-U21-D31-K46,"Роз. USB A+A 3,1А б/рамки ""BRITE"" сталь (1/80)",1
716,030200767_,BR-U22-018-K46,"Роз. USB A+C 18Вт б/рамки ""BRITE"" сталь (1/80)",1
717,030200978_,BR-S40-K46,"Роз. аудио 4-мест. ""BRITE"" сталь (1/100)",1
718,030200530_,BR-R10-10-K46,"Роз. без з/к 10А б/рамки ""BRITE"" сталь (1/100)",1
719,030200504_,BR-K10-1-K46,"Роз. комп. RJ45 кат.5E б/рамки ""BRITE"" сталь (1/100)",1
720,030200531_,BR-R11-16-K46,"Роз. с з/к без з/ш 16А б/рамки ""BRITE"" сталь (1/100)",1
721,030200968_,BR-R14-16-U21-D21-K46,"Роз. с з/к с з/ш 16А с USB A+A 2,1А б/рамки ""BRITE"" сталь (1/80)",1
722,030200766_,BR-R14-16-U21-D31-K46,"Роз. с з/к с з/ш 16А с USB A+A 3,1А б/рамки ""BRITE"" сталь (1/80)",1
723,030200949_,BR-R14-16-U22-018-K46,"Роз. с з/к с з/ш 16А с USB A+C 18Вт б/рамки ""BRITE"" сталь (1/80)",1
724,030200924_,BR-R16-16-K46,"Роз. с з/к с з/ш с кр. 16А IP20 б/рамки ""BRITE"" сталь (1/100)",1
725,030200499_,BR-R14-16-K46,"Роз. с з/к/ш 16А б/рамки ""BRITE"" сталь (1/100)",1
726,030200986_,BR-D20-0600-K46,"Светорег. пов-наж. 600Вт ""BRITE"" сталь (1/80)",1
727,030200959_,BR-RT11-K46,"Термостат с инд. ""BRITE"" сталь (1/80)",1
728,BR-VK10-0-K45,BR-VK10-0-K45,BRITE Вывод кабеля МВ10-БрТБ темная бронза IEK,1
729,030201049_,BR-V13-0-10-K45,BRITE Выключатель 1-клавишный перекрестный 10А ВС10-1-3-БрТБ темная бронза IEK,1
730,030201032_,BR-M52-K45,BRITE Рамка 5-местная РУ-5-БрТБ темная бронза IEK,1
731,030201152_,BR-R16-16-K45,BRITE Розетка 1-местная с заземлением с защитными шторками и крышкой 16А IP20 бронза IEK,1
732,BR-R16-16-44-K45,BR-R16-16-44-K45,BRITE Розетка 1-местная с заземлением с защитными шторками и крышкой 16А IP44 бронза IEK,1
733,BR-R26-16-44-K45-F,BR-R26-16-44-K45-F,BRITE Розетка 2-местная с/з с защитными шторками и крышкой 16А в сборе IP44 темная бронза IEK,1
734,BR-KT20-O-1-K45,BR-KT20-O-1-K45,BRITE Розетка двойная RJ11+RJ45 кат.5E РК/Т12-БрТБ темная бронза IEK,1
735,BR-K20-1-K45,BR-K20-1-K45,BRITE Розетка компьютерная двойная RJ45 кат.5E РК10-2-БрТБ темная бронза IEK,1
736,030200811_,BR-V10-0-10-K45,"Выкл 1-кл. 10А б/рамки ""BRITE"" темная бронза (1/100)",1
737,030200816_,BR-V12-0-10-K45,"Выкл 1-кл. прох. 10А б/рамки ""BRITE"" темная бронза (1/100)",1
738,030200812_,BR-V10-1-10-K45,"Выкл 1-кл. с инд. 10А б/рамки ""BRITE"" темная бронза (1/100)",1
739,030200813_,BR-V20-0-10-K45,"Выкл 2-кл. 10А б/рамки ""BRITE"" темная бронза (1/100)",1
740,030200823_,BR-V22-0-10-K45,"Выкл 2-кл. прох. 10А б/рамки ""BRITE"" темная бронза (1/100)",1
741,030200814_,BR-V20-1-10-K45,"Выкл 2-кл. с инд. 10А б/рамки ""BRITE"" темная бронза (1/100)",1
742,030200824_,BR-V30-0-10-K45,"Выкл 3-кл. 10А б/рамки ""BRITE"" темная бронза (1/100)",1
743,030200819_,BR-M12-K45,"Рамка 1-мест. ""BRITE"" темная бронза (1/100)",1
744,030200820_,BR-M22-K45,"Рамка 2-мест. ""BRITE"" темная бронза (1/100)",1
745,030200821_,BR-M32-K45,"Рамка 3-мест. ""BRITE"" темная бронза (1/100)",1
746,030200822_,BR-M42-K45,"Рамка 4-мест. ""BRITE"" темная бронза (1/100)",1
747,030201022_,BR-R11-16-K45,"Роз. с з/к без з/ш 16А б/рамки ""BRITE"" темная бронза (1/100)",1
748,030200818_,BR-R24-16-K45-F,"Роз. 2-я с з/к 16А в сб. ""BRITE"" темная бронза (1/100)",1
749,030200817_,BR-R21-16-K45-F,"Роз. 2-я с з/к без з/ш 16А в сб. ""BRITE"" темная бронза (1/100)",1
750,030200826_,BR-H10-K45,"Роз. HDMI б/рамки ""BRITE"" темная бронза (1/100)",1
751,030200825_,BR-A10-O-K45,"Роз. TV окон б/рамки ""BRITE"" темная бронза (1/100)",1
752,030200815_,BR-K10-1-K45,"Роз. комп. RJ45 кат.5E б/рамки ""BRITE"" темная бронза (1/100)",1
753,030200810_,BR-R14-16-K45,"Роз. с з/к 16А б/рамки ""BRITE"" темная бронза (1/100)",1
754,BR-R16-16-44-K02_,BR-R16-16-44-K02,BRITE Розетка 1-местная с заземлением с защитными шторками и крышкой 16А IP44 РСбш10-3-44-БрЧ черный,1
755,BR-R26-16-44-K02-F,BR-R26-16-44-K02-F,BRITE Розетка 2-местная с заземлением с защитными шторками и крышкой 16А в сборе IP44 РСбш12-3-44-Бр,1
756,030200911_,BR-VK10-0-K02,"Вывод кабеля ""BRITE"" черный (1/200)",1
757,030200780_,BR-V13-0-10-K02,"Выкл 1-кл перекрестный 10А б/рамки ""BRITE"" чёрный (1/100)",1
758,030200486_,BR-V10-0-10-K02,"Выкл 1-кл. 10А б/рамки ""BRITE"" черный (1/100)",1
759,030200491_,BR-V12-0-10-K02,"Выкл 1-кл. прох. 10А б/рамки ""BRITE"" черный (1/100)",1
760,030200876_,BR-V12-1-10-K02,"Выкл 1-кл. прох. с инд.  10А ""BRITE"" чёрный (1/100)",1
761,030200487_,BR-V10-1-10-K02,"Выкл 1-кл. с инд. 10А б/рамки ""BRITE"" черный (1/100)",1
762,030200488_,BR-V20-0-10-K02,"Выкл 2-кл. 10А б/рамки ""BRITE"" черный (1/100)",1
763,030200498_,BR-V22-0-10-K02,"Выкл 2-кл. прох. 10А б/рамки ""BRITE"" черный (1/100)",1
764,030200489_,BR-V20-1-10-K02,"Выкл 2-кл. с инд. 10А б/рамки ""BRITE"" черный (1/100)",1
765,030200744_,BR-V30-0-10-K02,"Выкл 3-кл. 10А  б/рамки ""BRITE"" чёрный (1/100)",1
766,030200971_,BR-V14-0-10-K02,"Выкл. 1-кл. самовозвратн. 10А ""BRITE"" черный (1/100)",1
767,030200943_,BR-V15-0-10-K02,"Выкл. жалюзи 10А ""BRITE"" черный (1/100)",1
768,030200962_,BR-MS10-N-150-05-K02,"Датчик движения ""BRITE"" черный (1/80)",1
769,030200892_,BR-PL10-K02,"Заглушка c суппортом ""BRITE"" черный (1/200)",1
770,030200952_,BR-FL20-K02,"Подсветка LED встр. ""BRITE"" черный (1/100)",1
771,030200494_,BR-M12-K02,"Рамка 1-мест. ""BRITE"" черный (1/100)",1
772,030200495_,BR-M22-K02,"Рамка 2-мест. ""BRITE"" черный (1/100)",1
773,030200496_,BR-M32-K02,"Рамка 3-мест. ""BRITE"" черный (1/100)",1
774,030200497_,BR-M42-K02,"Рамка 4-мест. ""BRITE"" черный (1/100)",1
775,030200758_,BR-M52-K02,"Рамка 5-мест. ""BRITE"" черный (1/100)",1
776,030200877_,BR-K20-1-K02,"Роз 2-ая комп. RJ45 кат.5E ""BRITE"" чёрный (1/100)",1
777,030200543_,BR-A10-O-K02,"Роз TV оконечная  б/рамки ""BRITE"" чёрный (1/100)",1
778,030200787_,BR-KT20-O-1-K02,"Роз. 2-я RJ11+RJ45 кат.5E б/рамки ""BRITE"" черный (1/100)",1
779,030200538_,BR-AK20-1-K02,"Роз. 2-я TV+RJ45 кат.5E б/рамки ""BRITE"" черный (1/100)",1
780,030200981_,BR-AF20-O-K02,"Роз. 2-я TV+SAT б/рамки ""BRITE"" черный (1/100)",1
781,030200492_,BR-R21-16-K02-F,"Роз. 2-я с з/к без з/ш 16А в сборе ""BRITE"" черный (1/100)",1
782,030200493_,BR-R24-16-K02-F,"Роз. 2-я с з/к/ш 16А в сборе ""BRITE"" черный (1/100)",1
783,030200941_,BR-H10-K02,"Роз. HDMI б/рамки ""BRITE"" черный (1/100)",1
784,030200745_,BR-A10-P-K02,"Роз. TV проходная б/рамки ""BRITE"" черный (1/100)",1
785,030200918_,BR-U21-D31-K02,"Роз. USB A+A 3,1А б/рамки ""BRITE"" черный (1/80)",1
786,030200771_,BR-U22-018-K02,"Роз. USB A+C 18Вт б/рамки ""BRITE"" черный (1/80)",1
787,030200976_,BR-S40-K02,"Роз. аудио 4-мест. ""BRITE"" черный (1/100)",1
788,030200536_,BR-R10-10-K02,"Роз. без з/к 10А б/рамки ""BRITE"" черный (1/100)",1
789,030200490_,BR-K10-1-K02,"Роз. комп. RJ45 кат.5E б/рамки ""BRITE"" черный (1/100)",1
790,030200485_,BR-R11-16-K02,"Роз. с з/к без з/ш 16А б/рамки ""BRITE"" черный (1/100)",1
791,030200967_,BR-R14-16-U21-D21-K02,"Роз. с з/к с з/ш 16А с USB A+A 2,1А б/рамки ""BRITE"" черный (1/80)",1
792,030200770_,BR-R14-16-U21-D31-K02,"Роз. с з/к с з/ш 16А с USB A+A 3,1А б/рамки ""BRITE"" черный (1/80)",1
793,030200947_,BR-R14-16-U22-018-K02,"Роз. с з/к с з/ш 16А с USB A+C 18Вт б/рамки ""BRITE"" черный (1/80)",1
794,030200926_,BR-R16-16-K02,"Роз. с з/к с з/ш с кр. 16А IP20 б/рамки ""BRITE"" черный (1/100)черный",1
795,030200885_,BR-D20-0600-K02,"Светорег. пов-наж. 600Вт ""BRITE"" черный (1/80)",1
796,030200957_,BR-RT11-K02,"Термостат с инд. ""BRITE"" черный (1/80)",1
797,BR-VK10-0-K37,BR-VK10-0-K37,BRITE Вывод кабеля МВ10-БрШ шампань IEK,1
798,BR-MS10-N-150-05-K37,BR-MS10-N-150-05-K37,BRITE Датчик движения ДС10-1-БрШ шампань IEK,1
799,030200755_,BR-M52-K37,BRITE Рамка 5-местная РУ-5-БрШ шампань IEK,1
800,BR-R16-16-K37,BR-R16-16-K37,BRITE Розетка 1-местная с заземлением с защитными шторками и крышкой 16А IP20 шампань IEK,1
801,BR-R16-16-44-K37,BR-R16-16-44-K37,BRITE Розетка 1-я с/з с/ш и крышкой 16А IP44 РСбш10-3-44-БрШ шампань IEK,1
802,BR-R26-16-44-K37-F,BR-R26-16-44-K37-F,BRITE Розетка 2-местная с заземлением с защитными шторками и крышкой 16А в сборе IP44 РСбш12-3-44-Бр,1
803,BR-U21-D31-K37,BR-U21-D31-K37,"BRITE Розетка USB A+A 5В 3,1А РЮ10-1-БрШ шампань IEK",1
804,030200776_,BR-V13-0-10-K37,"Выкл 1-кл перекрестный  10А б/рамки ""BRITE"" шампань (1/100)",1
805,030200435_,BR-V10-0-10-K37,"Выкл 1-кл. 10А б/рамки ""BRITE"" шампань (1/100)",1
806,030200440_,BR-V12-0-10-K37,"Выкл 1-кл. прох. 10А б/рамки ""BRITE"" шампань (1/100)",1
807,030200873_,BR-V12-1-10-K37,"Выкл 1-кл. прох. с инд. б/рамки 10А ""BRITE"" шампань (1/100)",1
808,030200436_,BR-V10-1-10-K37,"Выкл 1-кл. с инд. 10А б/рамки ""BRITE"" шампань (1/100)",1
809,030200437_,BR-V20-0-10-K37,"Выкл 2-кл. 10А б/рамки ""BRITE"" шампань (1/100)",1
810,030200447_,BR-V22-0-10-K37,"Выкл 2-кл. прох. 10А б/рамки ""BRITE"" шампань (1/100)",1
811,030200438_,BR-V20-1-10-K37,"Выкл 2-кл. с инд. 10А б/рамки ""BRITE"" шампань (1/100)",1
812,030200752_,BR-V30-0-10-K37,"Выкл 3-кл. 10А  б/рамки ""BRITE"" шампань (1/100)",1
813,030200443_,BR-M12-K37,"Рамка 1-мест. ""BRITE"" шампань (1/100)",1
814,030200444_,BR-M22-K37,"Рамка 2-мест. ""BRITE"" шампань (1/100)",1
815,030200445_,BR-M32-K37,"Рамка 3-мест. ""BRITE"" шампань (1/100)",1
816,030200446_,BR-M42-K37,"Рамка 4-мест. ""BRITE"" шампань (1/100)",1
817,030200751_,BR-K20-1-K37,"Роз 2-ая комп. RJ45  кат.5E ""BRITE"" шампань (1/100)",1
818,030200539_,BR-A10-O-K37,"Роз TV оконечная  б/рамки ""BRITE"" шампань (1/100)",1
819,030200441_,BR-R21-16-K37-F,"Роз. 2-я с з/к без з/ш 16А в сборе ""BRITE"" шампань (1/100)",1
820,030200442_,BR-R24-16-K37-F,"Роз. 2-я с з/к/ш 16А в сборе ""BRITE"" шампань (1/100)",1
821,030200524_,BR-R10-10-K37,"Роз. без з/к 10А б/рамки ""BRITE"" шампань (1/100)",1
822,030200439_,BR-K10-1-K37,"Роз. комп. RJ45 кат.5E б/рамки ""BRITE"" шампань (1/100)",1
823,030200525_,BR-R11-16-K37,"Роз. с з/к без з/ш 16А б/рамки ""BRITE""  шампань (1/100)",1
824,030200434_,BR-R14-16-K37,"Роз. с з/к/ш 16А б/рамки ""BRITE"" шампань (1/100)",1
825,030201064_,BR-M12-12-K47," Рамка 1-мест. ""BRITE""  алюм./алюм.  IEK  (1/100)",1
826,030201067_,BR-M12-51-K10," Рамка 1-мест. ""BRITE""  беж. рифленый  IEK  (1/100)",1
827,030201055_,BR-M12-12-1-K10," Рамка 1-мест. ""BRITE""  беж./жемч.  IEK  (1/100)",1
828,030201063_,BR-M12-12-3-K10," Рамка 1-мест. ""BRITE""  беж./шамп.  IEK  (1/100)",1
829,030201066_,BR-M12-51-K01," Рамка 1-мест. ""BRITE""  бел. рифленый  IEK  (1/100)",1
830,030201052_,BR-M12-12-K01," Рамка 1-мест. ""BRITE""  бел./бел.  IEK  (1/100)",1
831,030201072_,BR-M12-12-4-K23," Рамка 1-мест. ""BRITE""  хром/никель  IEK  (1/100)",1
832,030201065_,BR-M12-12-2-K23," Рамка 1-мест. ""BRITE""  хром/черн.  IEK  (1/100)",1
833,030201069_,BR-M22-12-K47," Рамка 2-мест. ""BRITE""  алюм./алюм.  IEK  (1/100)",1
834,030201075_,BR-M22-51-K10," Рамка 2-мест. ""BRITE""  беж. рифленый  IEK  (1/100)",1
835,030201056_,BR-M22-12-1-K10," Рамка 2-мест. ""BRITE""  беж./жемч.  IEK  (1/100)",1
836,030201068_,BR-M22-12-3-K10," Рамка 2-мест. ""BRITE""  беж./шамп.  IEK  (1/100)",1
837,030201074_,BR-M22-51-K01," Рамка 2-мест. ""BRITE""  бел. рифленый  IEK  (1/100)",1
838,030201053_,BR-M22-12-K01," Рамка 2-мест. ""BRITE""  бел./бел.  IEK  (1/100)",1
839,030201078_,BR-M22-12-4-K23," Рамка 2-мест. ""BRITE""  хром/никель  IEK  (1/100)",1
840,030201073_,BR-M22-12-2-K23," Рамка 2-мест. ""BRITE""  хром/черн.  IEK  (1/100)",1
841,030201070_,BR-M32-12-K47," Рамка 3-мест. ""BRITE""  алюм./алюм.  IEK  (1/100)",1
842,030201083_,BR-M32-51-K10," Рамка 3-мест. ""BRITE""  беж. рифленый  IEK  (1/100)",1
843,030201057_,BR-M32-12-1-K10," Рамка 3-мест. ""BRITE""  беж./жемч.  IEK  (1/100)",1
844,030201076_,BR-M32-12-3-K10," Рамка 3-мест. ""BRITE""  беж./шамп.  IEK  (1/100)",1
845,030201082_,BR-M32-51-K01," Рамка 3-мест. ""BRITE""  бел. рифленый  IEK  (1/100)",1
846,030201054_,BR-M32-12-K01," Рамка 3-мест. ""BRITE""  бел./бел.  IEK  (1/100)",1
847,030201080_,BR-M32-12-4-K23," Рамка 3-мест. ""BRITE""  хром/никель  IEK  (1/100)",1
848,030201081_,BR-M32-12-2-K23," Рамка 3-мест. ""BRITE""  хром/черн.  IEK  (1/100)",1
849,030201071_,BR-M42-12-K47," Рамка 4-мест. ""BRITE""  алюм./алюм.  IEK  (1/100)",1
850,030201086_,BR-M42-51-K10," Рамка 4-мест. ""BRITE""  беж. рифленый  IEK  (1/100)",1
851,030201060_,BR-M42-12-1-K10," Рамка 4-мест. ""BRITE""  беж./жемч.  IEK  (1/100)",1
852,030201079_,BR-M42-12-3-K10," Рамка 4-мест. ""BRITE""  беж./шамп.  IEK  (1/100)",1
853,030201085_,BR-M42-51-K01," Рамка 4-мест. ""BRITE""  бел. рифленый  IEK  (1/100)",1
854,030201077_,BR-M42-12-K01," Рамка 4-мест. ""BRITE""  бел./бел.  IEK  (1/100)",1
855,030201101_,BR-M42-12-4-K23," Рамка 4-мест. ""BRITE""  хром/никель  IEK  (1/100)",1
856,030201084_,BR-M42-12-2-K23," Рамка 4-мест. ""BRITE""  хром/черн.  IEK  (1/100)",1
857,030201147_,BR-M52-12-K47," Рамка 5-мест. ""BRITE""  алюм./алюм.  IEK  (1/100)",1
858,030201149_,BR-M52-51-K10," Рамка 5-мест. ""BRITE""  беж. рифленый  IEK  (1/100)",1
859,030201061_,BR-M52-12-1-K10," Рамка 5-мест. ""BRITE""  беж./жемч.  IEK  (1/100)",1
860,030201145_,BR-M52-12-3-K10," Рамка 5-мест. ""BRITE""  беж./шамп.  IEK  (1/100)",1
861,030201148_,BR-M52-51-K01," Рамка 5-мест. ""BRITE""  бел. рифленый  IEK  (1/100)",1
862,030201146_,BR-M52-12-K01," Рамка 5-мест. ""BRITE""  бел./бел.  IEK  (1/100)",1
863,030201150_,BR-M52-12-4-K23," Рамка 5-мест. ""BRITE""  хром/никель  IEK  (1/100)",1
864,030201144_,BR-M52-12-2-K23," Рамка 5-мест. ""BRITE""  хром/черн.  IEK  (1/100)",1
865,030201095_,BR-M12-M-01-K47," Рамка 1-мест. ""BRITE""  металл алюм. RE  IEK  (1/100)",1
866,030201100_,BR-M12-M-21-K47," Рамка 1-мест. ""BRITE""  металл алюм. RE AL  IEK  (1/100)",1
867,030201098_,BR-M12-M-21-K30," Рамка 1-мест. ""BRITE""  металл коричн. RE AL  IEK  (1/100)",1
868,030201034_,BR-M12-M-01-K49," Рамка 1-мест. ""BRITE""  металл латунь RE  IEK  (1/100)",1
869,030201096_,BR-M12-M-01-K48," Рамка 1-мест. ""BRITE""  металл титан RE  IEK  (1/100)",1
870,030201094_,BR-M12-M-01-K02," Рамка 1-мест. ""BRITE""  металл черн. RE  IEK  (1/100)",1
871,030201097_,BR-M12-M-21-K02," Рамка 1-мест. ""BRITE""  металл черн. RE AL  IEK  (1/100)",1
872,030201099_,BR-M12-M-21-K37," Рамка 1-мест. ""BRITE""  металл шамп. RE AL  IEK  (1/100)",1
873,030200848_,BR-M12-M-K47,"Рамка 1-мест. ""BRITE"" металл алюминий (1/100)",1
874,030200847_,BR-M12-M-K02,"Рамка 1-мест. ""BRITE"" металл черный (1/100)",1
875,030201110_,BR-M22-M-01-K47," Рамка 2-мест. ""BRITE""  металл алюм. RE  IEK  (1/100)",1
876,030201115_,BR-M22-M-21-K47," Рамка 2-мест. ""BRITE""  металл алюм. RE AL  IEK  (1/100)",1
877,030201113_,BR-M22-M-21-K30," Рамка 2-мест. ""BRITE""  металл коричн. RE AL  IEK  (1/100)",1
878,030201035_,BR-M22-M-01-K49," Рамка 2-мест. ""BRITE""  металл латунь RE  IEK  (1/100)",1
879,030201111_,BR-M22-M-01-K48," Рамка 2-мест. ""BRITE""  металл титан RE  IEK  (1/100)",1
880,030201109_,BR-M22-M-01-K02," Рамка 2-мест. ""BRITE""  металл черн. RE  IEK  (1/100)",1
881,030201112_,BR-M22-M-21-K02," Рамка 2-мест. ""BRITE""  металл черн. RE AL  IEK  (1/100)",1
882,030201114_,BR-M22-M-21-K37," Рамка 2-мест. ""BRITE""  металл шамп. RE AL  IEK  (1/100)",1
883,030200850_,BR-M22-M-K47,"Рамка 2-мест. ""BRITE"" металл алюминий (1/100)",1
884,030200849_,BR-M22-M-K02,"Рамка 2-мест. ""BRITE"" металл черный (1/100)",1
885,030201124_,BR-M32-M-01-K47," Рамка 3-мест. ""BRITE""  металл алюм. RE  IEK  (1/50)",1
886,030201129_,BR-M32-M-21-K47," Рамка 3-мест. ""BRITE""  металл алюм. RE AL  IEK  (1/50)",1
887,030201127_,BR-M32-M-21-K30," Рамка 3-мест. ""BRITE""  металл коричн. RE AL  IEK  (1/50)",1
888,030201036_,BR-M32-M-01-K49," Рамка 3-мест. ""BRITE""  металл латунь RE  IEK  (1/50)",1
889,030201125_,BR-M32-M-01-K48," Рамка 3-мест. ""BRITE""  металл титан RE  IEK  (1/50)",1
890,030201123_,BR-M32-M-01-K02," Рамка 3-мест. ""BRITE""  металл черн. RE  IEK  (1/50)",1
891,030201126_,BR-M32-M-21-K02," Рамка 3-мест. ""BRITE""  металл черн. RE AL  IEK  (1/50)",1
892,030201128_,BR-M32-M-21-K37," Рамка 3-мест. ""BRITE""  металл шамп. RE AL  IEK  (1/50)",1
893,030200852_,BR-M32-M-K47,"Рамка 3-мест. ""BRITE"" металл алюминий (1/50)",1
894,030200851_,BR-M32-M-K02,"Рамка 3-мест. ""BRITE"" металл черный (1/50)",1
895,030201138_,BR-M42-M-01-K47," Рамка 4-мест. ""BRITE""  металл алюм. RE  IEK  (1/50)",1
896,030201143_,BR-M42-M-21-K47," Рамка 4-мест. ""BRITE""  металл алюм. RE AL  IEK  (1/50)",1
897,030201141_,BR-M42-M-21-K30," Рамка 4-мест. ""BRITE""  металл коричн. RE AL  IEK  (1/50)",1
898,030201037_,BR-M42-M-01-K49," Рамка 4-мест. ""BRITE""  металл латунь RE  IEK  (1/50)",1
899,030201139_,BR-M42-M-01-K48," Рамка 4-мест. ""BRITE""  металл титан RE  IEK  (1/50)",1
900,030201137_,BR-M42-M-01-K02," Рамка 4-мест. ""BRITE""  металл черн. RE  IEK  (1/50)",1
901,030201140_,BR-M42-M-21-K02," Рамка 4-мест. ""BRITE""  металл черн. RE AL  IEK  (1/50)",1
902,030201142_,BR-M42-M-21-K37," Рамка 4-мест. ""BRITE""  металл шамп. RE AL  IEK  (1/50)",1
903,030200854_,BR-M42-M-K47,"Рамка 4-мест. ""BRITE"" металл алюминий (1/50)",1
904,030200853_,BR-M42-M-K02,"Рамка 4-мест. ""BRITE"" металл черный (1/50)",1
905,030201090_,BR-M12-G-41-K01," Рамка 1-мест. ""BRITE""  стекло бел. RE  IEK  (1/100)",1
906,030201087_,BR-M12-G-31-K01," Рамка 1-мест. ""BRITE""  стекло бел. матовый  IEK  (1/100)",1
907,030201092_,BR-M12-G-41-K53," Рамка 1-мест. ""BRITE""  стекло графит RE  IEK  (1/100)",1
908,030201089_,BR-M12-G-31-K35," Рамка 1-мест. ""BRITE""  стекло маренго матовый  IEK  (1/100)",1
909,030201093_,BR-M12-G-41-K98," Рамка 1-мест. ""BRITE""  стекло песчаный RE  IEK  (1/100)",1
910,030201091_,BR-M12-G-41-K02," Рамка 1-мест. ""BRITE""  стекло черн. RE  IEK  (1/100)",1
911,030201088_,BR-M12-G-31-K02," Рамка 1-мест. ""BRITE""  стекло черн. матовый  IEK  (1/100)",1
912,030200855_,BR-M12-G-K01,"Рамка 1-мест. ""BRITE"" стекло белый (1/100)",1
913,030200864_,BR-M12-G-K10,"Рамка 1-мест. ""BRITE"" стекло ванильный (1/100)",1
914,030200865_,BR-M12-G-K30,"Рамка 1-мест. ""BRITE"" стекло дымчатый (1/100)",1
915,030200863_,BR-M12-G-K03,"Рамка 1-мест. ""BRITE"" стекло серый (1/100)",1
916,030200866_,BR-M12-G-K45,"Рамка 1-мест. ""BRITE"" стекло темная бронза (1/100)",1
917,030200856_,BR-M12-G-K02,"Рамка 1-мест. ""BRITE"" стекло черный (1/100)",1
918,030201105_,BR-M22-G-41-K01," Рамка 2-мест. ""BRITE""  стекло бел. RE  IEK  (1/100)",1
919,030201102_,BR-M22-G-31-K01," Рамка 2-мест. ""BRITE""  стекло бел. матовый  IEK  (1/100)",1
920,030201107_,BR-M22-G-41-K53," Рамка 2-мест. ""BRITE""  стекло графит RE  IEK  (1/100)",1
921,030201104_,BR-M22-G-31-K35," Рамка 2-мест. ""BRITE""  стекло маренго матовый  IEK  (1/100)",1
922,030201108_,BR-M22-G-41-K98," Рамка 2-мест. ""BRITE""  стекло песчаный RE  IEK  (1/100)",1
923,030201106_,BR-M22-G-41-K02," Рамка 2-мест. ""BRITE""  стекло черн. RE  IEK  (1/100)",1
924,030201103_,BR-M22-G-31-K02," Рамка 2-мест. ""BRITE""  стекло черн. матовый  IEK  (1/100)",1
925,030200857_,BR-M22-G-K01,"Рамка 2-мест. ""BRITE"" стекло белый (1/100)",1
926,030200894_,BR-M22-G-K10,"Рамка 2-мест. ""BRITE"" стекло ванильный (1/100)",1
927,030200895_,BR-M22-G-K30,"Рамка 2-мест. ""BRITE"" стекло дымчатый (1/100)",1
928,030200893_,BR-M22-G-K03,"Рамка 2-мест. ""BRITE"" стекло серый (1/100)",1
929,030200896_,BR-M22-G-K45,"Рамка 2-мест. ""BRITE"" стекло темная бронза (1/100)",1
930,030200858_,BR-M22-G-K02,"Рамка 2-мест. ""BRITE"" стекло черный (1/100)",1
931,030201119_,BR-M32-G-41-K01," Рамка 3-мест. ""BRITE""  стекло бел. RE  IEK  (1/50)",1
932,030201116_,BR-M32-G-31-K01," Рамка 3-мест. ""BRITE""  стекло бел. матовый  IEK  (1/50)",1
933,030201121_,BR-M32-G-41-K53," Рамка 3-мест. ""BRITE""  стекло графит RE  IEK  (1/50)",1
934,030201118_,BR-M32-G-31-K35," Рамка 3-мест. ""BRITE""  стекло маренго матовый  IEK  (1/50)",1
935,030201122_,BR-M32-G-41-K98," Рамка 3-мест. ""BRITE""  стекло песчаный RE  IEK  (1/50)",1
936,030201120_,BR-M32-G-41-K02," Рамка 3-мест. ""BRITE""  стекло черн. RE  IEK  (1/50)",1
937,030201117_,BR-M32-G-31-K02," Рамка 3-мест. ""BRITE""  стекло черн. матовый  IEK  (1/50)",1
938,030200859_,BR-M32-G-K01,"Рамка 3-мест. ""BRITE"" стекло белый (1/50)",1
939,030200898_,BR-M32-G-K10,"Рамка 3-мест. ""BRITE"" стекло ванильный (1/50)",1
940,030200899_,BR-M32-G-K30,"Рамка 3-мест. ""BRITE"" стекло дымчатый (1/50)",1
941,030200897_,BR-M32-G-K03,"Рамка 3-мест. ""BRITE"" стекло серый (1/50)",1
942,030200900_,BR-M32-G-K45,"Рамка 3-мест. ""BRITE"" стекло темная бронза (1/50)",1
943,030200860_,BR-M32-G-K02,"Рамка 3-мест. ""BRITE"" стекло черный (1/50)",1
944,030201133_,BR-M42-G-41-K01," Рамка 4-мест. ""BRITE""  стекло бел. RE  IEK  (1/50)",1
945,030201130_,BR-M42-G-31-K01," Рамка 4-мест. ""BRITE""  стекло бел. матовый  IEK  (1/50)",1
946,030201135_,BR-M42-G-41-K53," Рамка 4-мест. ""BRITE""  стекло графит RE  IEK  (1/50)",1
947,030201132_,BR-M42-G-31-K35," Рамка 4-мест. ""BRITE""  стекло маренго матовый  IEK  (1/50)",1
948,030201136_,BR-M42-G-41-K98," Рамка 4-мест. ""BRITE""  стекло песчаный RE  IEK  (1/50)",1
949,030201134_,BR-M42-G-41-K02," Рамка 4-мест. ""BRITE""  стекло черн. RE  IEK  (1/50)",1
950,030201131_,BR-M42-G-31-K02," Рамка 4-мест. ""BRITE""  стекло черн. матовый  IEK  (1/50)",1
951,030200861_,BR-M42-G-K01,"Рамка 4-мест. ""BRITE"" стекло белый (1/50)",1
952,030200902_,BR-M42-G-K10,"Рамка 4-мест. ""BRITE"" стекло ванильный (1/50)",1
953,030200903_,BR-M42-G-K30,"Рамка 4-мест. ""BRITE"" стекло дымчатый (1/50)",1
954,030200901_,BR-M42-G-K03,"Рамка 4-мест. ""BRITE"" стекло серый (1/50)",1
955,030200904_,BR-M42-G-K45,"Рамка 4-мест. ""BRITE"" стекло темная бронза (1/50)",1
956,030200862_,BR-M42-G-K02,"Рамка 4-мест. ""BRITE"" стекло черный (1/50)",1
957,130300775_,EVP10-32-01-K01,Вилка для плиты ВПпл10-01-Ст з/к 32А белая IEK,10
958,130300774_,ERP10-32-01-K01,Розетка для плиты РПпл10-01-Ст з/к о/у 32А белая IEK,10
959,130300773_,ERP11-32-01-K01,Розетка для плиты РПпл11-01-Ст з/к c/у 32А белая IEK,10
960,280300179_,UKG01-080-040-000-M,"КМ41024 распаячн. d80х40 для полых стен (мет. лапками, с крышкой ) IEK (175)",175
961,280300401_,UKO11-085-085-040-K41-44,КМ41235 распаячн. для о/п 85х85х40 мм IP44 (6 гермовводов) IEK (60),60
962,280300403_,UKOZ11-070-070-040-K41-44,"КМ41236 распаячн. для о/п 70х70х40 IP44 (4 гермоввода, с крышкой) IEK (84)",84
963,280300182_,UKO10-150-110-070-K41-55,КМ41242 распаячн. для о/п 150х110х70 IP55 (10 гермовводов) IEK (30),30
964,280300402_,UKO11-190-140-070-K41-55,КМ41244 распаячн. для о/п 190х140х70 мм IP55 (10 гермовводов IEK (20),20
965,280300404_,UKOZ11-100-100-050-K41-44,"КМ41255 распаячн. для о/п 100х100х50 IP44 (6 гермовводов, с крышкой) IEK (48)",48
966,UKO10-240-195-090-K4,UKO10-240-195-090-K41-55,"КМ41272 распаячная для о/п 240х195х90 мм IP55 (RAL7035, кабельные вводы 5 шт) IEK  E-PRO",6
967,UKO10-240-195-165-K4,UKO10-240-195-165-K41-55,"КМ41274 распаячная для о/п 240х195х165 мм IP55 (RAL7035, кабельные вводы 5 шт) IEK  E-PRO",4
968,250600087_,MKP31-N-02-30-252,Бокс КМПн 1/2 для 1-2-х авт.выкл н/у IEK (252),252
969,280300295_,MKP31-N-04-30-135,Бокс КМПн 1/4 для 4-х авт.выкл н/у IEK (135),135
970,020100001_,PSR01-016-3,Переносная вилка 013- 2р+е 16А 220В IEK,10
971,020100002_,PSR02-016-4,Переносная вилка 014 3р+ре 16А 380В IEK,10
972,020100003_,PSR02-016-5,Переносная вилка 015 3р+ре+n 16А 380В IP 44 IEK,10
973,020100004_,PSR01-032-3,Переносная вилка 023 2р+ре 32А 220В IEK,10
974,020100005_,PSR02-032-4,Переносная вилка 024 3р+ре 32А 380В IEK,10
975,020100006_,PSR02-032-5,Переносная вилка 025 3р+ре+n 32А 380В IEK,10
976,020100007_,PSR02-063-4,Переносная вилка 034 3р+ре 63А 380В IP 54 IEK,2
977,020100044_,PSR02-063-5,Переносная вилка 035 3р+ре+n63А 380В IP 54 IEK,2
978,020100008_,PSR21-016-3,Переносная розетка  213 2р+е 16А 220В IP44 IEK,10
979,020100009_,PSR22-016-4,Переносная розетка  214 3р+ре 16А 380В IP44 IEK,10
980,020100010_,PSR22-016-5,Переносная розетка  215 3р+ре+n 16А 380В IP44 IEK,10
981,020100011_,PSR21-032-3,Переносная розетка  223 2р+ре 32А 220В  IEK,10
982,020100012_,PSR22-032-4,Переносная розетка  224 3р+ре 32А 380В IP44 IEK,10
983,020100013_,PSR22-032-5,Переносная розетка  225 3р+ре+n 32А 380В IEK,10
984,020100015_,PSR11-016-3,Стационарная розетка  113 2р+ре 16А 220В IP44 IEK,10
985,020100017_,PSR12-016-4,Стационарная розетка  114 3р+е 16А 380В IP 44 IEK,10
986,020100018_,PSR12-016-5,Стационарная розетка  115 3р+ре+n 16А 380В IP 44 IEK,10
987,020100019_,PSR11-032-3,Стационарная розетка  123 2р+е 32А 220В IP44 IEK,10
988,020100020_,PSR12-032-4,Стационарная розетка  124 3р+ре 32А 380В IP 44 IEK,10
989,020100021_,PSR12-032-5,Стационарная розетка  125 3р+ре+n 32А 380В IP 44 IEK,10
990,020100022_,PSR12-063-4,Стационарная розетка  134 3р+ре 63А 380В IP 54 IEK,2
991,020100045_,PSR12-063-5,Стационарная розетка  135 3р+ре+n 63А 380В IP 54 IEK,2
992,020100023_,PSR42-016-4,Стационарная розетка  414 скрытая 3р+ре 16А 380В IP44 IEK,10
993,PSN12-032-5,PSN12-032-5,Стационарная розетка  ССИ-125 32А-6ч/200/346-240/415В 3Р+РЕ+N IP44 MAGNUM IEK E-PRO,10
994,290100132_,WYP10-16-03-03-Z-K02,У03 (3места/3метра) чер. IEK,1
995,290100133_,WYP10-16-03-05-Z-K02,У03 (3места/5метров) чер. IEK,1
996,290100134_,WYP10-16-03-03-ZK-K02,У03К (3места/3метра) чер. IEK,1
997,290100135_,WYP10-16-03-05-ZK-K02,У03К (3места/5метров) чер. IEK,1
998,290100136_,WYP10-16-04-03-Z-K02,У04 (4места/3метра) чер. IEK,1
999,290100137_,WYP10-16-04-05-Z-K02,У04 (4места/5метров) чер. IEK,1
1000,290100138_,WYP10-16-04-03-ZK-K02,У04К (4места/3метра) чер. IEK,1
1001,290100139_,WYP10-16-04-05-ZK-K02,У04К (4места/5метров) чер. IEK,1
1002,290100140_,WYP10-16-05-03-Z-K02,У05 (5мест/3метра) чер. IEK,1
1003,290100141_,WYP10-16-05-05-Z-K02,У05 (5мест/5метров) чер. IEK,1
1004,290100142_,WYP10-16-05-03-ZK-K02,У05К (5мест/3метра) чер. IEK,1
1005,290100143_,WYP10-16-05-05-ZK-K02,У05К (5мест/5метров) чер. IEK,1
1006,290100144_,WYP10-06-03-03-K02,У3 (3места/3метра) чер. IEK,1
1007,290100145_,WYP10-06-03-05-K02,У3 (3места/5метров) чер. IEK,1
1008,280300951_,KYP11-16-03-00-Z,Розетка переносная разб. К03 3 места CLASSIC IEK ,38
1009,280300950_,KYP11-16-04-00-Z,Розетка переносная разб. К04 4 места CLASSIC IEK ,32
1010,280300696_,KYP11-16-06-00-ZK,Розетка переносная разб. с выкл. К06В 6 мест CLASSIC IEK ,15
1011,290200126_,TW-KP27-16-01-15-02,"Катушка УК15 1мест. 2P+PE/15м+2м 3х1,5мм2 автосм.TWIST IEK",1
1012,290200131_,TW-KP27-16-04-20,"Катушка УК20 4мест. 2P+PE/20м 3х1,5мм2 автосм. TWIST IEK",1
1013,290200127_,TW-KP27-16-01-25-02,"Катушка УК25 1мест. 2P+PE/25м+2м 3х1,5мм2 автосм. TWIST IEK",1
1014,290100004_,WKP15-16-04-10,УК10 Катушка (10м) IEK,10
1015,290200005_,WKP15-16-04-20,УК20 Катушка (20м) IEK,1
1016,290200008_,WKP15-16-04-30,УК30 Катушка (30м) IEK,1
1017,290200009_,WKP15-16-04-40,УК40 Катушка (40м) IEK,1
1018,290200006_,WKP15-16-04-50,УК50 Катушка (50м) IEK,1
1019,290100031_,WFP10-16-03-01-N,"СФ-03К-вык (3 мест/1,5м.) IEK",6
1020,290100032_,WFP10-16-05-01-N,"СФ-05К-вык (5 мест/1,5м.) IEK",5
1021,290100033_,WFP10-16-05-03-N,СФ-05К-вык (5 мест/3м.) IEK,1
1022,290100034_,WFP10-16-05-05-N,СФ-05К-вык (5 мест/5м.) IEK,1
1023,290100029_,WUP10-05-K09-N,Шнур УШ-01РВ (оранж с кругл  вилк и розеткой 5м) IEK,10
1024,290100101_,WUP20-02-K01,"Шнур УШ-1КВ ( с плоск вилк и выкл 2x0,75/2метр) IEK",10
1025,WUP20-02-K02,WUP20-02-K02,"Шнур УШ-1КВ опрессованный с вилкой со встроенным выключателем  2х0,75/2метра, черный IEK E-PRO",10
1026,130301120_,EVP12-16-01-K01,ВПу12-01-Ст Вилка разборная угловая с з/к с кольцом 16А белая ,50
1027,130301597_,EVP12-16-01-K02,ВПу12-02-Ст Вилка разборная угловая с з/к с кольцом 16А черная IEK  ,50
1028,CKK10-100-060-1-K01,CKK10-100-060-1-K01,Кабель-канал 100х60 белый ЭЛЕКОР IEK (за штуку) (8),8
1029,CKK10-060-040-1-K01-,CKK10-060-040-1-K01-018,Кабель-канал 60х40 белый ЭЛЕКОР IEK (за штуку) (18),18
1030,CKK10-025-016-1-K24_,CKK10-025-016-1-K24,Кабель-канал 25х16 дуб ЭЛЕКОР IEK (за штуку) (50),50
1031,CKK10-040-025-1-K24_,CKK10-040-025-1-K24,Кабель-канал 40х25 дуб ЭЛЕКОР IEK (за штуку) (18),18
1032,CKK10-040-025-1-K28_,CKK10-040-025-1-K28,Кабель-канал 40х25 ольха ЭЛЕКОР IEK (за штуку) (18),18
1033,CKK10-025-016-1-K34_,CKK10-025-016-1-K34,Кабель-канал 25х16 сосна ЭЛЕКОР IEK (за штуку) (50),50
1034,CKK10-040-025-1-K34_,CKK10-040-025-1-K34,Кабель-канал 40х25 сосна ЭЛЕКОР IEK (за штуку) (18),18
1035,EL-KK10-100-060-1-K0,EL-KK10-100-060-1-K02,Кабель-канал 100х60 черный ЭЛЕКОР IEK (за штуку) (8),8
1036,EL-KK10-025-016-1-K0,EL-KK10-025-016-1-K02,Кабель-канал 25х16 черный ЭЛЕКОР IEK (за штуку) (50м),50
1037,EL-KK10-025-025-1-K0,EL-KK10-025-025-1-K02,Кабель-канал 25х25 черный ЭЛЕКОР IEK (за штуку) (32),32
1038,EL-KK10-040-025-1-K0,EL-KK10-040-025-1-K02,Кабель-канал 40х25 черный ЭЛЕКОР IEK (за штуку) (24),24
1039,EL-KK10-060-040-1-K0,EL-KK10-060-040-1-K02,Кабель-канал 60х40 черный ЭЛЕКОР IEK (за штуку) (18),18
1040,280100001_,CKK10-100-040-1-K01,Кабель-канал 100х40 белый ЭЛЕКОР IEK (8),8
1041,280100002_,CKK10-100-060-1-K01,Кабель-канал 100х60 белый ЭЛЕКОР IEK (8),8
1042,280100003_,CKK10-012-012-1-K01,Кабель-канал 12х12 белый ЭЛЕКОР IEK (120),120
1043,280100006_,CKK10-015-010-1-K01,Кабель-канал 15х10 белый ЭЛЕКОР IEK (144),144
1044,280100004_,CKK10-016-016-1-K01,Кабель-канал 16х16 белый ЭЛЕКОР IEK (84),84
1045,280100005_,CKK10-020-010-1-K01,Кабель-канал 20х10 белый ЭЛЕКОР IEK (96),96
1046,280100007_,CKK10-025-016-1-K01,Кабель-канал 25х16 белый ЭЛЕКОР IEK (50),50
1047,280100016_,CKK10-025-025-1-K01,Кабель-канал 25х25 белый ЭЛЕКОР IEK (32),32
1048,280100009_,CKK10-040-016-1-K01,Кабель-канал 40х16 белый ЭЛЕКОР IEK (30),30
1049,280100010_,CKK10-040-025-1-K01,Кабель-канал 40х25 белый ЭЛЕКОР IEK (24),24
1050,280100011_,CKK10-040-040-1-K01-024,Кабель-канал 40х40 белый ЭЛЕКОР IEK (24),24
1051,280100012_,CKK10-060-040-1-K01-018,Кабель-канал 60х40 белый ЭЛЕКОР IEK (18),18
1052,280100013_,CKK10-060-060-1-K01,Кабель-канал 60х60 белый ЭЛЕКОР IEK (12),12
1053,280100014_,CKK10-080-040-1-K01-010,Кабель-канал 80х40 белый ЭЛЕКОР IEK (10),10
1054,280100015_,CKK10-080-060-1-K01-008,Кабель-канал 80х60 белый ЭЛЕКОР IEK (8),8
1055,280100339_,CKK10-012-012-1-K24,Кабель-канал 12х12 дуб ЭЛЕКОР IEK (120),120
1056,280100340_,CKK10-015-010-1-K24,Кабель-канал 15х10 дуб ЭЛЕКОР IEK (144),144
1057,280100341_,CKK10-016-016-1-K24,Кабель-канал 16х16 дуб ЭЛЕКОР IEK (84),84
1058,280100342_,CKK10-020-010-1-K24,Кабель-канал 20х10 дуб ЭЛЕКОР IEK (96),96
1059,280100240_,CKK10-025-016-1-K24,Кабель-канал 25х16 дуб ЭЛЕКОР IEK (50),50
1060,280100343_,CKK10-040-016-1-K24,Кабель-канал 40х16 дуб ЭЛЕКОР IEK (30),30
1061,280100344_,CKK10-040-025-1-K24,Кабель-канал 40х25 дуб ЭЛЕКОР IEK (18),18
1062,280100401_,CKK10-012-012-1-K28,Кабель-канал 12х12 ольха ЭЛЕКОР IEK (120),120
1063,280100402_,CKK10-015-010-1-K28,Кабель-канал 15х10 ольха ЭЛЕКОР IEK (144),144
1064,280100403_,CKK10-016-016-1-K28,Кабель-канал 16х16 ольха ЭЛЕКОР IEK (84),84
1065,280100404_,CKK10-020-010-1-K28,Кабель-канал 20х10 ольха ЭЛЕКОР IEK (96),96
1066,280100405_,CKK10-025-016-1-K28,Кабель-канал 25х16 ольха ЭЛЕКОР IEK (50),50
1067,280100406_,CKK10-040-016-1-K28,Кабель-канал 40х16 ольха ЭЛЕКОР IEK (30),30
1068,280100407_,CKK10-040-025-1-K28,Кабель-канал 40х25 ольха ЭЛЕКОР IEK (18),18
1069,280100373_,CKK10-012-012-1-K34,Кабель-канал 12х12 сосна ЭЛЕКОР IEK (120),120
1070,280100374_,CKK10-015-010-1-K34,Кабель-канал 15х10 сосна ЭЛЕКОР IEK (144),144
1071,280100375_,CKK10-016-016-1-K34,Кабель-канал 16х16 сосна ЭЛЕКОР IEK (84),84
1072,280100376_,CKK10-020-010-1-K34,Кабель-канал 20х10 сосна ЭЛЕКОР IEK (96),96
1073,280100377_,CKK10-025-016-1-K34,Кабель-канал 25х16 сосна ЭЛЕКОР IEK (50),50
1074,280100378_,CKK10-040-016-1-K34,Кабель-канал 40х16 сосна ЭЛЕКОР IEK (30),30
1075,280100379_,CKK10-040-025-1-K34,Кабель-канал 40х25 сосна ЭЛЕКОР IEK (18),18
1076,280100418_,EL-KK10-100-040-1-K02,Кабель-канал 100х40 черный ЭЛЕКОР IEK (8),8
1077,280100419_,EL-KK10-100-060-1-K02,Кабель-канал 100х60 черный ЭЛЕКОР IEK (8),8
1078,280100408_,EL-KK10-012-012-1-K02,Кабель-канал 12х12 черный ЭЛЕКОР IEK (120м),120
1079,280100409_,EL-KK10-015-010-1-K02,Кабель-канал 15х10 черный ЭЛЕКОР IEK (144м),144
1080,280100336_,EL-KK10-016-016-1-K02,Кабель-канал 16х16 черный ЭЛЕКОР IEK (84м),84
1081,280100410_,EL-KK10-020-010-1-K02,Кабель-канал 20х10 черный ЭЛЕКОР IEK (96м),96
1082,280100337_,EL-KK10-025-016-1-K02,Кабель-канал 25х16 черный ЭЛЕКОР IEK (50м),50
1083,280100411_,EL-KK10-025-025-1-K02,Кабель-канал 25х25 черный ЭЛЕКОР IEK (32),32
1084,280100412_,EL-KK10-040-016-1-K02,Кабель-канал 40х16 черный ЭЛЕКОР IEK (30),30
1085,280100338_,EL-KK10-040-025-1-K02,Кабель-канал 40х25 черный ЭЛЕКОР IEK (24),24
1086,280100413_,EL-KK10-040-040-1-K02,Кабель-канал 40х40 черный ЭЛЕКОР IEK (24),24
1087,280100414_,EL-KK10-060-040-1-K02,Кабель-канал 60х40 черный ЭЛЕКОР IEK (18),18
1088,280100415_,EL-KK10-060-060-1-K02,Кабель-канал 60х60 черный ЭЛЕКОР IEK (12),12
1089,280100416_,EL-KK10-080-040-1-K02,Кабель-канал 80х40 черный ЭЛЕКОР IEK (10),10
1090,280100417_,EL-KK10-080-060-1-K02,Кабель-канал 80х60 черный ЭЛЕКОР IEK (8),8
1091,270300078_,CKM50-025-025-1-K03,Кабель.канал перф.  25х25 ИМПАКТ IEK (100),100
1092,270300079_,CKM50-025-040-1-K03,Кабель.канал перф.  25х40 ИМПАКТ IEK (60),60
1093,280100020_,CKM50-040-040-1-K03,Кабель.канал перф.  40х40 ИМПАКТ IEK (36),36
1094,270300105_,CKM50-040-060-1-K03,Кабель.канал перф.  40х60 ИМПАКТ IEK (24),24
1095,270300150_,CKM50-060-060-1-K03,Кабель.канал перф.  60х60 ИМПАКТ IEK (16),16
1096,270300200_,CKM50-060-040-1-K03,Кабель-канал перф.  60х40 ИМПАКТ IEK (24),24
1097,270300151_,CKM50-080-060-1-K03,Кабель-канал перф.  80х60 ИМПАКТ IEK (16),16
1098,270300153_,CKM50-100-060-1-K03,Кабель-канал перф. 100х60 ИМПАКТ IEK (12),12
1099,280200031_,CKMP10D-N-100-040-K01,Внешний угол КМН 100х40 Белый ЭЛЕКОР IEK (2),11
1100,280200032_,CKMP10D-N-100-060-K01,Внешний угол КМН 100х60 Белый ЭЛЕКОР IEK (2),6
1101,280200033_,CKMP10D-N-015-010-K01,Внешний угол КМН 15х10 Белый ЭЛЕКОР IEK (4),1
1102,280200034_,CKMP10D-N-016-016-K01,Внешний угол КМН 16х16 Белый ЭЛЕКОР IEK (4),1
1103,280200035_,CKMP10D-N-020-010-K01,Внешний угол КМН 20х10 Белый ЭЛЕКОР IEK (4),1
1104,280200087_,CKMP10D-N-025-016-K01,Внешний угол КМН 25х16 Белый ЭЛЕКОР IEK (4),1
1105,280200088_,CKMP10D-N-040-016-K01,Внешний угол КМН 40х16 Белый ЭЛЕКОР IEK (4),1
1106,280200108_,CKMP10D-N-040-025-K01,Внешний угол КМН 40х25 Белый ЭЛЕКОР IEK (4),1
1107,280200036_,CKMP10D-N-060-040-K01,Внешний угол КМН 60х40 Белый ЭЛЕКОР IEK (4),1
1108,280200109_,CKMP10D-V-100-040-K01,Внутренний угол КМВ 100х40 Белый ЭЛЕКОР IEK (2),8
1109,280200037_,CKMP10D-V-100-060-K01,Внутренний угол КМВ 100х60 Белый ЭЛЕКОР IEK (2),5
1110,280200085_,CKMP10D-V-015-010-K01,Внутренний угол КМВ 15х10 Белый ЭЛЕКОР IEK (4),1
1111,280200038_,CKMP10D-V-016-016-K01,Внутренний угол КМВ 16х16 Белый ЭЛЕКОР IEK (4),1
1112,280200039_,CKMP10D-V-020-010-K01,Внутренний угол КМВ 20х10 Белый ЭЛЕКОР IEK (4),1
1113,280200086_,CKMP10D-V-025-016-K01,Внутренний угол КМВ 25х16 Белый ЭЛЕКОР IEK (4),1
1114,280200040_,CKMP10D-V-040-016-K01,Внутренний угол КМВ 40х16 Белый ЭЛЕКОР IEK (4),1
1115,280200041_,CKMP10D-V-040-025-K01,Внутренний угол КМВ 40х25 Белый ЭЛЕКОР IEK (4),1
1116,280200042_,CKMP10D-V-060-040-K01,Внутренний угол КМВ 60х40 Белый ЭЛЕКОР IEK (4),1
1117,280200043_,CKMP10D-Z-100-040-K01,Заглушка КМЗ 100х40 Белый ЭЛЕКОР IEK (2),54
1118,280200044_,CKMP10D-Z-100-060-K01,Заглушка КМЗ 100х60 Белый ЭЛЕКОР IEK (2),36
1119,280200045_,CKMP10D-Z-015-010-K01,Заглушка КМЗ 15х10 Белый ЭЛЕКОР IEK (4),1
1120,280200046_,CKMP10D-Z-016-016-K01,Заглушка КМЗ 16х16 Белый ЭЛЕКОР IEK (4),1
1121,280200047_,CKMP10D-Z-020-010-K01,Заглушка КМЗ 20х10 Белый ЭЛЕКОР IEK (4),1
1122,280200080_,CKMP10D-Z-025-016-K01,Заглушка КМЗ 25х16 Белый ЭЛЕКОР IEK (4),1
1123,280200048_,CKMP10D-Z-040-016-K01,Заглушка КМЗ 40х16 Белый ЭЛЕКОР IEK (4),1
1124,280200081_,CKMP10D-Z-040-025-K01,Заглушка КМЗ 40х25 Белый ЭЛЕКОР IEK (4),1
1125,280200049_,CKMP10D-Z-060-040-K01,Заглушка КМЗ 60х40 Белый ЭЛЕКОР IEK (4),1
1126,280200050_,CKMP10D-P-100-040-K01,Поворот 90° КМП 100х40 Белый ЭЛЕКОР IEK (2),6
1127,280200051_,CKMP10D-P-100-060-K01,Поворот 90° КМП 100х60 Белый ЭЛЕКОР IEK (2),4
1128,280200052_,CKMP10D-P-015-010-K01,Поворот 90° КМП 15х10 Белый ЭЛЕКОР IEK (4),1
1129,280200053_,CKMP10D-P-016-016-K01,Поворот 90° КМП 16х16 Белый ЭЛЕКОР IEK (4),1
1130,280200082_,CKMP10D-P-020-010-K01,Поворот 90° КМП 20х10 Белый ЭЛЕКОР IEK (4),1
1131,280200054_,CKMP10D-P-025-016-K01,Поворот 90° КМП 25х16 Белый ЭЛЕКОР IEK (4),1
1132,280200055_,CKMP10D-P-040-016-K01,Поворот 90° КМП 40х16 Белый ЭЛЕКОР IEK (4),1
1133,280200056_,CKMP10D-P-040-025-K01,Поворот 90° КМП 40х25 Белый ЭЛЕКОР IEK (4),1
1134,280200057_,CKMP10D-P-060-040-K01,Поворот 90° КМП 60х40 Белый ЭЛЕКОР IEK (4),1
1135,280200058_,CKMP10D-S-100-040-K01,Соединитель на стык КМС 100х40 Белый ЭЛЕКОР IEK (2),39
1136,280200059_,CKMP10D-S-100-060-K01,Соединитель на стык КМС 100х60 Белый ЭЛЕКОР IEK (2),26
1137,280200060_,CKMP10D-S-015-010-K01,Соединитель на стык КМС 15х10 Белый ЭЛЕКОР IEK (4),1
1138,280200061_,CKMP10D-S-016-016-K01,Соединитель на стык КМС 16х16 Белый ЭЛЕКОР IEK (4),1
1139,280200062_,CKMP10D-S-020-010-K01,Соединитель на стык КМС 20х10 Белый ЭЛЕКОР IEK (4),1
1140,280200083_,CKMP10D-S-025-016-K01,Соединитель на стык КМС 25х16 Белый ЭЛЕКОР IEK (4),1
1141,280200063_,CKMP10D-S-040-016-K01,Соединитель на стык КМС 40х16 Белый ЭЛЕКОР IEK (4),1
1142,280200064_,CKMP10D-S-040-025-K01,Соединитель на стык КМС 40х25 Белый ЭЛЕКОР IEK (4),1
1143,280200065_,CKMP10D-S-060-040-K01,Соединитель на стык КМС 60х40 Белый ЭЛЕКОР IEK (4),1
1144,280200066_,CKMP10D-T-100-040-K01,Т-образный угол КМТ 100х40 Белый ЭЛЕКОР IEK (2),6
1145,280200067_,CKMP10D-T-100-060-K01,Т-образный угол КМТ 100х60 Белый ЭЛЕКОР IEK (2),4
1146,280200068_,CKMP10D-T-015-010-K01,Т-образный угол КМТ 15х10 Белый ЭЛЕКОР IEK (4),1
1147,280200069_,CKMP10D-T-016-016-K01,Т-образный угол КМТ 16х16 Белый ЭЛЕКОР IEK (4),1
1148,280200070_,CKMP10D-T-020-010-K01,Т-образный угол КМТ 20х10 Белый ЭЛЕКОР IEK (4),1
1149,280200084_,CKMP10D-T-025-016-K01,Т-образный угол КМТ 25х16 Белый ЭЛЕКОР IEK (4),1
1150,280200071_,CKMP10D-T-040-016-K01,Т-образный угол КМТ 40х16 Белый ЭЛЕКОР IEK (4),1
1151,280200072_,CKMP10D-T-040-025-K01,Т-образный угол КМТ 40х25 Белый ЭЛЕКОР IEK (4),1
1152,280200073_,CKMP10D-T-060-040-K01,Т-образный угол КМТ 60х40 Белый ЭЛЕКОР IEK (4),1
1153,280100116_,CKK-40D-W-080-040-K01,Внешний изменяемый угол  80х40  ПРАЙМЕР (108),12
1154,280200166_,CKK-40D-W-100-040-K01,Внешний изменяемый угол 100х40  ПРАЙМЕР (108),12
1155,280100117_,CKK-40D-X-080-040-K01,Внутренний изменяемый угол  80х40  ПРАЙМЕР (108),12
1156,280200167_,CKK-40D-X-100-040-K01,Внутренний изменяемый угол 100х40  ПРАЙМЕР (108),12
1157,280100120_,CKK-40D-VO2-K01,Выключатель 1-кл  на 2 модуля ВК0-21-00-П ПРАЙМЕР (100),10
1158,280100119_,CKK-40D-VD2-K01,Выключатель 2-кл  на 2 модуля ВК1-22-00-П ПРАЙМЕР (100),10
1159,280100118_,CKK-40D-Z-080-040-K01,Заглушка  80х40  ПРАЙМЕР (216),12
1160,ст-9948468,CKK-40D-Z-100-040-K01,Заглушка 100х40  ПРАЙМЕР (216),12
1161,280100141_,CKK-40D-P40-K01,Разделительная перегородка высотой 40мм ПРАЙМЕР (160),160
1162,280100125_,CKK-40D-P-080-040-K01,Плоский изменяемый угол  80х40  ПРАЙМЕР (96),12
1163,280100124_,CKK-40D-P-100-040-K01,Плоский изменяемый угол 100х40  ПРАЙМЕР (96),12
1164,280100126_,CKK-40D-RSU4-060-K01,Рамка и суппорт  на 4 модуля 60 мм ПРАЙМЕР (160),10
1165,280100127_,CKK-40D-RSU4-075-K01,Рамка и суппорт  на 4 модуля 75 мм ПРАЙМЕР (160),10
1166,280100139_,CKK-40D-RSU6-060-K01,Рамка и суппорт  на 6 модулей 60 мм ПРАЙМЕР (120),10
1167,280100140_,CKK-40D-RSU6-075-K01,Рамка и суппорт  на 6 модулей 75 мм ПРАЙМЕР (120),10
1168,280100128_,CKK-40D-RU2-K01,Рамка и суппорт  универсал. на 2 модуля  ПРАЙМЕР (180),10
1169,280100129_,CKK-40D-RI1-K01,"Розетка информационная RJ-45 UTP кат.5е,1 модуль РКИ-10-00-П ПРАЙМЕР (100)",10
1170,280100130_,CKK-40D-RI2-K01,"Розетка информационная RJ-45 UTP кат.5е,2 модуль РКИ-20-00-П ПРАЙМЕР (100)",10
1171,280100131_,CKK-40D-RSZB2-K01-K,"Розетка с з/к 2к, 2 модуля (белая) РКС-20-30-П ПРАЙМЕР (100)",10
1172,280100132_,CKK-40D-RSZK2-K04-K,"Розетка с з/к 2к, 2 модуля (красная) РКС-20-32-П ПРАЙМЕР (10)",10
1173,280100133_,CKK-40D-RT1-K01,"Розетка телеф RJ-11 кат.3, 1 модуль РКФ-10-00-П ПРАЙМЕР (100)",10
1174,280100138_,CKK-40D-SL60-K01,Соеденитель на стык лицевой  для крышки 60 мм ПРАЙМЕР (720),20
1175,280100137_,CKK-40D-SL75-K01,Соеденитель на стык лицевой  для крышки 75 мм ПРАЙМЕР (720),20
1176,280100134_,CKK-40D-SB40-K01,Соединитель на стык боковой высотой 40 мм.  ПРАЙМЕР (1440),40
1177,280100136_,CKK-40D-T-080-040-K01,Т-угол  80х40  ПРАЙМЕР (108),12
1178,280100135_,CKK-40D-T-100-040-K01,Т-угол 100х40  ПРАЙМЕР (108),12
1179,280100123_,CKK40-080-040-1-K01,Кабель-канал  80х40 парапетный ПРАЙМЕР (24),24
1180,280100122_,CKK40-100-040-1-K01,Кабель-канал 100х40 парапетный  ПРАЙМЕР (16),16
1181,130300791_,CTG12-040-K04-050-R, Трубы гибкая двустенная красная (с протяжкой)   Ø40 IEK (50) ,50
1182,130300792_,CTG12-050-K04-050-R, Трубы гибкая двустенная красная (с протяжкой)   Ø50 IEK (50) ,50
1183,130300779_,CTG12-063-K04-050-R, Трубы гибкая двустенная красная (с протяжкой)   Ø63 IEK (50) ,50
1184,130300771_,CTG12-075-K04-050-R, Трубы гибкая двустенная красная (с протяжкой)   Ø75 IEK (50) ,50
1185,130300772_,CTG12-090-K04-050-R, Трубы гибкая двустенная красная (с протяжкой)   Ø90 IEK (50),50
1186,130300780_,CTG12-110-K04-050-R, Трубы гибкая двустенная красная (с протяжкой)  Ø110  IEK (50),50
1187,130301232_,CTG12-160-K04-035-R, Трубы гибкая двустенная красная (с протяжкой)  Ø160  IEK (35) ,35
1188,311101233_,USWBK-D20-20,"Бандаж кабельный БК 20мм с ключом (2,0м/упак) IEK ",1
1189,311101234_,USWBK-D25-20,"Бандаж кабельный БК 25мм с ключом (2,0м/упак) IEK ",1
1190,280300128_,CLP10-100-100-3," Лоток перфорированный (100х100х3000) (0,7 мм) IEK (6)",12
1191,280300034_,CLP10-100-200-3," Лоток перфорированный (100х200х3000) (0,8 мм) IEK (6)",6
1192,280300035_,CLP10-100-300-3, Лоток перфорированный (100х300х3000) (1 мм) IEK (6),6
1193,280300036_,CLP10-100-400-3," Лоток перфорированный (100х400х3000) (1,2 мм) IEK (6)",6
1194,280300086_,CLP10-050-050-3," Лоток перфорированный (50 х50х3000) (0,7 мм) IEK (6)",18
1195,280300012_,CLP10-050-100-3," Лоток перфорированный (50х100х3000) (0,7 мм) IEK (6)",12
1196,280300103_,CLP10-050-150-3," Лоток перфорированный (50х150х3000) (0,7 мм) IEK (6)",18
1197,280300013_,CLP10-050-200-3," Лоток перфорированный (50х200х3000) (0,7 мм) IEK (6)",18
1198,280300030_,CLP10-050-300-3," Лоток перфорированный (50х300х3000) (0,8 мм) IEK (6)",12
1199,280300031_,CLP10-050-400-3, Лоток перфорированный (50х400х3000) (1 мм) IEK (6),12
1200,280300028_,CLP10-050-500-3," Лоток перфорированный (50х500х3000) (1,2 мм) IEK (6)",6
1201,280300083_,CLWG10-060-060-3, Лоток проволочный (50х80х3000) IEK (6),18
1202,280300084_,CLWG10-060-100-3, Лоток проволочный (60х100х3000) IEK (6),18
1203,280300085_,CLWG10-060-200-3, Лоток проволочный (60х200х3000) IEK (6),6
1204,280300088_,CLWG10-060-300-3, Лоток проволочный (60х300х3000) IEK (6),6
1205,280300279_,CLN10-050-100-3,ESCA Лоток неперфорированный 50х100х3000 IEK,12
1206,280300280_,CLN10-050-050-3,ESCA Лоток неперфорированный 50х50х3000 IEK,18
1207,280300011_,CLP1K-050-1,Крышка на лоток осн.  50мм. IEK (6),6
1208,280300005_,CLP1K-100-1,Крышка на лоток осн. 100мм. IEK (6),6
1209,280300289_,CLP1K-150-1,Крышка на лоток осн. 150 мм. IEK (6),6
1210,280300007_,CLP1K-200-1,Крышка на лоток осн. 200мм. IEK (6),6
1211,280300037_,CLP1K-300-1,Крышка на лоток осн. 300мм. IEK (6),6
1212,280300009_,CLP1K-400-3,Крышка на лоток осн. 400мм. IEK (6),6
1213,280300038_,CLP1K-500-3,Крышка на лоток осн. 500мм. IEK (6),6
1214,280300092_,CLW10-VH-200,Держатель горизонтальный VH200 IEK (20),20
1215,010800070_,CLW10-DR,Держатель потолочный DR IEK (50),50
1216,280300024_,CLP1Q-050,Скоба потолочная IEK (40),32
1217,280300003_,CLP1CW-100-1,Кронштейн настенный осн.100мм. IEK (4),4
1218,280300004_,CLP1CW-200-1,Кронштейн настенный осн.200мм. IEK (4),4
1219,280300082_,CLP1CW-300-1,Кронштейн настенный осн.300мм IEK,4
1220,280300122_,CLP1CW-400-1,Кронштейн настенный осн.400мм. IEK (4),4
1221,280300017_,CLP1S-050,Пластина соединительная  h 50 IEK (2),#N/A
1222,280300048_,CLP1S-100,Пластина соединительная h 100 IEK (2),#N/A
1223,280300104_,CLW10-CR,Площадка фиксаторная CR IEK (200),200
1224,280300250_,CLP1F-080-2,Разделительная перегородка h 80 IEK,2
1225,280300071_,CLP2P-050-050,Поворот 90º   50х50 IEK,1
1226,280300072_,CLP2P-050-100,Поворот 90º  50х100 IEK,1
1227,280300073_,CLP2P-050-200,Поворот 90º  50х200 IEK,1
1228,280300020_,CLP1N-050-100,Поворот 90º вертикальный внешний  50х100 IEK,1
1229,280300040_,CLP1N-050-200,Поворот 90º вертикальный внешний  50х200 IEK,1
1230,280300056_,CLP1V-050-100,Поворот 90º вертикальный внутренний  50х100 IEK,1
1231,280300057_,CLP1V-050-200,Поворот 90º вертикальный внутренний  50х200 IEK,1
1232,280300021_,CLP1T-050-100,Разветвитель Т-образный  50х100 IEK,1
1233,280300022_,CLP1T-050-200,Разветвитель Т-образный  50х200 IEK,1
1234,280300054_,CLP1T-100-400,Разветвитель Т-образный 100х400 IEK,1
1235,280300269_,CLP1C-020-030,Профиль перфорированный C-образный IEK,2
1236,280300734_,CMZ13-SBT-08-030,STRUT-болт с конусной пружиной  М8х30 IEK,50
1237,280300735_,CMZ13-SBT-08-040,STRUT-болт с конусной пружиной  М8х40 IEK,50
1238,280300736_,CMZ13-SBT-08-050,STRUT-болт с конусной пружиной  М8х50 IEK,50
1239,280300733_,CMZ13-SBT-10-050,STRUT-болт с конусной пружиной М10х50 IEK,50
1240,280300738_,CMZ13-SGH-08,STRUT-гайка с конусной пружиной  М8 IEK,25
1241,280300737_,CMZ13-SGH-10,STRUT-гайка с конусной пружиной М10 IEK,25
1242,280300742_,CLP1S-41-21-04-15,"STRUT-профиль  перфорированный  41х21х400-1,5 IEK",2
1243,280300743_,CLP1S-41-21-05-15,"STRUT-профиль  перфорированный  41х21х500-1,5 IEK",2
1244,280300741_,CLP1S-41-21-20-15,"STRUT-профиль перфорированный  41х21х2000-1,5 IEK",2
1245,280300739_,CLP1S-41-21-20-20,"STRUT-профиль перфорированный 41x21х2000-2,0 IEK",2
1246,280300740_,CLP1S-41-21-20-25,"STRUT-профиль перфорированный 41x21х2000-2,5 IEK",2
1247,280300744_,CLM50D-CSO-41-21-02,Консоль STRUT 41х21-200 EZ IEK,2
1248,280300745_,CLM50D-CSO-41-21-03,Консоль STRUT 41х21-300 EZ IEK,2
1249,280300673_,CLM50D-PSS-185-40,Пластина соед. с 4 отверстиями для STRUT-профиля EZ IEK,20
1250,280300746_,CLM50D-PTS-136-40,Пластина соединительная T-образная для STRUT-профиля EZ IEK,20
1251,280300747_,CLM50D-UUS-107-40,Уголок крепежный двойной усиленный для STRUT-профиля EZ IEK,4
1252,280300748_,CLM50D-UOS-058-40,Уголок крепежный одинарный для STRUT-профиля EZ IEK,20
1253,280100103_,CKK30-070-016-3-K03,Кабель-канал напольный 70х16  ЭЛЕКОР (42м),42
1254,130301079_,UIZ-20-10-K52,"Изолента 0,18х19 мм желто-зеленая 20 метров IEK (10) (200)",10
1255,130200134_,YND10-2-07-100,"Шина ""N"" нулевая 2х 7 групп на DIN-рейку в корпусе  IEK (10)",10
1256,130200133_,YND10-2-15-125,"Шина ""N"" нулевая 2х15 групп на DIN-рейку в корпусе  IEK (10)",10
1257,130200136_,YND10-4-07-100,"Шина ""N"" нулевая 4х 7 групп на DIN-рейку в корпусе IEK (10)",10
1258,130200135_,YND10-4-11-125,"Шина ""N"" нулевая 4х11 групп на DIN-рейку в корпусе IEK (10)",10
1259,130200074_,YNN10-08-100,"Шина ""N"" нулевая 6х9мм  8/1 (крепеж по центру) IEK (10/960)",10
1260,130200075_,YNN11-08-100,"Шина ""N"" нулевая 6х9мм  8/2 (крепеж по краям) IEK (10/960)",10
1261,130200006_,YNN10-14-100,"Шина ""N"" нулевая 6х9мм 14/1 (крепеж по центру) IEK (10)",10
1262,130200007_,YNN11-14-100,"Шина ""N"" нулевая 6х9мм 14/2 (крепеж по краям) IEK (10)",10
1263,130200125_,YNN10-69-12P-K07,"Шина ""N"" нулевая 6х9мм комб с изол ""Стойка"" ШНИ 12С IEK (20)",10
1264,130200126_,YNN10-69-14P-K07,"Шина ""N"" нулевая 6х9мм комб с изол ""Стойка"" ШНИ 14С IEK (20)",10
1265,130200127_,YNN10-69-12KD-K06,"Шина ""N"" нулевая 6х9мм на DIN-рейку в корпусном изоляторе ШНИ 12К IEK (10)",10
1266,130200089_,YNN10-69-12D-K07,"Шина ""N"" нулевая 6х9мм с изол  12-Д-С IEK (20)",20
1267,130200008_,YNN20-14-100,"Шина ""N"" нулевая 8х12мм 14/1 (крепеж по центру) IEK (10)",10
1268,130200063_,YNN21-14-100,"Шина ""N"" нулевая 8х12мм 14/2 (крепеж по краям) IEK (10)",10
1269,130200120_,YNN10-812-6DP-K07,"Шина ""N"" нулевая 8х12мм комб с изол ""Стойка"" ШНИ  6 КС IEK (20)",20
1270,130200121_,YNN10-812-8DP-K07,"Шина ""N"" нулевая 8х12мм комб с изол ""Стойка"" ШНИ  8 КС IEK (20)",20
1271,130200122_,YNN10-812-10DP-K07,"Шина ""N"" нулевая 8х12мм комб с изол ""Стойка"" ШНИ 10 КС IEK (20)",20
1272,130200123_,YNN10-812-12DP-K07,"Шина ""N"" нулевая 8х12мм комб с изол ""Стойка"" ШНИ 12 КС IEK (20)",20
1273,130200124_,YNN10-812-14DP-K07,"Шина ""N"" нулевая 8х12мм комб с изол ""Стойка"" ШНИ 14 КС IEK (20)",20
1274,130200409_,YNN10-812-8DP-K05,"Шина РЕ ""земля"" в комб DIN-изол ""Стойка"" ШНИ-8х12-8-КС-Ж IEK",20
1275,130200012_,YNS21-1-063,Шина соединительная PIN (штырь) 1ф 63А (1м) IEK (40),40
1276,130200015_,YNS21-3-063,Шина соединительная PIN (штырь) 3ф  63А (1м) IEK (10),10
1277,130200154_,YNS21-3-063-22-12,Шина соединительная PIN (штырь) 3ф  63А (22см) IEK (10),10
1278,130200013_,YNS21-3-100,Шина соединительная PIN (штырь) 3ф 100А (1м) IEK (10),5
1279,130301680_,YZN42-03-300-K02,Блок зажимов БЗН TC-6003 300 мм2 600A 3 пары IEK,#N/A
1280,130301681_,YZN43-10-001-K02,"Блок зажимов БЗН TK-010 1,5 мм2 10А на DIN-рейку 10 пар IEK",1
1281,130301682_,YZN43-10-002-K02,"Блок зажимов БЗН TK-020 2,5 мм2 20А на DIN-рейку 10 пар IEK",1
1282,130301683_,YZN43-10-010-K02,Блок зажимов БЗН TK-060 10 мм2 60А на DIN-рейку 10 пар IEK,1
1283,130301674_,YZN41-04-010-K02,Блок зажимов БЗН ТВ-1004 10 мм2 100А 4 пары IEK,10
1284,130301673_,YZN41-04-001-K02,"Блок зажимов БЗН ТВ-1504 1,5 мм2 15А 4 пары IEK",100
1285,130301675_,YZN41-06-001-K02,"Блок зажимов БЗН ТВ-1506 1,5 мм2 15А 6 пар IEK",100
1286,130301676_,YZN41-06-002-K02,"Блок зажимов БЗН ТВ-2506 2,5 мм2 25А 6 пар IEK",50
1287,130301678_,YZN41-12-002-K02,"Блок зажимов БЗН ТВ-2512 2,5 мм2 25А 12 пар IEK",25
1288,130301677_,YZN41-06-004-K02,"Блок зажимов БЗН ТВ-4506 4,5 мм2 45А 6 пар IEK",25
1289,130301679_,YZN41-12-004-K02,"Блок зажимов БЗН ТВ-4512 4,5 мм2 45А 12 пар IEK",20
1290,130301739_,YCT15-00-K03-006-SP,Вилка закорачивающая для CTS-DT 6мм2 2PIN ИЭК,25
1291,130301725_,YCT10-00-K03-070-AUX,Дополнительная вводная клемма для CTS 70/120мм2 серая ИЭК,10
1292,130301712_,YCT20-00-K03-004-ZGL,Заглушка для CP 4мм2 серая ИЭК,50
1293,130301713_,YCT22-00-3-K03-001-ZGL,"Заглушка для CP-MC 3 вывода 1,5мм2 серая ИЭК",50
1294,130301715_,YCT22-00-3-K03-002-ZGL,"Заглушка для CP-MC 3 вывода 2,5мм2 серая ИЭК",50
1295,130301717_,YCT22-00-3-K03-004-ZGL,Заглушка для CP-MC 3 вывода 4мм2 серая ИЭК,50
1296,130301714_,YCT22-00-4-K03-001-ZGL,"Заглушка для CP-MC 4 вывода 1,5мм2 серая ИЭК",50
1297,130301716_,YCT22-00-4-K03-002-ZGL,"Заглушка для CP-MC 4 вывода 2,5мм2 серая ИЭК",50
1298,130301718_,YCT22-00-4-K03-004-ZGL,Заглушка для CP-MC 4 вывода 4мм2 серая ИЭК,50
1299,130301719_,YCT23-00-2-K03-001-ZGL,"Заглушка для CP-ML 2 ур. 1,5мм2 серая ИЭК",50
1300,130301720_,YCT23-00-2-K03-002-ZGL,"Заглушка для CP-ML 2 ур. 2,5мм2 серая ИЭК",50
1301,130301721_,YCT23-00-2-K03-004-ZGL,Заглушка для CP-ML 2 ур. 4мм2 серая ИЭК,50
1302,130301644_,YCT10-00-K03-002-ZGL,"Заглушка для CTS 2,5/4мм2 серая IEK",50
1303,130301645_,YCT10-00-K07-002-ZGL,"Заглушка для CTS 2,5/4мм2 синяя IEK",50
1304,130301646_,YCT10-00-K03-006-ZGL,Заглушка для CTS 6/10мм2 серая IEK,50
1305,130301706_,YCT10-00-K07-006-ZGL,Заглушка для CTS 6/10мм2 синяя ИЭК,50
1306,130301711_,YCT15-04-K03-004-ZGL,Заглушка для CTS-DT 4мм2 серая ИЭК,50
1307,130301709_,YCT12-00-3-K03-004-ZGL,Заглушка для CTS-MC 3 вывода 4мм2 серая ИЭК,50
1308,130301710_,YCT12-00-4-K03-004-ZGL,Заглушка для CTS-MC 4 вывода 4мм2 серая ИЭК,50
1309,130301708_,YCT13-00-2-K03-004-ZGL,Заглушка для CTS-ML 2 ур. 4мм2 серая ИЭК,50
1310,130301707_,YCT13-00-3-K03-002-ZGL,"Заглушка для CTS-ML 3 ур. 2,5мм2 серая ИЭК",50
1311,130301660_,YZN11D-3-ZGL-002-K07,"Заглушка для КПИ 3в-1,5/2,5 3 вывода синяя IEK",100
1312,130301665_,YZN12-095-K07,Клемма вводная силовая КВС 16-95 кв.мм. синяя IEK,8
1313,130301671_,YZN22-150-K52,Клемма вводная силовая КВС 35-150 кв.мм. PE IEK,5
1314,130301666_,YZN12-150-K07,Клемма вводная силовая КВС 35-150 кв.мм. синяя IEK,5
1315,130301672_,YZN22-240-K52,Клемма вводная силовая КВС 35-240 кв.мм. PE IEK,#N/A
1316,130301667_,YZN12-240-K03,Клемма вводная силовая КВС 35-240 кв.мм. серая IEK,2
1317,130301668_,YZN12-240-K07,Клемма вводная силовая КВС 35-240 кв.мм. синяя IEK,2
1318,130301669_,YZN14-050-K03,Клемма вводная силовая КВС 6-50 кв.мм. 3-рядная серая IEK,8
1319,130301670_,YZN22-050-K52,Клемма вводная силовая КВС 6-50 кв.мм. PE IEK,10
1320,030300499_,YZN12-050-K03,Клемма вводная силовая КВС 6-50 кв.мм. серая IEK ,10
1321,YZN30-002-K03,YZN30-002-K03,"Клемма винтовая КВИ-2,5мм2 серая IEK E-PRO",50
1322,130301651_,YZN11-001-K05,"Клемма пружинная КПИ 2в-1,5 17,5А желтый IEK",60
1323,130301650_,YZN11-001-K04,"Клемма пружинная КПИ 2в-1,5 17,5А красный IEK",60
1324,130301652_,YZN11-001-K07,"Клемма пружинная КПИ 2в-1,5 17,5А синий IEK",60
1325,130301654_,YZN11-002-K04,"Клемма пружинная КПИ 2в-2,5 31А красный IEK",50
1326,130301656_,YZN11-002-K09,"Клемма пружинная КПИ 2в-2,5 31А оранжевый IEK",50
1327,130301653_,YZN11-002-K03,"Клемма пружинная КПИ 2в-2,5 31А серый IEK",50
1328,130301655_,YZN11-002-K07,"Клемма пружинная КПИ 2в-2,5 31А синий IEK",50
1329,130301657_,YZN11-006-K03,Клемма пружинная КПИ 2в-6 57А серый IEK,24
1330,130301658_,YZN11-006-K07,Клемма пружинная КПИ 2в-6 57А синий IEK,24
1331,130301659_,YZN11-3-002-K07,"Клемма пружинная КПИ 3в-2,5 3 вывода 31А синий IEK",45
1332,130301634_,YCT20-00-K03-001,"Колодка клеммная CP 1,5мм2 серая IEK",100
1333,130301689_,YCT20-00-K03-010,Колодка клеммная CP 10мм2 серая ИЭК,100
1334,130301635_,YCT20-00-K03-002,"Колодка клеммная CP 2,5мм2 серая IEK",100
1335,130301636_,YCT20-00-K03-004,Колодка клеммная CP 4мм2 серая IEK,100
1336,130301704_,YCT25-04-K03-002,"Колодка клеммная CP-DT измерит. нож. разм. 2,5мм2 серая ИЭК",100
1337,130301705_,YCT25-04-K03-004,Колодка клеммная CP-DT измерит. нож. разм. 4мм2 серая ИЭК,50
1338,130301637_,YCT22-00-3-K03-001,"Колодка клеммная CP-MC 3 вывода 1,5мм2 серая IEK",100
1339,130301693_,YCT22-00-3-K03-010,Колодка клеммная CP-MC 3 вывода 10мм2 серая ИЭК,50
1340,130301638_,YCT22-00-3-K03-002,"Колодка клеммная CP-MC 3 вывода 2,5мм2 серая IEK",100
1341,130301691_,YCT22-00-3-K03-004,Колодка клеммная CP-MC 3 вывода 4мм2 серая ИЭК,50
1342,130301690_,YCT22-00-4-K03-001,"Колодка клеммная CP-MC 4 вывода 1,5мм2 серая ИЭК",100
1343,130301639_,YCT22-00-4-K03-002,"Колодка клеммная CP-MC 4 вывода 2,5мм2 серая IEK",100
1344,130301692_,YCT22-00-4-K03-004,Колодка клеммная CP-MC 4 вывода 4мм2 серая ИЭК,50
1345,130301698_,YCT22-03-3-K52-001,"Колодка клеммная CP-MC-PEN земля 3 вывода 1,5мм2 ИЭК",100
1346,130301643_,YCT22-03-3-K52-010,Колодка клеммная CP-MC-PEN земля 3 вывода 10мм2 IEK,50
1347,130301642_,YCT22-03-3-K52-002,"Колодка клеммная CP-MC-PEN земля 3 вывода 2,5мм2 IEK",100
1348,130301701_,YCT22-03-3-K52-004,Колодка клеммная CP-MC-PEN земля 3 вывода 4мм2 ИЭК,50
1349,130301699_,YCT22-03-4-K52-001,"Колодка клеммная CP-MC-PEN земля 4 вывода 1,5мм2 ИЭК",100
1350,130301700_,YCT22-03-4-K52-002,"Колодка клеммная CP-MC-PEN земля 4 вывода 2,5мм2 ИЭК",100
1351,130301702_,YCT22-03-4-K52-004,Колодка клеммная CP-MC-PEN земля 4 вывода 4мм2 ИЭК,50
1352,130301695_,YCT23-00-2-K03-001,"Колодка клеммная CP-ML 2 ур. 1,5мм2 серая ИЭК",50
1353,130301640_,YCT23-00-2-K03-002,"Колодка клеммная CP-ML 2 ур. 2,5мм2 серая IEK",50
1354,130301696_,YCT23-00-2-K03-004,Колодка клеммная CP-ML 2 ур. 4мм2 серая ИЭК,50
1355,130301703_,YCT23-04-2-K03-002,"Колодка клеммная CP-ML 2 ур. нож. разм. 2,5мм2 серая ИЭК",50
1356,130301694_,YCT23-03-2-K03-001,"Колодка клеммная CP-ML-PEN 2 ур. земля-низ 1,5мм2 серая ИЭК",50
1357,130301641_,YCT21-00-K52-002,"Колодка клеммная CP-PEN земля 2,5мм2 желто-зеленая IEK",100
1358,130301697_,YCT21-00-K52-004,Колодка клеммная CP-PEN земля 4мм2 желто-зеленая ИЭК,100
1359,130301608_,YCT10-00-K03-002,"Колодка клеммная CTS   2,5мм2 серая IEK",100
1360,130301609_,YCT10-00-K07-002,"Колодка клеммная CTS   2,5мм2 синяя IEK",100
1361,130301610_,YCT10-00-K03-004,Колодка клеммная CTS   4мм2 серая IEK,100
1362,130301611_,YCT10-00-K07-004,Колодка клеммная CTS   4мм2 синяя IEK,100
1363,130301612_,YCT10-00-K03-006,Колодка клеммная CTS   6мм2 серая IEK,100
1364,130301613_,YCT10-00-K07-006,Колодка клеммная CTS   6мм2 синяя IEK,100
1365,130301614_,YCT10-00-K03-010,Колодка клеммная CTS  10мм2 серая IEK,100
1366,130301615_,YCT10-00-K07-010,Колодка клеммная CTS  10мм2 синяя IEK,100
1367,130301616_,YCT10-00-K03-016,Колодка клеммная CTS  16мм2 серая IEK,50
1368,130301617_,YCT10-00-K07-016,Колодка клеммная CTS  16мм2 синяя IEK,50
1369,130301618_,YCT10-00-K03-025,Колодка клеммная CTS  25мм2 серая IEK,50
1370,130301620_,YCT10-00-K03-035,Колодка клеммная CTS  35мм2 серая IEK,50
1371,130301622_,YCT10-00-K07-035,Колодка клеммная CTS  35мм2 синяя IEK,50
1372,130301623_,YCT10-00-K03-070,Колодка клеммная CTS  70мм2 серая IEK,20
1373,130301625_,YCT10-00-K07-070,Колодка клеммная CTS  70мм2 синяя IEK,20
1374,130301685_,YCT10-00-K07-120,Колодка клеммная CTS 120мм2 синяя IEK,10
1375,130301619_,YCT10-00-K07-025,Колодка клеммная CTS 25мм2 синяя IEK,50
1376,130301621_,YCT10-01-K03-035,Колодка клеммная CTS с шестигранником 35мм2 серая IEK,50
1377,130301624_,YCT10-01-K03-070,Колодка клеммная CTS с шестигранником 70мм2 серая IEK,20
1378,130301633_,YCT14-00-K03-004,Колодка клеммная CTS-F с предохранителем 4мм2 серая IEK,100
1379,130301688_,YCT12-00-4-K03-004,Колодка клеммная CTS-MC 4 вывода 4мм2 серая ИЭК,50
1380,130301686_,YCT12-03-4-K52-004,Колодка клеммная CTS-MC-PEN земля 4 вывода 4мм2 ИЭК,50
1381,130301631_,YCT13-00-2-K03-004,Колодка клеммная CTS-ML 2 ур. 4мм2 серая IEK,100
1382,130301632_,YCT13-00-3-K03-002,"Колодка клеммная CTS-ML 3 ур. 2,5мм2 серая IEK",50
1383,130301628_,YCT11-00-K52-010,Колодка клеммная CTS-PEN земля 10мм2 желто-зеленая IEK,50
1384,130301629_,YCT11-00-K52-016,Колодка клеммная CTS-PEN земля 16мм2 желто-зеленая IEK,50
1385,130301626_,YCT11-00-K52-004,Колодка клеммная CTS-PEN земля 4мм2 желто-зеленая IEK,50
1386,130301627_,YCT11-00-K52-006,Колодка клеммная CTS-PEN земля 6мм2 желто-зеленая IEK,50
1387,130301630_,YCT11-02-K52-035,Колодка клеммная CTS-PEN земля монтаж неск. напр. 35мм2 IEK,20
1388,130301687_,YCT11-02-K52-070,Колодка клеммная CTS-PEN земля монтаж неск. напр. 70мм2 ИЭК,20
1389,130301728_,YCT10-00-K03-035-A-4P,Перемычка в сборе для CTS 35мм2 4PIN ИЭК,20
1390,130301727_,YCT10-00-K03-004-A-10P,Перемычка в сборе для CTS 4мм2 10PIN ИЭК,10
1391,130301726_,YCT10-00-K03-004-A-4P,Перемычка в сборе для CTS 4мм2 4PIN ИЭК,100
1392,130301729_,YCT10-00-K03-070-A-2P,Перемычка в сборе для CTS 70мм2 2PIN ИЭК,10
1393,130301730_,YCT10-00-K03-070-A-3P,Перемычка в сборе для CTS 70мм2 3PIN ИЭК,10
1394,130301734_,YCT20-00-K03-001-EC-3P,"Перемычка гребенчатая для CP 1,5мм2 3PIN ИЭК",50
1395,130301735_,YCT20-00-K03-001-EC-4P,"Перемычка гребенчатая для CP 1,5мм2 4PIN ИЭК",50
1396,130301736_,YCT20-00-K03-002-EC-3P,"Перемычка гребенчатая для CP 2,5мм2 3PIN ИЭК",50
1397,130301738_,YCT20-00-K03-004-EC-10P,Перемычка гребенчатая для CP 4мм2 10PIN ИЭК,10
1398,130301737_,YCT20-00-K03-004-EC-2P,Перемычка гребенчатая для CP 4мм2 2PIN ИЭК,100
1399,130301731_,YCT10-00-K03-016-EC-10P,Перемычка гребенчатая для CTS изолированная 16мм2 10PIN ИЭК,20
1400,130301733_,YCT14-00-K03-004-EC-10P,Перемычка гребенчатая для CTS-F 4мм2 10PIN ИЭК,20
1401,130301732_,YCT14-00-K03-004-EC-3P,Перемычка гребенчатая для CTS-F 4мм2 3PIN ИЭК,50
1402,130301661_,YZN11FBS-002-10P,"Перемычка для КПИ-2,5мм2 10PIN IEK",10
1403,130301662_,YZN11FBS-002-2P,"Перемычка для КПИ-2,5мм2 2PIN IEK",25
1404,130301663_,YZN11FBS-002-3P,"Перемычка для КПИ-2,5мм2 3PIN IEK",25
1405,130301664_,YZN11FBS-006-10P,Перемычка для КПИ-6мм2 10PIN IEK,10
1406,130301648_,YCT10-00-K03-002-SP,"Разделитель для CTS большой 2,5/4мм2 серый IEK",100
1407,130301722_,YCT10-00-K03-006-SP,Разделитель для CTS большой 6/10мм2 серый ИЭК,100
1408,130301647_,YCT10-00-K03-002-PP,"Разделитель для CTS малый 2,5/4мм2 серый IEK",50
1409,130301723_,YCT10-00-K03-035-PP,Разделитель для CTS малый 35мм2 серый ИЭК,50
1410,130301649_,YCT10-00-K03-006-PP,Разделитель для CTS малый 6/10мм2 серый IEK,50
1411,130301724_,YCT13-00-2-K03-004-SP,Разделитель для CTS-ML 2 ур. большой 4мм2 серый ИЭК,100
1412,130200036_,YDN10-0125,DIN-рейка (125cм) IEK (20),20
1413,130200016_,YXD10,Ограничитель на DIN-рейку (металл) IEK (900),150
1414,130200032_,MRD10-16,Розетка на дин-рейку РАр10-3-ОП с заземлением IEK,5
1415,151000698_,DM11X25,Держатель маркировки DM 11x25 IEK  ,100
1416,240300035_,UMK00-0,"Маркер МК0-1,5мм символ ""0"" 1000шт\ролл IEK",1
1417,240300027_,UMK00-1,"Маркер МК0-1,5мм символ ""1"" 1000шт\ролл IEK",1
1418,240300033_,UMK00-2,"Маркер МК0-1,5мм символ ""2"" 1000шт\ролл IEK",1
1419,240300050_,UMK00-3,"Маркер МК0-1,5мм символ ""3"" 1000шт\ролл IEK",1
1420,240300051_,UMK00-4,"Маркер МК0-1,5мм символ ""4"" 1000шт\ролл IEK",1
1421,240300034_,UMK00-5,"Маркер МК0-1,5мм символ ""5"" 1000шт\ролл IEK",1
1422,240300052_,UMK00-6,"Маркер МК0-1,5мм символ ""6"" 1000шт\ролл IEK",1
1423,240300053_,UMK00-7,"Маркер МК0-1,5мм символ ""7"" 1000шт\ролл IEK",1
1424,240300054_,UMK00-8,"Маркер МК0-1,5мм символ ""8"" 1000шт\ролл IEK",1
1425,240300055_,UMK00-9,"Маркер МК0-1,5мм символ ""9"" 1000шт\ролл IEK",1
1426,240300057_,UMK00-A,"Маркер МК0-1,5мм символ ""A"" 1000шт\ролл IEK",1
1427,240300058_,UMK00-B,"Маркер МК0-1,5мм символ ""B"" 1000шт\ролл IEK",1
1428,240300059_,UMK00-C,"Маркер МК0-1,5мм символ ""C"" 1000шт\ролл IEK",1
1429,240300056_,UMK00-N,"Маркер МК0-1,5мм символ ""N"" 1000шт\ролл IEK",1
1430,240300013_,UMK10-0,"Маркер МК1-2,5мм символ ""0"" 1000шт\ролл IEK",1
1431,240300014_,UMK10-1,"Маркер МК1-2,5мм символ ""1"" 1000шт\ролл IEK",1
1432,240300015_,UMK10-2,"Маркер МК1-2,5мм символ ""2"" 1000шт\ролл IEK",1
1433,240300016_,UMK10-3,"Маркер МК1-2,5мм символ ""3"" 1000шт\ролл IEK",1
1434,240300017_,UMK10-4,"Маркер МК1-2,5мм символ ""4"" 1000шт\ролл IEK",1
1435,240300018_,UMK10-5,"Маркер МК1-2,5мм символ ""5"" 1000шт\ролл IEK",1
1436,240300019_,UMK10-6,"Маркер МК1-2,5мм символ ""6"" 1000шт\ролл IEK",1
1437,240300020_,UMK10-7,"Маркер МК1-2,5мм символ ""7"" 1000шт\ролл IEK",1
1438,260100138_,UNP40-006-04-04, Наконечник медно-луженный JG -   6  IEK (600),600
1439,260100153_,UNP40-010-06-06, Наконечник медно-луженный JG -  10  IEK (400),400
1440,260100165_,UNP40-016-06-08, Наконечник медно-луженный JG -  16  IEK (200),200
1441,260100167_,UNP40-025-07-08, Наконечник медно-луженный JG -  25  IEK (200),200
1442,260100158_,UNP40-035-08-08, Наконечник медно-луженный JG -  35  IEK (100),100
1443,260100168_,UNP40-050-10-10, Наконечник медно-луженный JG -  50  IEK (100),100
1444,260100169_,UNP40-070-11-12, Наконечник медно-луженный JG -  70  IEK (50),50
1445,260100140_,UNP40-095-13-12, Наконечник медно-луженный JG -  95  IEK (50),50
1446,260100157_,UNP40-120-15-14, Наконечник медно-луженный JG - 120  IEK (30),30
1447,260100155_,UNP40-150-17-14, Наконечник медно-луженный JG - 150  IEK (25),25
1448,260100172_,UNP40-185-18-16, Наконечник медно-луженный JG - 185  IEK (20),20
1449,260100154_,UNP40-240-20-16, Наконечник медно-луженный JG - 240  IEK (20),20
1450,130300518_,UZA-23-D16,Гильза изолир. фазная ГИФ 16 IEK  (10)(200),10
1451,130300519_,UZA-23-D25,Гильза изолир. фазная ГИФ 25 IEK  (10)(200),10
1452,130300520_,UZA-23-D35,Гильза изолир. фазная ГИФ 35 IEK  (10)(200),10
1453,130300521_,UZA-23-D50,Гильза изолир. фазная ГИФ 50 IEK  (10)(200),10
1454,130300524_,UZA-14-D10-D35,Зажим анкерный ЗАБу 4х10-35 IEK (30),1
1455,130300532_,UZA-14-D16-D50-14400,Зажим анкерный ЗАС 4х16-50/14400 (HEL-5506) IEK (15),1
1456,130300533_,UZA-14-D70-D95-27400,Зажим анкерный ЗАС 4х70-95/27400 (HEL-5507) IEK (8),1
1457,130300534_,UZP-11-S06-S095,Зажим плашечный ЗП 6-95/6-95 (SL37.27) IEK (21),21
1458,130300537_,UZA-15-D25-D120-90-12,Зажим промеж. ЗПС 2х25/120/1200/30 (SO140.02) IEK (40),40
1459,130300538_,UZA-15-D25-D120-30-60-18,Зажим промеж. ЗПС 2х25-4х120/1800/30 (SO130.02) IEK (40),40
1460,130300608_,UZA-11-D01-D10,"ЗОИ 16-70/1,5-10 IEK (35) (140)",35
1461,130301101_,UZA-11-D02-D35-ECLN,"ЗОИ 16-95/2,5-35 IEK (18) (72)",35
1462,130301100_,UZA-11-D25-D95-ECLN,ЗОИ 25-95/25-95 IEK (18),18
1463,130300526_,UZA-11-D35-D150-1,ЗОИ 35-150/35-150 IEK  (36),70
1464,130300527_,UZA-11-D06-D150,ЗОИ 35-150/6-35 IEK (144),144
1465,130301128_,UKA-12-1500-1500-ECLN,Кронштейн для анкерного зажима КАМ-1500 IEK (10),10
1466,130300535_,UKK-12-3-1800,Крюк КМ-1800 IEK (25),5
1467,130300536_,UKK-12-3-2800,Крюк КМ-2800 IEK (25),5
1468,130300883_,UZA-LB-ECO,Лента бандажная ЛМ-50 IEK (5),1
1469,130301598_,ZPS10-11-040-042,Полоса 40х4мм (42м) оцинкованная сталь IEK,1
1470,130300471_,UZA-50-100,Скрепа СГ-20 IEK (100),4
1471,130300449_,UZA-51-100,Скрепа СУ-20 IEK (100),1
1472,130300528_,UKA-32-12-471,Фасадное крепление КФК12-47.1 IEK (50) (150),50
1473,130300529_,UKA-32-15-576-ECLN,Фасадное крепление КФК15-57.6 IEK (50) (150),50
1474,130400156_,YIS40-1000,Изолятор соединительных шпилек 1000 мм для ИШП IEK,5
1475,130400069_,YIS11-4-20-B,Изолятор ступенчатый ИС4-20 (М6) силовой с болтом IEK,2
1476,130400151_,YIS11-4-30,Изолятор ступенчатый ИС4-30 (М8) IEK	,2
1477,130400150_,YIS11-4-30-B,Изолятор ступенчатый ИС4-30 (М8) силовой с болтом IEK,2
1478,130400154_,YIS11-4-40-B,Изолятор ступенчатый ИС4-40 (М8) силовой с болтом IEK,2
1479,130400155_,YIS11-4-50-B,Изолятор ступенчатый ИС4-50 (М10) силовой с болтом IEK,2
1480,130400152_,YIS11-4-30-8-B,Изолятор ступенчатый ИСв4-30 (М8) силовой с болтом IEK,2
1481,130400153_,YIS11-4-40-8-B,Изолятор ступенчатый ИСв4-40 (М10) силовой с болтом IEK,2
1482,240100028_,UHH31-D025-100-100," Хомут 2,5х100 IEK (100)",20
1483,240100091_,UHH32-D025-100-100," Хомут 2,5х100 черные IEK (100)",20
1484,240100002_,UHH31-D025-150-100," Хомут 2,5х150 IEK (100)",20
1485,240100029_,UHH31-D025-200-100," Хомут 2,5х200 IEK (100)",20
1486,240100003_,UHH31-D036-100-100," Хомут 3,6х100 IEK (100)",20
1487,240100004_,UHH31-D036-150-100," Хомут 3,6х150 IEK (100)",20
1488,240100052_,UHH32-D036-150-100," Хомут 3,6х150мм черные (100) IEK",20
1489,240100005_,UHH31-D036-200-100," Хомут 3,6х200 IEK (100)",20
1490,240100053_,UHH32-D036-200-100," Хомут 3,6х200 черные IEK (100)",20
1491,240100006_,UHH31-D036-300-100," Хомут 3,6х300 IEK (100)",20
1492,240100054_,UHH32-D036-300-100," Хомут 3,6х300 черные IEK (100)",20
1493,240100007_,UHH31-D036-350-100," Хомут 3,6х350 IEK (100)",20
1494,240100093_,UHH32-D036-350-100," Хомут 3,6х350 черные IEK (100)",20
1495,240100185_,UHH31-D048-200-100," Хомут 4,8х200 IEK (100)",10
1496,240100208_,UHH32-D048-200-100," Хомут 4,8х200 черные (100) IEK",10
1497,240100026_,UHH31-D048-250-100," Хомут 4,8х250 IEK (100)",10
1498,240100027_,UHH31-D048-300-100," Хомут 4,8х300 IEK (100)",10
1499,240100094_,UHH32-D048-300-100," Хомут 4,8х300 черные IEK (100)",10
1500,240100106_,UHH31-D048-350-100," Хомут 4,8х350 IEK (100)",10
1501,240100011_,UHH31-D048-450-100," Хомут 4,8х450 IEK (100)",10
1502,240100012_,UHH31-D048-500-100," Хомут 4,8х500 IEK (100)",10
1503,240100107_,UHH31-D076-300-100," Хомут 7,6х300 IEK (100)",5
1504,240100013_,UHH31-D076-500-100," Хомут 7,6х500 IEK (100)",5
1505,240100112_,UHH36-5-8-100,Дюбель-хомут  5-8мм нейлон чёрный IEK (100),10
1506,240100111_,UHH35-11-18-100,Дюбель-хомут 11-18мм нейлон бел. IEK (100),5
1507,240100110_,UHH36-11-18-100,Дюбель-хомут 11-18мм нейлон черный IEK (100),5
1508,240100109_,UHH36-19-25-100,Дюбель-хомут 19-25мм нейлон черный IEK (100),5
1509,311101034_,74882,"Стяжки стальные СКС (316) 7,9*400 74882 Fortisflex КВТ NEW",#N/A
1510,240100095_,UHP31-20-100,Площадка (самоклеющаяся) черная 20х20 IEK (100),10
1511,240100096_,UHP31-25-100,Площадка (самоклеющаяся) черная 25х25 IEK (100),5
1512,240100097_,UHP31-30-100,Площадка (самоклеющаяся) черная 30х30 IEK (100),5
1513,240100209_,UHP31-40-100,Площадка (самоклеющаяся) черная 40х40 IEK (100),5
1514,251400143_,MKM11-N-12-54-Z,ЩРН 12  (240х330х120) IP54 TITAN 3 IEK,1
1515,150101140_,MKM11-N-18-54-Z,ЩРН 18  (240х440х120) IP54 TITAN 3 IEK,1
1516,251400144_,MKM11-N-24-54-Z,ЩРН 24  (410х330х120) IP54 TITAN 3 IEK,1
1517,251400145_,MKM11-N-36-54-Z,ЩРН 36 (540х330х120) IP54 TITAN 3 IEK,1
1518,251400146_,MKM11-N-48-54-Z,ЩРН 48 (670х330х120) IP54 TITAN 3 IEK,1
1519,251400147_,MKM11-N-54-54-Z,ЩРН 54 (540х440х120) IP54 TITAN 3 IEK,1
1520,251400148_,MKM11-N-72-54-Z,ЩРН 72 (540х660х120) IP54 TITAN 3 IEK,1
1521,250200010_,MKM14-V-12-30-T,ЩРВ-12 (275x320x120) IEK,1
1522,250200044_,MKM14-V-18-30-T,ЩРВ-18 (275x450x120) IEK,1
1523,250200011_,MKM14-V-24-30-T,ЩРВ-24 (405x320x120) IEK,1
1524,250200012_,MKM14-V-36-30-T,ЩРВ-36 (550x320x120) IEK,1
1525,250200047_,MKM14-V-48-30-T,ЩРВ-48 (630x320x120) IEK,1
1526,250200052_,MKM14-V-54-30-T,ЩРВ-54 (550x450x120) IEK,1
1527,251000053_,MKM14-V-72-30-T,ЩРВ-72 (540x600x120) IEK,1
1528,250200020_,MKM14-N-09-31-Z,ЩРН- 9 (325x280x135) IEK,1
1529,250200014_,MKM14-N-12-31-Z,ЩРН-12 (265x310x120) IEK,1
1530,250200015_,MKM14-N-18-31-Z,ЩРН-18 (265x440x120) IEK,1
1531,250200016_,MKM14-N-24-31-Z,ЩРН-24 (395x210x120) IEK,1
1532,250200017_,MKM14-N-36-31-Z,ЩРН-36 (540x310x120) IEK,1
1533,250200018_,MKM14-N-48-31-Z,ЩРН-48 (620x310x120) IEK,1
1534,250200019_,MKM14-N-54-31-Z,ЩРН-54 (540x440x120) IEK,1
1535,250200077_,MKM14-N-72-31-Z,ЩРН-72з (540x600x120) IEK,1
1536,251400074_,TI5-50-V-012-31-7035,ЩРВ  12 (1х12мод) 380х365х130 IP31 TITAN 5 IEK,1
1537,251400075_,TI5-50-V-024-31-7035,ЩРВ  24 (1х24мод) 505х365х130 IP31 TITAN 5 IEK,1
1538,251400076_,TI5-50-V-036-31-7035,ЩРВ  36 (1х36мод) 630х365х130 IP31 TITAN 5 IEK,1
1539,251400077_,TI5-50-V-048-31-7035,ЩРВ  48 (1х48мод) 755х365х130 IP31 TITAN 5 IEK,1
1540,251400081_,TI5-50-V-2X024-31-7035,ЩРВ  48 (2х24мод) 505х625х130 IP31 TITAN 5 IEK,1
1541,251400078_,TI5-50-V-060-31-7035,ЩРВ  60 (1х60мод) 880х365х130 IP31 TITAN 5 IEK,1
1542,251400079_,TI5-50-V-072-31-7035,ЩРВ  72 (1х72мод) 1005х365х130 IP31 TITAN 5 IEK,1
1543,251400082_,TI5-50-V-2X036-31-7035,ЩРВ  72 (2х36мод) 630х625х130 IP31 TITAN 5 IEK,1
1544,251400080_,TI5-50-V-084-31-7035,ЩРВ  84 (1х84мод) 1130х365х130 IP31 TITAN 5 IEK,1
1545,251400083_,TI5-50-V-2X048-31-7035,ЩРВ  96 (2х48мод) 755х625х130 IP31 TITAN 5 IEK,1
1546,251400087_,TI5-50-V-3X036-31-7035,ЩРВ 108 (3х36мод) 630х885х130 IP31 TITAN 5 IEK,1
1547,251400084_,TI5-50-V-2X060-31-7035,ЩРВ 120 (2х60мод) 880х625х130 IP31 TITAN 5 IEK,1
1548,251400085_,TI5-50-V-2X072-31-7035,ЩРВ 144 (2х72мод) 1005х625х130 IP31 TITAN 5 IEK,1
1549,251400088_,TI5-50-V-3X048-31-7035,ЩРВ 144 (3х48мод) 755х885х130 IP31 TITAN 5 IEK,1
1550,251400086_,TI5-50-V-2X084-31-7035,ЩРВ 168 (2х84мод) 1130х625х130 IP31 TITAN 5 IEK,1
1551,251400089_,TI5-50-V-3X060-31-7035,ЩРВ 180 (3х60мод) 880х885х130 IP31 TITAN 5 IEK,1
1552,251400090_,TI5-50-V-3X072-31-7035,ЩРВ 216 (3х72мод) 1005х885х130 IP31 TITAN 5 IEK,1
1553,251400091_,TI5-50-V-3X084-31-7035,ЩРВ 252 (3х84мод) 1130х885х130 IP31 TITAN 5 IEK,1
1554,251400065_,TI5-50-N-012-54-7035,ЩРН  12 (1х12мод) 335х310х140 IP54 TITAN 5 IEK,1
1555,250600289_,TI5-50-N-024-54-7035,ЩРН  24 (1х24мод) 460х310х140 IP54 TITAN 5 IEK,1
1556,250600275_,TI5-50-N-036-54-7035,ЩРН  36 (1х36мод) 585х310х140 IP54 TITAN 5 IEK,1
1557,251400066_,TI5-50-N-048-54-7035,ЩРН  48 (1х48мод) 710х310х140 IP54 TITAN 5 IEK,1
1558,250600276_,TI5-50-N-2X024-54-7035,ЩРН  48 (2х24мод) 460х570х140 IP54 TITAN 5 IEK,1
1559,251400067_,TI5-50-N-060-54-7035,ЩРН  60 (1х60мод) 835х310х140 IP54 TITAN 5 IEK,1
1560,251400068_,TI5-50-N-072-54-7035,ЩРН  72 (1х72мод) 960х310х140 IP54 TITAN 5 IEK,1
1561,250600277_,TI5-50-N-2X036-54-7035,ЩРН  72 (2х36мод) 585х570х140 IP54 TITAN 5 IEK,1
1562,251400069_,TI5-50-N-084-54-7035,ЩРН  84 (1х84мод) 1085х310х140 IP54 TITAN 5 IEK,1
1563,251400070_,TI5-50-N-2X048-54-7035,ЩРН  96 (2х48мод) 710х570х140 IP54 TITAN 5 IEK,1
1564,250600278_,TI5-50-N-2X060-54-7035,ЩРН 120 (2х60мод) 835х570х140 IP54 TITAN 5 IEK,1
1565,250600279_,TI5-50-N-2X072-54-7035,ЩРН 144 (2х72мод) 960х570х140 IP54 TITAN 5 IEK,1
1566,251400071_,TI5-50-N-2X084-54-7035,ЩРН 168 (2х84мод) 1085х570х140 IP54 TITAN 5 IEK,1
1567,251400072_,TI5-50-N-3X060-54-7035,ЩРН 180 (3х60мод) 835х830х140 IP54 TITAN 5 IEK,1
1568,251400073_,TI5-50-N-3X072-54-7035,ЩРН 216 (3х72мод) 960х830х140 IP54 TITAN 5 IEK,1
1569,250200001_,YKM40-01-31,ЩМП- 1 IP 31 (395х310х220) IEK,1
1570,250200002_,YKM40-01-54,ЩМП- 1 IP 54 (395х310х220) IEK,1
1571,250200003_,YKM40-02-31,ЩМП- 2 IP 31 (500х400х220) IEK,1
1572,250200004_,YKM40-02-54, ЩМП- 2 IP 54 (500х400х220) IEK,1
1573,250200006_,YKM40-03-31,ЩМП- 3 IP 31 (650х500х220) IEK,1
1574,250200007_,YKM40-03-54,ЩМП- 3 IP 54 (650х500х220) IEK,1
1575,250200008_,YKM40-04-31,ЩМП- 4 IP 31 (800х650х250) IEK,1
1576,250200009_,YKM40-04-54,ЩМП- 4 IP 54 (800х650х250) IEK,1
1577,250200041_,YKM40-05-31,ЩМП- 5 IP 31 (1000х650х300) IEK,1
1578,250200042_,YKM40-05-54,ЩМП- 5 IP 54 (1000х650х300) IEK,1
1579,250200050_,YKM40-06-31,ЩМП- 6 IP 31 (1200х750х300) IEK,1
1580,250200051_,YKM40-06-54,ЩМП- 6 IP 54 (1200х750х300) IEK,1
1581,250200037_,YKM40-07-31,ЩМП- 7 IP 31 (1320х750х300) IEK,1
1582,250200054_,YKM40-07-54,ЩМП- 7 IP 54 (1415х665х295) IEK,1
1583,251400126_,TI5-10-N-100-060-020-66,ЩМП 100х60х20 IP66  TITAN 5 IEK,1
1584,251400127_,TI5-10-N-100-060-030-66,ЩМП 100х60х30 IP66  TITAN 5 IEK,1
1585,251400128_,TI5-10-N-100-060-040-66,ЩМП 100х60х40 IP66  TITAN 5 IEK,1
1586,251400129_,TI5-10-N-100-080-030-66,ЩМП 100х80х30 IP66  TITAN 5 IEK,1
1587,251400130_,TI5-10-N-120-060-020-66,ЩМП 120х60х20 IP66  TITAN 5 IEK,1
1588,251400131_,TI5-10-N-120-060-030-66,ЩМП 120х60х30 IP66  TITAN 5 IEK,1
1589,251400133_,TI5-10-N-120-080-030-66,ЩМП 120х80х30 IP66  TITAN 5 IEK,1
1590,251400134_,TI5-10-N-120-080-040-66,ЩМП 120х80х40 IP66  TITAN 5 IEK,1
1591,251400135_,TI5-10-N-140-060-030-66,ЩМП 140х60х30 IP66  TITAN 5 IEK,1
1592,251400136_,TI5-10-N-140-080-030-66,ЩМП 140х80х30 IP66  TITAN 5 IEK,1
1593,251400092_,TI5-10-N-030-030-015-66,ЩМП 30х30х15 IP66  TITAN 5 IEK,1
1594,251400093_,TI5-10-N-030-030-020-66,ЩМП 30х30х20 IP66  TITAN 5 IEK,1
1595,251400094_,TI5-10-N-030-040-015-66,ЩМП 30х40х15 IP66  TITAN 5 IEK,1
1596,251400095_,TI5-10-N-030-040-020-66,ЩМП 30х40х20 IP66  TITAN 5 IEK,1
1597,251400096_,TI5-10-N-040-030-015-66,ЩМП 40х30х15 IP66  TITAN 5 IEK,1
1598,250600290_,TI5-10-N-040-030-020-66,ЩМП 40х30х20 IP66  TITAN 5 IEK,1
1599,251400097_,TI5-10-N-040-040-015-66,ЩМП 40х40х15 IP66  TITAN 5 IEK,1
1600,251400098_,TI5-10-N-040-040-020-66,ЩМП 40х40х20 IP66  TITAN 5 IEK,1
1601,251400099_,TI5-10-N-040-040-025-66,ЩМП 40х40х25 IP66  TITAN 5 IEK,1
1602,251400100_,TI5-10-N-040-060-015-66,ЩМП 40х60х15 IP66  TITAN 5 IEK,1
1603,251400101_,TI5-10-N-040-060-020-66,ЩМП 40х60х20 IP66  TITAN 5 IEK,1
1604,251400102_,TI5-10-N-040-060-025-66,ЩМП 40х60х25 IP66  TITAN 5 IEK,1
1605,251400103_,TI5-10-N-050-030-015-66,ЩМП 50х30х15 IP66  TITAN 5 IEK,1
1606,251400104_,TI5-10-N-050-030-020-66,ЩМП 50х30х20 IP66  TITAN 5 IEK,1
1607,251400105_,TI5-10-N-050-040-015-66,ЩМП 50х40х15 IP66  TITAN 5 IEK,1
1608,251400106_,TI5-10-N-050-040-020-66,ЩМП 50х40х20 IP66  TITAN 5 IEK,1
1609,250600291_,TI5-10-N-050-040-025-66,ЩМП 50х40х25 IP66  TITAN 5 IEK,1
1610,251400107_,TI5-10-N-050-050-020-66,ЩМП 50х50х20 IP66  TITAN 5 IEK,1
1611,251400108_,TI5-10-N-050-050-030-66,ЩМП 50х50х30 IP66  TITAN 5 IEK,1
1612,251400109_,TI5-10-N-050-060-020-66,ЩМП 50х60х20 IP66  TITAN 5 IEK,1
1613,251400110_,TI5-10-N-050-060-030-66,ЩМП 50х60х30 IP66  TITAN 5 IEK,1
1614,251400111_,TI5-10-N-060-040-020-66,ЩМП 60х40х20 IP66  TITAN 5 IEK,1
1615,251400112_,TI5-10-N-060-040-025-66,ЩМП 60х40х25 IP66  TITAN 5 IEK,1
1616,251400114_,TI5-10-N-060-050-015-66,ЩМП 60х50х15 IP66  TITAN 5 IEK,1
1617,250600292_,TI5-10-N-060-050-020-66,ЩМП 60х50х20 IP66  TITAN 5 IEK,1
1618,251400115_,TI5-10-N-060-050-025-66,ЩМП 60х50х25 IP66  TITAN 5 IEK,1
1619,251400116_,TI5-10-N-060-060-025-66,ЩМП 60х60х25 IP66  TITAN 5 IEK,1
1620,251400117_,TI5-10-N-060-060-040-66,ЩМП 60х60х40 IP66  TITAN 5 IEK,1
1621,251400118_,TI5-10-N-070-050-020-66,ЩМП 70х50х20 IP66  TITAN 5 IEK,1
1622,251400119_,TI5-10-N-070-050-025-66,ЩМП 70х50х25 IP66  TITAN 5 IEK,1
1623,251400120_,TI5-10-N-080-060-020-66,ЩМП 80х60х20 IP66  TITAN 5 IEK,1
1624,250600293_,TI5-10-N-080-060-025-66,ЩМП 80х60х25 IP66  TITAN 5 IEK,1
1625,251400121_,TI5-10-N-080-060-030-66,ЩМП 80х60х30 IP66  TITAN 5 IEK,1
1626,251400123_,TI5-10-N-080-080-020-66,ЩМП 80х80х20 IP66  TITAN 5 IEK,1
1627,251400124_,TI5-10-N-080-080-030-66,ЩМП 80х80х30 IP66  TITAN 5 IEK,1
1628,250200032_,MKM51-N-03-54,TITAN Корпус металлический ЩУ-3/1-0 (445х400х150мм) У1 IP66 IEK,1
1629,250200031_,MKM51-N-01-54,ЩУ-1ф/1-0 IP54 1дверь (310x300x150) IEK,1
1630,250200060_,MKM51-N-04-54,ЩУ-1ф/1-1 IP54 2двери (310x300x150) IEK,1
1631,250200061_,MKM51-N-09-54,ЩУ-3ф/1-1 74 IP66 2двери (445x400x150) IEK,1
1632,250200025_,MKM25-N-12-31-ZO,ЩУРн-1-12зо (395x310x165) IEK,1
1633,250200026_,MKM35-N-12-31-ZO,ЩУРн-3-12зо (550x320x175) IEK,1
1634,250200027_,MKM35-N-30-1-31-ZO,ЩУРн-3-30зо (540x490x165) IEK,1
1635,250200028_,MKM35-N-48-31-ZO,ЩУРн-3-48зо (600x540x165) IEK,1
1636,250200078_,MKM42-03-31,ЩЭ 3 (1010x970x155) IP31 IEK,1
1637,250200005_,MKM42-04-31,ЩЭ 4 (1000х960х155) IP31 IEK,1
1638,290100110_,MKM42-06-1270-31,ЩЭ 6 (1275х960х155) P31 IEK,1
1639,010700084_,YKM80-311-54,Распределительное устройство  РУСп – 3х16/3+1х16/5+1х32/5 У1 IP44,1
1640,010700175_,YKM80-320-54,Распределительное устройство  РУСп – 3х16/3+2х16/5 У1 IP44,1
1641,251400142_,KR5-KP13-V-24-41,ЩРВ-П 24 белая дверь IP40 KREPTA 5 IEK,1
1642,251400140_,KR5-KP13-N-12-41,ЩРН-П 12 белая дверь IP40 KREPTA 5 IEK,1
1643,251400141_,KR5-KP13-N-24-41,ЩРН-П 24 белая дверь IP40 KREPTA 5 IEK,1
1644,251400045_,TFM-KP73-N-02-41-K01-K01,КМПн 2 белый IP41 TEKFOR Mini  IEK,12
1645,251400046_,TFM-KP73-N-04-41-K01-K01,КМПн 4 белый IP41 TEKFOR Mini  IEK,12
1646,251400047_,TFM-KP73-N-06-41-K01-K01,КМПн 6 белый IP41 TEKFOR Mini  IEK,8
1647,251400035_,TF5-KP13-V-12-41-K01-K01,ЩРВ-П 12 бел. дверь IP41 TEKFOR IEK,1
1648,251400036_,TF5-KP13-V-24-41-K01-K01,ЩРВ-П 24 бел. дверь IP41 TEKFOR IEK,1
1649,251400037_,TF5-KP13-V-36-41-K01-K01,ЩРВ-П 36 бел. дверь IP41 TEKFOR IEK,1
1650,251400038_,TF5-KP13-V-54-41-K01-K01,ЩРВ-П 54 бел. дверь IP41 TEKFOR IEK,1
1651,251400031_,TF5-KP13-N-08-41-K01-K01,ЩРН-П  8  бел. дверь IP41 TEKFOR IEK,1
1652,251400032_,TF5-KP13-N-12-41-K01-K01,ЩРН-П 12 бел. дверь IP41 TEKFOR IEK,1
1653,251400028_,TF5-KP13-N-24-41-K01-K01,ЩРН-П 24 бел. дверь IP41 TEKFOR IEK,1
1654,251400029_,TF5-KP13-N-36-41-K01-K01,ЩРН-П 36 бел. дверь IP41 TEKFOR IEK,1
1655,251400033_,TF5-KP13-N-54-41-K01-K01,ЩРН-П 54 бел. дверь IP41 TEKFOR IEK,1
1656,251400039_,TF5-KP12-V-08-41-K01-K03,ЩРВ-П  8 черн. прозр. дверь IP41 TEKFOR IEK,1
1657,251400017_,TF5-KP12-V-12-41-K01-K03,ЩРВ-П 12 черн. прозр. дверь IP41 TEKFOR IEK,1
1658,251400019_,TF5-KP12-V-24-41-K01-K03,ЩРВ-П 24 черн. прозр. дверь IP41 TEKFOR IEK,1
1659,251400020_,TF5-KP12-V-36-41-K01-K03,ЩРВ-П 36 черн. прозр. дверь IP41 TEKFOR IEK,1
1660,251400030_,TF5-KP12-V-54-41-K01-K03,ЩРВ-П 54 черн. прозр. дверь IP41 TEKFOR IEK,1
1661,251400040_,TF5-KP12-N-08-41-K01-K03,ЩРН-П  8  черн. прозр. дверь IP41 TEKFOR IEK,1
1662,251400041_,TF5-KP12-N-12-41-K01-K03,ЩРН-П 12 черн. прозр. дверь IP41 TEKFOR IEK,1
1663,251400042_,TF5-KP12-N-24-41-K01-K03,ЩРН-П 24 черн. прозр. дверь IP41 TEKFOR IEK,1
1664,251400043_,TF5-KP12-N-36-41-K01-K03,ЩРН-П 36 черн. прозр. дверь IP41 TEKFOR IEK,1
1665,251400044_,TF5-KP12-N-54-41-K01-K03,ЩРН-П 54 черн. прозр. дверь IP41 TEKFOR IEK,1
1666,251400062_,UIC-KP13-V-08-41-K01,ЩРВ-П  8  бел. дв. IP41 UNION Compact IEK,8
1667,251400063_,UIC-KP13-V-12-41-K01,ЩРВ-П 12  бел. дв. IP41 UNION Compact IEK,8
1668,251400064_,UIC-KP13-V-18-41-K01,ЩРВ-П 18  бел. дв. IP41 UNION Compact IEK,4
1669,251400057_,UIC-KP13-N-04-41-K01,ЩРН-П  4  бел. дв. IP41 UNION Compact IEK,8
1670,251400058_,UIC-KP13-N-06-41-K01,ЩРН-П  6  бел. дв. IP41 UNION Compact IEK,8
1671,251400059_,UIC-KP13-N-08-41-K01,ЩРН-П  8  бел. дв. IP41 UNION Compact IEK,8
1672,251400060_,UIC-KP13-N-12-41-K01,ЩРН-П 12  бел. дв. IP41 UNION Compact IEK,8
1673,251400061_,UIC-KP13-N-18-41-K01,ЩРН-П 18  бел. дв. IP41 UNION Compact IEK,4
1674,251400053_,UIC-KP12-V-06-41-K01,ЩРВ-П  6  черн. пр. дв. IP41 UNION Compact IEK,8
1675,251400054_,UIC-KP12-V-08-41-K01,ЩРВ-П  8  черн. пр. дв. IP41 UNION Compact IEK,8
1676,251400055_,UIC-KP12-V-12-41-K01,ЩРВ-П 12  черн. пр. дв. IP41 UNION Compact IEK,8
1677,251400056_,UIC-KP12-V-18-41-K01,ЩРВ-П 18 черн. пр. дв.   IP41 UNION Compact IEK,4
1678,251400048_,UIC-KP12-N-04-41-K01,ЩРН-П  4  черн. пр. дв. IP41 UNION Compact IEK,8
1679,251400049_,UIC-KP12-N-06-41-K01,ЩРН-П  6  черн. пр. дв. IP41 UNION Compact IEK,8
1680,251400050_,UIC-KP12-N-08-41-K01,ЩРН-П  8  черн. пр. дв. IP41 UNION Compact IEK,8
1681,251400051_,UIC-KP12-N-12-41-K01,ЩРН-П 12  черн. пр. дв. IP41 UNION Compact IEK,8
1682,251400052_,UIC-KP12-N-18-41-K01,ЩРН-П 18  черн. пр. дв. IP41 UNION Compact IEK,4
1683,250600020_,MKP12-V-04-40-20,ЩРВ-П  4 IEK (20) MKP12-V-04-04-41,20
1684,250600005_,MKP12-V-06-40-20,ЩРВ-П  6 IEK (20) MKP12-V-04-06-41,20
1685,250600006_,MKP12-V-08-40-20,ЩРВ-П  8 IEK (20) MKP12-V-04-08-41,20
1686,250600001_,MKP12-V-12-40-10,ЩРВ-П 12 IEK (10) MKP12-V-04-12-41,10
1687,250600002_,MKP12-V-18-40-10,ЩРВ-П 18 IEK (10) MKP12-V-04-18-41,10
1688,250600003_,MKP12-V-24-40-10,ЩРВ-П 24 IEK (10) MKP12-V-04-24-41,10
1689,250600004_,MKP12-V-36-40-05,ЩРВ-П 36 IEK (5) MKP12-V-04-36-41,5
1690,250600021_,MKP12-N-04-40-20,ЩРН-П  4 IEK (20) MKP12-N-04-04-41,20
1691,250600010_,MKP12-N-06-40-20,ЩРН-П  6 IEK (20) MKP12-N-04-06-41,20
1692,250600011_,MKP12-N-08-40-20,ЩРН-П  8 IEK (20) MKP12-N-04-08-41,20
1693,250600007_,MKP12-N-12-40-10,ЩРН-П 12 IEK (10) MKP12-N-04-12-41,10
1694,250600008_,MKP12-N-18-40-10,ЩРН-П 18 IEK (10) MKP12-N-04-18-41,10
1695,250600009_,MKP12-N-24-40-10,ЩРН-П 24 IEK (10) MKP12-N-04-24-41,10
1696,250600012_,MKP12-N-36-40-05,ЩРН-П 36 IEK (5) MKP12-N-04-36-41,5
1697,250600129_,MKP93-N-403022-65, ЩМПп-1 (400х300х220) IP65 IEK ,1
1698,250600130_,MKP93-N-504024-65, ЩМПп-2 (500х400х240)  IP65 IEK,1
1699,250600131_,MKP93-N-604020-65, ЩМПп-3 (600х400х200)  IP65 IEK ,1
1700,250600132_,MKP93-N-806026-65, ЩМПп-4 (800х600х260)  IP65 IEK,1
1701,250600187_,MKP93-N-352515-65,ЩМПп 350х250х150мм УХЛ1 IP65 IEK,1
1702,250600041_,MSP308-3-55,ЩУРн-П 3/8 IP55 (365х225х120) IEK,1
1703,130200020_,YZK10-18-18-34,Замок 18-18\34 IEK,10
1704,130200021_,YZK10-18-20-40,Замок 18-20\40 IEK,10
1705,130200022_,YZK10-20-22-40,Замок 20-22\40 IEK,6
1706,130200023_,YZK11-20-22-45,Замок 20-22\45 IEK,6
1707,130200073_,YZK21-00,Замок-защелка с трехгранным ключом IP54 (22-25/44),6
1708,270300285_,YCE-FF-102-55,Вентилятор с фильтром 102 куб.м./час IP55 IEK (8) NEW,1
1709,270300231_,YCE-FF-021-55,Вентилятор с фильтром 21 куб.м./час IP55 IEK (18) NEW,1
1710,270300284_,YCE-FF-055-55,Вентилятор с фильтром 55 куб.м./час IP55 IEK (12) NEW,1
1711,270300288_,YVR10-105-55,Вентилятор с фильтром ВФИ 105 м3/час IP55 IEK (20) NEW,1
1712,270300289_,YVR10-200-55,Вентилятор с фильтром ВФИ 200 м3/час IP55 IEK (10) NEW,1
1713,270300286_,YVR10-024-55,Вентилятор с фильтром ВФИ 24 м3/час IP55 IEK (30) NEW,1
1714,270300290_,YVR10-380-55,Вентилятор с фильтром ВФИ 380 м3/час IP55 IEK (8) NEW,1
1715,270300291_,YVR10-480-55,Вентилятор с фильтром ВФИ 480 м3/час IP55 IEK (5) NEW,1
1716,270300292_,YVR10-550-55,Вентилятор с фильтром ВФИ 550 м3/час IP55 IEK (5) NEW,1
1717,270300287_,YVR10-065-55,Вентилятор с фильтром ВФИ 65 м3/час IP55 IEK (20) NEW,1
1718,270300293_,YVR10-700-55,Вентилятор с фильтром ВФИ 700 м3/час IP55 IEK (4) NEW,1
1719,270300282_,YCE-EF-055-55,Фильтр c защитным кожухом 125x125мм для вент-ра 55м3/час IEK (24) NEW,1
1720,270300283_,YCE-EF-102-55,Фильтр c защитным кожухом 176x176мм для вен-ра 102м3/час IEK (8) NEW,1
1721,270300281_,YCE-EF-021-55,Фильтр c защитным кожухом 97x97мм для вент-ра 21 м3/час IEK (20) NEW(20) NEW,1
1722,270300296_,YVR10D-EF-200-55,Фильтр c решеткой для вентилятора ВФИ 200 м3/час IEK (28) NEW,1
1723,270300297_,YVR10D-EF-380-55,Фильтр c решеткой для вентилятора ВФИ 380 м3/час IEK (28) NEW,1
1724,270300298_,YVR10D-EF-480-55,Фильтр c решеткой для вентилятора ВФИ 480-700 м3/час IEK (19) NEW,1
1725,270300295_,YVR10D-EF-065-55,Фильтр c решеткой для вентилятора ВФИ 65-105 м3/час IEK (56) NEW,1
1726,270300275_,YCE-RC-10-20,Мини-обогреватель шкафной 10Вт IP54 IEK (100) NEW,1
1727,270300276_,YCE-RC-13-20,Мини-обогреватель шкафной 13Вт IP54 IEK (100) NEW,1
1728,270300272_,YCE-HVL-300-20,Обогреватель (встр. вентилятор) 300 Вт IP20 IEK (20) NEW,1
1729,270300273_,YCE-HVL-400-20,Обогреватель (встр. вентилятор) 400 Вт IP20 IEK (20) NEW,1
1730,270300260_,YCE-HVL-100-20,Обогреватель на DIN-рейку (встр. вентилятор) 100 Вт IP20 IEK (20) NEW(20) NEW,1
1731,270300221_,YCE-HGL-250-20,Обогреватель на DIN-рейку (встр. вентилятор) 250Вт IP20 IEK (10) NEW,1
1732,270300259_,YCE-HGL-400-20,Обогреватель на DIN-рейку (встр. вентилятор) 400Вт IP20 IEK (10) NEW,1
1733,270300224_,YCE-HG-100-20,Обогреватель на DIN-рейку 100Вт IP20 IEK (50) NEW,1
1734,270300244_,YCE-HG-150-20,Обогреватель на DIN-рейку 150Вт IP20 IEK (25) NEW,1
1735,270300261_,YCE-HG-015-20,Обогреватель на DIN-рейку 15Вт IP20 IEK (50) NEW,1
1736,270300262_,YCE-HG-030-20,Обогреватель на DIN-рейку 30Вт IP20 IEK (50) NEW,1
1737,270300263_,YCE-HG-045-20,Обогреватель на DIN-рейку 45Вт IP20 IEK (50) NEW,1
1738,270300212_,YCE-HG-060-20,Обогреватель на DIN-рейку 60Вт IP20 IEK (50) NEW,1
1739,270300264_,YCE-HG-075-20,Обогреватель на DIN-рейку 75Вт IP20 IEK (50) NEW,1
1740,270300267_,YCE-CSL-150-20,Обогреватель на DIN-рейку в корп.(встр.вент.) 150Вт IP20 IEK (38) NEW,1
1741,270300268_,YCE-CSL-250-20,Обогреватель на DIN-рейку в корп.(встр.вент.) 250Вт IP20 IEK (38) NEW,1
1742,270300269_,YCE-CSL-400-20,Обогреватель на DIN-рейку в корп.(встр.вент.) 400Вт IP20 IEK (20) NEW,1
1743,270300265_,YCE-CS-100-20,Обогреватель на DIN-рейку в корпусе 100Вт IP20 IEK (40) NEW,1
1744,270300222_,YCE-CS-150-20,Обогреватель на DIN-рейку в корпусе 150Вт IP20 IEK (40) NEW,1
1745,270300266_,YCE-CS-050-20,Обогреватель на DIN-рейку в корпусе 50Вт IP20 IEK (50) NEW,1
1746,270300277_,YOB30-0800-20,Обогреватель на DIN-рейку ОДР (вент.+терм.) 800Вт IP20 IEK (12) NEW,1
1747,270300278_,YOB30-0900-20,Обогреватель на DIN-рейку ОДР (вент.+терм.) 900Вт IP20 IEK (12) NEW,1
1748,270300302_,YCE-MH-35-95,"Гигростат механический УККг от 35 до 0,95 RH IEK (100) NEW",1
1749,270300301_,YCE-EH-40-90,"Гигростат электронный УККг от 40 до 0,9 RH IEK (100) NEW",1
1750,270300303_,YCE-HT-00-60-50-90,"Гигротерм от 0 до +60°C от 50 до 0,9 RH IEK (60) NEW",1
1751,270300300_,YCE-DTNO-NO-60,Термостат двухканальный от 0 до +60°C NO+NO IEK (100) NEW,1
1752,270300299_,YCE-DTNO-NC-60,Термостат двухканальный УККт от 0 до +60°C NO+NC IEK (100) NEW,1
1753,130600145_,YCE-TNC-00-60,Термостат от 0 до 60 °C NC IEK (200) NEW,10
1754,130600154_,YCE-TNO-00-60,Термостат от 0 до 60 °C NO IEK (200) NEW,10
1755,270300304_,YTT21-00-60-NO-NC,Термостат УККт от -20 до +60°C NO/NC IEK (100) NEW,1
1756,270300305_,YUK10-37-55,Устройство компенсации давления УКД D=37мм IP55 IEK (200) NEW,1
1757,130300982_,IPA10-6-0100-E,"Амперметр Э47  100/5А кл. точн. 1,5 72х72 IEK (1/100)",1
1758,130300962_,IPA10-6-0200-E,"Амперметр Э47  200/5А кл. точн. 1,5 72х72 IEK (1/100)",1
1759,130301000_,IPA20-6-0200-E,"Амперметр Э47  200/5А кл. точн. 1,5 96х96 IEK (1/60)",1
1760,130300985_,IPA10-6-0400-E,"Амперметр Э47  400/5А кл. точн. 1,5 72х72 IEK (1/100)",1
1761,130300986_,IPA10-6-0600-E,"Амперметр Э47  600/5А кл. точн. 1,5 72х72 IEK (1/100)",1
1762,130300963_,IPA10-6-1000-E,"Амперметр Э47 1000/5A кл. точн. 1,5 72х72 IEK (1/100)",1
1763,130301016_,IPV10-6-0500-E,"Вольтметр Э47 500В кл. точн. 1,5 72х72 IEK (1/100)",1
1764,130200430_,A2L5-VD10-10,Детектор напряжения бесконтактный VD10 ARMA2L 5 IEK (300) NEW,1
1765,130200441_,A2L5-DM10D-TL2-110-22,Комплект щупов щупов и крокодилов TL30 IEK ARMA2L 5 IEK (200) NEW,1
1766,130200440_,A2L5-DM10D-MT1,Лента с магнитом для мультиметров  MT10  ARMA2L 5 IEK (200) NEW,1
1767,130200431_,A2L5-DM11-01,Мультиметр  цифровой DM1A ARMA2L IEK (40) NEW,1
1768,130200435_,A2L5-DM15-01,Мультиметр цифровой  цифровой DM1E IEK ARMA2L 5 IEK (40) NEW,1
1769,130200432_,A2L5-DM11-02,Мультиметр цифровой  цифровой DM2A IEK ARMA2L 5 IEK (40) NEW,1
1770,130200433_,A2L5-DM12-03,Мультиметр цифровой  цифровой DM3B IEK ARMA2L 5 IEK (30) NEW,1
1771,130200434_,A2L5-DM13-03,Мультиметр цифровой  цифровой DM3C IEK ARMA2L 5 IEK (30) NEW,1
1772,114001010_,TMD-1S-182,Мультиметр цифровой Compact M182 IEK (100),1
1773,130200185_,TMD-3L-830,Мультиметр цифровой Master MAS830L IEK (40),1
1774,130200184_,TMD-3L-838,Мультиметр цифровой Master MAS838L IEK (40),1
1775,114001002_,TMD-2B-830,Мультиметр цифровой Universal M830B IEK (60),1
1776,130200442_,A2L5-IT11-01,Пирометр инфракрасный IT1A ARMA2L 5 IEK (50) NEW,1
1777,130200443_,A2L5-IT12-02,Пирометр инфракрасный IT2B ARMA2L 5 IEK (40) NEW,1
1778,130200444_,A2L5-ST14-02,Тестер розеток  розеток ST02D ARMA2L 5 IEK (100) NEW,1
1779,130200445_,A2L5-ST14-03,Тестер розеток розеток ST03D ARMA2L 5 IEK (80) NEW,1
1780,130300546_,TKL10-D15-006,"Клещи обжимн КО-01 1,5-6мм IEK (40)",1
1781,130300544_,TKL10-D4,"Клещи обжимн КО-04Е 0,5-6мм(квадрат) IEK (40)",1
1782,130300147_,TKL20-010-035,Клещи обжимн КО-07Е 10-35мм IEK (40),1
1783,130300545_,TKL10-D6,"Клещи обжимн КО-08Е0,5-6мм (шестиграннник) IEK (40)",1
1784,130300032_,TKL20-D05-006,"Клещи обжимн КО-5Е 0,5-6мм IEK (40)",1
1785,130300033_,TKL20-006-016,Клещи обжимн КО-6Е 6-16мм IEK (40),1
1786,130200436_,A2L5-CM11-01,Токоизмерительные клещи CM1A IEK ARMA2L 5 IEK (30) NEW,1
1787,130200437_,A2L5-CM13-01,Токоизмерительные клещи CM1C IEK ARMA2L 5 IEK (30) NEW,1
1788,130200439_,A2L5-CM14-01,Токоизмерительные клещи CM1D IEK ARMA2L 5 IEK (30) NEW,1
1789,130200438_,A2L5-CM13-02,Токоизмерительные клещи CM2C IEK ARMA2L 5 IEK (60) NEW,1
1790,200400034_,TCM-1S-266,Токоизмерительные клещи Expert 266 IEK (20),1
1791,130200183_,TCM-1C-266,Токоизмерительные клещи Expert 266С IEK (20),1
1792,130301257_,TFS10-1-10,"Автоматический стриппер  MASTER АС 0,03-10 IEK",1
1793,130301258_,TFS10-3-06,Автоматический стриппер  PROFI СИ-6м IEK,1
1794,130300293_,TFS-D3,"Автоматический стриппер АС 0,018-2,5 IEK",#N/A
1795,130300291_,TLK10-240,Ножницы (секторные)  для резки кабеля НС-240 (до 240мм) IEK,1
1796,130301099_,TLK10-765,Ножницы (секторные) для резки кабеля  НС-765 (до 400мм) IEK,1
1797,130300292_,TLK10-250,Ножницы (секторные) для резки кабеля НК-250 IEK (240мм),1
1798,130300596_,TLK10-300,Ножницы (секторные) для резки кабеля НС-300 (до 300мм) IEK,1
1799,200400259_,TM1-B11V,Инструмент обжим. RJ-45/12 с храп. мех. верт. обжим ITK,1
1800,200400264_,TM1-B11H,Инструмент обжим. RJ-45/12/11 с храп. мех. ITK,1
1801,130300005_,TPR10,Отвертка пробник ОП-1 IEK (120),1
1802,130300006_,TPR20,Отвертка пробник ОП-2Э IEK (120),1
1803,130200422_,A2L5-PC10-K4-160,Бокорезы 160мм K4 ARMA2L 5 IEK (1),1
1804,130200423_,A2L5-PC10-K4-180,Бокорезы 180мм K4 ARMA2L 5 IEK (1),1
1805,130200419_,A2L5-HC10-K4-180,Бокорезы усиленные 180мм K4 ARMA2L 5 IEK (1),1
1806,130200424_,A2L5-PL10-K4-160,Пассатижи 160мм K4 ARMA2L 5 IEK (1),1
1807,130200425_,A2L5-PL10-K4-180,Пассатижи 180мм K4 ARMA2L 5 IEK (1),1
1808,130200426_,A2L5-PL10-K4-200,Пассатижи 200мм K4 ARMA2L 5 IEK (1),1
1809,130200339_,TPL-2-160,Пассатижи Expert 160мм IEK,#N/A
1810,130200341_,TPL-3-180,Пассатижи Profi 180мм IEK,1
1811,130200420_,A2L5-LN10-K4-160,Тонкогубцы 160мм K4 ARMA2L 5 IEK (1),1
1812,130200421_,A2L5-LN10-K4-200,Тонкогубцы 200мм K4 ARMA2L 5 IEK (1),1
1813,130301096_,TKL10-001,Пресс гидравл. ПГР- 70 IEK,1
1814,130301097_,TKL10-004,Пресс гидравл. ПГР-300 IEK,1
1815,130301098_,TKL10-015,Пресс мех.ручной ПМР-6-50 IEK,1
1816,130200417_,A2L5-BO10-08-K02,Вкладыш для инструмента BO-08 ARMA2L 5 IEK (1),1
1817,130200418_,A2L5-BP11-07-K02,Рюкзак монтажника с резиновым дном BP-07 ARMA2L 5 IEK (1),1
1818,130200416_,A2L5-BG30-05-K02,Сумка монтажника открытого типа BG-05 ARMA2L 5 IEK (1),1
1819,130200414_,A2L5-BG12-02-K02,Сумка монтажника с пластиковым дном BG-02 ARMA2L 5 IEK (1),1
1820,130200415_,A2L5-BG12-03-K02,Сумка монтажника с пластиковым дном BG-03 ARMA2L 5 IEK (1),1
1821,130200413_,A2L5-BG10-04-K02,Сумка монтажника универсальная BG-04 ARMA2L 5 IEK (1),1
1822,151000774_,TIR10-1-008,Рулетка измерительная Universal 8м IEK,1
1823,280200252_,CS3-1C5EU,Разъём RJ-45 UTP для кабеля кат.5Е ITK,20
1824,200400085_,LC1-C5E04-311,"  F/UTP (24 AWG), кат.5Е экран, 4 пары, серый  305м ITK",1
1825,200400250_,LC3-C5E04-339," F/UTP (24 AWG), кат.5Е экран, 4 пары, LDPE внеш.черный 305м ITK ",1
1826,200400330_,LC1-C604-127-T-P-R,"U/UTP кат.6 4х2х0,57 LSZH нг(А)-HF оранжевый (305м)  ITK",1
1827,200400329_,LC1-C604-128-T-P-R,"U/UTP кат.6 4х2х0,57 PVCLS нг(А)-LSLTx белый (305м) ITK",1
1828,200400166_,LC3-C5E04-139," U/UTP, кат.5Е 4х2х0,51 solid, LDPE внеш.черный 305м ITK",1
1829,200400048_,LC1-C5E04-111," U/UTP, кат.5Е 4х2х0,51 solid, серый 305м ITK",1
1830,200400104_,LC1-C604-111,"U/UTP, кат.6  4х2х0,23 solid, 305м ITK",1
1831,030201244_,BR-V23-0-10-K01,"Выкл 2-кл перекр 10А б/рамки ""BRITE"" белый (1/100)",1
1832,030201236_,BR-V23-0-10-K02,"Выкл 2-кл перекр 10А б/рамки ""BRITE"" черный (1/100)",1
1833,030201245_,BR-V23-0-10-K53,"Выкл 2-кл перекр 10А б/рамки ""BRITE"" графит (1/100)",1
1834,030201246_,BR-V23-0-10-K47,"Выкл 2-кл перекр 10А б/рамки ""BRITE"" алюминий (1/100)",1
1835,030201247_,BR-V23-0-10-K36,"Выкл 2-кл перекр 10А б/рамки ""BRITE"" жемчуг (1/100)",1
1836,030201248_,BR-V23-0-10-K10,"Выкл 2-кл перекр 10А б/рамки ""BRITE"" бежевый (1/100)",1
1837,030201250_,BR-V23-0-10-K46,"Выкл 2-кл перекр 10А б/рамки ""BRITE"" сталь (1/100)",1
1838,030201251_,BR-V23-0-10-K45,"Выкл 2-кл перекр 10А б/рамки ""BRITE"" темная бронза (1/100)",1
1839,030201252_,BR-V23-0-10-K37,"Выкл 2-кл перекр 10А б/рамки ""BRITE"" шампань (1/100)",1
1840,280301023_,ZKZ11-14-020-06,Комплект заземления 6/20 б/м оц. сталь HDZ IEK,1
1841,280301024_,ZKZ11-14-020-09,Комплект заземления 9/20 б/м оц. сталь HDZ IEK,1
1842,290100122_,WFP10-16-05-03-ZK-K02,СФ-05К-вык (5 мест/3м.) черный IEK,5
1843,290100146_,WFP10-16-05-03-ZK-K03,СФ-05К-вык (5 мест/3м.) серый IEK,5
1844,290100147_,WFP10-16-05-05-ZK-K02,СФ-05К-вык (5 мест/5м.) черный IEK,5
1845,290100148_,WFP10-16-05-05-ZK-K03,СФ-05К-вык (5 мест/5м.) серый IEK,5
1846,010300251_,KA-DP10-1-032,УЗДП 1P+N 32A KARAT IEK,1
1847,010300252_,KA-DP10-1-063,УЗДП 1P+N 63A KARAT IEK,1
1848,010300250_,KA-DP11-1-010-C,УЗДП c авт. выкл. 1P+N C 10A KARAT IEK,1
1849,010300239_,KA-DP11-1-016-C,УЗДП c авт. выкл. 1P+N C 16A KARAT IEK,1
1850,010300242_,KA-DP11-1-032-C,УЗДП c авт. выкл. 1P+N C 32A KARAT IEK,1
1851,130500136_,MOP20-1-C,ОПС1-C 1Р In=20kA Un=400B Im=40kA IEK,1
1852,130300207_,MOP20-2-C,ОПС1-C 2Р In=20kA Un=400B Im=40kA IEK,1
1853,130500085_,MOP20-2-D,ОПС1-D 2Р In=5kA Un=230B Im=10kA IEK,1
1854,130500102_,MOP20-3-B,ОПС1-B 3Р In=30kA Un=400B Im=60kA IEK,1
1855,130500088_,MOP20-3-C,ОПС1-C 3Р In=20kA Un=400B Im=40kA IEK,1
1856,130500094_,MOP20-4-B,ОПС1-B 4Р In=30kA Un=400B Im=60kA IEK,1
1857,130500080_,MOP20-4-C,ОПС1-C 4Р In=20kA Un=400B Im=40kA IEK,1
1858,010400925_,IVC21-1-25,Реле напряжения и тока РНТ-д однофазное 36мм 25А IEK,1
1859,010400854_,IVC21-1-50,Реле напряжения и тока РНТ-д однофазное 36мм 50А IEK,1
1860,010400926_,IVC31-1-25,Реле напряжения и тока РНТ-д однофазное 54мм 25А IEK,1
1861,010400849_,IVC31-1-32,Реле напряжения и тока РНТ-д однофазное 54мм 32А IEK,1
1862,010400927_,IVC31-1-40,Реле напряжения и тока РНТ-д однофазное 54мм 40А IEK,1
1863,010400928_,IVC31-1-50,Реле напряжения и тока РНТ-д однофазное 54мм 50А IEK,1
1864,010400850_,IVC31-1-63,Реле напряжения и тока РНТ-д однофазное 54мм 63А IEK,1
1865,010400929_,IVR21-1-25,Реле напряжения РН-д однофазное 36мм 25А IEK,1
1866,010400865_,IVR21-1-32,Реле напряжения РН-д однофазное 36мм 32А IEK,1
1867,010400867_,IVR21-1-40,Реле напряжения РН-д однофазное 36мм 40А IEK,1
1868,010400930_,IVR31-1-25,Реле напряжения РН-д однофазное 54мм 25А IEK,1
1869,010400931_,IVR31-1-32,Реле напряжения РН-д однофазное 54мм 32А IEK,1
1870,010400932_,IVR31-1-40,Реле напряжения РН-д однофазное 54мм 40А IEK,1
1871,010400933_,IVR31-1-50,Реле напряжения РН-д однофазное 54мм 50А IEK,1
1872,010400934_,IVR31-1-63,Реле напряжения РН-д однофазное 54мм 63А IEK,1
1873,270400046_,MPR10-1-063,Выключатель-разъединитель трехпозиционный ВРТ-63 1P 63А IEK,12
1874,270400035_,MPR10-2-063,Выключатель-разъединитель трехпозиционный ВРТ-63 2P 63А IEK,6
1875,270400047_,MPR10-3-063,Выключатель-разъединитель трехпозиционный ВРТ-63 3P 63А IEK,4
1876,270400043_,MPR10-4-063,Выключатель-разъединитель трехпозиционный ВРТ-63 4P 63А IEK,3
1877,010400939_,KKV12-7141-1-64,Микр. конц. МП-7141 укор. рычаг с рол. IP40 IEK,1
1878,010400940_,KKV12-P124-1-67,Выкл. конц. C6N-124 толк. с наж. рол. резьб. IP67 IEK,1
1879,010400941_,KKV12-P125-1-67,Выкл. конц. C6N-125 верт. толк. с наж. рол. рез. IP67 IEK,1
1880,010400942_,KKV12-P167-1-67,Выкл. конц. C6N-167 пруж. стрерж. IP67 IEK,1
1881,010400943_,KKV12-7124-1-64,Микр. конц. МП-7124 рычаг с рег. рол. IP40 IEK,1
1882,010400944_,KKV12-7120-2-64,Микр. конц. МП-7120 рычаг IP40 IEK,1
1883,010400945_,KKV12-P104-2-67,Выкл. конц. C6N-104 рычаг с рол. IP67 IEK,1
1884,010400946_,KKV12-P111-1-67,Выкл. конц. C6N-111 толкатель IP67 IEK,1
1885,010400947_,KKV12-7310-2-64,Микр. конц. МП-7310 толк. рез. IP40 IEK,1
1886,010400948_,KKV12-7144-1-64,Микр. конц. МП-7144 укор. рычаг с рег. рол. IP40 IEK,1
1887,010400949_,KKV12-P108-1-67,Выкл. конц. C6N-108 рег. рычаг с рол. IP67 IEK,1
1888,010400950_,KKV12-7121-1-64,Микр. конц. МП-7121 рычаг с рол. IP40 IEK,1
1889,010400951_,KKV12-7140-2-64,Микр. конц. МП-7140 укор. рычаг IP40 IEK,1
1890,010400952_,KKV12-P116-2-67,Выкл. конц. C6N-116 толк. с рыч. рол. прав. IP67 IEK,1
1891,010400953_,KKV12-P122-1-67,Выкл. конц. C6N-122 толк. с наж. рол. IP67 IEK,1
1892,010400954_,KKV12-P123-1-67,Выкл. конц. C6N-123 верт. толк. с наж. рол. IP67 IEK,1
1893,010400955_,KKV12-7311-2-64,Микр. конц. МП-7311 гор. толк. с наж. рол. рез. IP40 IEK,1
1894,010400956_,KKV12-P105-1-67,Выкл. конц. C6N-105 рычаг с мет. рол. IP67 IEK,1
1895,010400957_,KKV12-P115-2-67,Выкл. конц. C6N-115 толк. с рыч. рол. лев. IP67 IEK,1
1896,010400958_,KKV12-7100-2-64,Микр. конц. МП-7100 толкатель IP40 IEK,1
1897,250600309_,TR5-11-N-030-20-13-65,TETRA Корпус пластик. ЩМПп 300х200х130мм прозр. IP66 IEK,1
1898,250600310_,TR5-11-N-035-25-15-65,TETRA Корпус пластик. ЩМПп 350х250х150мм прозр. IP66 IEK,1
1899,250600311_,TR5-11-N-040-30-17-65,TETRA Корпус пластик. ЩМПп 400х300х170мм прозр. IP66 IEK,1
1900,250600312_,TR5-11-N-040-30-22-65,TETRA Корпус пластик. ЩМПп 400х300х220мм прозр. IP66 IEK,1
1901,250600313_,TR5-11-N-050-40-18-65,TETRA Корпус пластик. ЩМПп 500х400х180мм прозр. IP66 IEK,1
1902,250600314_,TR5-12-N-030-20-13-65,TETRA Корпус пластик. ЩМПп 300х200х130мм IP66 IEK,1
1903,250600315_,TR5-12-N-035-25-15-65,TETRA Корпус пластик. ЩМПп 350х250х150мм IP66 IEK,1
1904,250600316_,TR5-12-N-040-30-17-65,TETRA Корпус пластик. ЩМПп 400х300х170мм IP66 IEK,1
1905,250600317_,TR5-12-N-040-30-22-65,TETRA Корпус пластик. ЩМПп 400х300х220мм IP66 IEK,1
1906,250600318_,TR5-12-N-050-40-18-65,TETRA Корпус пластик. ЩМПп 500х400х180мм IP66 IEK,1
1907,130200490_,A2L5-NS30-T2-13,ARMA2L 5 Отвертка диэлектрическая с жалами SLIM 13шт IEK,1
1908,130200491_,A2L5-NS50-T2-14,ARMA2L 5 Отвертка динамометрическая с жалами SLIM 14шт IEK,1
1909,130200492_,A2L5-SC30-T2-ZS-10-080,ARMA2L 5 Отвертка диэлектрическая PZ/SL1х80 Т2 IEK,1
1910,130200493_,A2L5-SC30-T2-ZS-20-100,ARMA2L 5 Отвертка диэлектрическая PZ/SL2х100 Т2 IEK,1
1911,130200494_,A2L5-SC31-T2-HS-20-100,ARMA2L 5 Отвертка диэлектрическая SLIM PH/SL2х100 Т2 IEK,1
1912,030201460_,TS-V16-0-10-55-K53,Выключатель 1-кл. о/у графит IP55 TORS IEK (1/60),1
1913,030201461_,TS-V20-0-10-55-K53,Выключатель 2-кл. о/у графит IP55 TORS IEK (1/60),1
1914,030201462_,TS-R16-16-55-K53,Розетка 1-я о/у з/к c крышкой графит IP55 TORS IEK (1/60),1
1915,030201463_,TS-R26-16-55-G-K53,Розетка 2-я  о/у з/к с крышкой горизонтальная графит IP55 TORS IEK (1/40),1
1916,030201464_,TS-G10-6-55-V-K53,Блок розетка + выключатель горизонтальный о/у графит IP55 TORS IEK (1/40),1
1917,030201465_,TS-R26-16-55-V-K53,Розетка 2-я о/у з/к с крышкой вертикальная графит IP55 TORS IEK (1/40),1
1918,030201466_,TS-V22-0-10-55-K53,Выключатель 2-кл. проходной о/у графит IP55 TORS IEK (1/80),1
1919,030201467_,TS-V10-0-10-55-K53,Переключатель 1-кл. о/у графит IP55 TORS IEK (1/60),1
1920,030201468_,TS-V14-0-10-55-K53,Выключатель кнопочный о/у графит IP55 TORS IEK (1/60),1
1921,030201469_,TS-V16-0-10-55-k01,Выключатель 1-кл. о/у белый IP55 TORS IEK (1/60),1
1922,030201470_,TS-V20-0-10-55-k01,Выключатель 2-кл. о/у белый IP55 TORS IEK (1/60),1
1923,030201471_,TS-R16-16-55-k01,Розетка 1-я о/у з/к c крышкой  белый IP55 TORS IEK (1/60),1
1924,030201472_,TS-R26-16-55-G-k01,Розетка 2-я  о/у з/к с крышкой горизонтальная белый IP55 TORS IEK (1/40),1
1925,030201473_,TS-G10-6-55-V-k01,Блок розетка + выключатель горизонтальный о/у белый IP55 TORS IEK (1/40),1
1926,030201474_,TS-R26-16-55-V-k01,Розетка 2-я о/у з/к с крышкой вертикальная белый IP55 TORS IEK (1/40),1
1927,030201475_,TS-V22-0-10-55-k01,Выключатель 2-кл. проходной о/у белый IP55 TORS IEK (1/80),1
1928,030201476_,TS-V10-0-10-55-k01,Переключатель 1-кл. о/у белый IP55 TORS IEK (1/60),1
1929,030201477_,TS-V14-0-10-55-k01,Выключатель кнопочный о/у белый IP55 TORS IEK (1/60),1
1930,030201478_,TS-V16-0-10-55-k41, Выключатель 1-кл. о/у серо-белый IP55 TORS IEK (1/60),1
1931,030201479_,TS-V20-0-10-55-k41, Выключатель 2-кл. о/у серо-белый IP55 TORS IEK (1/60),1
1932,030201480_,TS-R16-16-55-k41, Розетка 1-я о/у з/к c крышкой  серо-белый IP55 TORS IEK (1/60),1
1933,030201481_,TS-R26-16-55-G-k41, Розетка 2-я  о/у з/к с крышкой горизонтальная серо-белый IP55 TORS IEK (1/40),1
1934,030201482_,TS-G10-6-55-V-k41,Блок розетка + выключатель горизонтальный о/у серо-белый IP55 TORS IEK (1/40),1
1935,030201483_,TS-R26-16-55-V-k41, Розетка 2-я о/у з/к с крышкой вертикальная серо-белый IP55 TORS IEK (1/40),1
1936,030201484_,TS-V22-0-10-55-k41, Выключатель 2-кл. проходной о/у серо-белый IP55 TORS IEK (1/80),1
1937,030201485_,TS-V10-0-10-55-k41, Переключатель 1-кл. о/у серо-белый IP55 TORS IEK (1/60),1
1938,030201486_,TS-V14-0-10-55-k41, Выключатель кнопочный о/у серо-белый IP55 TORS IEK (1/60),1
