Номенклатура,Ед.,Номенклатура.Код,янв. 2024,февр. 2024,март 2024,апр. 2024,май 2024,июнь 2024,июль 2024,авг. 2024,сент. 2024,окт. 2024,нояб. 2024,дек. 2024,янв. 2025,февр. 2025,март 2025,апр. 2025,май 2025,июнь 2025,июль 2025,авг. 2025,сент. 2025,окт. 2025,нояб. 2025,дек. 2025,янв. 2026,февр. 2026,март 2026,апр. 2026,май 2026,июнь 2026,июль 2026,авг. 2026,сент. 2026,Итого
,,,Количество,Количество,Количество,Количество,Количество,Количество,Количество,Количество,Количество,Количество,Количество,Количество,Количество,Количество,Количество,Количество,Количество,Количество,Количество,Количество,Количество,Количество,Количество,Количество,Количество,Количество,Количество,Количество,Количество,Количество,Количество,Количество,Количество,Количество
,,,нач. остаток,нач. остаток,нач. остаток,нач. остаток,нач. остаток,нач. остаток,нач. остаток,нач. остаток,нач. остаток,нач. остаток,нач. остаток,нач. остаток,нач. остаток,нач. остаток,нач. остаток,нач. остаток,нач. остаток,нач. остаток,нач. остаток,нач. остаток,нач. остаток,нач. остаток,нач. остаток,нач. остаток,нач. остаток,нач. остаток,нач. остаток,нач. остаток,нач. остаток,нач. остаток,нач. остаток,нач. остаток,нач. остаток,нач. остаток
"  F/UTP (24 AWG), кат.5Е экран, 4 пары, серый  305м ITK",м,200400085_,19723,11404,11040,14037,13582,12811,16559,10843,17244,13438,22824,25404,28834,22317,18512,11651,1994,276,22072,16090,13479,23376,24936,22584,17689,16159,13159,12689,13584,12429,7449,9254,9084,19723
  Контакты дополнительные универсальные КДУ60 на DIN-рейку IEK !!!,шт,щт23054819,,,,,,16,16,16,16,16,16,16,16,16,16,16,16,16,16,16,16,16,16,16,16,16,16,16,16,16,16,16,16,
  Механизм блокировки для КМИ (40-95А) IEK,шт,120100031_,4,4,4,4,3,17,6,3,,,,,,,,,,,,,,,,,,,,,,,,,3,4
  Миниконтактор МКИ-10610 6А 230В IEK (1/100),шт,200400050_,15,14,1,16,16,26,23,20,20,6,25,6,26,24,24,24,3,18,16,14,9,11,9,3,11,13,10,14,12,5,12,4,5,15
"  Пускатель ПРК32 0,63-1А 380В IEK (1) !!!",шт,120100066_,,,,,,6,6,6,4,2,2,2,2,2,2,2,2,2,2,2,2,2,2,2,2,2,2,2,1,1,1,1,1,
"  Пускатель ПРК32 1,6 In=1,6А Ir=1-1,6А Ue 660В IEK (1/50) !!!",шт,120100067_,,,,,,3,,,,,,,,,,,,,,,,,,,,,,,,,,,,
  Пускатель ПРК32 2.5 In=2.5А Ir=1.6-2.5A Ue 660В IEK  (50) !!!,шт,120100079_,,,,,,1,1,1,,,,,,,,,,,,,,,,,,,,,,,,,,
"  Трансформатор тока ТТИ-А  100/5А  5ВА  класс 0,5  IEK",шт,270300099_,24,40,57,15,24,100,73,37,9,5,63,39,29,23,4,10,18,26,14,10,1,1,32,5,2,,8,5,,4,1,,,24
 3 КВтп  10х70/120-02 IEK!!!,шт,280300354_,4,4,4,4,4,4,4,4,4,4,4,4,4,4,4,4,4,,,,,,,,,,,,,,,,,4
 3 КВтп 10х150-240-02 IEK !!!,шт,280300356_,4,4,4,4,4,4,4,4,4,4,4,4,4,3,3,3,3,3,3,3,3,3,3,3,3,3,3,3,3,3,3,3,3,4
 BA 47-100 (1ф)  16А IEK (12/120) !!!,шт,010700048_,,,,,,1,3,3,2,2,2,2,2,2,2,2,2,,,,,,,,,,,,1,1,1,1,12,
 BA 47-100 (1ф) 100А IEK (4/40) E-PRO,шт,010700118_,,,,8,,,4,,,,,10,,,9,,24,6,6,6,7,7,,,,,,8,9,8,3,3,,
 BA 47-100 (2ф)  80A IEK !!!,шт,щт-0001014,12,12,12,12,12,12,10,10,9,9,9,9,9,9,7,7,7,8,8,8,8,8,8,8,6,6,6,6,3,3,3,1,1,12
" BA 47-100 (2ф) 100А 4,5кА х-ка С IEK !!!",шт,ст-9952399,,,,,,134,134,134,134,134,133,133,133,133,132,132,132,132,132,132,131,131,127,127,124,124,124,124,124,124,124,124,124,
 BA 47-100 (3ф)  10А IEK (4/40) !!!,шт,010700049_,6,5,5,3,3,3,3,3,,,,,,,,,,,,,,,,,,,,,,,,,,6
 BA 47-100 (3ф)  16А IEK (4) !!!,шт,010700047_,,,,,,5,3,1,,,,,,,,,,,,,,,,,,,,,,,,,,
 BA 47-100 (3ф)  25A D IEK (4) !!!,шт,010700016_,,,,,,6,1,1,1,1,1,1,1,1,1,1,1,1,1,1,1,1,1,1,1,1,1,1,1,1,1,1,1,
 BA 47-100 (3ф)  25А IEK (4/40),шт,010700029_,28,27,23,22,44,49,,21,17,4,44,30,51,22,36,12,38,71,58,26,36,63,51,57,43,49,51,48,42,40,28,63,56,28
 BA 47-100 (3ф)  32А IEK (4/40),шт,010700030_,26,45,45,89,84,62,5,,2,4,73,90,35,15,80,39,42,90,57,71,41,59,68,72,25,67,58,58,59,64,38,32,67,26
 BA 47-100 (3ф)  40А IEK (4/40),шт,010700031_,25,40,42,1,64,56,36,,,36,87,67,81,43,42,13,71,30,75,68,10,74,65,74,88,73,76,75,67,37,51,65,59,25
 BA 47-100 (3ф)  50А IEK (4/40),шт,010700032_,21,44,37,,42,24,61,34,54,3,88,74,75,58,65,69,4,98,95,106,89,74,74,63,53,66,60,28,53,57,40,44,44,21
 BA 47-100 (3ф)  63А IEK (4/40),шт,010700001_,48,51,62,115,145,105,107,156,104,2,154,148,230,165,151,104,91,198,190,153,90,195,181,182,188,183,188,190,168,166,49,127,136,48
 BA 47-100 (3ф)  80А IEK (4/40),шт,010700003_,294,377,414,318,457,466,489,325,361,327,563,485,702,432,350,494,638,601,672,680,528,555,585,513,434,409,467,449,359,415,373,502,383,294
 BA 47-100 (3ф) 100А IEK (4/40),шт,010700002_,1023,984,898,1150,1377,1312,1328,1256,975,824,1811,1403,1646,1043,1308,1677,2049,1541,919,1707,1576,1917,1851,1456,1584,1438,1473,1224,1186,1152,989,1087,937,1023
 BA 47-100 (3ф) 80А D IEK !!!,шт,010700021_,,,,,,3,3,,,,,,,,,,,,,,,,,,,,,,,,,,,
 BA 47-100 (4ф) 100А 10кА х-ка С IEK !!!,шт,ст-9950184,,,,,,3,3,2,1,1,1,1,,,,,,,,,,,,,,,,,,,,,,
 BA 47-150 (1ф) 125А 15кА х-ка C IEK !!!,шт,яярп4772,,,,,,1,1,1,1,1,1,1,1,1,,,,,,,,,,,,,,,,,,,,
 BA 47-150 (3ф) 100А IEK (4/40) ,шт,010700103_,9,3,8,9,12,13,10,8,6,,10,10,11,5,12,10,16,13,9,10,7,11,3,6,15,11,15,13,11,13,10,10,14,9
 BA 47-150 (3ф) 125А IEK (4/40),шт,010700102_,62,74,74,92,64,27,118,77,65,82,103,91,95,31,116,28,125,71,39,143,137,84,159,166,136,112,128,90,131,100,80,110,74,62
 BA 47-60M (1ф)  6А 6кА В IEK !!!,шт,MVA31-1-006-B,,,,,,3,3,3,,,,,,,,,,3,3,3,3,3,3,3,3,3,3,3,3,3,,,,
 BA 47-60M (1ф)  6А 6кА С IEK !!!,шт,MVA31-1-006-C,,,,,,180,180,180,180,178,178,178,178,178,178,178,178,215,215,215,215,215,215,215,215,215,215,215,215,214,214,214,214,
 BA 47-60M (1ф) 16А 6кА B IEK E-PRO,шт,010500188_,,,,,,4,4,4,4,4,,,,,,,,5,5,5,5,5,5,5,5,5,,2,,,,,,
 BA 47-60M (1ф) 16А 6кА С IEK !!!,шт,ярп6058,,,,,,1,1,1,1,,,,,,,,,12,12,12,7,7,3,3,3,3,2,2,3,3,3,3,3,
 BA 47-60M (1ф) 25А 6кА С IEK !!!,шт,ярп6059,,,,,,8,8,8,8,8,8,8,8,8,8,8,8,8,8,8,8,8,8,8,8,8,8,8,8,8,8,8,8,
 BA 47-60M (1ф) 40А 6кА С IEK !!!,шт,яярп4814,,,,,,39,39,39,9,8,8,8,8,8,8,8,8,13,13,13,13,13,13,13,13,13,12,12,12,12,12,12,12,
 BA 47-60M (2ф) 10А 6кА С IEK !!!,шт,яярп4532,,,,,,5,5,5,5,,,,,,,,,,,,,,,,,,,,,,,,,
 BA 47-60M (2ф) 16А 6кА С IEK !!!,шт,яярп4533,,,,,,11,11,11,11,10,10,6,6,6,6,6,6,,,,,,,,,,,,,,,,,
 BA 47-60M (2ф) 25А 6кА С IEK !!!,шт,ярп6181,,,,,,5,5,5,5,4,4,4,4,4,4,4,4,4,4,4,4,4,4,4,4,4,4,4,4,4,4,2,2,
 BA 47-60M (2ф) 50А 6кА С IEK !!!,шт,MVA31-2-050-C,,,,,,2,2,2,2,2,2,2,2,2,2,2,2,2,2,2,2,2,2,2,2,2,2,2,2,2,2,2,2,
 BA 47-60M (3ф) 16А 6кА C IEK !!!,шт,щщщ0116826,,,,,,5,2,2,2,,,,,,,,,,,,,,,,,,,,,,,,,
 BA 47-60M (3ф) 20А 6кА С IEK !!!,шт,яярп4829,,,,,,9,6,5,3,,,,,,,,,,,,,,,,,,,,,,,,,
 BA 47-60M (3ф) 25А 6кА B IEK !!!,шт,MVA31-3-025-B,,,,,,5,5,5,4,3,3,3,3,3,3,3,3,,,,,,,,,,,,,,,,,
 BA 47-60M (3ф) 32А 6кА B IEK !!!,шт,яярп4773,,,,,,6,6,6,6,,,,,,,,,,,,,,,,,,,,,,,,,
 BA 47-60M (3ф) 32А 6кА С IEK !!!,шт,ярп4673,,,,,,4,4,4,4,,,,,,,,,,,,,,,,,,,,,,,,,
 BA 47-60M (3ф) 40А 6кА С IEK !!!,шт,яярп4792,,,,,,3,3,2,2,,,,,,,,,,,,,,,,,,,,,,,,,
 BA 47-60M (3ф) 50А 6кА С IEK !!!,шт,ярп6188,,,,,,6,12,12,11,9,9,9,9,9,3,3,3,3,3,3,3,3,2,2,2,2,2,2,2,2,2,2,2,
 BA 47-60M (3ф) 63А 6кА B IEK !!!,шт,MVA31-3-063-B,,,,,,5,5,5,5,2,2,,,,,,,,,,,,,,,,,,,,,,,
 I1  выкл. 1кл. 10А КВАРТА ВС 10-1-0-КБ (200),шт,200400001_,665,1002,1050,759,1080,867,43,,,213,565,476,255,587,374,3,494,408,502,502,129,408,364,375,246,234,276,250,202,156,164,,169,665
 I2  выкл. 2кл. 10А КВАРТА ВС 10-2-0-КБ (200) ,шт,200400003_,610,528,662,334,523,442,53,4,4,1,139,327,206,137,103,290,246,209,198,180,151,131,122,133,123,123,92,92,64,64,64,55,51,610
 I3  выкл. 1кл. с инд. 10А КВАРТА ВС 10-1-1-КБ (200) ,шт,200400002_,63,43,71,35,115,112,111,5,,92,112,67,64,54,4,4,104,101,90,88,88,88,73,73,72,72,12,12,12,12,14,14,14,63
 I4  выкл. 2кл. с инд.10А КВАРТА ВС 10-2-1-КБ (200),шт,200400004_,14,8,12,2,30,21,21,20,8,15,,10,10,,8,,10,6,3,7,17,17,16,16,14,14,14,14,14,14,14,14,12,14
 I5 роз. с/у  10А КВАРТА РС 10-2-КБ (200),шт,280300145_,149,169,220,210,150,181,277,257,253,253,287,135,185,100,160,30,130,130,125,113,107,54,91,94,75,73,63,63,63,9,29,43,43,149
 I6 А роз. с/у з/к с/ш 16А КВАРТА РСш 10-3-КБ (200) ,шт,200400007_,780,775,764,697,667,593,224,224,4,204,53,154,104,72,53,53,244,166,145,110,10,110,110,139,139,139,139,139,139,139,125,25,25,780
 I6 роз. с/у з/к 16А КВАРТА РС 10-3-КБ (200),шт,200400101_,881,947,1095,835,870,1069,563,517,,1132,969,744,179,334,224,100,762,725,713,633,505,455,413,536,500,476,454,450,432,432,431,350,314,881
 I7  роз. 2-я с/у  10А КВАРТА РС 12-2-КБ (180),шт,280300229_,303,335,385,333,186,386,39,106,133,143,203,141,298,148,249,149,299,291,257,216,192,151,146,118,114,106,76,72,72,69,69,49,31,303
 I8  роз. 2-я с/у з/к  16А)КВАРТА РС 12-3-КБ (160),шт,280300146_,190,610,489,616,638,342,193,171,17,402,475,366,541,502,490,273,358,331,241,233,227,383,330,360,338,338,185,185,151,131,9,136,136,190
 I9 роз. с/у з/к 16А IP44 КВАРТА РСб 10-3-КБ (160),шт,200400249_,43,34,29,29,16,26,66,62,35,51,54,54,44,12,36,16,32,32,17,41,41,41,41,39,39,39,25,23,23,23,23,23,23,43
" LED A60 ""ECO"" 11w 230v 3000K E27 IEK(1)",шт,081100277_,71,78,46,61,81,81,81,61,61,61,53,53,53,50,50,44,34,14,18,28,28,27,27,25,20,20,30,30,30,10,20,29,29,71
" LED A60 ""ECO"" 11w 230v 4000K E27 IEK(1)",шт,081100278_,149,139,115,115,114,104,102,102,64,49,69,69,89,79,79,79,77,67,57,57,56,54,54,56,29,27,17,27,23,23,23,23,3,149
 LED ДВО Опал 36w/2800lm 595x595x10 6500K IP20 IEK (драйвера приобретаются отдельно),шт,150100494_,51,51,51,51,51,51,51,51,51,51,51,51,51,51,51,51,51,51,51,51,,51,43,23,23,23,23,17,17,17,17,17,17,51
 LED Прожектор  30w 6500K IP65 (СДО07-30)  IEK (1),шт,081100308_,,,,,,,,,,,,,,,,,,,,,10,10,10,10,10,10,10,10,10,,,,,
 LED Прожектор  50w 6500K IP65 (СДО07-50)) IEK (1)*,шт,081100309_,,,,,,,,,,,,,,,,,,,,,,,,,,,,,,,,,,
 LED Прожектор 100W 6500K IP65  (СДО07-100) IEK (1),шт,081100598_,,,,,,,,,,,,,,,,,,,,,,,,,,,,,,,,,,
 ВКИ-211 3Р 6А 230\400В IP40 IEK (10/120),шт,130900014_,54,45,45,41,36,24,32,25,,22,35,5,38,23,29,34,39,28,36,36,23,1,1,1,29,28,27,26,24,22,22,18,12,54
 ВКИ-216 3Р 10А 230\400В IP40 IEK (10/120),шт,130900013_,41,37,21,28,41,45,42,42,18,4,56,19,60,33,62,52,67,88,83,81,71,38,35,35,42,42,40,38,22,21,20,29,3,41
 Выключатель 1-кл. о/у белый IP55 TORS IEK (1/60),шт,030201469_,,,,,,,,,,,,,,,,,,,,,,,,,,,,,,,70,32,10,
 Выключатель 1-кл. о/у графит IP55 TORS IEK (1/60),шт,030201460_,,,,,,,,,,,,,,,,,,,,,,,,,,,,,,118,107,86,42,
 Выключатель 1-кл. о/у серо-белый IP55 TORS IEK (1/60),шт,030201478_,,,,,,,,,,,,,,,,,,,,,,,,,,,,,,112,111,96,69,
 Выключатель 2-кл. о/у белый IP55 TORS IEK (1/60),шт,030201470_,,,,,,,,,,,,,,,,,,,,,,,,,,,,,,,56,51,42,
 Выключатель 2-кл. о/у графит IP55 TORS IEK (1/60),шт,030201461_,,,,,,,,,,,,,,,,,,,,,,,,,,,,,,56,46,37,28,
 Выключатель 2-кл. о/у серо-белый IP55 TORS IEK (1/60),шт,030201479_,,,,,,,,,,,,,,,,,,,,,,,,,,,,,,59,55,44,27,
 Выключатель 2-кл. проходной о/у графит IP55 TORS IEK (1/80),шт,030201466_,,,,,,,,,,,,,,,,,,,,,,,,,,,,,,,80,75,58,
 Выключатель 2-кл. проходной о/у серо-белый IP55 TORS IEK (1/80),шт,030201484_,,,,,,,,,,,,,,,,,,,,,,,,,,,,,,,80,80,78,
 Выключатель кнопочный о/у белый IP55 TORS IEK (1/60),шт,030201477_,,,,,,,,,,,,,,,,,,,,,,,,,,,,,,,59,59,56,
 Выключатель кнопочный о/у графит IP55 TORS IEK (1/60),шт,030201468_,,,,,,,,,,,,,,,,,,,,,,,,,,,,,,59,54,53,52,
 Выключатель кнопочный о/у серо-белый IP55 TORS IEK (1/60),шт,030201486_,,,,,,,,,,,,,,,,,,,,,,,,,,,,,,60,59,56,54,
" ЗВИ   3 ПВХ (1,0-2,5мм ² 3А) 12 пар IEK (10)",шт,130300107_,,,,,,,,,,,,,,,,,,,,,,,5,5,5,5,,,36,35,35,35,35,
" ЗВИ   5 ПВХ (1,5-4мм ² 5А) 12 пар IEK (10)",шт,130300037_,,,,,,,,,,,,,,,,,,,,,,,,,,,,,,,,,,
" ЗВИ  10 ПВХ (2,5-6мм ² 10А) 12 пар (2 шт/блистер) IEK (50)",упак,130300605_,,,,,,,,,,,,,,,,,,,,,,,12,12,12,12,12,12,,,,,,
 ЗВИ  15 ПВХ (4-10мм ² 15А) 12 пар IEK (10),шт,130300108_,,,70,64,62,2,,,,,38,26,6,,,,,51,33,33,33,28,50,48,39,39,39,39,72,32,25,25,25,
 ЗВИ  60 ПВХ (6-16мм ² 60А) 12 пар IEK (10),шт,130300038_,,,,,2,2,,,,,,,,,,,,,,,,,,,,,,,,,,,,
 ЗВИ 150 ПВХ (16-35мм ² 150А) 12 пар IEK (10),шт,130300105_,5,5,4,4,16,16,15,10,4,4,4,4,4,4,4,4,4,12,12,12,12,12,,,,,,,,,,,,5
 ЗНИ  2.5мм ² (24А) серый  IEK (50),шт,130300223_,29,25,,,,,,,,,,,,,,,,30,10,2,,,,,,,,,21,21,18,13,13,29
 ЗНИ  4мм ² (35А) серый IEK(60),шт,130300041_,,174,,,10,,,,,,,,,,,,,18,18,18,18,17,42,12,2,2,,,121,21,18,13,13,
 ЗНИ 10PEN 10мм2 (JXB-земля) IEK E-PRO,шт,130300227_,,,,15,,,,,,,,,,,,,,,,,,,,,,,,,,,,,,
 ЗНИ 10мм ² (70А) серый  IEK (40),шт,130300039_,,,,,1,1,1,1,1,1,1,1,1,1,1,1,1,38,35,35,35,35,35,35,35,3,3,,33,33,26,,,
 ЗНИ 10мм ² (70А) синий  IEK (40),шт,130300233_,,,,,,,,,,,,,,,,,,6,6,6,6,5,6,6,6,6,6,6,6,6,6,6,6,
 ЗНИ 16мм ² (100А) синий  IEK (30),шт,130300169_,1,1,1,1,1,1,1,1,1,1,1,1,1,1,1,1,1,2,2,2,2,1,2,2,2,2,2,2,2,2,2,2,2,1
 ЗНИ 35мм ² (125) серый  IEK (30),шт,130300040_,,,,,30,30,13,13,9,9,9,9,9,9,9,9,5,2,2,2,2,1,2,2,2,2,2,2,2,2,2,2,2,
 Кнопка управления модульная КМУ-11 IEK (12/144),шт,130200085_,27,26,26,23,23,23,3,27,26,23,29,29,11,21,19,19,37,32,21,24,21,6,17,15,14,12,12,12,10,8,15,12,,27
 Контактор КМ20-20МР АС KARAT IEK !!!,шт,MKK12-20-20,,,,,,11,5,4,3,3,,,,,,,,,,,,,,,,,,,,,,,,
 Контактор КМ40-20 АС/DC IEK (60) !!!,шт,120100203_,,,,,,3,3,,,,,,,,,,,,,,,,,,,,,,,,,,,
 Контактор КМИ-10910  9А  110В (1вел) IEK (1/50),шт,яяяярп5518,,,,,,1,1,1,1,1,1,1,1,1,1,1,1,10,10,10,4,4,4,4,4,4,4,4,4,4,4,4,4,
 Контактор КМИ-10910  9А  230В (1вел) IEK (1/50),шт,120100001_,298,245,196,304,391,331,363,124,210,286,421,334,394,276,293,249,595,463,368,301,217,445,488,447,369,352,478,441,232,399,290,405,375,298
 Контактор КМИ-10910  9А  400В (1вел) IEK (1/50),шт,120100032_,28,13,18,38,28,44,13,,38,57,55,43,57,45,47,28,62,38,17,68,56,34,49,45,38,43,18,33,34,34,12,41,30,28
 Контактор КМИ-11210 12А 230В (1вел) IEK (1/50),шт,120100002_,18,198,281,249,305,313,223,208,179,226,387,263,290,225,321,325,445,376,258,160,305,266,329,256,150,254,339,272,226,223,193,281,233,18
 Контактор КМИ-11210 12А 400В (1вел) IEK (1/50),шт,120100033_,34,26,23,43,43,16,21,11,11,44,45,28,48,37,28,3,31,50,36,26,,50,40,33,28,,58,51,55,59,58,55,48,34
 Контактор КМИ-11810 18А 230В (1вел) IEK (1/50),шт,120100004_,176,317,288,313,404,327,399,156,213,437,456,424,483,261,474,508,1039,913,600,419,494,436,471,452,282,302,406,371,271,367,280,333,266,176
 Контактор КМИ-11810 18А 400В (1вел) IEK (1/50),шт,120100034_,64,59,39,61,89,74,54,,50,50,131,122,85,73,75,26,119,98,90,110,82,83,69,84,76,53,70,70,37,46,17,45,40,64
 Контактор КМИ-22510 25А 230В (2вел) IEK (1/50),шт,120100006_,388,389,99,514,613,608,548,339,159,534,714,417,756,552,550,532,939,662,545,729,671,632,536,660,628,643,620,504,444,485,427,580,526,388
 Контактор КМИ-22510 25А 400В (2вел) IEK (1/50),шт,120100035_,63,97,45,77,120,142,115,26,14,103,154,119,77,61,124,65,84,159,106,176,129,147,103,131,123,86,61,113,137,123,101,170,143,63
 Контактор КМИ-23210 32А 230В (2вел) IEK (1/50),шт,120100030_,137,180,237,323,413,337,260,170,123,226,361,332,499,337,298,273,445,450,397,383,335,442,325,347,448,296,266,378,309,249,298,407,376,137
 Контактор КМИ-23210 32А 400В (2вел) IEK (1/50),шт,120100036_,35,82,61,58,94,55,55,9,3,48,108,83,38,35,89,37,39,110,42,113,85,122,114,124,114,113,98,145,109,102,72,116,103,35
 Контактор КМИ-34012 40А 230В (3вел) IEK (1/20),шт,120100011_,103,242,207,196,235,292,201,141,50,155,295,258,351,240,178,159,295,245,184,177,185,233,170,197,201,174,177,158,136,77,132,199,114,103
 Контактор КМИ-34012 40А 400В (3вел) IEK (1/20),шт,120100037_,65,45,29,62,91,101,93,75,60,54,88,68,42,30,40,22,90,95,71,70,56,68,71,88,82,55,42,38,39,42,28,33,33,65
 Контактор КМИ-35012 50А 230В (3вел) IEK (1/20),шт,120100013_,45,70,50,27,78,65,94,64,10,103,121,52,117,93,72,86,144,108,110,122,66,155,122,104,125,91,100,90,78,96,69,108,96,45
 Контактор КМИ-35012 50А 400В (3вел) IEK (1/20),шт,120100038_,24,22,5,23,22,22,20,7,18,16,24,21,20,10,14,14,14,10,6,14,8,17,8,19,21,18,7,17,16,13,7,14,17,24
 Контактор КМИ-46512 65А 230В (4вел) IEK (1/20),шт,120100118_,60,121,72,85,134,124,134,79,25,52,160,131,91,70,183,137,235,178,116,84,,177,127,146,137,116,119,145,82,107,27,226,184,60
 Контактор КМИ-46512 65А 400В (4вел) IEK (1/20),шт,120100119_,41,12,20,28,43,30,40,23,19,37,42,32,30,42,15,15,57,80,43,54,24,69,75,83,71,71,59,57,58,38,36,61,61,41
 Контактор КМИ-48012 80А 230В (4вел) IEK (1/16),шт,120100041_,34,46,28,38,34,35,55,50,46,66,43,14,79,41,82,59,62,50,28,53,33,82,50,70,35,71,77,75,81,71,56,73,50,34
 Контактор КМИ-48012 80А 400В (4вел) IEK (1/16),шт,120100042_,10,6,3,5,8,15,8,11,1,11,16,26,12,12,16,14,13,37,37,36,29,29,18,20,12,19,22,56,45,36,28,54,30,10
 Контактор КМИ-49512 95А 230В (4вел) IEK (1/16),шт,120100016_,47,79,20,117,129,108,82,62,,98,147,116,136,116,118,91,158,87,94,59,64,130,51,132,98,146,182,166,155,100,90,129,92,47
 Контактор КМИ-49512 95А 400В (4вел) IEK (1/16),шт,120100081_,26,29,12,28,12,28,39,28,3,46,54,50,41,32,20,6,33,28,15,30,12,33,43,48,56,71,46,50,55,32,15,61,53,26
 Контактор КМИп-10910 09А 24В/АС3 1НО IEK !!!,шт,ст-9951480,,,,,,,,,,,,,,,,,,1,1,1,1,1,1,1,1,1,1,1,1,1,,,,
" Лоток перфорированный (100х100х3000) (0,7 мм) IEK (6)",м,280300128_,513,429,24,525,390,579,378,882,708,111,150,249,96,3,,,240,,543,492,150,213,225,375,210,126,198,216,258,258,234,234,234,513
" Лоток перфорированный (100х200х3000) (0,8 мм) IEK (6)",м,280300034_,1502,722,1187,1274,44,1286,1418,1265,1121,1149,714,765,552,471,351,237,216,159,387,240,108,318,150,288,303,240,360,42,129,189,171,174,258,1502
 Лоток перфорированный (100х300х3000) (1 мм) IEK (6),м,280300035_,222,192,48,468,126,273,438,306,303,279,555,417,567,567,552,552,210,195,276,267,261,261,246,195,192,90,207,156,156,90,90,90,78,222
" Лоток перфорированный (100х400х3000) (1,2 мм) IEK (6)",м,280300036_,210,165,165,150,60,36,99,111,60,15,15,324,321,174,114,72,12,6,153,153,144,135,123,123,123,117,117,102,45,45,45,45,45,210
" Лоток перфорированный (50 х50х3000) (0,7 мм) IEK (6)",м,280300086_,5064,5355,3822,4095,1026,8661,6744,5517,4395,3165,2766,4173,3299,2870,2502,2454,2100,1335,1953,1875,1260,1161,1236,1185,750,630,768,585,1290,948,942,882,726,5064
" Лоток перфорированный (50х100х3000) (0,7 мм) IEK (6)",м,280300012_,6402,7017,3224,6092,9989,4034,10097,7448,5417,3867,3681,1029,90,,105,,,,5190,4683,3513,2835,2674,2098,1819,1291,1045,883,907,1042,1060,946,1270,6402
" Лоток перфорированный (50х150х3000) (0,7 мм) IEK (6)",м,280300103_,756,528,452,638,395,257,515,29,167,215,839,482,1097,875,714,651,816,720,528,621,369,480,126,690,162,15,672,198,336,537,498,279,177,756
" Лоток перфорированный (50х200х3000) (0,7 мм) IEK (6)",м,280300013_,1112,3284,3374,2534,3821,4639,1678,1099,511,1587,2736,2220,1368,1227,912,753,1416,834,1887,1419,684,1503,1476,1302,831,105,795,1620,1425,1329,1074,960,627,1112
" Лоток перфорированный (50х300х3000) (0,8 мм) IEK (6)",м,280300030_,444,675,1569,1641,1404,2406,2304,1917,1782,1290,1230,1053,537,696,633,678,30,3,843,636,96,570,351,618,528,474,474,582,558,543,513,498,324,444
 Лоток перфорированный (50х400х3000) (1 мм) IEK (6),м,280300031_,639,642,414,879,1191,1035,996,927,927,882,354,345,465,186,192,156,240,63,282,276,204,300,249,228,78,78,156,156,144,123,123,120,120,639
" Лоток перфорированный (50х500х3000) (1,2 мм) IEK (6)",м,280300028_,120,240,381,219,93,363,411,411,195,132,189,186,81,69,126,6,6,6,126,123,123,123,123,123,123,123,63,63,63,63,36,36,30,120
 Лоток проволочный (50х80х3000) IEK (6),м,280300083_,138,282,108,192,87,237,360,222,105,111,60,147,255,246,174,69,72,,,39,,156,114,120,111,111,75,63,117,3,3,93,90,138
 Лоток проволочный (60х100х3000) IEK (6),м,280300084_,924,651,600,198,,546,15,168,27,570,684,15,15,,,756,3,,,,30,216,165,315,465,471,345,78,204,12,,,207,924
 Лоток проволочный (60х200х3000) IEK (6),м,280300085_,657,444,141,762,93,834,687,438,201,228,306,486,180,549,291,219,399,516,129,516,117,600,483,276,408,666,426,672,411,303,78,,567,657
 Лоток проволочный (60х300х3000) IEK (6),м,280300088_,180,243,12,453,456,180,57,219,303,87,,207,297,3,3,234,258,75,159,165,48,237,198,51,189,186,135,135,195,171,171,66,126,180
 Наконечник медно-луженный JG -   6  IEK (600),шт,260100138_,4127,3721,3158,2691,1589,2185,3753,3121,535,941,3136,3458,3944,3221,2932,2396,4643,2628,2523,3914,3308,3057,1481,81,,,3938,2949,3063,2641,939,1172,1471,4127
 Наконечник медно-луженный JG -  10  IEK (400),шт,260100153_,49,28,8025,7249,7224,6437,7475,4476,4009,3099,7274,5072,2055,2,,4960,6136,3698,6612,6573,3573,4945,4058,4398,679,5633,6190,4681,4612,4360,4839,5259,2366,49
 Наконечник медно-луженный JG -  16  IEK (200),шт,260100165_,195,6210,7544,9542,8015,7394,6445,7626,3724,2200,16931,9742,17586,15702,8586,6458,16384,12240,15261,15214,12934,12013,9316,8030,4974,3288,9829,9093,10292,9180,4607,3755,3646,195
 Наконечник медно-луженный JG -  25  IEK (200),шт,260100167_,7988,8435,6702,7231,7513,7062,8482,4871,4939,6979,8231,7139,12488,8322,4914,3243,7429,4869,8484,8961,7353,7919,6806,5186,2249,6723,9349,7054,8370,8770,5626,6148,2370,7988
 Наконечник медно-луженный JG -  35  IEK (100),шт,260100158_,4318,4233,2379,3748,4139,4978,4748,3410,2061,3,8474,4680,9662,7810,5241,3692,10137,4585,8466,8266,6910,4133,82,9001,5634,8961,7976,7293,8042,8512,6818,8416,5690,4318
 Наконечник медно-луженный JG -  50  IEK (100),шт,260100168_,3303,2190,3668,4343,5810,5467,5766,3586,1854,1898,6084,4862,7326,5839,5211,4114,5468,2799,6076,4985,3234,5132,3887,2259,135,2222,5276,6874,6364,6879,6395,6322,3651,3303
 Наконечник медно-луженный JG -  70  IEK (50),шт,260100169_,2,2,3019,4399,5337,4830,3889,1842,2596,33,3891,3721,5333,3586,5117,4033,4186,2813,4943,3971,2477,1626,3143,2701,670,8,4711,4000,4293,4148,4361,4012,3771,2
 Наконечник медно-луженный JG -  95  IEK (50),шт,260100140_,2555,1658,3139,2816,2718,2191,2903,1990,1904,1795,2175,2375,3022,2512,1758,1134,1554,977,2639,2678,1607,530,1547,713,2,,3342,2781,2393,2419,2533,2109,1664,2555
 Наконечник медно-луженный JG - 120  IEK (30),шт,260100157_,1292,644,953,1203,1213,1166,1038,728,232,258,1304,1156,1794,1344,1032,255,1932,1653,1622,1458,577,420,1455,2025,1330,1642,1870,2017,2282,2019,1725,1859,1390,1292
 Наконечник медно-луженный JG - 150  IEK (25),шт,260100155_,567,623,800,1314,1478,1107,762,113,47,5,1685,1249,2317,2013,1878,1726,1527,898,1259,1392,900,612,541,289,100,100,1440,1246,892,1047,1013,1174,497,567
 Наконечник медно-луженный JG - 240  IEK (20),шт,260100154_,564,493,466,408,542,408,606,291,79,,1240,415,15,15,15,638,1160,1031,727,713,439,411,639,575,93,,1121,996,870,953,714,1012,452,564
 Переключатель 1-кл. о/у белый IP55 TORS IEK (1/60),шт,030201476_,,,,,,,,,,,,,,,,,,,,,,,,,,,,,,,119,99,91,
 Переключатель 1-кл. о/у графит IP55 TORS IEK (1/60),шт,030201467_,,,,,,,,,,,,,,,,,,,,,,,,,,,,,,57,51,40,27,
 Переключатель 1-кл. о/у серо-белый IP55 TORS IEK (1/60),шт,030201485_,,,,,,,,,,,,,,,,,,,,,,,,,,,,,,120,111,110,110,
 Переключатель ANC-22-2 (зеленый неон на 2 полож)  IEK (10/200),шт,130900012_,48,36,62,111,72,69,50,20,74,69,114,127,174,118,116,108,31,41,172,123,94,119,125,84,123,128,153,139,119,86,114,130,60,48
 Переключатель ANCLR 22-3 (зеленый неон на 3 полож.) IEK (10/200),шт,130900006_,26,30,30,39,33,32,31,31,30,,50,50,20,19,,26,5,4,40,55,24,51,41,19,33,46,62,59,27,27,35,50,39,26
 Переключатель ANCLR 22-3 (красный неон на 3 полож.) IEK (10/200),шт,130900007_,15,15,15,15,10,10,14,24,24,21,21,21,16,16,6,5,5,15,10,10,15,15,14,14,14,14,14,11,11,11,11,4,4,15
" Переключатель LAY5-BD33 3 положения ""I-0-II"" стандарт ручка ИЕК (1/20)",шт,010500122_,60,109,116,124,56,170,134,109,63,31,179,184,162,229,263,171,97,135,76,234,263,144,232,242,231,233,241,251,197,94,297,298,328,60
 Переключатель LAY5-BL51 без подсв.желтая 1зIEK !!!,шт,ст-9953237,,,,,,16,16,16,16,16,16,16,16,16,16,16,16,16,16,16,16,16,16,16,16,16,16,16,16,16,16,15,15,
 Переключатель LAY5-BS142 «Грибок» с ключом красный d22мм 230В 1р IEK !!!,шт,ст-9952368,,,,,,200,200,200,200,200,200,200,200,200,200,200,200,200,200,200,200,200,200,200,200,200,200,200,200,200,200,199,199,
" Переключатель LAY5-BW8465 ""I-O"" сдвоенная с подсветкой IEK !!!",шт,ярп5852,,,,,10,10,10,,,,,,,,,,,,10,,,,,,,,,,,,,,,
" Переключатель кулачковый ПКП25-33 /О 25А""1-0-2""3Р/400В  IEK",шт,270300134_,37,28,13,25,21,20,8,13,13,13,19,18,18,18,16,13,12,3,6,6,6,6,3,,,,,,,,,,,37
 Переходник Е27-Е14  ПР27-14-К02 IEK (50) !!!,шт,130300769=,,,,,,,,,,,,,,,,,,,,,,,,,,,,,,,,,,
" Пускатель ПРК32  2,5-4А 660В IEK (1) !!!",шт,120100068_,,,,,,5,,,,,,,,,,,,,,,,,,,,,,,,,,,,
 Пускатель ПРК32-10 In=10A Ir=6-10A Ue 660В IEK (1/50),шт,120100070_,27,29,26,24,30,27,25,18,14,17,12,,29,3,26,20,24,9,,,,30,30,28,26,20,1,20,20,10,7,23,22,27
 Пускатель ПРК32-18 In=18A Ir=13-18A Ue 660В IEK (1/50),шт,120100072_,18,14,16,26,21,13,10,4,,5,12,6,15,13,14,14,10,19,7,3,3,13,16,13,11,17,15,12,3,3,17,21,5,18
 Пускатель ПРК32-25 In=25A Ir=20-25A Ue 660В IEK (1/50),шт,120100073_,29,25,25,25,25,28,19,10,6,6,20,17,22,13,14,17,15,12,14,16,14,15,15,12,10,10,6,,7,15,15,18,16,29
" Пускатель ПРК32-6,3 In=6,3A Ir=4-6,3A Ue 660В IEK (1/50)",шт,120100069_,30,42,36,45,37,34,28,15,13,12,20,17,24,16,12,1,25,11,28,20,1,24,19,14,8,4,26,24,24,19,19,23,23,30
" Рамка 1-мест. ""BRITE""  алюм./алюм.  IEK  (1/100)",шт,030201064_,,,,,,,,,,,687,684,684,684,684,684,684,683,663,662,651,642,642,2,2,12,12,12,11,11,11,11,11,
" Рамка 1-мест. ""BRITE""  беж. рифленый  IEK  (1/100)",шт,030201067_,,,,,,,,,,115,494,491,491,491,491,491,491,490,452,447,447,447,446,14,,49,49,49,49,49,34,33,33,
" Рамка 1-мест. ""BRITE""  беж./жемч.  IEK  (1/100)",шт,030201055_,,,,,,,,,,,692,689,688,688,688,688,687,685,657,657,657,657,657,17,17,17,17,17,17,17,17,17,17,
" Рамка 1-мест. ""BRITE""  беж./шамп.  IEK  (1/100)",шт,030201063_,,,,,,,,,,15,694,691,691,691,691,687,687,686,686,686,686,686,686,22,22,36,36,36,34,34,41,42,42,
" Рамка 1-мест. ""BRITE""  бел. рифленый  IEK  (1/100)",шт,030201066_,,,,,,,,,,215,494,491,491,490,490,490,488,487,457,445,445,445,445,15,20,19,19,19,19,13,18,15,15,
" Рамка 1-мест. ""BRITE""  бел./бел.  IEK  (1/100)",шт,030201052_,,,,,,,,,,130,942,939,939,939,939,939,930,929,929,929,918,917,916,26,26,26,26,26,26,26,26,26,26,
" Рамка 1-мест. ""BRITE""  металл алюм. RE  IEK  (1/100)",шт,030201095_,,,,,,,,,,5,84,80,79,79,79,79,79,77,71,71,71,71,71,11,11,11,10,10,10,10,10,10,1,
" Рамка 1-мест. ""BRITE""  металл алюм. RE AL  IEK  (1/100)",шт,030201100_,,,,,,,,,,15,92,89,89,89,89,89,89,88,73,68,68,68,68,18,18,,15,15,15,15,15,18,18,
" Рамка 1-мест. ""BRITE""  металл коричн. RE AL  IEK  (1/100)",шт,030201098_,,,,,,,,,,15,94,91,91,91,91,91,91,90,90,85,85,85,70,20,20,20,20,20,19,19,18,18,18,
" Рамка 1-мест. ""BRITE""  металл латунь RE  IEK  (1/100)",шт,030201034_,,,,,,,,,,,94,91,91,91,65,65,65,64,64,64,64,64,64,24,23,22,22,22,21,21,21,20,19,
" Рамка 1-мест. ""BRITE""  металл титан RE  IEK  (1/100)",шт,030201096_,,,,,,,,,,15,61,58,58,56,56,56,56,55,55,55,55,55,55,15,15,15,14,14,14,13,13,13,13,
" Рамка 1-мест. ""BRITE""  металл черн. RE  IEK  (1/100)",шт,030201094_,,,,,,,,,,5,94,91,91,91,91,91,91,90,91,91,91,91,91,11,,10,8,10,19,19,19,19,19,
" Рамка 1-мест. ""BRITE""  металл черн. RE AL  IEK  (1/100)",шт,030201097_,,,,,,,,,,,23,23,23,23,23,23,23,22,20,20,20,20,20,10,10,5,5,5,5,5,5,5,5,
" Рамка 1-мест. ""BRITE""  металл шамп. RE AL  IEK  (1/100)",шт,030201099_,,,,,,,,,,25,94,71,71,11,59,59,89,71,68,125,120,154,153,153,150,150,149,149,132,132,133,133,133,
" Рамка 1-мест. ""BRITE""  стекло бел. RE  IEK  (1/100)",шт,030201090_,,,,,,,,,,,82,79,79,79,78,77,20,50,67,126,116,116,111,64,28,58,64,64,63,61,47,46,11,
" Рамка 1-мест. ""BRITE""  стекло бел. матовый  IEK  (1/100)",шт,030201087_,,,,,,,,,,4,92,89,89,89,84,83,72,68,60,60,60,60,50,10,15,15,22,22,22,12,17,15,15,
" Рамка 1-мест. ""BRITE""  стекло графит RE  IEK  (1/100)",шт,030201092_,,,,,,,,,,50,94,91,91,91,91,91,91,90,89,89,89,89,89,7,12,9,9,9,9,8,13,13,13,
" Рамка 1-мест. ""BRITE""  стекло маренго матовый  IEK  (1/100)",шт,030201089_,,,,,,,,,,1,93,90,90,90,90,89,90,87,87,87,87,87,86,6,6,6,6,6,6,6,6,4,4,
" Рамка 1-мест. ""BRITE""  стекло песчаный RE  IEK  (1/100)",шт,030201093_,,,,,,,,,,25,39,36,36,36,8,8,86,116,135,161,158,143,143,93,93,93,81,81,49,29,20,30,29,
" Рамка 1-мест. ""BRITE""  стекло черн. RE  IEK  (1/100)",шт,030201091_,,,,,,,,,,,45,42,42,42,42,40,40,37,41,65,25,75,72,71,66,54,38,56,56,48,48,48,46,
" Рамка 1-мест. ""BRITE""  стекло черн. матовый  IEK  (1/100)",шт,030201088_,,,,,,,,,,1,42,39,39,39,34,33,34,33,25,25,9,19,19,19,19,14,14,14,14,14,14,14,8,
" Рамка 1-мест. ""BRITE""  хром/никель  IEK  (1/100)",шт,030201072_,,,,,,,,,,36,494,489,489,489,489,489,489,488,488,488,488,488,488,18,10,10,10,10,10,10,10,10,10,
" Рамка 1-мест. ""BRITE""  хром/черн.  IEK  (1/100)",шт,030201065_,,,,,,,,,,5,489,486,486,486,486,476,476,449,449,421,412,412,412,12,22,32,32,32,31,25,15,25,25,
" Рамка 1-мест. ""BRITE"" металл алюминий (1/100)",шт,030200848_,75,72,72,61,38,38,38,38,62,67,61,52,52,12,12,11,21,20,20,20,20,20,20,20,20,20,20,20,18,19,5,5,9,75
" Рамка 1-мест. ""BRITE"" металл черный (1/100) ",шт,030200847_,81,79,76,70,41,67,63,52,61,63,101,101,101,35,35,34,31,30,14,14,14,14,14,14,13,19,19,19,16,8,13,13,13,81
" Рамка 1-мест. ""BRITE"" стекло белый (1/100)",шт,030200855_,6,31,17,60,63,145,85,69,80,75,174,174,174,145,144,134,126,125,125,110,97,97,88,88,88,38,38,38,38,38,25,25,17,6
" Рамка 1-мест. ""BRITE"" стекло ванильный (1/100)",шт,030200864_,134,130,129,119,104,104,96,94,98,96,75,69,43,11,31,15,9,31,34,27,,48,46,50,26,62,50,50,25,54,46,40,55,134
" Рамка 1-мест. ""BRITE"" стекло дымчатый (1/100)",шт,030200865_,159,159,136,81,42,,61,4,80,72,92,75,125,124,124,115,107,76,66,51,51,32,29,23,23,23,23,20,20,21,7,17,17,159
" Рамка 1-мест. ""BRITE"" стекло серый (1/100)",шт,030200863_,150,104,39,68,74,84,77,50,78,10,132,130,119,37,59,103,99,98,96,76,76,76,74,74,50,50,50,50,50,51,16,14,14,150
" Рамка 1-мест. ""BRITE"" стекло темная бронза (1/100)",шт,030200866_,189,189,188,182,168,168,168,163,191,194,194,194,194,14,9,8,13,12,5,9,9,9,7,,8,8,15,13,13,2,17,2,22,189
" Рамка 1-мест. ""BRITE"" стекло черный (1/100)",шт,030200856_,43,21,34,5,69,29,79,68,96,107,107,104,31,,14,3,47,46,45,36,31,6,14,21,26,26,26,26,26,26,19,19,19,43
" Рамка 2-мест. ""BRITE""  алюм./алюм.  IEK  (1/100)",шт,030201069_,,,,,,,,,,25,500,497,497,497,497,495,495,495,475,474,474,474,474,4,4,4,4,4,4,4,4,4,4,
" Рамка 2-мест. ""BRITE""  беж. рифленый  IEK  (1/100)",шт,030201075_,,,,,,,,,,115,300,297,297,297,297,297,293,293,281,274,274,274,270,10,6,20,20,20,20,19,14,13,13,
" Рамка 2-мест. ""BRITE""  беж./жемч.  IEK  (1/100)",шт,030201056_,,,,,,,,,,79,500,497,497,497,497,495,495,495,462,462,462,462,462,2,2,2,2,2,2,2,2,2,2,
" Рамка 2-мест. ""BRITE""  беж./шамп.  IEK  (1/100)",шт,030201068_,,,,,,,,,,15,500,497,497,497,497,497,497,497,492,492,492,492,492,7,7,10,12,12,17,17,20,20,20,
" Рамка 2-мест. ""BRITE""  бел. рифленый  IEK  (1/100)",шт,030201074_,,,,,,,,,,115,300,297,297,297,297,297,295,295,295,289,289,289,289,9,9,9,9,9,8,2,4,4,4,
" Рамка 2-мест. ""BRITE""  бел./бел.  IEK  (1/100)",шт,030201053_,,,,,,,,,,,700,697,697,697,697,697,682,682,682,682,679,679,679,9,9,9,9,9,9,9,9,9,9,
" Рамка 2-мест. ""BRITE""  металл алюм. RE  IEK  (1/100)",шт,030201110_,,,,,,,,,,5,70,66,66,66,66,66,66,66,66,66,66,66,66,16,16,12,7,7,7,7,7,7,5,
" Рамка 2-мест. ""BRITE""  металл алюм. RE AL  IEK  (1/100)",шт,030201115_,,,,,,,,,,15,70,67,67,67,67,67,67,67,65,65,65,65,65,15,15,,8,8,8,8,8,14,14,
" Рамка 2-мест. ""BRITE""  металл коричн. RE AL  IEK  (1/100)",шт,030201113_,,,,,,,,,,15,70,67,67,67,67,67,67,67,67,65,65,65,65,15,15,15,15,15,15,15,15,11,11,
" Рамка 2-мест. ""BRITE""  металл латунь RE  IEK  (1/100)",шт,030201035_,,,,,,,,,,,70,67,67,67,62,62,62,62,62,62,62,62,62,12,12,12,12,12,12,12,12,12,12,
" Рамка 2-мест. ""BRITE""  металл титан RE  IEK  (1/100)",шт,030201111_,,,,,,,,,,25,70,67,67,67,67,67,67,67,67,67,67,67,67,17,17,17,17,16,16,16,16,16,16,
" Рамка 2-мест. ""BRITE""  металл черн. RE  IEK  (1/100)",шт,030201109_,,,,,,,,,,5,70,67,67,67,65,65,64,64,64,64,64,64,64,,10,10,10,10,20,20,18,18,15,
" Рамка 2-мест. ""BRITE""  металл черн. RE AL  IEK  (1/100)",шт,030201112_,,,,,,,,,,25,70,67,66,66,65,65,65,65,63,63,63,63,63,13,13,11,11,11,11,11,11,11,11,
" Рамка 2-мест. ""BRITE""  металл шамп. RE AL  IEK  (1/100)",шт,030201114_,,,,,,,,,,15,70,64,64,45,45,45,45,33,46,47,44,33,33,33,33,33,33,33,31,31,31,31,30,
" Рамка 2-мест. ""BRITE""  стекло бел. RE  IEK  (1/100)",шт,030201105_,,,,,,,,,,,70,60,56,56,56,56,7,3,39,116,99,97,94,89,79,76,76,76,67,67,67,63,49,
" Рамка 2-мест. ""BRITE""  стекло бел. матовый  IEK  (1/100)",шт,030201102_,,,,,,,,,,,70,68,68,68,68,68,45,36,36,36,36,36,26,16,16,16,18,18,18,17,17,17,17,
" Рамка 2-мест. ""BRITE""  стекло графит RE  IEK  (1/100)",шт,030201107_,,,,,,,,,,20,70,67,67,67,67,67,67,67,67,67,67,67,67,7,7,7,7,7,7,7,6,6,6,
" Рамка 2-мест. ""BRITE""  стекло маренго матовый  IEK  (1/100)",шт,030201104_,,,,,,,,,,14,71,68,68,68,68,66,66,66,66,66,66,66,66,16,16,16,16,16,16,16,16,15,15,
" Рамка 2-мест. ""BRITE""  стекло песчаный RE  IEK  (1/100)",шт,030201108_,,,,,,,,,,20,70,67,67,67,52,52,43,35,40,40,40,32,32,22,22,22,9,14,18,21,9,16,16,
" Рамка 2-мест. ""BRITE""  стекло черн. RE  IEK  (1/100)",шт,030201106_,,,,,,,,,,,70,66,63,62,62,60,57,57,49,42,19,14,33,56,56,47,34,34,34,27,27,27,26,
" Рамка 2-мест. ""BRITE""  стекло черн. матовый  IEK  (1/100)",шт,030201103_,,,,,,,,,,,70,67,62,62,62,62,62,62,58,58,33,33,33,13,13,11,11,11,11,11,11,11,10,
" Рамка 2-мест. ""BRITE""  хром/никель  IEK  (1/100)",шт,030201078_,,,,,,,,,,100,300,297,297,297,297,297,297,297,297,297,297,297,297,17,10,10,10,10,10,10,10,10,10,
" Рамка 2-мест. ""BRITE""  хром/черн.  IEK  (1/100)",шт,030201073_,,,,,,,,,,24,300,297,297,297,297,287,285,285,285,285,282,281,281,11,11,21,21,21,21,20,12,17,16,
" Рамка 2-мест. ""BRITE"" металл алюминий (1/100)",шт,030200850_,112,110,110,108,106,106,106,106,106,123,123,120,120,10,10,10,15,15,15,15,15,15,15,15,15,15,15,15,15,15,11,10,12,112
" Рамка 2-мест. ""BRITE"" металл черный (1/100)",шт,030200849_,78,78,74,71,61,61,57,57,41,51,49,49,49,49,47,47,41,41,17,17,12,12,12,12,12,12,12,12,6,3,3,3,3,78
" Рамка 2-мест. ""BRITE"" стекло белый (1/100)",шт,030200857_,76,47,25,32,48,58,36,20,40,91,89,89,89,75,75,72,72,72,72,69,65,65,41,39,39,39,39,39,39,38,20,20,10,76
" Рамка 2-мест. ""BRITE"" стекло ванильный (1/100)",шт,030200894_,142,142,142,141,141,141,134,124,94,94,77,68,62,24,23,23,6,22,20,26,,30,26,21,10,27,31,28,7,32,31,33,33,142
" Рамка 2-мест. ""BRITE"" стекло дымчатый (1/100)",шт,030200895_,153,153,138,125,119,92,87,71,55,44,40,30,50,49,47,41,41,41,27,24,24,16,16,15,19,19,17,19,19,19,9,21,21,153
" Рамка 2-мест. ""BRITE"" стекло серый (1/100)",шт,030200893_,127,95,59,50,40,60,60,35,15,59,61,65,44,41,41,38,43,43,42,42,37,37,37,37,19,19,19,19,17,17,15,12,12,127
" Рамка 2-мест. ""BRITE"" стекло темная бронза (1/100)",шт,030200896_,156,156,156,156,156,156,156,156,156,166,166,166,166,6,5,5,9,9,4,14,14,14,12,12,9,9,11,11,11,,10,3,13,156
" Рамка 2-мест. ""BRITE"" стекло черный (1/100)",шт,030200858_,73,54,54,43,29,21,41,41,39,56,56,55,46,40,40,40,42,42,41,41,41,41,27,25,25,25,25,21,21,13,13,13,13,73
" Рамка 3-мест. ""BRITE""  алюм./алюм.  IEK  (1/100)",шт,030201070_,,,,,,,,,,15,500,497,497,497,497,497,497,497,477,477,477,471,471,1,1,11,11,11,11,11,29,29,29,
" Рамка 3-мест. ""BRITE""  беж. рифленый  IEK  (1/100)",шт,030201083_,,,,,,,,,,10,150,147,147,147,147,147,147,147,140,139,139,139,139,8,7,8,8,8,8,8,8,7,7,
" Рамка 3-мест. ""BRITE""  беж./жемч.  IEK  (1/100)",шт,030201057_,,,,,,,,,,,300,297,297,297,297,297,297,297,286,286,286,286,286,6,6,6,6,6,6,6,6,6,6,
" Рамка 3-мест. ""BRITE""  беж./шамп.  IEK  (1/100)",шт,030201076_,,,,,,,,,,10,300,297,297,297,297,297,297,297,297,297,297,297,297,6,6,11,8,8,8,8,10,10,10,
" Рамка 3-мест. ""BRITE""  бел. рифленый  IEK  (1/100)",шт,030201082_,,,,,,,,,,10,148,145,145,145,145,145,145,145,145,143,143,143,143,13,13,13,13,13,12,8,7,7,7,
" Рамка 3-мест. ""BRITE""  бел./бел.  IEK  (1/100)",шт,030201054_,,,,,,,,,,38,500,497,497,497,497,497,494,494,494,494,494,494,494,14,14,14,13,13,13,13,13,13,13,
" Рамка 3-мест. ""BRITE""  металл алюм. RE  IEK  (1/50)",шт,030201124_,,,,,,,,,,5,50,47,47,47,47,47,47,47,47,47,47,47,47,17,17,17,15,15,15,15,15,15,10,
" Рамка 3-мест. ""BRITE""  металл алюм. RE AL  IEK  (1/50)",шт,030201129_,,,,,,,,,,10,50,47,47,47,47,47,47,47,46,45,45,44,44,14,14,10,10,10,10,10,10,9,9,
" Рамка 3-мест. ""BRITE""  металл коричн. RE AL  IEK  (1/50)",шт,030201127_,,,,,,,,,,10,48,45,45,45,45,45,45,45,45,44,44,44,44,14,14,14,14,14,14,14,14,14,14,
" Рамка 3-мест. ""BRITE""  металл латунь RE  IEK  (1/50)",шт,030201036_,,,,,,,,,,,50,47,47,47,45,45,45,45,45,42,43,43,43,13,13,13,13,13,13,13,13,13,13,
" Рамка 3-мест. ""BRITE""  металл титан RE  IEK  (1/50)",шт,030201125_,,,,,,,,,,15,50,47,47,47,47,47,47,47,47,47,47,47,47,17,17,17,17,17,17,17,17,17,17,
" Рамка 3-мест. ""BRITE""  металл черн. RE  IEK  (1/50)",шт,030201123_,,,,,,,,,,5,50,47,47,47,47,47,47,47,44,44,44,44,44,7,7,7,7,7,7,7,7,7,6,
" Рамка 3-мест. ""BRITE""  металл черн. RE AL  IEK  (1/50)",шт,030201126_,,,,,,,,,,15,50,47,47,47,47,47,47,47,46,46,46,46,46,16,16,14,14,3,7,7,7,7,7,
" Рамка 3-мест. ""BRITE""  металл шамп. RE AL  IEK  (1/50)",шт,030201128_,,,,,,,,,,10,50,40,40,27,27,27,27,21,36,24,21,35,35,25,25,25,25,25,25,25,25,22,22,
" Рамка 3-мест. ""BRITE""  стекло бел. RE  IEK  (1/50)",шт,030201119_,,,,,,,,,,,48,45,45,45,45,45,45,41,23,28,19,29,29,25,13,22,22,22,22,22,20,19,10,
" Рамка 3-мест. ""BRITE""  стекло бел. матовый  IEK  (1/50)",шт,030201116_,,,,,,,,,,,50,50,50,50,50,50,50,43,42,42,42,42,42,12,12,12,11,11,11,10,10,10,10,
" Рамка 3-мест. ""BRITE""  стекло графит RE  IEK  (1/50)",шт,030201121_,,,,,,,,,,15,50,47,47,47,47,47,47,47,47,47,47,47,47,3,3,3,3,3,3,3,3,3,3,
" Рамка 3-мест. ""BRITE""  стекло маренго матовый  IEK  (1/50)",шт,030201118_,,,,,,,,,,10,50,47,47,47,47,46,46,45,45,45,45,45,45,15,15,15,15,15,15,15,15,12,12,
" Рамка 3-мест. ""BRITE""  стекло песчаный RE  IEK  (1/50)",шт,030201122_,,,,,,,,,,14,45,42,42,42,37,37,33,25,24,24,24,16,16,6,11,11,9,9,6,9,5,7,7,
" Рамка 3-мест. ""BRITE""  стекло черн. RE  IEK  (1/50)",шт,030201120_,,,,,,,,,,5,50,47,47,47,47,46,46,46,44,39,39,39,39,9,9,6,6,6,6,6,6,6,6,
" Рамка 3-мест. ""BRITE""  стекло черн. матовый  IEK  (1/50)",шт,030201117_,,,,,,,,,,,50,47,44,44,44,44,44,44,42,42,42,42,42,12,12,12,12,12,12,12,12,12,12,
" Рамка 3-мест. ""BRITE""  хром/никель  IEK  (1/100)",шт,030201080_,,,,,,,,,,,200,197,197,197,197,197,197,197,197,197,197,197,197,17,13,13,13,13,13,13,13,13,13,
" Рамка 3-мест. ""BRITE""  хром/черн.  IEK  (1/100)",шт,030201081_,,,,,,,,,,29,150,147,147,147,147,144,144,144,144,144,144,144,144,14,14,14,14,14,14,14,11,11,11,
" Рамка 3-мест. ""BRITE"" металл алюминий (1/50)",шт,030200852_,22,22,22,21,21,21,21,21,21,31,31,28,28,18,18,18,21,21,21,21,21,21,21,21,21,21,21,21,21,21,19,19,19,22
" Рамка 3-мест. ""BRITE"" металл черный (1/50)",шт,030200851_,4,4,3,3,6,13,13,12,12,33,29,29,29,29,29,29,30,30,29,29,25,24,24,24,24,24,24,24,19,18,18,18,18,4
" Рамка 3-мест. ""BRITE"" стекло белый (1/50)",шт,030200859_,56,39,26,16,15,51,45,39,38,43,41,41,41,34,34,34,38,38,36,34,34,34,30,29,29,29,29,29,29,29,25,25,15,56
" Рамка 3-мест. ""BRITE"" стекло ванильный (1/50)",шт,030200898_,64,64,64,63,63,63,62,62,61,61,57,53,53,4,4,9,6,2,6,10,8,10,7,3,5,10,9,5,,8,3,2,8,64
" Рамка 3-мест. ""BRITE"" стекло дымчатый (1/50)",шт,030200899_,61,61,51,42,23,16,14,3,15,23,23,22,22,22,22,20,23,23,20,18,18,12,12,4,5,5,4,4,4,6,3,8,8,61
" Рамка 3-мест. ""BRITE"" стекло серый (1/50)",шт,030200897_,46,42,29,21,31,25,25,23,16,29,27,26,16,20,14,12,12,12,15,15,12,12,12,12,9,9,9,9,9,8,5,5,5,46
" Рамка 3-мест. ""BRITE"" стекло темная бронза (1/50)",шт,030200900_,62,62,62,62,62,62,62,62,62,72,72,72,72,7,7,7,10,10,9,9,9,8,7,7,6,6,2,2,2,,3,2,5,62
" Рамка 3-мест. ""BRITE"" стекло черный (1/50)",шт,030200860_,15,12,12,11,5,17,15,13,11,18,18,17,9,8,8,5,9,9,6,6,6,6,4,4,4,4,4,4,4,4,4,3,3,15
" Рамка 4-мест. ""BRITE""  алюм./алюм.  IEK  (1/100)",шт,030201071_,,,,,,,,,,20,500,497,497,497,497,497,497,497,477,477,477,475,475,5,5,5,5,5,5,5,5,5,5,
" Рамка 4-мест. ""BRITE""  беж. рифленый  IEK  (1/100)",шт,030201086_,,,,,,,,,,10,100,97,97,97,97,97,97,97,93,92,92,92,92,12,12,12,12,12,12,12,12,11,11,
" Рамка 4-мест. ""BRITE""  беж./жемч.  IEK  (1/100)",шт,030201060_,,,,,,,,,,9,200,197,197,197,197,197,197,197,193,193,193,193,193,13,13,13,13,13,13,13,13,13,13,
" Рамка 4-мест. ""BRITE""  беж./шамп.  IEK  (1/100)",шт,030201079_,,,,,,,,,,10,200,197,197,197,197,197,197,197,197,197,197,197,197,10,10,10,10,10,10,10,5,5,5,
" Рамка 4-мест. ""BRITE""  бел. рифленый  IEK  (1/100)",шт,030201085_,,,,,,,,,,10,100,97,97,97,97,97,97,97,97,94,92,92,92,12,12,12,12,12,12,12,12,12,12,
" Рамка 4-мест. ""BRITE""  бел./бел.  IEK  (1/100)",шт,030201077_,,,,,,,,,,20,300,297,297,297,297,297,292,292,292,292,292,292,292,12,12,12,12,12,12,12,12,12,12,
" Рамка 4-мест. ""BRITE""  металл алюм. RE  IEK  (1/50)",шт,030201138_,,,,,,,,,,,30,27,27,27,27,27,27,27,27,27,27,27,27,7,7,7,7,7,7,7,7,7,6,
" Рамка 4-мест. ""BRITE""  металл алюм. RE AL  IEK  (1/50)",шт,030201143_,,,,,,,,,,5,30,27,27,27,27,27,27,27,27,25,25,25,25,5,5,5,5,5,5,5,5,5,5,
" Рамка 4-мест. ""BRITE""  металл коричн. RE AL  IEK  (1/50)",шт,030201141_,,,,,,,,,,5,28,25,25,25,25,25,25,25,25,25,25,25,25,5,5,5,5,5,5,5,5,4,4,
" Рамка 4-мест. ""BRITE""  металл латунь RE  IEK  (1/50)",шт,030201037_,,,,,,,,,,,30,27,27,27,27,27,27,27,27,27,27,27,27,7,7,7,7,7,7,7,7,7,7,
" Рамка 4-мест. ""BRITE""  металл титан RE  IEK  (1/50)",шт,030201139_,,,,,,,,,,5,30,27,27,27,27,27,27,27,27,27,27,27,27,7,7,7,7,7,7,7,7,7,7,
" Рамка 4-мест. ""BRITE""  металл черн. RE  IEK  (1/50)",шт,030201137_,,,,,,,,,,,30,27,27,27,27,27,27,27,27,27,27,27,27,6,6,6,6,6,6,6,6,6,6,
" Рамка 4-мест. ""BRITE""  металл черн. RE AL  IEK  (1/50)",шт,030201140_,,,,,,,,,,5,30,27,27,27,26,26,26,26,26,26,26,26,26,6,6,6,6,2,2,2,2,2,2,
" Рамка 4-мест. ""BRITE""  металл шамп. RE AL  IEK  (1/50)",шт,030201142_,,,,,,,,,,5,30,27,27,18,18,18,18,17,16,16,16,16,16,6,6,6,6,6,6,6,6,6,6,
" Рамка 4-мест. ""BRITE""  стекло бел. RE  IEK  (1/50)",шт,030201133_,,,,,,,,,,26,20,17,17,17,17,17,17,16,6,24,20,20,18,17,13,13,13,13,13,13,12,12,10,
" Рамка 4-мест. ""BRITE""  стекло бел. матовый  IEK  (1/50)",шт,030201130_,,,,,,,,,,,12,9,9,9,9,9,7,7,7,7,7,6,6,6,6,6,5,5,5,5,5,5,5,
" Рамка 4-мест. ""BRITE""  стекло графит RE  IEK  (1/50)",шт,030201135_,,,,,,,,,,5,30,27,27,27,27,27,27,27,27,27,27,27,27,7,7,7,7,7,7,7,7,7,6,
" Рамка 4-мест. ""BRITE""  стекло маренго матовый  IEK  (1/50)",шт,030201132_,,,,,,,,,,5,30,27,27,27,27,27,27,27,27,27,27,27,27,7,7,7,7,7,7,7,7,7,7,
" Рамка 4-мест. ""BRITE""  стекло песчаный RE  IEK  (1/50)",шт,030201136_,,,,,,,,,,5,30,27,27,27,25,25,24,24,24,24,24,24,24,4,4,4,,2,3,3,3,3,3,
" Рамка 4-мест. ""BRITE""  стекло черн. RE  IEK  (1/50)",шт,030201134_,,,,,,,,,,,30,27,27,27,27,27,27,27,20,20,15,15,15,14,14,13,13,10,10,9,9,8,8,
" Рамка 4-мест. ""BRITE""  стекло черн. матовый  IEK  (1/50)",шт,030201131_,,,,,,,,,,,21,18,18,18,18,18,18,18,18,18,18,18,18,8,8,8,8,8,8,8,8,8,8,
" Рамка 4-мест. ""BRITE""  хром/никель  IEK  (1/100)",шт,030201101_,,,,,,,,,,,100,97,97,97,97,97,97,97,97,97,97,97,97,17,16,16,16,16,16,16,16,16,16,
" Рамка 4-мест. ""BRITE""  хром/черн.  IEK  (1/100)",шт,030201084_,,,,,,,,,,7,100,97,97,97,97,94,94,94,94,94,94,94,94,14,14,14,14,14,14,14,14,14,14,
" Рамка 4-мест. ""BRITE"" металл алюминий (1/50)",шт,030200854_,22,22,22,21,16,16,16,16,20,25,25,25,25,15,15,15,18,18,18,18,18,18,18,18,18,18,18,18,18,18,17,17,17,22
" Рамка 4-мест. ""BRITE"" металл черный (1/50)",шт,030200853_,2,2,2,1,10,9,9,9,8,11,10,10,10,10,10,10,13,13,8,8,8,7,7,7,7,7,7,7,7,7,7,7,7,2
" Рамка 4-мест. ""BRITE"" стекло белый (1/50)",шт,030200861_,18,12,6,,26,25,20,15,19,32,32,31,31,24,24,23,25,25,25,25,24,22,22,22,22,22,22,22,22,22,20,20,19,18
" Рамка 4-мест. ""BRITE"" стекло ванильный (1/50)",шт,030200902_,58,58,58,54,52,52,51,51,55,53,53,51,51,3,3,3,5,5,5,3,6,6,2,7,,10,9,9,8,10,10,12,12,58
" Рамка 4-мест. ""BRITE"" стекло дымчатый (1/50)",шт,030200903_,54,54,51,45,42,36,36,33,33,33,32,31,31,31,31,31,34,34,34,34,34,33,33,30,28,28,28,28,28,28,26,26,26,54
" Рамка 4-мест. ""BRITE"" стекло серый (1/50)",шт,030200901_,17,16,16,15,13,9,8,7,6,16,15,15,12,12,12,12,15,15,15,15,15,15,15,15,11,11,11,11,11,11,10,10,10,17
" Рамка 4-мест. ""BRITE"" стекло темная бронза (1/50)",шт,030200904_,48,48,48,47,45,45,45,45,49,54,54,54,54,9,8,8,11,11,6,6,6,5,5,5,5,5,4,4,4,4,4,4,4,48
" Рамка 4-мест. ""BRITE"" стекло черный (1/50)",шт,030200862_,4,4,4,,,,,,5,9,8,8,8,,,,3,3,3,3,3,3,1,1,1,1,,,,,,,,4
" Рамка 5-мест. ""BRITE""  алюм./алюм.  IEK  (1/100)",шт,030201147_,,,,,,,,,,20,20,17,17,17,17,17,17,17,17,17,17,17,17,7,7,7,7,7,7,7,7,7,7,
" Рамка 5-мест. ""BRITE""  беж. рифленый  IEK  (1/100)",шт,030201149_,,,,,,,,,,20,20,17,17,17,17,17,17,17,17,17,17,17,16,6,6,6,6,6,6,6,6,6,6,
" Рамка 5-мест. ""BRITE""  беж./жемч.  IEK  (1/100)",шт,030201061_,,,,,,,,,,20,20,17,17,17,17,17,17,17,16,16,16,16,16,6,6,6,6,6,6,6,6,6,6,
" Рамка 5-мест. ""BRITE""  беж./шамп.  IEK  (1/100)",шт,030201145_,,,,,,,,,,20,20,17,17,17,17,17,17,17,17,17,17,17,17,7,7,7,7,7,7,7,7,7,7,
" Рамка 5-мест. ""BRITE""  бел. рифленый  IEK  (1/100)",шт,030201148_,,,,,,,,,,20,20,17,17,16,16,16,16,15,16,16,16,16,16,6,6,6,6,6,5,5,5,5,5,
" Рамка 5-мест. ""BRITE""  бел./бел.  IEK  (1/100)",шт,030201146_,,,,,,,,,,20,20,17,17,17,16,16,16,16,16,16,16,16,16,6,6,6,5,5,5,5,3,3,3,
" Рамка 5-мест. ""BRITE""  хром/никель  IEK  (1/100)",шт,030201150_,,,,,,,,,,20,20,17,17,17,17,17,17,17,17,17,17,17,17,7,4,4,4,4,4,4,4,4,4,
" Рамка 5-мест. ""BRITE""  хром/черн.  IEK  (1/100)",шт,030201144_,,,,,,,,,,20,20,17,17,17,17,17,17,15,13,13,13,13,13,3,3,3,3,3,3,3,3,3,3,
 Распределительная коробка с/у для твердых стен  92x92x45 IP20 КМ41001 IEK (126),шт,280300396_,2477,2470,2398,2207,2162,2148,2002,1856,1709,1695,1683,1683,554,526,514,481,442,442,445,394,200,1,138,119,,,,,,159,,6,502,2477
 Распределительная коробка с/у для твердых стен 172x96x45 IP20 КМ41006 IEK (70)*,шт,280300397_,229,226,226,247,247,247,244,189,189,149,135,133,132,132,62,52,122,69,72,72,72,66,56,53,53,53,53,53,51,46,45,44,44,229
 Розетка 1-я о/у з/к c крышкой  белый IP55 TORS IEK (1/60),шт,030201471_,,,,,,,,,,,,,,,,,,,,,,,,,,,,,,,104,19,61,
 Розетка 1-я о/у з/к c крышкой  серо-белый IP55 TORS IEK (1/60),шт,030201480_,,,,,,,,,,,,,,,,,,,,,,,,,,,,,,1,116,103,29,
 Розетка 1-я о/у з/к c крышкой графит IP55 TORS IEK (1/60),шт,030201462_,,,,,,,,,,,,,,,,,,,,,,,,,,,,,,109,70,65,1,
 Розетка 2-я  о/у з/к с крышкой горизонтальная белый IP55 TORS IEK (1/40),шт,030201472_,,,,,,,,,,,,,,,,,,,,,,,,,,,,,,,115,108,86,
 Розетка 2-я  о/у з/к с крышкой горизонтальная графит IP55 TORS IEK (1/40),шт,030201463_,,,,,,,,,,,,,,,,,,,,,,,,,,,,,,120,96,75,86,
 Розетка 2-я  о/у з/к с крышкой горизонтальная серо-белый IP55 TORS IEK (1/40),шт,030201481_,,,,,,,,,,,,,,,,,,,,,,,,,,,,,,60,117,91,77,
 Розетка 2-я о/у з/к с крышкой вертикальная белый IP55 TORS IEK (1/40),шт,030201474_,,,,,,,,,,,,,,,,,,,,,,,,,,,,,,,35,35,23,
 Розетка 2-я о/у з/к с крышкой вертикальная графит IP55 TORS IEK (1/40),шт,030201465_,,,,,,,,,,,,,,,,,,,,,,,,,,,,,,37,36,24,15,
 Розетка 2-я о/у з/к с крышкой вертикальная серо-белый IP55 TORS IEK (1/40),шт,030201483_,,,,,,,,,,,,,,,,,,,,,,,,,,,,,,35,32,30,30,
 Сальник PG  7 (5-6мм) IEK (20),шт,130500006_,,,,,,,,,,15,15,14,14,9,10,10,10,10,,,,,,,,,,,,,,,,
 Сальник PG  9 (6-7мм) IEK (20),шт,130500007_,93,73,68,8,7,7,7,7,7,17,12,1,1,1,9,9,9,,,,,,,,,,,,,,,,,93
 Сальник PG 11 (7-9мм) IEK (20),шт,130500008_,39,37,29,29,21,21,19,19,19,69,52,51,51,46,56,26,11,11,11,11,1,1,1,1,1,1,1,1,1,1,1,1,1,39
" Сальник PG 13,5 (7-11мм) IEK (20)",шт,130500009_,1,1,1,1,1,1,1,1,1,10,10,,,,2,5,1,1,1,1,1,1,1,1,,,,,,,,,,1
 Сальник PG 16 (9-13мм) IEK (20),шт,130500010_,,,,,,,,,,,,,,,27,17,10,10,9,9,6,6,6,6,6,6,6,6,5,5,5,,,
 Сальник PG 21 (15-18мм) IEK (20),шт,130500011_,,,,,,,,,,4,4,4,4,3,,,,,,,,,,,,,,,,,,,,
 Сальник PG 29 (18-24мм) IEK (20),шт,130500012_,1,,,,,,,,,,,,,,,,,,,,,,,,,,,,,,,,,1
 Сальник PG 36 (24-32мм) IEK (20),шт,130500013_,1,,,,,,,,,,,,,,8,7,7,7,,,,,,,,,,,,,,,,1
 Сальник PG 42 (30-40мм) IEK (20),шт,130500014_,,,,,,,,,,,,,,,,,,,,,,,2,2,2,2,2,2,2,2,2,2,2,
 Сальник PG 48 (36-44мм) IEK (20),шт,130500015_,4,1,1,1,1,,,,,9,8,7,7,5,,,,,,,,,,,,,,,,,,,,4
 Сальник PGL 11 (5-8мм) IEK (20) !!!,шт,130500046_,1502,1501,1501,1501,1461,1461,1460,1460,1460,1500,1500,1499,1499,1499,1502,1497,1497,1497,1497,1497,1497,1497,1497,1497,1497,1497,1497,1497,1497,1497,1497,1497,1497,1502
 ССА1001 аварийный LED 3Вт Exit IEK (20) !!!,шт,130200159_,,,,,4,4,4,4,4,4,2,2,2,2,2,2,2,2,2,2,2,2,2,2,2,2,2,2,,3,3,3,3,
" Трансформатор тока ТТИ-40  400/5А  5ВА  класс 0,5  IEK",шт,270300025_,11,21,41,28,28,45,54,24,5,45,5,6,3,3,3,3,,8,5,9,3,4,18,3,9,13,30,30,185,164,154,128,73,11
" Трансформатор тока ТТИ-40 600\5 10ВА кл.т.0,5 (IEK) (40) !!!",шт,ст-9952440,,,,,,1,1,1,1,1,1,1,1,1,1,1,1,1,1,1,1,1,1,1,1,1,1,1,1,1,1,1,1,
" Трансформатор тока ТТИ-60 1000\5 10ВА кл.т.0,5 (IEK) (40) !!!",шт,ст-9952441,,,,,,1,1,1,1,1,1,1,1,1,1,2,2,2,2,2,2,2,2,2,2,2,2,2,2,2,2,2,2,
" Трансформатор тока ТТИ-85 1000/5А 15ВА 0,5 IEK !!!",шт,яярп4849,,,,,,6,6,6,6,6,6,6,6,6,6,6,6,6,6,4,4,4,4,4,4,4,4,4,4,4,3,3,3,
 Трубы гибкая двустенная красная (с протяжкой)   Ø40 IEK (50) ,м,130300791_,3313,3163,3319,2919,2858,5531,4686,2096,126,4274,1,4571,3366,2366,5801,4402,6669,5110,2570,6920,43,4414,4874,2595,3403,11336,15800,12534,10754,9498,11001,11208,2,3313
 Трубы гибкая двустенная красная (с протяжкой)   Ø50 IEK (50) ,м,130300792_,4761,4109,5909,4119,5017,3078,5628,1060,170,4688,4003,188,3087,2767,10029,11050,6024,2761,4875,7109,100,13599,165,13217,8440,18855,17905,14985,14109,13201,8590,,7230,4761
 Трубы гибкая двустенная красная (с протяжкой)   Ø63 IEK (50) ,м,130300779_,5824,5729,5369,5058,1449,1292,1507,334,621,2821,25,2826,6403,5599,7662,7055,9754,6367,2867,11124,7569,1553,4455,7329,4135,8095,8583,7449,1112,1106,6498,4608,64,5824
 Трубы гибкая двустенная красная (с протяжкой)   Ø75 IEK (50) ,м,130300771_,3390,4328,4568,5338,492,2338,4602,7763,3639,1620,134,2964,1609,1065,8090,5258,4534,5736,4397,7017,6213,3811,7247,3227,6574,6042,6200,5325,4293,761,1923,3903,3627,3390
 Трубы гибкая двустенная красная (с протяжкой)   Ø90 IEK (50),м,130300772_,2336,936,2818,2790,1613,584,297,2032,2356,3039,486,48,28,800,4802,3256,423,2989,149,5063,2647,6594,3959,3580,3801,3044,4283,5463,6434,4849,4271,3827,3186,2336
 Трубы гибкая двустенная красная (с протяжкой)  Ø110  IEK (50),м,130300780_,8036,5310,10355,11768,7606,9245,14111,5922,7865,5556,1468,9229,4147,2852,9745,8273,7043,12666,14036,13816,4144,15198,8872,21296,17623,20314,19346,19053,22405,16077,11282,9962,17443,8036
 Трубы гибкая двустенная красная (с протяжкой)  Ø160  IEK (35) ,м,130301232_,95,305,715,259,254,385,617,15,9,6,251,76,566,145,319,580,275,315,780,490,350,762,607,625,695,832,340,267,452,340,375,600,5,95
 Трубы жесткая гибкая двустенная красная (с протяжкой)  Ø110  IEK (6),м,130301927_,,,,,,,,,,,,,,,,,,,,,,,,,,,3000,3000,,,,,,
 ТУТ  2/1 черная IEK (1),м,150100854_,,,,,,,,,,,,,,,,,,,,,,,156,155,155,150,,,,,,,,
 ТУТ  4/2 черная IEK (1),м,150100997_,,,,587,473,5,5,,,,,,,,,,,,,,,,,,,,,,,,,,,
 ТУТ  6/3 черная IEK (200),м,150100961_,,,,,,,,,,,,,,,,,,,,,,,15,15,11,11,86,85,80,80,80,80,,
 ТУТ  8/4 черная IEK (100),м,150100723_,1553,1514,1469,1414,1095,826,125,,,,,,,,,,,,,,,,16,14,10,6,10,10,8,7,7,1,1,1553
 ТУТ 12/6 черная IEK (100),м,150100666_,405,385,,,,,,,,,,,,,,,,,,,,,,,,,,,,,,,,405
 ТУТ 16/8  красная IEK (100),м,150100954_,102,100,92,62,14,,,,,,,,,,,,,,,,,,,,,,,,,,,,,102
 ТУТ 16/8  черная IEK (100),м,150100853_,6,1,1,,,,,,,,,,,,,,,,,,,,,,,,,,,,,,,6
 ТУТ 16/8 желтая IEK (100),м,150100953_,2,1,,,,,,,,,,,,,,,,,,,,,,,,,,,,,,,,2
 ТУТ 16/8 зеленая IEK (100),м,150101008_,2,1,,,,,,,,,,,,,,,,,,,,,,,,,,,,,,,,2
 ТУТ 20/10  черная IEK (100),м,150100955_,,,,215,43,16,6,62,45,44,19,18,17,4,4,4,4,4,90,77,77,74,74,69,56,21,50,47,44,43,43,40,40,
 ТУТ 20/10 желтая IEK (100),м,150100667_,127,97,95,91,73,,,,,,,,,,,,,,,,,,,,,,,,,,,,,127
 ТУТ 20/10 зеленая IEK (100),м,150100720_,19,19,17,13,,,,,,,,,,,,,,,,,,,,,,,,,,,,,,19
 ТУТ 20/10 красная IEK (100),м,150100855_,,,,88,65,15,15,77,70,62,23,23,13,13,11,11,10,9,,,,,,,,,,,,,,,,
 ТУТ 30/15  черная IEK (50),м,150100996_,,,,177,35,,,16,14,4,4,4,4,4,4,4,4,4,,,,,,,,,,,,,,,,
 ТУТ 30/15 зеленая IEK (50),м,150101000_,,,,92,73,79,69,52,50,1,1,1,1,1,1,1,1,1,,,,,,,,,,,,,,,,
 ТУТ 30/15 красная IEK (50),м,150100957_,,,,92,,11,1,,,,,,,,,,,,,,,,,,,,,,,,,,,
 ТУТ 30/15 синяя IEK (50),м,150101103_,,,,99,66,57,47,52,39,39,26,25,25,25,25,25,17,22,,,,,,,,,,,,,,,,
 ТУТ 40/20  черная IEK (50),м,150100959_,1,1,,,,,,,,,,,,,,,,,,,,,,,,,,,,,,,,1
 ТУТ 40/20 желтая  IEK (50),м,150101010_,73,70,60,31,31,,,,,,,,,,,,,,,,,,,,,,,,,,,,,73
 ТУТ 40/20 синяя IEK (50),м,150101104_,2,2,2,72,72,100,95,95,93,93,91,70,70,70,70,50,50,49,49,49,49,47,47,45,45,44,50,50,50,16,16,16,16,2
 ТУТ 50/25 черная IEK (25),м,150100863_,1,1,,,,,,,,,,,,,,,,,,,,,,,,,,,,,,,,1
 ТУТ 60/30 черная IEK (25),м,150100864_,63,52,,,,,,,,,,,,,,,,,,,,,,,,,,,,,,,,63
 УЗО АВДТ 32   6А GENERICA (6/60) !!!,шт,010300165_,4,4,4,4,4,4,4,4,4,4,4,4,4,4,4,4,4,4,4,4,4,4,4,,,,,,,,,,,4
 УЗО АВДТ 32   6А IEK  (6/60),шт,010300094_,58,24,25,9,45,45,4,26,,60,69,39,58,57,50,40,23,40,21,41,4,25,10,5,4,114,107,96,78,59,47,42,54,58
 УЗО АВДТ 32  10А GENERICA (6/60) !!!,шт,010300166_,5,5,5,5,5,5,5,5,5,5,4,4,4,4,4,4,4,,,,,,,,,,,,,,,,,5
 УЗО АВДТ 32  10А IEK  (6/60),шт,010300074_,125,120,36,95,169,176,34,1,159,165,155,91,116,92,49,12,,,,137,49,7,156,,56,355,274,226,205,192,172,184,103,125
 УЗО АВДТ 32  16А GENERICA (6/60) !!!,шт,010300167_,9,9,9,9,9,11,11,11,11,11,11,11,11,11,10,6,6,,,,,,,,,,,,,,,,,9
 УЗО АВДТ 32  16А IEK  (6/60),шт,010300075_,1303,1710,1462,2041,1766,2160,298,1476,747,2975,2577,1856,2856,2649,4087,2590,4735,3171,1774,4452,3893,4085,3702,3858,3358,3182,3398,3493,2902,2912,2333,2372,2690,1303
 УЗО АВДТ 32  20А GENERICA (6/60) !!!,шт,010300168_,,,,,,,,,,,,,,,,,,,,,,,,,,,,,,,,,,
 УЗО АВДТ 32  20А IEK  (6/60),шт,010300095_,512,862,777,770,650,714,649,453,902,841,844,706,831,796,782,686,686,40,1,537,552,567,3,3,3,1065,826,492,514,482,440,427,477,512
 УЗО АВДТ 32  25А GENERICA (6/60) !!!,шт,010300169_,2,2,2,2,2,43,43,43,40,34,34,34,34,34,31,3,3,,,,,,,,,,,,,,,,,2
 УЗО АВДТ 32  25А IEK  (6/60),шт,010300053_,908,801,594,1017,1304,264,861,,800,2223,2838,1471,3261,1813,3152,2668,2042,2374,2550,2560,2804,2398,2308,2871,2454,1953,2173,2259,2358,2203,2025,1192,982,908
 УЗО АВДТ 32  32А IEK  (6/60),шт,010300121_,229,185,80,500,245,,275,272,24,580,158,91,607,474,396,161,671,123,6,98,332,509,565,534,663,595,703,591,526,572,411,362,461,229
 УЗО АВДТ 32  40А GENERICA (6/60),шт,010300171_,4,4,4,4,4,34,34,34,34,,,,,,,,,,,,,,,,,,,,,,,,,4
 УЗО АВДТ 32  40А IEK  (6/60),шт,010300096_,233,445,318,593,169,357,332,102,338,694,700,709,865,773,483,309,741,,,696,526,570,641,673,676,366,294,404,682,365,480,708,755,233
 УЗО АВДТ 32  63А 100mA IEK !!!,шт,010300125_,,,,,,10,10,8,3,3,3,3,3,3,,,,,,,,,,,,,,,,,,,,
 УЗО АВДТ 34   6А С 10мА  IEK !!!,шт,ярп40395,,,,,,19,19,19,19,19,17,17,17,15,15,15,15,15,15,15,15,15,15,15,15,15,15,15,15,15,13,13,13,
 УЗО АВДТ 34  10А С 30мА  IEK E-PRO,шт,010300130_,,,,,,2,2,2,2,2,2,2,2,2,2,1,1,1,1,1,1,1,1,1,1,1,1,1,1,,,,,
 УЗО АВДТ 34  20А С 30мА IEK !!!,шт,010300200_,,,,,,13,7,6,,3,3,3,3,3,2,2,2,1,1,1,1,1,1,1,1,,,,,,,,,
 УЗО АД 12  (2ф) 10А GENERICA (5/40) !!!,шт,010300159_,8,8,8,8,8,8,8,8,8,8,8,8,8,8,8,8,8,8,8,8,8,8,8,,,,,,,,,,,8
 УЗО АД 12  (2ф) 10А IEK (5/40),шт,010300001_,5,21,36,61,21,125,123,102,16,,58,50,51,23,63,49,70,4,64,62,55,58,15,1,76,66,55,75,55,64,57,57,57,5
 УЗО АД 12  (2ф) 16А GENERICA (5/40) !!!,шт,010300156_,6,6,6,6,6,6,6,6,6,6,6,6,6,6,6,6,6,6,6,6,6,6,6,,,,,,,,,,,6
 УЗО АД 12  (2ф) 16А IEK (5/40),шт,010300002_,513,425,518,386,390,,,,,241,419,1,559,313,668,359,945,631,479,998,1089,1006,959,977,1016,987,823,753,796,902,786,671,709,513
 УЗО АД 12  (2ф) 20А GENERICA (5/40) !!!,шт,010300160_,1,1,1,1,1,1,1,1,1,1,1,1,1,1,1,1,1,1,1,1,1,1,1,,,,,,,,,,,1
 УЗО АД 12  (2ф) 20А IEK (5/40),шт,010300123_,73,72,72,72,18,119,97,6,34,104,91,56,126,126,126,100,108,54,31,40,9,54,18,41,20,,37,21,44,37,2,50,47,73
 УЗО АД 12  (2ф) 25А 100мА IEK !!!,шт,010300188_,,,,,,2,2,1,1,1,1,1,1,,,,,,,,,,,,7,7,6,6,5,5,5,5,5,
 УЗО АД 12  (2ф) 25А GENERICA (5/40) !!!,шт,010300157_,2,2,2,2,2,2,2,2,2,2,2,2,2,2,2,2,2,2,2,2,2,2,2,,,,,,,,,,,2
 УЗО АД 12  (2ф) 25А IEK (5/40),шт,010300003_,301,183,248,218,274,128,284,142,92,185,562,380,219,143,413,321,422,402,305,526,372,360,413,341,423,487,364,109,327,322,279,557,531,301
 УЗО АД 12  (2ф) 25А В 30мА IEK !!!,шт,ярп4200,,,,,,5,5,5,5,5,5,5,5,5,5,5,5,5,5,5,5,5,5,5,5,5,5,,,,,,,
 УЗО АД 12  (2ф) 32А 100мА IEK !!!,шт,010300189_,,,,,,,6,6,6,6,6,6,6,5,5,5,5,5,5,,,,,,,,,,,,,,,
 УЗО АД 12  (2ф) 32А GENERICA (5/40) !!!,шт,010300161_,4,4,4,4,4,4,4,4,4,4,4,4,4,4,4,4,4,4,4,4,4,4,4,,,,,,,,,,,4
 УЗО АД 12  (2ф) 32А IEK (5/40),шт,010300004_,29,27,60,34,39,16,52,,79,114,119,104,116,104,100,74,171,169,108,122,97,81,78,77,,7,100,73,88,100,108,102,89,29
 УЗО АД 12  (2ф) 40А 300мА IEK (4/32) !!!,шт,010300150_,,,,,,,143,29,28,27,27,26,24,22,22,22,19,20,20,10,10,10,10,9,9,9,10,3,2,2,1,,,
 УЗО АД 12  (2ф) 40А GENERICA (5/40) !!!,шт,010300162_,15,15,15,15,15,15,15,15,15,15,15,15,15,15,15,15,15,15,15,15,15,15,15,,,,,,,,,,,15
 УЗО АД 12  (2ф) 40А IEK (4/32),шт,010300005_,63,44,34,28,42,,50,41,33,,62,,128,84,85,94,126,31,81,128,53,133,149,32,296,288,262,259,175,236,228,82,153,63
 УЗО АД 12  (2ф) 50А 100мА IEK !!!,шт,яяярп5542,,,,,,2,2,1,1,1,1,1,1,1,1,1,1,,,,,,,,,,,,1,1,1,1,1,
 УЗО АД 12  (2ф) 50А 300мА IEK (4/32) !!!,шт,010300127_,,,,,,11,11,8,7,6,,,,,,,,2,2,2,2,2,1,1,1,,,,,,,,,
 УЗО АД 12  (2ф) 50А GENERICA (5/40) !!!,шт,010300163_,,,,,,,,,,,,,,,,,,,,,,,,,,,,,,,,,,
 УЗО АД 12  (2ф) 50А IEK (4/32),шт,010300006_,55,,214,144,236,59,167,25,237,74,374,324,368,365,356,284,375,385,359,200,238,311,315,324,312,397,337,382,,163,201,362,430,55
 УЗО АД 12  (2ф) 63А IEK (4/32),шт,010300007_,20,33,22,38,36,,25,11,6,39,37,17,48,39,31,20,23,16,,44,35,45,56,48,48,35,37,16,91,61,26,76,47,20
 УЗО АД 14  (4ф)  50A 100mA  IEK !!!,шт,щт-0000194,,,,,,1,2,,,,,,,,,,,,,,,,,,,,,,,,,,,
 УЗО АД 14  (4ф) 10А IEK (3/24),шт,010300124_,9,9,9,7,10,4,10,7,5,8,7,5,5,4,4,6,9,5,8,8,7,4,6,6,8,8,12,11,6,5,1,7,6,9
 УЗО АД 14  (4ф) 16А IEK (3/24),шт,010300008_,46,37,37,22,41,8,21,22,12,3,3,,50,24,48,28,56,47,35,71,50,61,44,50,43,46,54,37,13,50,24,47,38,46
 УЗО АД 14  (4ф) 25А IEK (3/24),шт,010300009_,61,56,54,56,75,66,42,18,46,46,107,29,137,126,104,90,34,145,125,105,122,135,101,107,97,97,95,88,95,87,71,30,31,61
 УЗО АД 14  (4ф) 32А (300мА) IEK (24) !!!,шт,010300122_,,,,,,2,1,1,1,1,1,,,,,,,,,15,13,13,13,13,13,7,7,7,7,6,6,6,6,
 УЗО АД 14  (4ф) 32А 100мА IEK !!!,шт,010300191_,,,,,,2,2,2,2,,,,,,,,,1,1,1,1,1,1,1,1,1,1,1,1,1,1,1,1,
 УЗО АД 14  (4ф) 32А IEK (3/24),шт,010300010_,73,54,58,72,59,61,61,32,44,48,86,,104,89,49,45,1,,67,74,53,93,66,95,84,46,109,69,88,85,63,75,75,73
 УЗО АД 14  (4ф) 40А (100мА) IEK (3/24) !!!,шт,010300153_,,,,,,,,,,,,,,,,,,,,,,,,,3,3,3,3,3,3,3,3,3,
 УЗО АД 14  (4ф) 40А IEK (3/24),шт,010300011_,10,20,26,39,18,4,13,,,49,57,54,87,72,64,34,27,11,7,101,87,92,141,123,101,99,106,60,98,69,86,118,82,10
 УЗО АД 14  (4ф) 50А (300мА) IEK (24) !!!,шт,010300108_,,,,,,,,,,,,,,,,,,,,,,,,,,,,,4,4,4,3,3,
 УЗО АД 14  (4ф) 50А IEK (3/24),шт,010300012_,4,9,30,28,17,15,10,16,4,18,34,25,24,2,8,,24,35,6,34,35,25,22,34,55,52,49,49,45,38,21,34,36,4
 УЗО АД 14  (4ф) 63А 100мА IEK !,шт,010300144_,,,,,,,,,,,,,,,,,,1,1,1,1,1,1,1,1,1,,,,,,,,
 УЗО АД 14  (4ф) 63А IEK (3/24),шт,010300013_,39,81,77,66,43,21,47,53,42,34,32,27,50,41,37,3,68,46,40,48,35,47,42,34,40,35,48,35,49,43,29,22,38,39
 УЗО АД12М  (2ф) 25А IEK (5/40),шт,010300068_,1,3,3,3,2,2,1,2,2,1,,,2,2,2,2,1,3,2,2,2,2,2,2,2,2,2,2,2,1,1,1,1,1
 УЗО АД12М  (2ф) 32А IEK (5/40),шт,010300069_,9,9,9,8,4,4,4,4,4,4,4,3,3,3,3,3,3,8,8,8,5,5,4,4,3,3,3,3,3,2,2,2,2,9
 УЗО ВД1 63 (2ф) 100А 30мА IEK  (48) !!!,шт,нов3368,,,,,,,,,,,,,,,,,,47,47,47,47,47,47,47,47,47,47,47,47,47,47,47,47,
 УЗО ВД1 63 (2ф) 16А IEK  (1/48),шт,010300014_,257,261,253,256,308,322,343,296,14,342,282,225,385,187,58,1,240,,260,57,373,417,483,329,247,325,382,401,368,296,216,226,79,257
 УЗО ВД1 63 (2ф) 25А 30мА IEK  (1/48),шт,010300015_,86,175,108,25,410,305,205,132,2,366,217,328,379,284,226,205,243,340,49,180,586,504,403,122,516,494,548,525,573,420,348,446,247,86
 УЗО ВД1 63 (2ф) 32А 30мА IEK  (1/48),шт,010300016_,231,210,130,137,20,264,514,499,414,366,321,308,291,161,141,121,202,118,56,6,142,123,167,56,,88,164,121,120,72,63,165,29,231
 УЗО ВД1 63 (2ф) 40А 300мА  IEK  (48) !!!,шт,ст-9953168,7,3,3,3,3,3,3,3,3,3,3,3,3,3,3,3,3,,,,,,,,,,,,,,,,,7
 УЗО ВД1 63 (2ф) 40А 30мА  IEK  (1/48),шт,010300017_,90,432,392,402,236,219,155,233,191,205,233,224,232,180,189,172,35,1,18,,196,145,219,176,112,151,160,107,30,91,155,84,5,90
 УЗО ВД1 63 (2ф) 50А 30мА IEK  (1/48),шт,010300018_,32,17,20,6,34,34,45,38,18,36,48,53,56,38,21,18,39,28,50,28,30,43,50,27,29,45,10,35,35,,64,,61,32
 УЗО ВД1 63 (2ф) 63А 30мА IEK  (1/48),шт,010300057_,68,48,26,43,30,79,129,47,69,43,134,129,158,71,117,76,134,174,128,55,,153,226,181,185,203,164,157,122,100,184,276,209,68
 УЗО ВД1 63 (2ф) 80А 30мА IEK  (48) !!!,шт,010300142_,,,,,,46,46,46,31,31,31,31,31,31,30,25,25,25,21,18,18,18,18,18,8,8,8,8,3,3,3,3,3,
 УЗО ВД1-63 (4a)  25А 300мА IEK !!!,шт,010300115_,,,32,32,32,32,32,32,32,32,,,,,,,,,,,,,,,,,,,,,,,,
 УЗО ВД1-63 (4ф) 100А 30мА IEK  (24),шт,ст-9949234,,,,,,,,,,,,,,,,,,,,,,14,14,14,14,14,14,14,14,14,14,14,14,
 УЗО ВД1-63 (4ф) 16А 30мА IEK  (1/24),шт,010300052_,9,9,9,9,12,10,18,18,27,10,25,19,13,22,26,30,39,35,28,28,13,12,20,13,22,17,16,14,15,20,18,22,22,9
 УЗО ВД1-63 (4ф) 25А 100мА IEK !!!,шт,ст-9953354,,,,,,,,,,,,,,,,,,34,34,30,30,30,30,30,30,26,26,26,30,30,30,30,30,
 УЗО ВД1-63 (4ф) 25А 30мА IEK  (1/24),шт,010300019_,23,7,12,41,27,20,30,20,9,34,57,51,63,55,51,41,30,24,25,15,13,21,22,24,20,20,19,34,14,38,34,36,26,23
 УЗО ВД1-63 (4ф) 32А 100мА IEK !!!,шт,010300184_,,,,,,2,2,2,2,2,2,2,2,2,2,2,2,,,,,,,,,,,,,,,,,
 УЗО ВД1-63 (4ф) 32А 300мА IEK !!!,шт,010300185_,1,1,1,1,1,1,1,1,1,1,,,,,,,,,,,,,,,,,,,,,,,,1
 УЗО ВД1-63 (4ф) 32А 30мА IEK  (1/24),шт,010300020_,12,1,8,11,23,10,7,10,,23,18,19,25,11,28,25,31,12,37,38,30,34,35,30,40,36,30,42,30,28,20,32,29,12
 УЗО ВД1-63 (4ф) 40А  300мА  IEK  (24) !!!,шт,010300103_,,,,,,,,,,,,5,5,5,5,5,5,7,7,7,6,6,6,6,6,6,5,5,4,4,4,4,4,
 УЗО ВД1-63 (4ф) 40А 30мА IEK  (1/24),шт,010300023_,5,22,12,23,32,22,26,17,34,18,39,35,38,25,28,26,47,36,31,33,10,10,47,52,47,50,56,51,46,46,27,44,50,5
 УЗО ВД1-63 (4ф) 50А 300мА IEK  (1/24) !!!,шт,010300131_,,,,,,,,,,,,,,,,,,16,16,16,15,15,15,15,15,15,11,11,10,9,9,9,9,
 УЗО ВД1-63 (4ф) 50А 30мА IEK  (1/24),шт,010300024_,1,3,3,1,3,1,1,3,2,1,2,3,2,1,1,2,10,6,3,2,2,4,4,4,4,5,4,3,4,4,3,3,3,1
 УЗО ВД1-63 (4ф) 63А 30мА IEK  (1/24),шт,010300021_,8,7,2,13,18,,2,11,4,10,24,26,21,13,23,18,27,16,19,2,14,22,20,18,35,68,44,29,34,25,42,42,43,8
 Установочная коробка для полых стен г/к 141х70x45 КМ40023 IEK (100),шт,280300400_,206,202,182,186,185,180,173,173,173,139,139,138,136,116,116,114,114,114,109,107,105,105,105,93,93,93,87,87,87,87,84,78,77,206
" Хомут 2,5х 80 нейлон (100шт) IEK!!!",упак,ярп40277,98,93,93,93,93,93,93,89,89,87,87,85,85,85,85,80,80,80,80,79,79,79,79,79,78,78,78,73,73,74,74,64,64,98
" Хомут 2,5х100 IEK (100)",упак,240100028_,2071,2042,1900,1685,1758,1416,1091,895,756,765,711,605,488,470,246,81,299,291,246,130,120,128,111,100,92,230,212,198,7,185,143,132,121,2071
" Хомут 2,5х100 черные IEK (100)",упак,240100091_,246,289,325,313,171,238,223,196,181,15,281,146,81,53,7,175,191,113,268,253,214,199,,72,234,254,234,153,206,201,129,226,187,246
" Хомут 2,5х200 черные IEK (100)",упак,240100092_,,,,,,,,,,8,8,8,8,8,8,8,8,8,8,8,8,3,3,2,2,2,2,2,2,7,7,7,5,
" Хомут 3,6х150 IEK (100)",упак,240100004_,602,525,477,439,400,618,571,471,319,310,270,269,316,190,131,83,155,116,290,267,260,271,235,134,183,233,218,217,196,119,116,89,88,602
" Хомут 3,6х150мм черные (100) IEK",упак,240100052_,98,27,262,312,22,568,147,7,453,453,537,602,536,363,631,412,189,488,709,276,159,718,601,525,574,544,546,456,590,494,343,537,423,98
" Хомут 3,6х200 IEK (100)",упак,240100005_,2475,1869,2208,1626,1183,2120,2152,1494,1421,2173,1432,2040,2400,2191,2127,1539,1205,1801,1516,1366,1191,1286,856,921,1142,1255,1566,1474,1407,1179,1083,946,763,2475
" Хомут 3,6х200 черные IEK (100)",упак,240100053_,1232,1291,678,1230,1909,2098,2030,979,1104,1800,3340,1900,3134,2658,2572,2072,1725,1537,2200,2321,1277,2945,2494,2613,2916,3133,3104,2634,3053,2280,1728,1574,1137,1232
" Хомут 3,6х300 IEK (100)",упак,240100006_,1082,870,1744,780,1790,1382,1750,899,1747,1910,2530,2089,2206,1998,2047,2187,1881,1636,1472,1477,1112,797,1142,1138,1251,1120,1196,1075,1063,907,857,770,620,1082
" Хомут 3,6х300 черные IEK (100)",упак,240100054_,82,424,450,649,620,520,593,415,66,2540,1901,1476,1735,1726,1743,1637,1819,1581,1228,1483,835,2187,1976,2183,1992,1711,1232,945,1633,1851,1034,1449,1665,82
" Хомут 3,6х350 IEK (100)",упак,240100007_,135,119,59,45,76,77,43,19,58,118,129,163,138,117,156,153,153,152,138,77,63,80,20,85,69,61,75,74,51,90,74,106,96,135
" Хомут 4,8х200 IEK (100)",упак,240100185_,98,62,44,103,82,71,120,51,27,48,71,150,140,107,101,105,139,92,84,26,6,5,10,35,16,80,46,46,45,49,19,52,44,98
" Хомут 4,8х200 черные (100) IEK",упак,240100208_,275,285,240,287,201,263,200,47,37,72,711,690,428,435,64,89,202,217,274,51,5,446,320,426,387,476,394,219,557,655,383,514,510,275
" Хомут 4,8х250 IEK (100)",упак,240100026_,196,205,124,194,72,317,288,250,161,158,182,200,238,209,296,271,286,263,233,270,190,280,213,126,249,194,174,175,189,160,120,213,166,196
" Хомут 4,8х300 черные IEK (100)",упак,240100094_,96,416,251,431,259,295,224,210,8,1131,839,815,146,899,879,737,878,124,191,662,394,885,1019,908,1269,983,720,610,1047,1212,982,1012,883,96
" Хомут 4,8х350 IEK (100)",упак,240100106_,119,87,143,126,139,116,56,59,128,102,187,140,175,148,161,86,90,133,70,92,85,99,84,85,4,104,70,68,63,50,41,24,19,119
" Хомут 4,8х500 IEK (100)",упак,240100012_,3,11,56,34,32,16,6,4,,25,21,17,7,1,45,45,,,,,,,,,4,10,27,23,19,16,9,3,1,3
" Хомут 7,6х500 IEK (100)",упак,240100013_,115,104,85,98,74,87,122,115,96,89,99,76,90,44,50,47,55,70,48,33,13,67,69,62,75,75,68,67,72,107,107,89,89,115
 ЩМП- 1 IP 31 (395х310х220) IEK,шт,250200001_,8,15,14,4,6,6,7,7,3,4,7,23,12,8,4,9,12,10,12,14,14,12,12,11,9,9,9,8,4,4,2,2,2,8
 ЩМП- 1 IP 54 (395х310х220) IEK,шт,250200002_,16,14,6,7,,,,,1,20,32,13,2,,,22,13,13,14,19,16,23,22,19,18,14,11,12,13,12,10,9,6,16
 ЩМП- 2 IP 31 (500х400х220) IEK,шт,250200003_,33,25,31,28,32,31,56,38,28,14,43,23,18,26,23,25,23,21,34,6,3,29,29,27,25,16,15,9,9,12,11,15,11,33
 ЩМП- 2 IP 54 (500х400х220) IEK,шт,250200004_,3,9,27,23,20,,4,,,8,1,54,5,3,,39,30,13,38,36,24,42,21,38,36,34,34,27,26,23,14,17,16,3
 ЩМП- 3 IP 31 (650х500х220) IEK,шт,250200006_,11,14,31,28,27,22,25,21,20,5,5,36,23,18,12,28,27,27,21,26,21,18,19,13,21,19,5,13,19,17,18,23,10,11
 ЩМП- 3 IP 54 (650х500х220) IEK,шт,250200007_,44,25,15,17,6,37,15,1,,32,2,,,,,,40,36,19,23,13,20,28,26,25,23,25,19,21,13,,24,33,44
 ЩМП- 4 IP 31 (800х650х250) IEK,шт,250200008_,13,4,12,9,5,1,18,14,7,3,20,18,26,23,19,18,14,10,12,14,17,16,9,11,11,13,13,12,11,11,5,7,13,13
 ЩМП- 4 IP 54 (800х650х250) IEK,шт,250200009_,,,,,,,,,,,,7,,1,,4,6,5,2,6,4,3,5,4,10,13,13,13,13,9,8,8,8,
 ЩМП- 5 IP 31 (1000х650х300) IEK,шт,250200041_,8,6,7,7,7,6,6,5,4,4,9,1,1,1,1,10,10,5,4,7,6,5,5,1,1,4,4,4,3,3,2,2,8,8
 ЩМП- 5 IP 54 (1000х650х300) IEK,шт,250200042_,9,6,6,11,10,4,,,,10,5,6,2,,,8,9,6,3,10,2,15,6,3,8,7,12,7,6,2,11,14,15,9
 ЩМП- 6 IP 31 (1200х750х300) IEK,шт,250200050_,,5,5,3,4,3,1,,,1,3,1,,,,3,6,4,2,5,1,7,5,6,6,6,6,6,6,6,6,6,6,
 ЩМП- 6 IP 54 (1200х750х300) IEK,шт,250200051_,,,,,,,,,,,1,1,1,1,1,1,,2,2,2,,2,,,1,2,2,2,1,,3,3,3,
 ЩМП- 7 IP 31 (1320х750х300) IEK,шт,250200037_,,6,6,5,4,4,2,1,2,3,2,1,4,2,1,2,1,2,3,4,4,2,4,4,3,3,3,3,3,3,3,3,3,
 ЩМП- 7 IP 54 (1415х665х295) IEK,шт,250200054_,11,6,4,4,,,,1,,8,3,2,1,1,1,4,6,4,4,4,4,4,,,2,2,2,2,2,2,2,2,2,11
 ЩМПп- 1 (400х300х220) IP65 IEK ,шт,250600129_,7,53,50,39,34,19,5,28,,16,59,20,17,,,16,40,56,3,64,52,49,59,62,48,32,41,18,20,19,54,50,45,7
 ЩМПп- 2 (500х400х240)  IP65 IEK,шт,250600130_,18,14,24,14,15,7,2,1,67,57,46,4,,,,25,17,13,11,33,31,28,24,27,21,18,14,13,12,4,,13,13,18
 ЩМПп- 3 (600х400х200)  IP65 IEK ,шт,250600131_,4,3,16,19,23,22,14,1,1,21,15,23,25,12,1,,35,27,8,32,26,23,18,29,23,22,7,5,9,,17,28,21,4
 ЩМПп- 4 (800х600х260)  IP65 IEK,шт,250600132_,3,2,2,2,1,1,,,,,,2,3,2,1,1,1,,1,1,1,1,3,3,3,3,2,2,2,2,1,1,2,3
 Ящик  ЯТП(укп) 220/12 IEK (1),шт,270300001_,11,8,35,31,35,21,38,42,33,24,,,40,36,27,23,19,2,37,32,24,23,15,2,18,27,35,32,19,13,27,24,24,11
 Ящик  ЯТП(укп) 220/24 IEK  (1),шт,270300002_,9,3,9,2,1,,,,,,18,7,30,30,27,26,26,18,16,15,13,11,10,12,4,1,7,8,6,6,4,4,2,9
 Ящик  ЯТП(укп) 220/36-3 IEK  (1),шт,щщщ0116157,,,,,,,,,,,15,15,15,15,15,20,20,20,19,17,,,,,,,,,,,,,,
 Ящик  ЯТП(укп) 220/42 IEK (1),шт,270300004_,6,8,1,6,3,4,4,3,,,12,8,9,9,6,3,3,3,3,2,1,2,4,1,1,1,1,2,3,3,1,1,2,6
 Ящик  ЯТП(укп) 230/36 IEK  (1),шт,270300003_,107,107,219,185,222,101,24,,,,224,393,306,265,199,126,55,31,,103,94,232,242,215,107,121,109,116,148,123,148,161,166,107
 Ящик  ЯТП(укп) 380/36 IEK (1),шт,270300007_,,2,2,2,1,1,1,1,,,,1,3,3,3,2,1,1,1,1,1,1,1,1,1,1,1,1,,,,,1,
"773-302 Клемма (2,5мм 32А)  TDM (100) !!!",шт,130300418_,925,825,825,825,825,825,,,,,,,,,,,,,,,,,,,,,,,,,,,,925
ARMAT (1ф)  1А В   IEK !!!,шт,яяярп5540,,,,,,1,1,1,1,1,1,1,1,1,1,1,1,1,1,1,1,1,1,1,1,1,1,1,1,1,1,1,1,
ARMAT (1ф) 10А C IEK (1),шт,010700134_,544,533,534,518,504,493,483,471,442,411,354,354,331,265,222,142,138,8,105,47,,77,86,40,86,114,115,144,100,102,32,130,124,544
ARMAT (1ф) 16А C IEK (1),шт,010700135_,2155,2095,2089,2043,1958,1917,1876,1848,1771,1721,1680,1653,1634,1544,1434,1381,1376,1307,1328,1232,109,97,100,3,111,211,180,209,201,247,254,347,288,2155
ARMAT (1ф) 20А C IEK (1),шт,010700136_,575,575,575,536,524,522,522,520,507,507,507,507,494,494,494,491,490,461,432,420,4,16,,17,25,23,43,42,19,34,32,29,26,575
ARMAT (1ф) 25А C IEK (1),шт,010700137_,2223,2196,2153,2132,2090,2059,2055,2026,1975,1959,1890,1855,1845,1791,1778,1761,1349,1300,1284,1253,345,326,276,263,256,192,183,203,208,169,158,138,99,2223
ARMAT (1ф) 32А C IEK (1),шт,010700138_,442,441,441,437,426,424,424,423,422,422,420,419,419,407,407,405,404,402,402,402,20,20,16,16,8,8,15,9,9,13,14,14,11,442
ARMAT (1ф) 40А C IEK (1),шт,010700139_,236,236,236,236,236,224,224,224,224,223,222,222,222,222,222,221,220,224,242,242,23,23,23,23,23,23,5,4,4,3,2,2,1,236
ARMAT (1ф) 50А C IEK (1),шт,010700140_,59,59,59,59,59,59,59,59,59,59,59,59,59,53,53,53,53,53,53,52,4,4,4,4,3,3,13,13,13,12,12,12,12,59
ARMAT (1ф) 63А C IEK (1),шт,010700141_,116,116,116,116,116,116,116,116,116,116,116,116,115,115,115,115,108,114,114,114,8,8,8,8,7,7,7,7,6,5,5,5,5,116
ARMAT (1ф) 6А C IEK (1),шт,010700133_,533,533,533,533,475,465,464,420,382,364,338,278,168,168,107,96,111,81,109,97,77,69,88,6,63,89,78,69,70,22,,86,78,533
ARMAT (2ф) 10А C IEK (1),шт,010700143_,60,60,60,60,60,60,60,60,60,60,60,60,60,60,60,60,60,56,56,56,6,6,6,6,6,5,5,4,4,3,2,2,2,60
ARMAT (2ф) 16А C IEK (1),шт,010700144_,113,108,108,100,92,87,87,87,87,87,86,85,85,82,82,82,74,54,57,57,12,11,4,9,9,9,12,10,11,10,9,7,7,113
ARMAT (2ф) 20А C IEK (1),шт,010700145_,60,60,60,60,60,60,60,60,60,60,59,59,59,59,59,59,59,59,59,59,9,9,9,9,9,9,9,8,8,7,7,7,7,60
ARMAT (2ф) 25А C IEK (1),шт,010700146_,70,52,50,49,33,48,45,32,31,39,38,37,37,30,27,27,21,20,18,15,11,8,1,5,6,11,33,32,28,27,26,22,19,70
ARMAT (2ф) 32А C IEK (1),шт,010700147_,110,110,110,109,108,108,108,108,108,107,106,105,105,102,102,102,101,92,90,89,17,12,5,5,8,11,17,13,9,6,9,14,13,110
ARMAT (2ф) 40А C IEK (1),шт,010700148_,117,116,117,115,114,114,114,114,113,113,113,112,112,112,108,108,107,107,108,108,9,9,1,3,2,9,4,8,7,6,5,8,4,117
ARMAT (2ф) 50А C IEK (1),шт,010700149_,59,59,59,59,59,58,56,54,54,53,53,53,53,52,51,50,50,50,50,50,10,10,10,5,5,4,9,9,8,7,6,6,6,59
ARMAT (2ф) 63А C IEK (1),шт,010700150_,57,57,57,57,57,57,57,57,57,57,57,57,57,57,57,57,57,57,57,57,7,7,1,1,,3,7,7,7,5,5,4,4,57
ARMAT (2ф) 6А C IEK (1),шт,010700142_,60,60,60,60,60,60,60,60,60,60,60,60,60,60,60,59,59,59,59,59,4,4,4,4,4,4,4,3,3,2,2,2,2,60
ARMAT (3ф) 10А C IEK (1),шт,010700152_,118,118,118,118,118,118,118,117,117,116,116,116,115,116,116,116,116,116,116,116,6,6,6,6,6,6,6,6,3,2,73,21,21,118
ARMAT (3ф) 16А C IEK (1),шт,010700153_,113,113,111,108,98,98,96,90,84,70,66,66,64,65,63,52,52,52,59,59,18,18,14,8,8,12,13,19,16,20,10,23,18,113
ARMAT (3ф) 20А C IEK (1),шт,010700154_,39,39,39,39,39,39,39,38,38,36,36,36,36,36,36,31,31,31,29,25,5,5,5,5,5,4,9,8,8,7,7,7,7,39
ARMAT (3ф) 25А C IEK (1),шт,010700155_,96,95,93,88,77,75,69,58,48,42,42,32,19,19,9,9,9,9,2,,,7,8,7,12,18,27,22,8,24,25,26,22,96
ARMAT (3ф) 32А C IEK (1),шт,010700156_,111,111,109,95,82,76,76,71,70,62,62,60,48,46,40,35,34,35,34,28,5,8,8,6,9,15,30,19,11,15,19,21,22,111
ARMAT (3ф) 40А C IEK (1),шт,010700158_,107,106,104,103,100,98,98,95,94,93,92,91,84,83,81,79,79,69,72,68,17,14,10,4,7,10,20,16,13,11,14,15,11,107
ARMAT (3ф) 50А C IEK (1),шт,010700159_,79,79,79,73,72,72,72,72,70,68,66,66,64,61,56,50,50,51,50,48,8,6,4,7,7,1,9,6,8,5,7,10,7,79
ARMAT (3ф) 63А C IEK (1),шт,010700160_,68,67,63,59,42,40,9,7,27,27,26,25,19,19,19,17,17,17,23,23,17,15,9,5,5,8,20,15,12,15,9,18,18,68
ARMAT (3ф) 6А C IEK (1),шт,010700151_,78,78,78,78,78,78,78,76,76,76,76,76,76,76,74,74,74,74,74,74,9,9,9,9,9,9,9,8,8,7,7,7,7,78
ARMAT (4ф) 25А С  IEK (1),шт,AR-M06N-4-C025,,,,,,,,,,,,,,,,,,,,,,,,,,,,,,,,,,
ARMAT Автоматический выключатель M06N 4P C 32А IEK,шт,AR-M06N-4-C032,,,,,,,,,,,,,,,,,,,1,,,,,,,,,,,,,,,
ARMAT Контактор модульный KMR 40А 230В AC 2НО IEK,шт,AR-KMR10-040-20-230,,,,,,,,,,,,,,,,,,,,,,,,,,,,,,,,,,
ARMAT Контактор модульный KMR 40А 230В AC 4НО IEK,шт,AR-KMR10-040-40-230,,,,,,,,,,,,,,,,,,,1,,,,,,,,,,,,,,,
ARMAT Контактор модульный KMR 63А 230В AC 2НО 2НЗ IEK,шт,AR-KMR10-063-22-230,,,,,,,,,,,,,,,,,,,,,,2,,,,,,,,,,,,
ARMAT Контактор модульный KMR 63А 230В AC 4НО IEK,шт,AR-KMR10-063-40-230,,,,,,,,,,,,,,,,,,,1,,,,,,,,,,,1,1,1,1,
BRITE Выключатель 1-клавишный перекрестный 10А ВС10-1-3-БрТБ темная бронза IEK,шт,030201049_,100,100,100,100,100,100,100,100,100,100,100,100,100,100,100,100,100,100,95,95,95,93,93,85,85,84,84,84,83,83,83,83,83,100
BRITE Рамка 1-местная РУ-1-2-Бр стекло эко грин RE IEK,шт,BR-M12-G-41-K06,,,,,,,,,,,,,,,,,,,,,,,,,,,,,,,,,,
BRITE Рамка 1-местная РУ-1-2-БрП стекло персиковый матовый IEK,шт,BR-M12-G-31-K96,,,,,,,,,,,,,,,,,,,,,,,,,,,,,,,,,,
BRITE Рамка 2-местная РУ-2-2-БрП стекло персиковый матовый IEK,шт,BR-M22-G-31-K96,,,,,,,,,,,,,,,,,,,,,,,,,,,,,,,,,,
BRITE Рамка 5-местная РУ-5-БрЖ жемчуг IEK,шт,030200754_,33,28,28,28,,,,,,,,,,,,,,,,,,,,,,,,,,,,,,33
BRITE Рамка 5-местная РУ-5-БрТБ темная бронза IEK,шт,030201032_,50,50,50,50,50,50,50,50,50,50,49,48,48,47,47,47,47,47,37,32,32,32,32,32,29,29,29,29,29,29,29,29,28,50
BRITE Роз. USB A+C 18Вт РЮ11-1-БрЖ жемч. IEK,шт,030200761_,,,,,,,,,,,,,,,,,,,,,,,,,,,,,,,,,,
BRITE Розетка 1-местная без заземления без защитных шторок 10А РС10-1-0-БрМ маренго IEK,шт,030200564_,100,100,100,100,100,100,100,100,100,100,80,80,57,23,23,23,23,23,18,18,18,18,18,18,18,18,18,18,18,17,17,17,17,100
BRITE Розетка 1-местная с заземлением с защитными шторками и крышкой 16А IP44 РСбш10-3-44-БрГ графит,шт,030201012_,50,50,49,35,25,25,25,25,,,1,1,1,1,1,1,1,1,,,,,,,,,,,14,14,14,13,13,50
BRITE Розетка 1-местная с заземлением с защитными шторками и крышкой 16А IP44 РСбш10-3-44-БрЖ жемчуг,шт,030201024_,20,10,10,10,,,,,,,,,,,,,,,,,,,,,,,,,,,,,,20
BRITE Розетка 1-местная с заземлением с защитными шторками и крышкой 16А IP44 РСбш10-3-44-БрС сталь,шт,BR-R16-16-44-K46,40,40,40,40,40,40,40,40,40,40,17,17,17,15,15,15,15,15,15,15,15,15,14,14,14,14,14,13,13,13,13,13,13,40
BRITE Розетка 1-местная с заземлением с защитными шторками и крышкой 16А IP44 РСбш10-3-44-БрЧ черный,шт,BR-R16-16-44-K02_,40,40,40,10,10,10,10,10,10,10,8,4,4,4,4,4,4,4,,,,,,,,,,,,,,,,40
BRITE Розетка 1-я с/з с/ш и крышкой 16А IP44 РСбш10-3-44-БрШ шампань IEK,шт,BR-R16-16-44-K37,10,10,10,10,10,10,10,10,10,10,10,,,,,,,,,,,,,30,28,28,28,28,26,26,26,26,26,10
BRITE Розетка 1-я с/з с/щ и крышкой 16А IP44 РСбш10-3-44-БрА алюминий IEK,шт,030201031_,20,20,20,10,10,10,10,10,10,10,9,8,8,8,1,1,1,1,,,,,,,,,,,,,,,,20
BRITE Розетка 2-местная с заземлением с защитными шторками и крышкой 16А в сборе IP44 РСбш12-3-44-Бр,шт,BR-R26-16-44-K02-F,10,10,10,10,10,10,10,10,10,10,10,10,10,10,10,10,10,10,10,10,10,10,10,10,10,10,10,10,10,10,10,10,10,10
BRITE Розетка 2-местная с заземлением с защитными шторками и крышкой 16А в сборе IP44 РСбш12-3-44-Бр,шт,BR-R26-16-44-K37-F,10,10,10,10,10,10,10,10,10,10,10,10,10,10,10,10,10,10,10,10,10,10,10,10,10,10,10,10,9,9,9,9,9,10
"BRITE Розетка 2я TV+RJ45 кат.5Е бежевый механизм, РТВ/РК12-БрКр ИЭК NEW",шт,030201021_,,,,,,,,,,,10,10,10,10,10,10,10,10,10,10,10,10,10,10,10,10,10,10,10,10,10,10,10,
BRITE Розетка HDMI РHDMI-0-БрС сталь IEK,шт,BR-H10-K46,,,,,,,,,,,,,,,,,,,8,8,8,8,8,8,8,8,8,,,,,,,
BRITE Розетка HDMI РHDMI-0-БрШ шампань IEK,шт,BR-H10-K37,,,,,,,,,,,,,,,,,,,,,,,,,,,,,,,,,,
"BRITE Розетка USB A+A 5В 3,1А РЮ10-1-БрМ маренго IEK",шт,BR-U21-D31-K35,4,4,1,1,1,1,1,1,1,1,1,1,1,1,,,,,,,,,,,,,,,,,,,,4
"BRITE Розетка USB A+A 5В 3,1А РЮ10-1-БрС сталь IEK",шт,BR-U21-D31-K46,,,,,,,,,,,,,,,,,,,5,5,5,5,5,5,5,5,5,,,,,,,
"BRITE Розетка USB A+A 5В 3,1А РЮ10-1-БрШ шампань IEK",шт,BR-U21-D31-K37,10,10,10,8,4,4,4,4,4,4,4,4,4,4,4,4,4,4,4,4,4,4,4,4,4,3,3,3,2,2,,,,10
BRITE Розетка двойная RJ11+RJ45 кат.5E РК/Т12-БрМ маренго IEK,шт,030200786_,50,50,50,50,50,50,50,50,50,50,50,50,50,50,50,50,50,50,45,45,45,45,45,45,45,45,45,45,45,45,45,45,45,50
BRITE Розетка двойная RJ11+RJ45 кат.5E РК/Т12-БрТБ темная бронза IEK,шт,BR-KT20-O-1-K45,50,50,50,50,50,50,50,50,50,50,50,50,50,50,50,50,50,50,40,40,40,40,40,40,40,40,40,40,40,40,40,40,40,50
BRITE Розетка двойная TV+RJ45 кат.5E РТВ/РК12-БрГ графит IEK,шт,BR-AK20-1-K53,,,,,,,,,,,,,,,,,,,28,28,28,28,28,28,28,28,28,27,27,27,27,27,27,
BRITE Розетка двойная TV+RJ45 кат.5E РТВ/РК12-БрЖ жемчуг IEK,шт,030200523_,,,,,,,,,,,,,,,,,,,1,1,1,1,1,1,1,1,1,1,1,1,1,1,1,
BRITE Розетка двойная TV+RJ45 кат.5E РТВ/РК12-БрМ маренго IEK,шт,BR-AK20-1-K35_,10,,,,,,,,,,,,,,,,,,,,,,,,,,,,,,,,,10
BRITE Розетка компьютерная двойная RJ45 кат.5E РК10-2-БрМ маренго IEK,шт,BR-K20-1-K35,60,60,60,60,60,60,60,60,60,60,60,60,60,59,57,57,57,57,52,52,48,48,48,48,48,48,48,48,48,48,47,47,47,60
BRITE Розетка компьютерная двойная RJ45 кат.5E РК10-2-БрТБ темная бронза IEK,шт,BR-K20-1-K45,50,50,50,50,50,50,50,50,50,50,50,48,48,48,48,48,48,48,43,43,43,43,43,41,41,41,32,32,32,32,32,31,31,50
BRITE Розетка компьютерная двойная кат.5E RJ45 РК10-2-БрЖ жемчуг IEK,шт,BR-K20-1-K36,,,,,,,,,,,,,,,,,,,38,38,38,38,38,38,38,38,38,38,38,38,38,38,38,
BRITE Светорегулятор поворотно-нажимной 600Вт СС10-1-0-БрШ шампань IEK,шт,BR-D20-0600-K37,,,,,,,,,,,,,,,,,,,,,,,,,,,,,,,,,,
BRITE Термостат электронный с инд. ТС10-1-БрКр беж. IEK,шт,BR-RT11-K10,,,,,,6,6,6,6,6,6,6,6,6,6,6,6,6,6,6,6,6,6,6,6,4,3,3,,,,,,
DIN-рейка  (30 см) IEK (50),шт,130200035_,,,,,,,,,,,,,,,,,,,,,,,,,,,,,2,2,2,2,2,
DIN-рейка  (60см) IEK (20),шт,130200034_,,,,,,,,,,,,,,,,,,2,2,2,2,,,,,,,,,,,,,
DIN-рейка (125cм) IEK (20),шт,130200036_,1397,1234,1402,1225,1087,996,843,1037,670,177,724,337,85,49,932,1135,1085,808,698,908,775,765,661,566,488,423,317,275,379,299,310,18,148,1397
ELASTA Держатель с защелкой CF16 IEK,шт,CTA10D-CF16-K41-100,,,,,,,,,,,,,,,,,,,,,,,,,,,,,,,,,,
ELASTA Держатель с защелкой CF20 IEK,шт,CTA10D-CF20-K41-100,,,,,,,,,,,,,,,,,,,,,,,,,,,,,,,,,,
ESCA Лоток перфорированный 80х150х3000 IEK,м,CLP10-080-150-3,,,,,,,,,,,,,,,,,,,,,,,,,,,,,,,,,,
ESCA Поворот верт. внутр. 90град 100х200мм IEK,шт,CLP1V-100-200,,,,,,,,,,,,,,,,,,,,,,,,,,,,,,,,,,
"F/UTP (24 AWG), кат.5Е экран, 4 пары, LDPE внеш.черный 305м ITK ",м,200400250_,14825,17035,12205,12270,17489,16643,20407,19752,23895,19595,12469,17004,20578,18366,12898,15283,14667,8752,9382,18792,15645,16605,18030,17420,16755,13545,11675,9340,7325,5495,4885,7330,4950,14825
FORTE&PIANO Выключатель 1-клавишный 10А FP301 серый IEK,шт,FP-V10-0-10-1-K03,,,,,,,,,,,,,,,,,,,,,,,,,,,,,,,,,,
FORTE&PIANO Выключатель 1-клавишный 10А FP401 ваниль IEK,шт,FP-V10-0-10-1-K10,,,,,,,,,,,,,,,,,,,18,,,,,,,,,,,,,,,
FORTE&PIANO Выключатель 1-клавишный перекрестный 10А FP312 серый IEK,шт,FP-V13-0-10-1-K03,,,,,,,,,,,,,,,,,,,,,,,,,,,,,,,,,,
FORTE&PIANO Выключатель 1-клавишный перекрестный 10А FP412 ваниль IEK,шт,FP-V13-0-10-1-K10,,,,,,,,,,,,,,,,,,,7,,,,,,,,,,,,,,,
FORTE&PIANO Выключатель 1-клавишный проходной 10А FP303 серый IEK,шт,FP-V12-0-10-1-K03,,,,,,,,,,,,,,,,,,,,,,,,,,,,,,,,,,
FORTE&PIANO Выключатель 1-клавишный проходной 10А FP403 ваниль IEK,шт,FP-V12-0-10-1-K10,,,,,,,,,,,,,,,,,,,25,,,,,,,,,,,,,,,
FORTE&PIANO Выключатель 2-клавишный 10А FP305 серый IEK,шт,FP-V20-0-10-1-K03,,,,,,,,,,,,,,,,,,,,,,,,,,,,,,,,,,
FORTE&PIANO Выключатель 2-клавишный 10А FP405 ваниль IEK,шт,FP-V20-0-10-1-K10,,,,,,,,,,,,,,,,,,,7,,,,,,,,,,,,,,,
FORTE&PIANO Розетка 1-местная с заземлением с защитными шторками безвинтовое крепление 16А FP313 сер,шт,FP-R14-16-1-K03,,,,,,,,,,,,,,,,,,,,,,,,,,,,,,,,,,
FORTE&PIANO Розетка 1-местная с заземлением с защитными шторками безвинтовое крепление 16А FP413 ван,шт,FP-R14-16-1-K10,,,,,,,,,,,,,,,,,,,77,,,,,,,,,,,,,,,
FORTE&PIANO Розетка компьютерная RJ45 кат.6 FP331 серый IEK,шт,FP-K10-2-K03,,,,,,,,,,,,,,,,,,,,,,,,,,,,,,,,,,
FORTE&PIANO Розетка компьютерная RJ45 кат.6 FP431 ваниль IEK,шт,FP-K10-2-K10,,,,,,,,,,,,,,,,,,,2,,,,,,,,,,,,,,,
I10 розетка TV КВАРТА РТВ 10-КБ (200),шт,200400015_,17,17,17,17,14,1,11,11,11,11,11,11,11,11,1,1,1,1,1,1,1,1,1,5,5,5,5,5,5,2,2,,,17
I11 розетка тел. КВАРТА РТ10-КБ (10/200),шт,200400011_,19,19,19,29,29,25,25,25,25,25,14,24,24,24,24,24,24,24,24,24,24,24,24,24,24,24,24,24,24,24,24,24,24,19
I12 диммер КВАРТА ВСР 10-1-0-КБ (160),шт,280300231_,12,12,4,11,7,8,7,3,3,3,17,15,15,15,,12,7,7,6,13,13,12,11,11,10,10,9,9,9,8,8,8,7,12
I13 роз. комп КВАРТА РК10-КБ (200),шт,280300147_,59,58,57,59,58,57,57,54,,30,11,20,19,19,17,17,16,16,16,12,18,18,18,18,18,18,18,18,18,15,15,15,15,59
I14 роз. 2-я комп+тел КВАРТА РК/Т12-КБ (200) ,шт,200400014_,10,10,10,10,10,10,10,10,10,10,10,10,10,10,10,10,10,10,10,10,10,10,10,10,10,10,10,10,10,10,9,9,9,10
I15 Рамка 2-я КВАРТА (760) ,шт,200400016_,273,248,242,219,188,155,82,77,15,90,79,83,83,82,82,47,123,113,90,74,69,69,66,73,72,72,72,72,72,55,55,42,4,273
I16 Рамка 3-я КВАРТА (500) ,шт,200400017_,90,56,76,72,47,64,16,38,17,46,44,34,33,28,28,18,18,10,,20,12,6,,40,40,40,40,40,37,30,29,23,23,90
I17 Рамка 4-я КВАРТА (380) ,шт,200400018_,18,16,15,15,16,30,28,1,38,34,32,32,31,20,19,19,19,19,17,14,14,14,13,13,12,12,12,12,12,6,6,5,5,18
I18 выкл. 1кл. о/у 10А ОКТАВА ВС 20-1-0-ОБ (36/432) ,шт,200400019_,489,1054,943,857,1213,785,653,288,4,687,1149,931,1461,1057,284,286,965,860,669,599,552,297,555,454,265,101,398,362,277,252,65,178,194,489
I19 выкл. 2кл. о/у 10А ОКТАВА ВС 20-2-0-ОБ (36/432) ,шт,200400021_,113,227,368,318,355,273,192,226,99,364,301,290,215,194,148,119,103,61,38,146,120,27,12,109,30,22,123,113,89,79,51,41,57,113
I20выкл. 1кл. с инд. о/у 10А ОКТАВА ВС 20-1-1-ОБ (36/432) ,шт,200400020_,19,39,23,1,71,58,57,3,37,36,24,13,46,30,13,11,6,8,70,61,53,24,10,43,40,40,40,38,34,34,27,15,15,19
I21 выкл. 2кл. с инд. о/у 10А ОКТАВА ВС 20-2-1-ОБ (36/432) ,шт,200400022_,30,29,29,27,27,24,19,18,15,6,5,5,5,5,5,5,5,4,31,30,29,27,38,72,34,33,33,33,32,29,26,25,19,30
I22 роз. о/у 10А ОКТАВА РС 20-2-0-ОБ (36/432) ,шт,200400023_,351,201,192,121,262,221,169,118,1,217,275,267,267,210,205,133,154,149,125,151,120,84,65,65,65,61,61,60,59,57,5,41,38,351
I23 роз. о/у з/к 16А ОКТАВА РС 20-3-0-ОБ (30/360),шт,200400024_,400,630,390,642,459,567,93,23,25,455,660,809,878,669,521,532,504,324,123,508,450,345,436,293,223,204,437,451,429,269,319,137,41,400
I24 роз. 2-я о/у 10А ОКТАВА РС 22-2-0-ОБ (24/288),шт,200400025_,648,692,468,449,878,556,406,185,19,241,1046,440,874,454,622,694,628,498,471,383,378,370,321,269,259,239,227,167,156,145,136,92,82,648
I25 роз. 2-я о/у з/к 16А ОКТАВА РС 22-3-0-ОБ (18/216),шт,200400026_,1896,931,1497,1520,1540,1150,1105,761,436,1688,1905,1085,1373,859,971,1071,1784,1482,1103,1155,1171,834,1063,840,5,286,971,808,705,616,337,677,132,1896
I26 выкл 1кл о/у белый IP54 ГЕРМЕС IEK ВС20-1-0-ГПБ  (10/100) ,шт,200400029_,728,727,593,424,558,481,310,331,24,379,542,358,654,205,491,299,312,350,466,533,344,252,118,17,1,1,318,277,150,182,14,170,91,728
I27 выкл 2кл о/у белый IP54 ГЕРМЕС IEK ВС20-2-0-ГПБ  (10/100) ,шт,200400030_,100,141,10,94,109,69,110,88,57,103,96,99,140,105,99,77,89,52,66,44,46,56,76,69,39,39,97,107,116,110,59,35,41,100
I28 роз з/к о/у дымчатый IP54 ГЕРМЕС IEK РСб20-3-ГПБд  (10/100) ,шт,200400027_,873,980,526,794,684,382,525,637,319,510,549,621,913,349,450,314,294,108,339,190,15,441,560,309,139,91,354,304,229,56,82,410,377,873
I29 роз 2-я з/к о/у дымчатый IP54 ГЕРМЕС IEK РСб22-3-ГПБд  (5/50) ,шт,200400028_,1014,894,635,782,669,565,416,291,57,441,759,678,768,455,568,586,544,685,605,571,293,335,523,621,549,506,534,400,402,445,350,463,271,1014
I30 Выкл 1кл о/у серый IP54 ФОРС IEK ВС20-1-0-ФСр (10/100),шт,280300232_,290,97,31,6,2,1,60,14,,64,16,8,316,93,53,30,9,6,,,,,,,,,,,4,1,1,,,290
I31 Выкл 2кл о/у серый IP54 ФОРС IEK ВС20-2-0-ФСр (10/100) ,шт,280300235_,,,,,,,29,2,,28,4,3,1,16,8,8,6,5,5,5,5,3,,,,,,,,,,,,
I32 Роз з/к о/у серый IP54 ФОРС IEK РСб20-3-ФСр (10/100),шт,280300236_,246,151,67,9,9,9,130,51,9,61,11,258,254,,,,10,3,7,5,3,3,2,2,,,,,1,1,1,,,246
I33 Роз 2-я з/к о/у серый IP54 ФОРС IEK РСб22-3-ФСр (5/60),шт,280300237_,45,406,317,257,9,9,141,24,9,2,24,213,281,162,80,53,9,,,,,,,,,,,,,,,,2,45
I6б роз. с/у з/к с/ш с крышкой 16А КВАРТА (200) РСбш 10-3-КБ !,шт,200400010_,39,39,39,39,39,39,39,39,39,39,39,39,39,39,39,39,39,39,36,36,36,36,36,36,36,36,36,36,36,36,36,36,36,39
ITK Органайзер кабельный вертикальный 75х12мм 42U черный,шт,CO05-07542-R,,,,,,,,,,,,,,,,,,,,,,,,,,,,,,,,,,
ITK Разъём RJ-45 FTP для кабеля кат.6A полевая заделка,шт,CS3-1C6AF-Q,,,,,,,,,,,,,,,,,,,,,,,,,,,,,,,,,,
"KARAT Авт. выкл. ВА47-29 1P C 0,5А 4,5кА IEK",шт,MVA20-1-D05-C,,,,,,,,,,,,,,,,,,,,,,,,,,,,,,,,,,
KARAT Автоматический выключатель ВА47-150 3P D 100А 15кА IEK,шт,MVA50-3-100-D,,,,,,,,,,,,,,,,,,1,1,1,1,1,1,1,1,1,1,1,1,1,1,1,1,
KARAT Автоматический выключатель ВА47-60M 3P C 25А 6кА IEK,шт,MVA31-3-025-C,,,,,,,,,,,,,,,,,,3,3,3,3,3,3,3,3,3,3,3,3,3,3,3,3,
KARAT Выключатель нагрузки (мини-рубильник) ВН-32 1P 40А IEK,шт,MNV10-1-040,,,,,,,,,,,,,,,,,,,,,,,,,,,,,,,,,,
KARAT Дифференциальный автомат АД14 4P 16А 100мА тип AC IEK,шт,MAD10-4-016-C-100,,,,,,,,,,,,,,,,,,34,34,34,34,34,34,34,34,34,34,34,34,34,34,34,34,
"LBAL001 L-office Balance 30/Д/5,0К/03/SD/IP40 LEDEL IEK",шт,LBAL001,,,2,1,1,1,1,1,1,,,,,,,,,,,,,,,,,,,,,,,,,
"LED A60 ""Шар"" 11w 230v 6500К E27 IEK",шт,151300042_,2,2,2,2,2,2,2,2,2,2,2,2,2,2,2,2,2,2,2,2,2,2,2,2,,,,,,,,,,2
"LED C35 ""Свеча"" 7w 230v 4000К E27 IEK",шт,ярп40132,44,27,27,27,27,27,27,27,23,23,23,23,23,23,18,18,18,18,18,18,18,18,18,18,16,16,16,16,16,16,16,10,10,44
LED G45 5w 230v 3000К E27 IEK,шт,яярп4811,564,499,499,479,432,427,427,416,416,386,386,368,268,268,268,268,268,268,208,208,208,208,178,178,178,177,177,176,176,176,176,176,176,564
"LED R50 ""ECO"" 5w 230v 4000K E14 IEK (1) ",шт,081100289_,,,,,,,,,,,6,9,8,8,8,3,,,,,,,,,,,,,,,,,,
LED ДБА ВЫХОД 220В 301х101х20 (батарея на 10 часов) IP52 IEK !,шт,ярп40271,2,2,5,,9,9,9,9,4,2,2,2,2,,,,,,,,,,,,,,,,,,,,,2
LED ДБА ВЫХОД 24В 301х101х20 IP52 IEK !!!,шт,ярп40269,,,,,17,17,7,7,7,7,7,7,7,7,7,7,5,5,5,5,,,,,,,,,,,,,,
LED ДБА ОСНОВАНИЕ без пиктограммы (белый) 220В 301х101х20 IP52 IEK !,шт,ярп40267,20,14,14,10,,5,5,3,4,4,4,4,4,4,4,4,4,4,4,4,2,2,2,2,2,2,2,,,,,,,20
LED ДБА ОСНОВАНИЕ без пиктограммы (белый) 24В 301х101х20 IP52 IEK !,шт,ярп40266,,,,,,,,,,,,,,,,,,,,,8,8,8,8,8,8,8,8,8,8,8,8,8,
LED ДВО 6566 ECO 36w 595x595x10 6500К IP20 IEK!!!,шт,ярп40281,,,,,,,,,,,,,,,,,,,,,45,45,45,,,,,,,,,,,
LED ДПО 3010 Круг.  8w  IP54 4500K бел. IEK (1)  !!!,шт,081100302_,,,,,,,,,,,,,,,,,,,,,,,,,,,,,,,,,,
LED ДПО 4012 12Вт IP54 4000K овал белый IEK!!!,шт,ярп40134,22,19,19,19,19,19,19,17,17,17,17,17,16,16,16,16,16,4,4,4,4,2,2,2,2,2,2,,,,,,,22
LED Лампа T8  10w 230v 6500K G13  IEK (20),шт,081100391_,,,,,64,96,23,23,185,153,,398,398,248,48,971,961,879,704,680,114,104,104,10,10,10,10,10,10,10,10,10,10,
LED Лампа T8  18w 230v 4000K G13  IEK (20),шт,081100392_,250,218,218,60,5,38,,,,,,932,48,18,11,11,11,1,1,1,5,3,3,3,3,3,3,3,3,3,1,1,1,250
LED Лампа T8  18w 230v 6500K G13 IEK (20),шт,081100393_,506,378,1035,171,235,30,12,12,138,5,26,16,,,,2072,1144,464,57,42,1,1,1,1,1,1,1,1,1,1,1,1,1,506
LED ПРОЖЕКТОР СДО 06 - 30  30W 2400Lm 6500K IP65 IEK !!!,шт,081100373_,,,,,,,,,,,2,1,1,1,1,1,1,1,1,1,,,,,,,,,,,,,,
LED ПРОЖЕКТОР СДО 06 - 50  50W 4000Lm 6500K IP65 IEK,шт,081100374_,3,2,2,2,2,,,,,,,,,,,,,,,,,,,,,,,,,,,,,3
LED ПРОЖЕКТОР СДО 06-100 100W 8000Lm 6500K IP65 IEK,шт,081100375_,1,1,1,1,1,1,1,1,1,,,,,,,,,,,,1,1,1,,,,,,,,,,,1
LED ПРОЖЕКТОР СДО 06-150 150W 12000Lm 6500K IP65 IEK,шт,081100604_,,,,,,,,,,,,,,,,,,,,,1,1,1,1,1,1,1,1,1,1,1,1,,
OKTAVA Розетка 1-местная с зазем с защитными шторками для открытой установки 16А РСш20-3-ОБ бел IEK,шт,ERO14-K01-16-DC,,,,,,,,,30,30,30,30,30,30,30,30,30,30,30,30,30,30,30,30,30,30,,,,,,,,
STRUT-болт с конусной пружиной  М8х30 IEK,шт,280300734_,,,,,,,,,,,,,,,,,,,,3744,3744,3744,3740,3740,3740,3740,3740,3740,3740,3740,3726,3726,3726,
STRUT-болт с конусной пружиной  М8х40 IEK,шт,280300735_,,,,,,,,,,,,,,,,,,,,749,749,749,749,749,749,749,749,749,749,749,749,749,749,
STRUT-болт с конусной пружиной  М8х50 IEK,шт,280300736_,,,,,,,,,,,,,,,,,,,,749,749,749,749,749,749,749,749,749,749,749,749,699,699,
STRUT-болт с конусной пружиной М10х50 IEK,шт,280300733_,,,,,,,,,,,,,,,,,,,,699,699,699,699,699,699,699,699,699,699,699,699,699,699,
STRUT-гайка с конусной пружиной  М8 IEK,шт,280300738_,,,,,,,,,,,,,,,,,,,,1240,1240,987,987,967,817,807,805,805,805,805,490,455,437,
STRUT-гайка с конусной пружиной М10 IEK,шт,280300737_,,,,,,,,,,,,,,,,,,,,3749,3749,3749,3749,3749,3739,3739,3739,3739,3739,3739,3739,3739,3739,
"STRUT-профиль  перфорированный  41х21х400-1,5 IEK",шт,280300742_,,,,,,,,,,,,,,,,,,,,299,299,299,254,254,194,194,174,174,174,149,44,44,44,
"STRUT-профиль  перфорированный  41х21х500-1,5 IEK",шт,280300743_,,,,,,,,,,,,,,,,,,,,299,299,299,299,299,299,298,298,297,297,297,297,297,297,
"STRUT-профиль перфорированный  41х21х2000-1,5 IEK",шт,280300741_,,,,,,,,,,,,,,,,,,,,299,299,269,217,202,194,183,126,118,104,28,,1,1,
"STRUT-профиль перфорированный 41x21х2000-2,0 IEK",шт,280300739_,,,,,,,,,,,,,,,,,,,,299,299,299,299,299,298,277,277,277,266,264,223,142,120,
"STRUT-профиль перфорированный 41x21х2000-2,5 IEK",шт,280300740_,,,,,,,,,,,,,,,,,,,,299,299,299,299,299,295,295,295,295,295,294,294,150,149,
TITAN Корпус металлический ЩУ-3/1-0 (445х400х150мм) У1 IP66 IEK,шт,250200032_,,,,,,,,,,,8,6,6,5,1,,3,2,4,4,2,4,5,5,5,3,,,1,1,3,3,1,
TITAN Панель ПН-530мм (3шт/компл) IEK,шт,YKM40-PN-530,3,3,3,3,3,3,3,3,3,,,,,,,,,,,,,,,,,,,,,,,,,3
TITAN Уголок вертикальный 1750мм (2шт/компл) IEK,шт,YKV10-UV-1750,4,4,4,4,4,4,4,4,4,,,,,,,,,,,,,,,,,,,,,,,,,4
"U/UTP кат.6 4х2х0,57 LSZH нг(А)-HF оранжевый (305м)  ITK ",м,200400330_,,,,,,,,,,,,,,,,,,,,3050,3050,2965,2050,1935,1935,1935,1935,1935,1785,1785,1785,1785,1760,
"U/UTP кат.6 4х2х0,57 PVCLS нг(А)-LSLTx белый (305м) ITK",м,200400329_,,,,,,,,,,,,,,,,,,,,3050,3050,2745,2745,2440,2440,2440,2440,2440,2440,2440,2440,2440,2440,
"U/UTP, кат.5Е 4х2х0,51 solid, LDPE внеш.черный 305м ITK",м,200400166_,6534,7909,6899,8214,9939,8959,12494,9304,7749,6731,9276,9751,10980,10880,5080,1703,8605,9039,7954,9589,6399,11199,8209,9734,8834,8714,8054,6174,4279,4279,3714,4834,4369,6534
"U/UTP, кат.5Е 4х2х0,51 solid, серый 305м ITK",м,200400048_,36905,29084,27894,33483,70111,56680,44719,31661,43564,36239,36409,44044,51919,41049,34945,31744,22888,17962,14854,8994,1539,1002,812,767,140,140,128,,251,251,241,211,211,36905
"U/UTP, кат.6  4х2х0,23 solid, 305м ITK",м,200400104_,5246,7376,2235,6425,12290,9420,8815,3140,6693,4258,11417,10837,11712,9422,2652,1842,2805,830,5850,4036,1691,3573,123,3643,8168,7558,7483,6698,6393,4158,4158,4710,1795,5246
Аарийный контакт АК-125(160)А IEK !!!,шт,нов99190,,,,,,4,4,4,4,4,4,4,4,4,4,4,4,,,,,,,,,,,,2,2,2,2,2,
Аварийно-доп. контакт ДК/АК32-02 IEK!!! (150),шт,010800061_,107,107,107,107,107,107,107,107,107,107,107,107,107,107,107,107,107,104,104,104,104,104,104,99,99,99,99,95,95,95,95,94,93,107
Аварийно-доп. контакт ДК/АК32-11 IEK !!! (150),шт,010800060_,16,12,12,11,7,1,1,1,1,1,1,1,1,1,1,1,1,,,,,,,,,,,,,,,,,16
Аварийно-доп. контакт ДК/АК32-20 IEK !!! (150),шт,010800062_,113,113,113,113,113,113,113,113,113,113,113,113,111,111,111,111,111,111,103,99,99,79,99,99,99,99,99,95,102,102,102,102,102,113
Аварийно-доп. контакт ДК/АК32-33 IEK !!! (150),шт,SVA10D-ADK-1,,,,,,,,,,,,,,,,,,193,193,193,193,193,193,193,193,193,193,193,376,376,376,376,376,
Аварийно-доп. контакт ДК/АК35-37 IEK !!! (150),шт,SVA30D-ADK-1,,,,,,,,,,,,,,,,,,8,8,8,8,8,8,8,8,8,8,8,,,,,,
Аварийно-доп. контакт ДК/АК40-43 IEK !!! (150),шт,SVA50D-ADK-1,,,,,,,,,,,,,,,,,,97,97,97,97,97,97,97,97,97,97,97,97,97,97,97,97,
Аварийный контакт АК-125/160 (АК 32/33)   ТДМ !!!,шт,011100123_,448,448,448,448,448,448,448,448,448,448,448,432,432,432,432,432,432,423,423,423,423,423,423,423,417,417,416,416,381,381,381,381,381,448
Аварийный контакт АК-250/400 (АК 35/37)   ТДМ !!!,шт,011100124_,169,169,169,169,169,169,169,169,169,169,169,169,169,167,167,167,167,189,189,189,189,189,188,188,181,181,180,180,169,169,169,169,169,169
Аварийный контакт АК-630/800/1600А IEK,шт,щт23054820,,,,,,,,,,,,,,,,,,,,,,,,,,,,,6,6,6,6,6,
Аварийный контакт АК-800/1600 (АК 40/43)   ТДМ !!!,шт,011100245_,47,47,47,47,47,47,47,47,47,47,47,47,47,44,42,42,42,42,42,38,38,38,35,35,35,35,34,34,34,34,34,34,34,47
"Авт. выкл.ВА47-29 1Р  1,6А 4,5кА х-ка С IEK",шт,010500002_,2,2,2,2,,,,,,,,,,,,,,,,,,,,,,,,,,,,,,2
"Автоматический стриппер  MASTER АС 0,03-10 IEK",шт,130301257_,10,11,5,13,14,12,8,4,,18,22,12,7,4,4,14,30,24,11,3,8,19,25,24,18,16,18,16,15,10,6,11,5,10
Автоматический стриппер  PROFI СИ-6м IEK,шт,130301258_,38,28,26,25,21,19,14,11,10,4,4,3,1,1,1,1,,,,,,,,,,,,,,,,,,38
"Автоматический стриппер АС 0,018-2,5 IEK",шт,130300293_,3,3,3,2,3,3,3,2,2,1,1,2,1,,3,2,2,2,2,1,1,1,1,1,1,1,1,1,,,,,,3
Аккумулятор GREEN Ni-MH  AAA 1100мАч (2шт/блистер) IEK,упак,311101217_,,,,30,133,,,,,,,,,,,139,,,,,,,,,,,,,,,,,,
Аккумулятор GREEN Ni-MH  AAA 1100мАч (4шт/блистер) IEK,упак,311101218_,,,,37,35,,,,,,57,,,,,207,1,1,1,1,,,,,,,,,1,1,1,1,1,
Аккумулятор GREEN Ni-MH AA 2700мАч (2шт/блистер) IEK,упак,311101219_,,,,29,127,,,,,,,,,,,128,,,,,,,,,,,,,,,,,,
Амперметр Э47  200/5 !!!,шт,ст-9949019,,,,,,16,16,16,16,16,,,,,,,,,,,,,,,,,,,,,,,,
"Амперметр Э47  200/5А кл. точн. 1,5 72х72 IEK (1/100)",шт,130300962_,33,32,25,23,23,22,22,22,16,16,8,18,13,11,11,9,9,,10,4,4,14,14,13,13,9,9,9,9,9,6,5,5,33
"Амперметр Э47  200/5А кл. точн. 1,5 96х96 IEK (1/60)",шт,130301000_,137,137,137,137,137,146,127,125,114,104,119,116,109,106,105,107,106,106,104,100,96,47,39,37,36,33,33,32,31,31,31,30,30,137
"Амперметр Э47  400/5А кл. точн. 1,5 72х72 IEK (1/100)",шт,130300985_,40,32,32,24,18,16,13,8,11,15,25,25,21,21,20,18,13,9,4,3,2,11,11,11,7,3,3,3,10,10,5,3,3,40
"Амперметр Э47  600/5А кл. точн. 1,5 72х72 IEK (1/100)",шт,130300986_,27,23,23,19,16,18,5,5,10,12,18,5,19,19,19,15,15,12,11,23,21,21,19,19,19,9,8,8,8,8,7,3,5,27
"Амперметр Э47 100/5А кл. точн. 1,5 96х96мм !!!",шт,ярп4385,5,5,5,5,5,19,19,19,19,4,,,,,,12,12,12,12,12,12,12,12,12,12,12,12,12,12,12,12,12,10,5
Амперметр Э47 1000/5A 96х96 IEK !!!,шт,130300861_,,,,,,15,15,15,6,6,11,11,11,11,11,11,11,11,11,5,5,5,5,5,3,3,3,3,3,2,2,2,2,
"Амперметр Э47 1000/5A кл. точн. 1,5 72х72 IEK (1/100)",шт,130300963_,74,74,74,74,73,64,64,64,63,61,50,50,47,47,47,48,48,45,45,39,30,29,27,26,13,13,13,13,12,12,12,11,11,74
Амперметр Э47 150/5А 96х96 IEK,шт,130301081_,,,,,,13,13,12,6,2,2,2,2,2,2,2,,,,,,,,,,,,,,,,,,
"Амперметр Э47 30/5А класс точности 1,5 72х72мм IEK",шт,IPA10-6-0030-E,,,,,,,,,,,,,,,,,,,,,,,,,,,,,,,,,,
"Амперметр Э47 300/5А кл. точн. 1,5 72х72мм IEK",шт,ст-9950706,,,,,,,,,,,,,,,,,,,,,,,,,,,,,,,,,,
"Амперметр Э47 75/5А кл. точн. 1,5 72х72мм IEK",шт,IPA10-6-0075-E,,,,,,,,,,,,,,,,,,,,,,,,,,,,,,,,,,
Анкер стальной забивной М8,шт,280300260_,10,10,10,10,,,,,,,,,,,,,,,,,,,,,,,,,,,,,,10
Батарейка щелочная Alkaline 6LR61 9V (1шт/блистер) IEK,упак,311101221_,,,,,119,,,,,,,,,,,70,,,,,,,,,,,,,,,,,,
Батарейка щелочная Alkaline LR03/AAA (10+2шт/кор) ПРОМО GENERICA,упак,311101237_,,,,80,49,,,,,,,,,,,,,,,,,,,,,,,,,,,,,
Батарейка щелочная Alkaline LR03/AAA (10шт/бокс) IEK,упак,311101222_,,,,96,73,,,,,,,,,,,63,4,4,4,4,4,,,,,,,,,,,,,
Батарейка щелочная Alkaline LR03/AAA (2шт/блистер) IEK,упак,311101224_,,,,,240,,,,,,,,,,,237,6,6,6,6,,,,,,,,,,,,,,
Батарейка щелочная Alkaline LR03/AAA (4шт/блистер) IEK,упак,311101235_,,,,8,129,,,,,,,,,,,126,,,,,,,,,,,,,,,,,,
Батарейка щелочная Alkaline LR06/AA (10+2шт/кор) ПРОМО GENERICA,упак,311101238_,,,,60,49,,,,,,,,,,,26,,,,,,,,,,,,,,,,,,
Батарейка щелочная Alkaline LR06/AA (10шт/бокс) IEK,упак,311101225_,,,,72,68,,,,,,,,,,,36,,,,,,,,,,,,,,,,,,
Батарейка щелочная Alkaline LR06/AA (2шт/блистер) IEK,упак,311101232_,,,,200,226,,,,,,,,,,,235,2,2,2,2,,,,,,,,,,,,,,
Батарейка щелочная Alkaline LR06/AA (4шт/блистер) IEK,упак,311101236_,,,,11,134,1,1,1,1,,,,,,,132,,,,,,,,,,,,,,,,,,
Батарейка щелочная Alkaline LR14/C (2шт/блистер) IEK,упак,311101227_,,,,10,99,,,,,,,,,,,100,,,,,,,,,,,,,,,,,,
Батарейка щелочная Alkaline LR20/D (2шт/блистер) IEK,упак,311101228_,,,,4,51,,,,,,,,,,,52,,,,,,,,,,,,,,,,,,
"Блок ав-го питания БАП58-1,0 IEK (5) ",шт,151000558_,16,28,28,28,28,28,28,28,9,16,28,28,27,17,12,7,19,19,19,14,11,16,6,16,16,16,13,13,12,12,12,12,12,16
"Блок аварийного питания БАП200-1,0 универс. для LED IP65 IEK",шт,ярп40167,,,,,,,,,,,,,,,,,,,,,,,,,,,,,,,,,,
"Блок зажимов БЗН TK-010 1,5 мм2 10А на DIN-рейку 10 пар IEK",шт,130301681_,,,,,,,,,,,,,,,,,,,,,,,,3,3,3,1,1,1,1,1,1,1,
"Блок зажимов БЗН TK-020 2,5 мм2 20А на DIN-рейку 10 пар IEK",шт,130301682_,,,,,,,,,,,,,,,,,,,,,,,,3,3,3,3,3,3,3,3,,,
Блок зажимов БЗН TK-060 10 мм2 60А на DIN-рейку 10 пар IEK,шт,130301683_,,,,,,,,,,,,,,,,,,,,,,,,3,3,3,3,3,3,3,3,3,,
Блок зажимов БЗН ТВ-1004 10 мм2 100А 4 пары IEK,шт,130301674_,,,,,,,,,,,,,,,,,,,,,,,,20,20,20,20,20,19,19,19,18,7,
"Блок зажимов БЗН ТВ-1504 1,5 мм2 15А 4 пары IEK",шт,130301673_,,,,,,,,,,,,,,,,,,,,,,,,,60,60,,,,,100,98,91,
"Блок зажимов БЗН ТВ-1506 1,5 мм2 15А 6 пар IEK",шт,130301675_,,,,,,,,,,,,,,,,,,,,,,,,100,100,100,93,93,87,87,87,9,9,
"Блок зажимов БЗН ТВ-2506 2,5 мм2 25А 6 пар IEK",шт,130301676_,,,,,,,,,,,,,,,,,,,,,,,,50,50,50,49,49,39,39,39,39,39,
"Блок зажимов БЗН ТВ-2512 2,5 мм2 25А 12 пар IEK",шт,130301678_,,,,,,,,,,,,,,,,,,,,,,,,25,25,25,23,19,7,2,1,26,24,
"Блок зажимов БЗН ТВ-4506 4,5 мм2 45А 6 пар IEK",шт,130301677_,,,,,,,,,,,,,,,,,,,,,,,,25,25,23,23,23,,,25,25,24,
"Блок зажимов БЗН ТВ-4512 4,5 мм2 45А 12 пар IEK",шт,130301679_,,,,,,,,,,,,,,,,,,,,,,,,20,20,20,20,20,18,18,15,10,10,
"Блок питания OPS 220В AC/24В DC 2,5А 60Вт ONI OPS-DC24-060B IEK",шт,OPS-DC24-060B,,,,,,6,5,5,5,5,2,2,2,2,2,2,2,2,1,1,1,1,1,1,1,1,1,1,1,,,,,
Блок питания OPS 220В AC/24В DC 30Вт ONI OPS-DC24-030B NEW,шт,130600261_,,,,,,,,,,1,,,,,,,,,,,,,,,,,,,,5,5,,,
Блок питания OPSE 220В AC/24В DC 120Вт ONI OPSE-DC24-120B NEW,шт,130600262_,,,,,,,,,,,,,,,,,,,,,,,,,,,,,,,,,,
Блок розетка + выключатель горизонтальный о/у белый IP55 TORS IEK (1/40),шт,030201473_,,,,,,,,,,,,,,,,,,,,,,,,,,,,,,,39,39,36,
Блок розетка + выключатель горизонтальный о/у графит IP55 TORS IEK (1/40),шт,030201464_,,,,,,,,,,,,,,,,,,,,,,,,,,,,,,40,38,36,34,
Блок розетка + выключатель горизонтальный о/у серо-белый IP55 TORS IEK (1/40),шт,030201482_,,,,,,,,,,,,,,,,,,,,,,,,,,,,,,40,39,33,33,
Бокорезы 160мм K4 ARMA2L 5 IEK (1),шт,130200422_,33,26,18,6,1,,,,43,39,28,24,23,23,22,18,9,14,11,13,4,12,9,12,4,1,11,8,15,8,1,1,1,33
Бокорезы 180мм K4 ARMA2L 5 IEK (1),шт,130200423_,24,21,10,5,6,5,9,,1,22,24,17,13,8,5,2,13,13,8,22,11,8,15,11,11,7,11,16,13,16,14,14,12,24
Бокорезы усиленные 180мм K4 ARMA2L 5 IEK (1),шт,130200419_,38,35,35,35,25,18,17,17,17,,8,6,6,4,10,2,,,,5,4,3,3,2,1,1,5,5,5,3,3,2,3,38
Бокс КМПн 1/2 для 1-2-х авт.выкл н/у IEK (252) ,шт,250600087_,2423,3015,2636,2520,3861,2216,2828,1271,-5,3363,1691,15,22,4,-5,1161,455,3023,2329,3485,2067,1271,1528,-2,3,726,37,-4,3829,3388,1517,6,28,2423
Бокс КМПн 1/4 для 4-х авт.выкл н/у IEK (135),шт,280300295_,418,1577,1238,1083,1631,777,1282,796,520,752,366,1302,1234,1010,772,938,716,529,843,1194,852,698,524,523,135,62,,718,784,654,247,10,2,418
Бокс КМПн 12 IP66 IEK !!!,шт,щт02230447,,,,,1,1,1,1,1,1,1,1,1,1,1,1,1,1,1,1,1,1,1,1,1,1,1,1,1,1,1,1,1,
Бокс КМПн 2/12  IEK IP55 ,шт,щт23055283,,,,,,,,,,,1,1,1,1,1,,,,,,,,,,,,,,,,,,,
Бокс КМПн 2/13  н/у IEK IP55 !!!,шт,5250600034_,,,,,,,,,,,,,,,,2,2,2,2,2,2,2,2,2,2,2,2,2,2,2,2,2,2,
Бокс КМПн-12 IP55 !!!,шт,250600034_,,,,,9,9,9,9,9,9,10,9,9,9,9,8,8,8,8,8,8,8,8,8,8,8,8,8,8,8,8,7,7,
Бокс КМПн-12 IP66 IEK !!!,шт,MKP73-N-12-66,,,,,,,,,,,,,,,,1,1,1,1,1,1,1,1,1,1,1,1,1,1,1,1,1,1,
ВА 44-33 (3ф)  25А IEK (20) !!!,шт,щт00222756,,,,,,2,2,,,,,,,,,,,,,,,,,,,,,,,,,,,
ВА 44-33 (3ф)  32А IEK (20) !!!,шт,щт-0022248,,,,,,2,2,2,2,1,1,1,1,1,1,1,1,1,1,1,1,1,1,1,1,1,1,1,1,1,1,1,1,
ВА 44-33 (3ф)  50А IEK (20) !!!,шт,щт00222819,,,,,,7,7,7,7,2,2,2,2,2,2,2,2,1,1,1,2,2,2,2,2,2,2,2,2,2,2,2,2,
ВА 44-33 (3ф)  80А IEK (1/20) ,шт,010700055_,4,4,4,5,1,6,6,2,,8,7,5,9,9,8,8,8,7,7,7,7,3,4,4,4,4,4,4,4,4,4,4,2,4
ВА 44-33 (3ф) 160А IEK (1/20)*,шт,010700058_,,,,,,,,,,,,,,,,,,,,,,,,,,,,,,,,,,
ВА 44-35 (3ф) 200А IEK (1/6) ,шт,010700059_,1,,,,,,,,,,,,,,,,,,,,,,,,,,,,,,,,,1
ВА 44-35 (3ф) 250А IEK (1/6) ,шт,010800139_,9,8,,6,17,17,22,15,8,16,24,14,23,19,21,13,29,30,28,27,24,24,18,18,18,13,10,12,12,11,11,11,7,9
ВА 66-31 (3ф)  25А 18 кА GENERICA (1/18) !!!,шт,010800203_,,,,,,13,13,11,13,13,13,13,13,13,13,13,13,13,13,13,13,13,13,13,13,13,13,13,13,13,13,13,13,
ВА 66-31 (3ф) 100А 18 кА GENERICA (1/18) !!!,шт,010800209_,,,,,,1,1,1,1,1,1,1,1,1,1,1,1,1,1,1,1,1,1,1,1,1,1,1,1,1,1,1,1,
ВА 88-32 (3ф)  16А IEK (1/20),шт,010800009_,,10,1,6,12,7,8,,,17,11,12,12,,3,3,7,14,17,12,9,14,16,12,1,,11,10,10,4,6,10,7,
ВА 88-32 (3ф)  25А IEK (1/20),шт,010800018_,20,21,19,2,25,11,14,,,28,4,11,8,,,15,26,35,35,52,39,24,34,33,14,32,33,32,33,14,14,40,43,20
ВА 88-32 (3ф)  32А 690В MASTER IEK!!!,шт,ярп40219,7,7,7,,,3,3,2,2,,,,,,,,,,,,,,,,,,,,,,,,,7
ВА 88-32 (3ф)  32А IEK (1/20),шт,010800010_,23,16,12,20,13,23,12,,2,38,30,16,14,2,11,18,29,40,26,52,40,68,43,40,37,33,42,51,51,43,13,57,45,23
ВА 88-32 (3ф)  40А IEK (1/20),шт,010800011_,30,27,11,16,21,75,71,50,31,28,22,40,37,34,8,17,64,64,60,66,24,108,90,69,47,63,56,62,62,51,37,49,51,30
ВА 88-32 (3ф)  50А 690В MASTER IEK,шт,ярп40221,,,,,,,,1,1,1,1,1,1,1,1,1,,,,,,,,,,,,,,,,,,
ВА 88-32 (3ф)  50А IEK (1/20),шт,010800015_,32,19,46,7,2,45,31,15,13,68,69,23,59,44,91,75,68,78,59,69,53,99,86,80,56,44,55,58,49,59,40,46,56,32
ВА 88-32 (3ф)  63А  690В MASTER IEK!!!,шт,ярп40222,4,1,1,3,3,3,3,3,1,1,1,1,,,,,,3,,,,,,,,,,,,,,,,4
ВА 88-32 (3ф)  63А IEK (1/20),шт,010800016_,9,,76,54,63,46,61,12,,48,87,55,36,15,,70,57,73,64,93,54,151,121,80,66,79,111,84,91,87,63,75,75,9
ВА 88-32 (3ф)  80А 690В MASTER IEK!!!,шт,ярп40223,,,,,,,,,,,,,,,,,,,,,,,,,,,,,,,,,,
ВА 88-32 (3ф)  80А IEK (1/20),шт,010800017_,10,5,5,,,27,3,,,4,35,22,1,19,5,16,15,50,1,58,56,116,88,59,37,62,75,69,53,56,39,70,61,10
ВА 88-32 (3ф) 100А IEK (1/20),шт,010800001_,47,24,83,63,104,83,61,43,10,107,140,91,116,112,53,42,69,209,160,168,77,234,188,156,108,62,124,122,107,131,93,145,116,47
ВА 88-32 (3ф) 125А  690В MASTER IEK,шт,ярп40225,,,,,,,,1,1,1,1,1,1,1,1,1,,,,,,,,,,,,,,,,,,
ВА 88-32 (3ф) 125А IEK (1/20),шт,010800002_,3,2,1,70,54,43,48,4,24,90,77,24,100,84,5,14,84,148,133,128,94,127,115,122,90,76,107,92,76,74,56,53,21,3
ВА 88-33 (3ф)  16А  35кА  IEK !!!,шт,ярп4252,,,,,,,,,,,,,,,,,,,,,,,,,,,,,,,,,,
ВА 88-33 (3ф)  16А IEK (1/16) !!!,шт,290100035_,,,,,,1,7,4,4,4,4,4,4,4,4,4,4,4,4,4,4,4,4,4,4,4,4,4,4,,,,,
ВА 88-33 (3ф)  32А IEK (1/16)*,шт,290100036_,2,2,2,2,2,4,2,,,1,,,,,,,,,,,,,,,,,,,,,,,,2
ВА 88-33 (3ф)  40А IEK (16),шт,010800040_,,,,,,,,,,,,,,,,,,,,,,,,,,,,,,,,,,
ВА 88-33 (3ф)  50А  35кА  IEK !!!,шт,010800041_,1,1,1,,,,11,6,3,2,1,1,1,1,1,1,,,,,,,,,,,,,,,,,,1
ВА 88-33 (3ф)  50А IEK (16) !!!,шт,ст-9952106,,,,,,2,,,,,,,,,,,,,,,,,,,,,,,,,,,,
ВА 88-33 (3ф)  63А IEK (16) !!!,шт,010800042_,,,,,,3,2,,,1,,,,,,,,,,,,,,,,,,,,,,,,
ВА 88-33 (3ф)  80А IEK (1/16),шт,010800033_,30,,43,46,67,60,54,48,36,50,37,41,12,4,,,80,61,52,52,44,36,63,49,50,36,30,26,42,45,35,54,31,30
ВА 88-33 (3ф) 100А IEK (1/16),шт,010800027_,79,64,83,95,114,74,98,86,,139,183,153,136,111,58,26,199,204,163,172,116,230,183,137,125,112,122,122,91,106,105,104,93,79
ВА 88-33 (3ф) 125А IEK (1/16),шт,010800028_,2,31,,94,67,64,67,58,38,68,77,57,81,70,49,20,69,75,21,62,48,80,48,84,81,79,79,81,74,72,52,78,71,2
ВА 88-33 (3ф) 160А IEK (1/16),шт,010800003_,19,,59,58,104,109,54,85,86,138,156,31,162,137,88,41,191,196,153,174,131,218,126,164,176,146,49,189,208,212,175,168,160,19
ВА 88-35 (3ф)  80 А  35кА  IEK ,шт,010800106_,5,5,5,4,3,3,1,1,,,,,,,,,,,,,,,,,,,,,,,,,,5
ВА 88-35 (3ф) 100А IEK (6) !,шт,010800115_,,,,,,,,,,,,,,,,,,3,3,,,,,,,,,,,,,,,
ВА 88-35 (3ф) 125А IEK (1/6),шт,010800034_,14,15,41,11,20,34,17,27,,32,67,61,20,3,,51,79,44,68,80,54,36,71,74,27,67,97,101,103,106,89,119,104,14
ВА 88-35 (3ф) 160А  690В MASTER IEK!!!,шт,010800258_,,,,,,,,,,,,,,,,,,3,3,3,3,3,3,3,2,1,1,1,1,1,,,,
ВА 88-35 (3ф) 160А IEK (1/6),шт,010800035_,53,71,54,55,111,140,152,63,,165,242,185,245,192,226,208,243,173,137,186,150,130,123,157,165,136,173,157,137,155,117,119,124,53
ВА 88-35 (3ф) 200А 690В MASTER IEK,шт,ярп40227,,,,,,,,1,1,1,1,1,1,1,1,1,,3,3,3,4,2,2,2,2,2,2,2,,,,,,
ВА 88-35 (3ф) 200А IEK (1/6),шт,010800012_,70,33,45,63,99,103,81,13,60,99,146,95,137,106,60,18,115,141,106,120,79,180,112,102,45,92,129,112,97,72,116,116,91,70
ВА 88-35 (3ф) 250А IEK (1/6),шт,010800004_,72,214,136,141,185,239,200,167,203,261,309,183,384,282,189,144,235,260,345,336,266,433,316,258,215,158,259,209,186,153,163,220,174,72
ВА 88-37 (3ф) 250А IEK (1/4),шт,010800055_,4,,,14,24,11,15,29,21,26,43,24,27,17,4,28,47,23,36,46,26,35,48,31,44,43,34,46,38,44,33,40,48,4
ВА 88-37 (3ф) 315А IEK (1/4),шт,010800029_,2,6,4,47,37,39,35,28,28,49,68,47,56,45,26,22,72,65,51,63,43,65,62,51,56,57,53,46,46,41,32,46,42,2
ВА 88-37 (3ф) 400А IEK (1/4),шт,010800005_,29,33,,109,82,76,53,27,17,102,144,85,131,127,75,77,147,130,161,159,126,230,189,153,144,132,124,131,106,123,91,123,103,29
ВА 88-40 (3ф) 400А IEK (1/4) E-PRO,шт,010800019_,,,,,,3,3,,,,,,,,,,,,,,,,,,,,,,,,,,,
ВА 88-40 (3ф) 500А IEK (1/2),шт,010800030_,,6,8,1,10,13,5,,6,9,10,9,14,11,3,16,12,,9,15,10,10,7,15,14,14,,11,11,12,16,14,3,
ВА 88-40 (3ф) 630А IEK (1/2),шт,010800006_,4,4,27,26,29,34,34,,3,34,39,26,63,53,49,36,43,46,11,50,34,32,60,62,63,56,58,46,43,49,42,53,48,4
ВА 88-40 (3ф) 800А IEK (1/2),шт,010800031_,6,8,7,7,6,12,4,2,13,14,17,7,2,,,18,15,22,14,19,16,13,11,4,12,10,4,11,9,9,7,8,8,6
ВА 88-43 (3ф) 1250А 50кА с эл расц МР 211 IEK (1) ,шт,010800045_,1,2,1,2,1,3,3,,1,,2,2,2,1,1,1,2,1,2,2,2,,3,,4,5,4,3,3,4,4,4,4,1
ВА 88-43 (3ф) 1600А 50 кА с эл расц МР 211 IEK (1),шт,010800046_,2,1,4,4,5,4,4,3,6,6,3,3,5,2,7,6,6,5,4,,,5,4,4,4,4,4,4,4,4,3,1,1,2
ВА47-29 (1ф)   1А IEK (12/144),шт,010500001_,97,94,68,75,102,79,41,5,80,56,125,78,97,68,43,64,123,101,133,131,112,108,106,57,54,129,136,127,114,111,104,118,109,97
ВА47-29 (1ф)   2А IEK (12/144) ,шт,010500003_,135,158,60,130,207,157,188,,154,263,379,82,377,335,366,467,393,425,421,257,241,249,230,285,260,248,120,,208,205,198,226,198,135
ВА47-29 (1ф)   6А GENERICA (12/144) !!!,шт,010500137_,,,,,,6,,,,,,,,,,,,,,,,,,,,,,,,,,,,
ВА47-29 (1ф)  10А GENERICA (12/144) !!!,шт,010500138_,1,1,1,1,1,7,3,3,3,3,3,3,3,3,3,3,3,32,21,21,9,9,9,,,,,,,,,,,1
ВА47-29 (1ф)  16А GENERICA (12/144) !!!,шт,010500139_,8,8,8,8,8,8,14,14,14,14,304,4,4,4,4,4,4,12,12,12,12,12,12,12,12,12,12,12,12,,,,,8
ВА47-29 (1ф)  25А GENERICA (12/144) !!!,шт,010500141_,8,8,8,8,8,8,14,14,14,14,14,14,14,14,4,4,4,4,4,4,4,4,4,4,4,4,4,4,4,4,4,4,4,8
ВА47-29 (1ф)  3А IEK (12/144) ,шт,010500068_,98,136,108,131,151,219,111,72,103,169,198,181,217,164,159,134,91,147,141,124,115,114,86,70,70,68,62,52,41,49,48,36,,98
ВА47-29 (1ф)  40А GENERICA (12/144) !!!,шт,010500143_,,,,,,,,,,,72,,,,,,,,,,,,,,,,,,,,,,,
ВА47-29 (1ф)  4А IEK (12/144) ,шт,010500044_,99,159,147,146,174,161,144,130,65,133,129,188,183,135,107,86,23,216,215,136,134,173,167,156,117,117,115,115,103,78,66,82,79,99
ВА47-29 (1ф)  5А IEK (12/144) ,шт,010500054_,64,65,61,61,73,74,32,44,48,26,63,87,94,4,52,40,75,95,82,73,70,68,74,59,59,59,49,49,40,37,2,27,21,64
ВА47-29 (1ф)  63А GENERICA (12/144) !!!,шт,010500145_,,,,,,,,,,,,,,,,,,2,2,2,2,2,2,2,2,2,2,2,2,2,2,2,2,
ВА47-29 (1ф)  6А IEK (12/144) ,шт,010500004_,1888,1851,1491,2473,3432,2122,2114,547,1963,2625,4398,3139,4083,2979,2618,3189,3799,3572,3766,3873,1499,1705,468,1373,2936,3624,3310,2708,2691,3105,1800,2463,1468,1888
ВА47-29 (1ф)  6А IEK (12/144) D !!!,шт,010700036_,,,,,,,,,,,,,,,,,,2,2,2,2,2,2,1,1,1,1,1,1,1,1,1,1,
ВА47-29 (1ф)  8А IEK (48) !!!,шт,ст-9951887,,,,,,89,,,,,,,,,,,,,,,,,,,,,,,,,,,,
ВА47-29 (1ф) 10А IEK (12/144) ,шт,010500005_,6806,3970,5724,4877,8298,5421,6674,4991,4615,9372,8357,7725,9794,6595,9086,7639,8496,9363,10540,8458,7574,7116,9757,9528,8900,8182,7872,8630,7930,7783,6050,7253,3674,6806
ВА47-29 (1ф) 10А IEK (12/144) D !!!,шт,010700037_,,,,,,1,1,1,1,1,1,1,1,1,1,1,1,1,1,1,1,1,1,1,24,24,19,19,19,19,19,19,19,
ВА47-29 (1ф) 13А IEK (144) !!!,шт,ст-9951998,,,,,,121,119,118,118,118,118,118,118,117,117,117,117,119,117,117,117,117,117,117,117,117,115,115,115,115,115,115,115,
ВА47-29 (1ф) 16А IEK (12/144) ,шт,010500006_,61036,42784,41517,46945,72515,49872,51512,44576,64705,63904,44337,55450,75128,58922,64678,59070,80137,57748,57331,52950,39756,61114,68341,60954,58705,50034,55679,52051,46738,61599,47252,58206,61536,61036
ВА47-29 (1ф) 20А IEK (12/144) ,шт,010500007_,1751,1451,2333,1825,2787,1184,2495,2765,1862,3693,3911,3035,4213,3308,3489,3479,3952,3172,3075,3170,1575,3187,2975,2348,2981,2210,2309,2312,2658,2131,1981,2286,2065,1751
ВА47-29 (1ф) 25А IEK (12/144),шт,010500008_,55043,38173,26886,67356,66313,48936,48127,38573,48992,52208,72206,55852,70773,57850,51174,49330,75191,65027,51522,43805,30771,44404,46364,38391,38562,40052,40026,37517,40811,42508,34530,43320,39733,55043
ВА47-29 (1ф) 32А IEK (12/144) ,шт,010500009_,7548,5045,8831,8582,9812,10383,10149,7121,6687,9468,12748,9680,11146,7791,8247,8286,11110,9415,9697,8605,7349,9848,8666,8081,8256,8210,7421,6850,8180,8704,6465,7004,8507,7548
ВА47-29 (1ф) 40А IEK (12/144) ,шт,010500010_,2182,1988,2336,2343,2937,2436,2966,2553,1402,2779,3025,2058,3145,2273,1460,1689,3623,3113,2345,2529,1904,2399,1247,3008,2154,2535,2963,2294,2442,1945,2129,2222,1646,2182
ВА47-29 (1ф) 50А IEK (12/144) ,шт,010500011_,608,705,781,593,1641,1299,1255,151,981,1495,1353,1009,1358,1321,1100,1152,1197,505,791,779,658,594,845,606,463,1070,850,1112,1025,1197,842,1122,825,608
ВА47-29 (1ф) 63А IEK (12/144) ,шт,010500012_,1703,934,1339,1032,1839,1750,1753,1503,1267,2143,1555,1304,2216,1398,2146,2137,2929,2392,2029,2401,2231,1900,1653,1453,1267,1175,1007,1159,1229,1647,2434,1225,1172,1703
ВА47-29 (2ф)  10А GENERICA (6/72) !!!,шт,010500147_,13,13,13,13,13,13,7,7,7,7,7,7,7,7,7,7,7,7,7,2,2,2,2,,,,,,,,,,,13
ВА47-29 (2ф)  16А GENERICA (72) !!!,шт,010500148_,2,2,1,1,1,6,2,2,2,2,2,2,2,2,2,2,2,1,,,,,,,,,,,,,,,,2
ВА47-29 (2ф)  1А IEK (6/72)  !!!,шт,ст-9953158,,,,,,4,,,,,,,,,,,,,,,,,,,,,,,,,,,,
ВА47-29 (2ф)  1А IEK (6/72) E-PRO,шт,010500123_,3,3,3,87,87,81,85,69,69,65,65,65,65,65,65,65,65,66,66,66,65,65,65,65,65,65,5,5,5,4,4,4,4,3
ВА47-29 (2ф)  20А GENERICA (6/72) !!!,шт,010500149_,2,2,2,2,2,2,2,2,2,2,2,2,2,2,2,2,2,3,3,3,3,3,3,3,3,3,3,3,3,3,3,3,3,2
ВА47-29 (2ф)  25А GENERICA (6/72) !!!,шт,010500150_,,,,,,,,,,,,,,,,,,3,3,3,3,3,3,3,3,3,3,3,3,3,3,3,3,
ВА47-29 (2ф)  32А GENERICA (6/72) !!!,шт,010500151_,,,,,,,,,,,,,,,,,,,,,,,,,,,,,,,,,,
ВА47-29 (2ф)  3А  IEK (6/72) E-PRO,шт,010500187_,,,,,,5,5,,,12,12,11,11,11,11,11,11,,,,,,,,,,,,,,,,,
ВА47-29 (2ф)  40А GENERICA (6/72) !!!,шт,010500152_,,,,,,72,72,72,72,72,72,72,72,72,72,72,72,72,72,72,72,72,66,66,66,66,66,66,66,66,66,66,66,
ВА47-29 (2ф)  4А IEK (72) *!!!,шт,010500129_,,,,,,24,24,23,23,23,23,23,23,23,15,15,15,,,,,,,,,,,,,,,,,
ВА47-29 (2ф)  50А GENERICA (6/72) !!!,шт,010500153_,,,,,,53,53,53,53,53,53,53,53,53,53,50,50,51,51,51,51,51,51,51,51,51,51,51,50,50,50,50,50,
ВА47-29 (2ф)  5А IEK (6/72) !!!,шт,ярп4665,,,,,,9,9,9,9,9,9,9,9,9,9,9,9,9,9,9,7,4,4,4,3,3,3,3,3,3,3,3,3,
ВА47-29 (2ф)  6А IEK (6/72) ,шт,010500103_,178,218,310,238,359,256,,665,544,525,491,454,432,332,261,223,355,297,231,197,98,319,416,116,104,97,412,372,387,332,36,61,,178
ВА47-29 (2ф) 10А IEK (6/72) ,шт,010500018_,523,403,191,508,1160,935,865,742,676,489,498,361,430,240,5,161,483,690,8,276,,590,528,956,907,903,986,858,942,945,618,1216,823,523
ВА47-29 (2ф) 16А IEK (6/72),шт,010500019_,4342,5064,5029,6177,8836,6589,5250,4322,3879,6717,7645,6273,7842,6404,4579,5174,8698,7183,6189,5496,3020,4874,4962,4965,4543,4607,4816,6925,7651,7283,4587,6407,8395,4342
ВА47-29 (2ф) 20А IEK (6/72) ,шт,010500020_,70,199,155,161,287,264,246,76,126,233,254,218,103,29,129,137,136,133,147,119,108,199,230,144,104,126,118,93,60,119,118,10,48,70
ВА47-29 (2ф) 25А IEK (6/72),шт,010500021_,10306,8068,8850,13020,15705,10622,10728,8873,11489,13591,14459,9593,13841,10094,10819,12192,8654,10588,13127,12568,9797,10986,10982,10929,10789,11208,12306,10499,12871,12509,8713,11609,9384,10306
ВА47-29 (2ф) 32А IEK (6/72) ,шт,010500022_,2532,1847,2382,3027,3684,2760,2923,2897,2451,3225,2999,2541,3357,1451,2686,2688,4470,3257,3566,3169,2422,3583,3491,3501,3635,3489,3088,3235,3640,3402,2822,3731,2871,2532
ВА47-29 (2ф) 40А IEK (6/72) ,шт,010500023_,1199,842,1022,863,1230,1353,900,937,1139,1634,2066,1009,1704,1195,1804,1932,3108,2369,1298,1384,1009,2339,1401,1610,1832,1944,1978,1864,2313,1977,1844,1873,2183,1199
ВА47-29 (2ф) 50А IEK (6/72) ,шт,010500024_,1467,1147,1517,1173,1576,1882,1521,917,1263,936,151,865,1723,1136,774,1374,1472,82,369,1752,1681,1454,1175,1575,1393,1075,1015,938,784,759,616,779,747,1467
ВА47-29 (2ф) 63А IEK (6/72),шт,010500025_,1119,1218,1650,1179,1520,1846,1458,1400,1077,1918,2029,1354,2289,1629,1428,1571,1667,1534,897,1520,1053,1161,738,749,1041,1109,1068,1124,1703,1695,1752,1416,1546,1119
ВА47-29 (3ф)  10А GENERICA (4/48) !!!,шт,010500156_,1,1,1,1,1,4,4,4,4,4,4,4,4,4,4,4,4,3,3,3,3,3,3,,,,,,,,,,,1
ВА47-29 (3ф)  16А GENERICA (4/48) !!!,шт,010500157_,,,,,,90,90,90,90,90,90,90,90,90,90,90,90,90,90,90,90,90,90,90,90,90,90,90,90,90,90,90,90,
"ВА47-29 (3ф)  2А 4,5кА х-ка D IEK !!!",шт,яярп4855,,,,,,5,5,5,5,1,1,1,1,1,,,,,,,,,,,,,,,,,,,,
ВА47-29 (3ф)  2А IEK (4/48),шт,010500046_,30,29,29,25,16,38,29,8,,24,15,21,,60,60,45,33,18,42,35,30,41,57,44,52,50,41,41,48,47,29,24,27,30
ВА47-29 (3ф)  32А GENERICA (4/48) !!!,шт,010500160_,,,,,,3,3,3,3,3,3,3,3,3,3,3,3,3,3,3,3,3,3,2,2,2,2,2,2,2,2,2,2,
ВА47-29 (3ф)  3А IEK (4/48),шт,010500053_,11,15,8,16,16,17,7,6,2,26,16,21,24,19,23,18,13,33,33,27,27,35,35,35,5,17,17,17,7,18,16,20,20,11
"ВА47-29 (3ф)  4А 4,5кА х-ка D IEK !!!",шт,щт02230193,,,,,,5,5,5,5,5,5,5,5,5,5,5,5,4,4,4,4,4,4,4,4,4,4,4,4,4,4,3,3,
ВА47-29 (3ф)  4А IEK (4/48),шт,010500047_,35,25,37,36,31,39,31,20,1,27,43,17,46,41,39,34,42,50,41,50,50,41,39,39,7,28,26,26,25,18,15,9,20,35
ВА47-29 (3ф)  50А GENERICA (4/48) !!!,шт,010500162_,,,,,,,,,,,,,,,,,,1,1,1,1,1,1,1,1,1,1,1,1,1,1,1,1,
ВА47-29 (3ф)  5А IEK (4/48) !!!,шт,010500050_,,,,,,10,10,9,8,8,7,7,7,7,7,7,7,7,7,7,6,6,6,5,5,5,5,5,5,5,5,5,4,
ВА47-29 (3ф)  63А GENERICA (4/48) !!!,шт,010500163_,,,,,,1,1,1,1,1,1,1,1,1,1,1,1,8,8,8,8,8,8,8,8,8,8,8,8,8,8,8,8,
ВА47-29 (3ф)  6А IEK (4/48),шт,010500048_,154,171,136,124,217,186,149,49,163,210,302,217,294,254,179,223,143,273,205,248,155,283,270,272,236,207,183,212,78,193,43,160,178,154
ВА47-29 (3ф)  8А IEK (4/48) !!!,шт,010500136_,,,,,,12,16,16,16,16,16,16,16,12,12,10,10,10,10,10,10,10,10,9,8,8,7,7,7,7,7,7,7,
"ВА47-29 (3ф) 10А 4,5кА х-ка D IEK !!!",шт,ст-9951285,,,,,,2,2,2,2,2,2,,,,,,,,,,,,,,,,,,,,,,,
ВА47-29 (3ф) 10А IEK (4/48),шт,010500032_,310,303,495,512,635,488,449,267,234,743,751,628,910,518,874,873,1016,1001,939,894,580,935,769,713,669,639,630,662,526,583,502,720,583,310
"ВА47-29 (3ф) 13А 4,5кА С IEK !!!",шт,MVA20-3-013-C,,,,,,3,4,1,1,1,1,1,1,1,1,1,1,,,,,,,,,,,,,,,,,
ВА47-29 (3ф) 13А IEK (48) !!!,шт,ст-9951446,,,,,,3,,,,,,,,,,,,,,,,,,,,,,,,,,,,
ВА47-29 (3ф) 16А IEK (4/48),шт,010500033_,2024,1683,1938,2309,2898,2066,2584,1815,1285,2775,3462,2513,3473,2444,3033,3299,4926,4197,3204,3082,2302,2637,2903,2255,2694,2521,2378,2418,2364,2018,1677,2420,2522,2024
ВА47-29 (3ф) 16А IEK (48) B !!!,шт,010700068_,,,,,,6,7,7,7,7,6,6,4,4,4,,,14,14,14,8,,,,,,,,1,1,1,1,1,
ВА47-29 (3ф) 16А х-ка D IEK (4/48) E-PRO,шт,010700041_,,,,,,22,22,18,18,9,4,8,8,4,4,4,4,,,,,,,,,,,,,,,,,
"ВА47-29 (3ф) 20А 4,5кА х-ка D IEK !!!",шт,010700042_,4,3,1,,,,,,,,,,,,,,,1,1,1,1,1,1,1,1,,,,,,,,,4
ВА47-29 (3ф) 20А IEK (4/48),шт,010500034_,107,245,188,130,273,213,111,,73,206,454,326,395,237,467,560,585,538,449,411,230,377,248,237,228,302,250,226,190,201,177,281,201,107
ВА47-29 (3ф) 25А D IEK !!!,шт,010700043_,,,,,,2,17,13,13,12,11,11,11,11,10,10,10,,,,,,,,,,,,,,,,,
ВА47-29 (3ф) 25А IEK (4/48),шт,010500035_,5546,3753,4484,4593,5921,6551,5420,4431,4158,5909,7516,5907,6438,4953,5379,5670,9786,7711,6289,6650,4883,5029,4140,4959,5086,5388,4915,4383,4753,4512,3671,5113,5228,5546
ВА47-29 (3ф) 32А D IEK !!!,шт,010700044_,,,,,,5,5,5,3,2,2,1,1,1,,,,,,,,,,,,,,,,,,,,
ВА47-29 (3ф) 32А IEK (4/48),шт,010500036_,4308,3421,3466,3857,4898,3893,4189,3103,3263,4341,5516,4013,5092,3558,4297,4629,6072,4472,4386,5737,4052,4923,5793,4598,4753,4912,4474,3942,4094,3750,3075,4212,3931,4308
ВА47-29 (3ф) 40А D IEK !!!,шт,010700045_,,,,,,2,,,,,,,,,,,,8,7,6,6,6,6,6,5,2,2,2,2,2,2,2,2,
ВА47-29 (3ф) 40А IEK (4/48),шт,010500037_,1603,2070,2479,2491,3867,2983,3023,2743,2502,3331,3581,2140,3478,2487,2644,2796,4407,3527,3348,2892,2359,2775,2482,2650,2178,2948,2751,2680,2719,3048,2167,2461,2564,1603
ВА47-29 (3ф) 40А IEK (4/48) В !!!,шт,010700071_,,,,,,,4,4,3,2,1,1,1,1,1,,,,,,,,,,,,,,,,3,,,
"ВА47-29 (3ф) 50А 4,5кА х-ка D IEK !!!",шт,щщ11503042,,,,,,12,12,12,6,4,4,3,3,3,1,1,1,,,,,,,,,,,,,,,,,
ВА47-29 (3ф) 50А IEK (4/48),шт,010500038_,1235,1416,1156,1708,1742,1733,1641,1580,1126,932,1693,1538,1871,1271,1846,1962,1735,1979,2242,2367,1878,2171,1865,1772,1442,1922,1871,1682,1553,1540,1234,1343,1726,1235
ВА47-29 (3ф) 63А D IEK !!!,шт,010700046_,,,,,,,12,11,11,11,11,10,10,9,9,9,9,4,4,4,4,4,1,1,1,1,1,1,1,1,1,1,1,
ВА47-29 (3ф) 63А IEK (4/48),шт,010500039_,3814,2525,3134,3846,5014,4355,4452,3995,4341,3251,5774,4672,5540,3854,4682,4776,6910,4696,2827,5003,3890,5428,6097,5522,4559,5069,4761,4632,4588,4867,3609,4568,4292,3814
ВА47-29 (3ф) 63А IEK (4/48) D !!!,шт,щщ0001047,,,,,,3,,,,,,,,,,,,,,,,,,,,,,,,,,,,
ВА47-29 (4ф) 10А IEK (36) !!!,шт,ст-9952711,,,,,,2,2,2,2,2,,,,,,,,,,,,,,,,,,,,,,,,
ВА47-29 (4ф) 16А IEK (3/36),шт,010500090_,15,13,5,1,25,8,29,19,20,16,12,10,38,35,27,15,20,26,9,30,18,26,13,6,56,56,72,72,62,38,48,49,43,15
ВА47-29 (4ф) 20А IEK (3/36),шт,010500091_,1,1,1,1,1,1,1,,,,3,1,4,4,4,1,1,,3,3,1,4,4,4,5,5,4,3,3,2,2,2,1,1
ВА47-29 (4ф) 25А IEK (3/36),шт,010500092_,33,30,19,16,29,19,30,5,15,15,44,28,56,48,4,2,58,44,53,65,51,55,58,54,40,56,56,53,46,51,33,20,,33
ВА47-29 (4ф) 32А IEK (3/36),шт,010500093_,23,21,43,36,61,19,52,30,21,52,56,34,63,36,,,72,31,84,75,75,67,76,69,64,77,89,81,72,86,54,61,69,23
ВА47-29 (4ф) 40А IEK (3/36),шт,010500094_,28,43,33,72,66,60,58,59,50,76,79,48,20,59,68,83,90,63,75,75,,125,99,87,61,48,73,70,61,21,49,32,53,28
ВА47-29 (4ф) 50A IEK (3/36),шт,010500063_,4,24,8,7,26,21,26,24,14,17,21,28,38,31,23,21,31,13,22,23,23,21,32,34,33,30,32,30,29,36,31,16,28,4
ВА47-29 (4ф) 63А IEK (3/36),шт,010500095_,35,33,14,36,19,34,38,31,23,13,22,28,33,,36,20,76,,27,84,78,57,68,64,78,67,107,94,52,105,77,37,22,35
ВА47-29М (2ф) 63А IEK (72) !!!,шт,010500082_,,,,,,2,2,2,2,2,2,2,2,2,2,2,2,17,4,4,4,4,3,3,3,3,1,1,1,1,1,1,1,
Вентилятор с фильтром 102 куб.м./час IP55 IEK (8) NEW,шт,270300285_,30,30,30,29,29,29,29,24,24,21,20,14,14,4,4,4,2,3,7,,8,8,6,3,7,7,6,7,4,7,7,6,6,30
Вентилятор с фильтром 21 куб.м./час IP55 IEK (18) NEW,шт,270300231_,30,30,30,30,27,19,18,17,17,17,14,11,10,10,10,10,,5,10,7,5,7,3,6,2,4,8,11,6,14,11,10,6,30
Вентилятор с фильтром 55 куб.м./час IP55 IEK (12) NEW,шт,270300284_,29,28,28,27,24,23,16,16,,,15,12,10,10,10,12,10,10,11,2,11,11,,,13,13,12,8,13,13,13,10,8,29
Вентилятор с фильтром ВФИ 105 м3/час IP55 IEK (20) NEW,шт,270300288_,26,26,8,2,1,9,,,,17,23,21,21,21,18,17,5,10,16,8,2,15,2,8,9,13,17,12,19,18,11,7,13,26
Вентилятор с фильтром ВФИ 200 м3/час IP55 IEK (10) NEW,шт,270300289_,14,27,27,27,20,18,18,17,16,12,6,2,,,4,4,3,5,2,,,6,6,,8,8,8,6,5,6,3,2,,14
Вентилятор с фильтром ВФИ 24 м3/час IP55 IEK (30) NEW,шт,270300286_,27,26,26,24,15,5,13,8,8,7,,,,,,,2,5,6,7,13,5,,,,,,,11,5,5,10,3,27
Вентилятор с фильтром ВФИ 380 м3/час IP55 IEK (8) NEW,шт,270300290_,30,30,29,25,25,25,20,20,16,16,15,15,15,,,3,4,3,4,,,3,1,1,4,2,3,5,5,6,6,6,6,30
Вентилятор с фильтром ВФИ 480 м3/час IP55 IEK (5) NEW,шт,270300291_,20,20,20,20,20,20,19,18,18,18,18,18,18,2,2,2,2,2,1,1,,7,2,6,6,8,10,10,10,10,10,10,10,20
Вентилятор с фильтром ВФИ 550 м3/час IP55 IEK (5) NEW,шт,270300292_,29,29,29,29,29,29,29,21,21,20,20,20,20,5,5,5,4,4,5,5,3,3,2,2,2,2,2,2,2,2,2,,2,29
Вентилятор с фильтром ВФИ 65 м3/час IP55 IEK (20) NEW,шт,270300287_,30,30,30,29,27,27,23,10,2,4,,10,4,9,5,4,1,1,17,15,7,13,1,4,4,2,11,14,19,9,7,15,,30
Вентилятор с фильтром ВФИ 700 м3/час IP55 IEK (4) NEW,шт,270300293_,3,9,9,9,8,8,8,8,8,8,8,8,8,3,3,8,8,8,8,1,3,3,3,3,3,2,2,2,2,1,1,2,2,3
Вилка для плиты ВПпл10-01-Ст з/к 32А белая IEK,шт,130300775_,4,,20,7,,30,25,15,7,11,11,19,25,11,11,11,1,1,19,7,7,5,4,14,11,11,7,17,17,2,11,11,11,4
Вилка закорачивающая для CTS-DT 6мм2 2PIN IEK,шт,130301739_,,,,,,,,,24,24,24,24,24,24,24,24,24,24,24,24,24,24,24,24,24,20,20,20,20,20,20,20,20,
Винт с гладкой головкой и квадратным подголов. M6х30 IEK,шт,CMZ11-VT-06-030,,,,,,1300,1300,1300,1300,1300,1300,1300,1300,1300,1300,1300,1300,1300,1300,1300,1300,1300,1300,1300,1300,1300,1300,1300,1300,1300,1299,1299,1299,
ВКИ-230 3Р 16А 230\400В IP40 IEK (10/100),шт,130900001_,31,36,30,20,45,30,34,27,1,,44,27,51,50,21,,60,60,25,23,9,34,,,50,78,75,65,79,76,74,60,57,31
Вкладыш для инструмента BO-08 ARMA2L 5 IEK (1),шт,130200417_,7,7,7,7,7,7,7,7,7,7,7,7,7,7,7,7,7,7,7,7,7,7,7,7,7,7,7,7,7,7,7,7,7,7
Внешний изменяемый угол  80х40  ПРАЙМЕР (108),шт,280100116_,53,51,50,26,4,46,82,44,46,89,19,19,28,19,16,109,1,24,55,93,193,189,167,164,148,148,138,134,114,90,79,46,42,53
Внешний изменяемый угол 100х40  ПРАЙМЕР (108),шт,280200166_,115,109,107,62,46,86,76,66,47,80,24,39,14,7,41,68,81,110,100,91,95,91,95,88,65,34,36,56,21,28,55,55,37,115
Внешний изменяемый угол 100х60  ПРАЙМЕР (108)!!!,шт,ст-9951104,16,28,28,28,28,28,28,28,28,27,25,21,21,11,11,11,3,3,3,3,3,3,3,3,3,3,3,3,,,,,,16
Внешний угол КМН 100х40 Белый ЭЛЕКОР IEK (2) ,шт,280200031_,26,1,9,30,20,30,30,28,25,12,31,10,17,43,26,24,20,45,59,59,59,33,27,25,2,10,30,4,26,20,4,47,45,26
Внешний угол КМН 100х60 Белый ЭЛЕКОР IEK (2),шт,280200032_,485,466,435,298,289,237,214,294,33,157,17,,178,154,139,142,54,33,172,277,256,228,176,95,68,86,152,118,54,,86,20,61,485
Внешний угол КМН 15х10 Белый ЭЛЕКОР IEK (4),шт,280200033_,516,500,498,494,464,461,441,389,381,11,179,274,271,241,231,205,200,173,165,269,111,305,290,290,253,238,190,224,196,146,156,151,151,516
Внешний угол КМН 16х16 Белый ЭЛЕКОР IEK (4),шт,280200034_,240,143,143,85,162,227,222,224,180,46,42,282,252,252,237,235,241,229,201,94,24,110,116,113,102,102,54,56,96,5,17,177,127,240
Внешний угол КМН 20х10 Белый ЭЛЕКОР IEK (4),шт,280200035_,112,92,92,65,40,60,60,80,77,77,77,45,33,67,69,69,53,,110,110,,116,133,128,38,128,158,158,154,154,126,166,156,112
Внешний угол КМН 25х16 Белый ЭЛЕКОР IEK (4),шт,280200087_,236,121,311,223,183,215,324,84,,450,608,583,568,520,516,282,17,,,603,96,472,335,343,320,309,403,289,235,186,193,179,271,236
Внешний угол КМН 40х16 Белый ЭЛЕКОР IEK (4),шт,280200088_,448,448,448,448,448,424,424,406,135,125,125,125,76,64,84,104,400,436,431,366,115,70,40,64,37,53,67,59,59,409,435,435,435,448
Внешний угол КМН 40х25 Белый ЭЛЕКОР IEK (4),шт,280200108_,212,126,337,173,,59,45,1018,1005,971,860,778,703,689,608,531,518,232,103,55,,,,430,359,336,310,232,173,321,177,130,184,212
Внешний угол КМН 60х40 Белый ЭЛЕКОР IEK (4),шт,280200036_,77,269,217,194,192,370,317,221,14,212,293,30,2,2,2,196,166,129,71,180,204,280,212,196,217,171,112,98,17,,123,290,194,77
Внутренний изменяемый угол  80х40  ПРАЙМЕР (108),шт,280100117_,42,64,60,64,65,79,69,81,18,69,,67,39,21,18,95,49,38,101,90,69,87,105,100,81,71,52,45,44,,1,70,71,42
Внутренний изменяемый угол 100х40  ПРАЙМЕР (108),шт,280200167_,130,97,93,33,50,125,115,24,58,148,55,139,82,59,54,159,151,162,122,138,80,112,89,117,109,67,99,67,68,56,80,79,97,130
Внутренний изменяемый угол 100х60  ПРАЙМЕР (72),шт,ст-9951105,10,10,10,10,10,10,8,7,7,,,,,,,,,,,,,,,,,,,,,,,,,10
Внутренний угол КМВ 100х40 Белый ЭЛЕКОР IEK (2),шт,280200109_,29,29,28,16,8,18,18,28,12,26,26,11,9,9,9,41,32,,,32,32,20,12,12,10,12,42,44,62,34,20,2,44,29
Внутренний угол КМВ 100х60 Белый ЭЛЕКОР IEK (2) ,шт,280200037_,168,143,144,234,221,125,265,273,248,328,208,20,16,,,2,95,87,42,292,227,219,276,207,186,176,201,173,,24,3,59,20,168
Внутренний угол КМВ 15х10 Белый ЭЛЕКОР IEK (4),шт,280200085_,316,226,224,220,190,185,165,105,96,36,112,93,20,20,10,64,7,71,11,7,124,119,104,96,72,65,50,46,102,37,36,73,71,316
Внутренний угол КМВ 16х16 Белый ЭЛЕКОР IEK (4),шт,280200038_,27,100,97,47,142,105,160,114,100,98,173,11,11,11,11,10,196,192,164,130,94,80,83,80,71,71,57,57,73,55,7,87,37,27
Внутренний угол КМВ 20х10 Белый ЭЛЕКОР IEK (4),шт,280200039_,48,28,64,38,28,88,88,68,58,98,84,72,60,96,96,96,104,,109,103,10,129,168,168,72,142,92,97,133,133,125,123,113,48
Внутренний угол КМВ 25х16 Белый ЭЛЕКОР IEK (4),шт,280200086_,550,366,501,403,234,302,202,52,44,94,443,580,529,505,491,248,,,540,479,129,190,,40,,385,203,108,164,497,507,441,429,550
Внутренний угол КМВ 40х16 Белый ЭЛЕКОР IEK (4),шт,280200040_,10,10,30,30,30,12,50,16,11,11,11,91,33,13,13,33,340,340,324,290,216,210,166,153,,80,52,45,65,215,237,237,236,10
Внутренний угол КМВ 40х25 Белый ЭЛЕКОР IEK (4),шт,280200041_,73,,731,685,166,92,81,640,632,597,537,415,315,496,432,118,611,395,213,371,481,527,1246,1093,1015,989,856,763,475,548,384,495,467,73
Внутренний угол КМВ 60х40 Белый ЭЛЕКОР IEK (4),шт,280200042_,470,564,523,460,408,332,291,235,165,164,156,302,253,235,171,142,102,49,7,183,26,16,204,181,127,183,170,151,27,,,17,52,470
"Вольтметр Э47 100В кл.точн. 1,5 96*96мм !!!",шт,ст-9951312,,,,,,14,14,14,14,14,12,12,12,12,12,9,9,9,9,9,9,9,9,9,9,9,9,9,9,9,9,9,9,
"Вольтметр Э47 300В кл.точн. 1,5 96*96мм !!!",шт,ст-9951311,,,,,,5,5,5,5,4,4,4,4,4,4,3,3,3,3,3,3,3,3,3,3,3,3,3,3,3,3,3,3,
"Вольтметр Э47 500В кл. точн. 1,5 72х72 IEK (1/100)",шт,130301016_,20,11,30,28,18,14,4,4,11,24,17,16,20,17,13,10,16,17,20,1,1,26,20,19,6,1,9,9,24,23,21,17,16,20
"Вольтметр Э47 500В кл. точн. 1,5 96х96мм IEK !!!",шт,130300988_,,,,,,15,15,9,,,3,,,,,,,,,,,,,,,,,,,,,,,
ВПу12-01-Ст Вилка разборная угловая с з/к с кольцом 16А белая,шт,130301120_,57,,,600,589,568,526,400,376,487,460,424,376,373,312,279,,140,482,410,382,310,303,325,309,295,285,282,241,240,216,176,176,57
"Вывод кабеля ""BRITE"" алюминий (1/200)",шт,030200908_,213,203,203,203,201,201,201,178,182,167,167,165,165,22,22,22,22,19,15,13,13,13,13,13,5,5,1,7,6,6,6,5,4,213
"Вывод кабеля ""BRITE"" белый (1/200)",шт,030200905_,202,182,181,181,156,133,124,108,105,101,91,56,46,37,37,36,30,28,23,28,25,42,28,23,19,15,3,,10,8,22,19,27,202
"Вывод кабеля ""BRITE"" графит (1/200)",шт,030200910_,222,210,206,200,196,173,172,160,164,153,149,148,148,14,10,10,12,7,12,12,8,4,5,2,2,7,6,5,4,8,8,8,8,222
"Вывод кабеля ""BRITE"" сталь (1/200)",шт,030200909_,223,209,209,196,191,190,188,141,144,144,144,144,144,40,33,13,23,23,17,17,14,11,10,3,,5,5,4,4,12,12,10,7,223
"Вывод кабеля ""BRITE"" черный (1/200)",шт,030200911_,209,197,174,164,145,126,127,109,97,63,82,73,53,39,29,29,49,47,24,30,23,19,19,21,11,17,16,6,22,22,20,27,26,209
"Выкл 1-кл перекр 10А б/рамки ""BRITE"" белый (1/100)",шт,030200456_,94,31,51,61,131,111,99,38,88,92,79,89,65,13,12,32,77,77,38,50,51,60,73,83,122,82,77,55,63,71,55,75,44,94
"Выкл 1-кл перекрестный  10А б/рамки ""BRITE"" алюминий (1/100)",шт,030200777_,115,114,110,121,121,121,111,111,111,110,87,85,85,85,75,74,74,74,71,71,61,46,46,46,36,36,36,30,20,40,40,40,33,115
"Выкл 1-кл перекрестный  10А б/рамки ""BRITE"" шампань (1/100)",шт,030200776_,40,10,6,16,14,13,13,13,3,12,11,8,4,4,,,,10,7,7,15,12,10,9,10,15,15,12,8,20,21,18,18,40
"Выкл 1-кл перекрестный  б/рамки 10А ""BRITE"" графит (1/100)",шт,030200779_,241,186,161,145,121,121,110,100,86,94,94,71,70,25,25,24,54,52,52,42,60,49,49,39,29,28,28,27,26,40,26,26,24,241
"Выкл 1-кл перекрестный  б/рамки 10А ""BRITE"" сталь (1/100)",шт,030200778_,142,141,141,140,130,129,129,119,119,118,118,118,118,107,107,97,97,97,40,40,18,24,24,24,24,24,24,23,23,52,42,49,48,142
"Выкл 1-кл перекрестный 10А б/рамки ""BRITE"" жемчуг (1/100)",шт,030200775_,180,180,174,166,163,163,163,163,149,146,144,143,143,142,142,142,142,141,136,135,135,132,132,122,122,122,102,102,102,106,106,106,106,180
"Выкл 1-кл перекрестный 10А б/рамки ""BRITE"" чёрный (1/100)",шт,030200780_,141,85,26,92,123,120,118,95,78,92,135,135,99,74,74,71,47,55,65,50,67,64,52,57,48,48,48,44,41,,55,54,77,141
"Выкл 1-кл. 10А б/рамки ""BRITE"" алюминий (1/100)",шт,030200407_,485,346,411,206,556,404,415,303,456,269,505,490,422,247,263,166,286,318,364,338,257,355,376,481,288,397,420,326,366,250,407,499,374,485
"Выкл 1-кл. 10А б/рамки ""BRITE"" бежевый (1/100)",шт,030200828_,551,483,437,414,371,337,272,199,68,54,179,233,199,190,35,143,141,154,208,220,93,255,166,257,224,266,219,231,229,131,304,317,263,551
"Выкл 1-кл. 10А б/рамки ""BRITE"" белый (1/100)",шт,030200514_,859,689,729,1134,1227,1070,1227,767,30,795,1668,1487,2174,1258,634,1162,1760,1224,1372,1547,1011,1853,1807,1784,1622,1859,1612,1575,1690,1678,1810,1625,1079,859
"Выкл 1-кл. 10А б/рамки ""BRITE"" графит (1/100)",шт,030200472_,410,584,517,751,1480,1325,1062,670,620,816,1596,1187,925,933,859,578,1300,1014,1094,955,859,1050,985,1018,935,897,969,887,832,596,484,641,528,410
"Выкл 1-кл. 10А б/рамки ""BRITE"" жемчуг (1/100)",шт,030200420_,199,140,137,223,276,175,235,134,29,188,280,238,266,195,165,204,200,168,178,162,111,165,219,207,181,154,152,163,153,157,137,162,129,199
"Выкл 1-кл. 10А б/рамки ""BRITE"" маренго (1/100)",шт,030200551_,377,331,246,235,232,222,212,172,155,119,112,107,99,78,36,6,29,25,10,30,8,10,,,,,,,,14,5,2,2,377
"Выкл 1-кл. 10А б/рамки ""BRITE"" сталь (1/100)",шт,030200500_,389,300,275,607,969,665,260,237,500,871,963,684,684,734,548,664,891,636,831,648,493,715,707,612,778,787,708,641,577,429,315,373,347,389
"Выкл 1-кл. 10А б/рамки ""BRITE"" темная бронза (1/100)",шт,030200811_,367,352,288,249,229,200,196,168,161,159,152,121,98,87,44,29,31,19,62,51,51,95,102,99,97,72,87,108,65,84,65,49,47,367
"Выкл 1-кл. 10А б/рамки ""BRITE"" черный (1/100)",шт,030200486_,817,841,476,1400,3804,2885,2218,1355,983,1698,3124,2311,1360,2473,2360,1481,2996,2449,2523,2244,2148,2844,2669,2956,3273,2303,2313,2037,2350,2165,1657,2212,1779,817
"Выкл 1-кл. 10А б/рамки ""BRITE"" шампань (1/100)",шт,030200435_,193,159,101,172,426,297,343,189,223,347,556,403,296,317,358,232,399,156,431,479,425,481,438,542,565,450,494,371,365,448,365,471,417,193
"Выкл 1-кл. 10А в сборе ""BRITE"" белый (1/100)",шт,030200448_,2032,1722,1521,1271,3128,2675,2209,1213,721,435,2682,1154,1617,2640,1623,2183,2655,1497,2579,2671,2344,3297,576,2815,4217,3499,3238,3819,3687,3557,2645,2222,2132,2032
"Выкл 1-кл. перекр 10А б/рамки ""BRITE"" бежевый (1/100)",шт,030201018_,74,74,74,84,82,82,82,72,62,57,37,35,35,33,23,23,23,23,16,13,17,17,10,15,12,17,17,17,17,17,17,3,3,74
"Выкл 1-кл. перекр 10А б/рамки ""BRITE"" маренго (1/100)",шт,030200933_,80,80,70,70,69,69,69,59,64,63,68,67,67,65,65,39,39,39,40,40,40,39,39,39,39,39,39,39,39,59,59,59,59,80
"Выкл 1-кл. прох. 10А б/рамки ""BRITE"" алюминий (1/100)",шт,030200412_,104,92,66,55,79,77,77,73,51,13,56,58,58,58,38,35,35,35,23,20,4,,40,39,35,33,21,28,63,71,69,59,47,104
"Выкл 1-кл. прох. 10А б/рамки ""BRITE"" бежевый (1/100)",шт,030200833_,115,93,65,63,57,53,52,38,,,42,45,41,46,22,22,42,40,41,42,23,18,50,52,44,54,53,34,33,53,38,49,37,115
"Выкл 1-кл. прох. 10А б/рамки ""BRITE"" белый (1/100)",шт,030200454_,209,207,157,289,440,333,127,18,291,122,401,376,246,283,350,266,387,341,277,258,420,546,545,441,486,485,437,413,432,287,385,358,383,209
"Выкл 1-кл. прох. 10А б/рамки ""BRITE"" графит (1/100)",шт,030200477_,226,162,87,243,359,312,219,163,178,261,258,203,254,205,181,151,185,171,134,138,117,102,136,153,117,141,156,83,71,69,55,81,77,226
"Выкл 1-кл. прох. 10А б/рамки ""BRITE"" жемчуг (1/100)",шт,030200425_,,38,21,18,45,31,29,7,12,59,43,53,41,81,81,62,54,46,33,41,41,29,39,23,16,34,28,75,67,63,61,57,37,
"Выкл 1-кл. прох. 10А б/рамки ""BRITE"" маренго (1/100)",шт,030200556_,175,171,141,130,126,125,125,111,110,108,118,118,111,107,107,103,99,99,98,98,96,94,94,94,86,86,86,86,78,88,88,86,82,175
"Выкл 1-кл. прох. 10А б/рамки ""BRITE"" сталь (1/100)",шт,030200505_,285,248,218,176,174,128,93,68,55,82,96,143,119,117,105,75,74,52,89,73,41,67,59,87,95,85,94,88,104,103,103,111,65,285
"Выкл 1-кл. прох. 10А б/рамки ""BRITE"" темная бронза (1/100)",шт,030200816_,199,199,197,193,191,188,186,170,170,169,169,167,161,161,161,154,134,130,122,122,100,96,96,110,99,89,89,89,85,88,86,84,62,199
"Выкл 1-кл. прох. 10А б/рамки ""BRITE"" черный (1/100)",шт,030200491_,187,115,172,265,552,444,345,230,318,405,494,472,397,142,61,21,21,3,405,253,221,214,280,217,250,326,280,211,287,267,212,220,147,187
"Выкл 1-кл. прох. 10А б/рамки ""BRITE"" шампань (1/100)",шт,030200440_,20,,47,56,130,120,111,95,55,64,126,115,100,78,39,15,22,27,67,93,69,86,92,127,115,98,72,66,39,28,4,,19,20
"Выкл 1-кл. прох. с инд б/рамки 10А ""BRITE"" алюминий (1/100)",шт,030200867_,40,40,40,76,76,74,74,74,62,61,101,101,101,101,101,101,101,101,101,101,101,101,101,101,101,101,101,101,101,111,111,111,111,40
"Выкл 1-кл. прох. с инд б/рамки 10А ""BRITE"" жемчуг (1/100)",шт,030200870_,180,180,180,158,158,158,158,158,145,144,155,155,155,155,155,155,155,153,145,145,143,143,143,143,143,143,143,143,143,143,153,153,153,180
"Выкл 1-кл. прох. с инд.  10А ""BRITE"" графит (1/100)",шт,030200874_,51,50,34,24,23,21,21,17,16,15,16,16,16,26,26,26,26,26,26,26,46,40,40,40,40,40,40,39,39,39,39,39,39,51
"Выкл 1-кл. прох. с инд.  10А ""BRITE"" чёрный (1/100)",шт,030200876_,132,132,131,125,121,121,121,111,111,110,104,106,106,96,95,95,93,93,93,93,93,93,91,91,91,89,89,89,79,74,78,78,78,132
"Выкл 1-кл. прох. с инд. 10А ""BRITE"" белый (1/100)",шт,030200455_,37,36,10,32,42,42,42,23,5,24,59,59,59,59,39,37,37,35,11,31,11,21,12,18,18,37,33,12,53,53,53,51,49,37
"Выкл 1-кл. прох. с инд. 10А ""BRITE"" сталь (1/100)",шт,030200878_,128,118,118,128,127,127,127,127,127,126,124,124,124,124,124,124,124,124,124,124,124,124,124,124,124,124,124,123,130,130,130,123,123,128
"Выкл 1-кл. прох. с инд. б/рамки 10А ""BRITE"" шампань (1/100)",шт,030200873_,150,150,142,141,141,141,141,141,131,130,130,130,130,130,130,130,130,130,130,130,130,130,130,130,130,130,130,130,129,129,129,127,127,150
"Выкл 1-кл. с инд. 10А б/рамки ""BRITE"" бежевый (1/100)",шт,030200829_,50,50,50,49,49,49,49,49,49,33,33,29,21,21,21,17,17,17,12,12,12,10,10,10,10,10,,6,6,4,9,9,9,50
"Выкл 1-кл. с инд. 10А б/рамки ""BRITE"" белый (1/100)",шт,030200449_,175,174,187,303,375,302,242,193,140,79,266,145,197,71,109,103,214,173,210,233,141,189,280,230,263,221,180,146,128,203,152,156,115,175
"Выкл 1-кл. с инд. 10А б/рамки ""BRITE"" графит (1/100)",шт,030200473_,218,134,203,213,262,219,194,190,150,166,160,210,195,193,167,159,137,137,127,107,113,97,86,66,61,53,39,38,21,21,15,10,34,218
"Выкл 1-кл. с инд. 10А б/рамки ""BRITE"" жемчуг (1/100)",шт,030200421_,32,30,33,10,39,24,23,11,16,32,46,42,16,36,26,34,34,28,32,32,22,20,20,20,19,19,19,19,4,17,11,11,11,32
"Выкл 1-кл. с инд. 10А б/рамки ""BRITE"" маренго (1/100)",шт,030200552_,21,21,21,18,17,12,11,8,7,,8,8,8,8,8,,10,10,10,10,10,6,6,6,6,6,4,4,4,4,4,4,4,21
"Выкл 1-кл. с инд. 10А б/рамки ""BRITE"" сталь (1/100)",шт,030200501_,181,150,137,79,335,325,315,288,253,232,182,172,120,95,47,96,124,97,87,66,16,98,116,116,111,111,111,90,59,54,38,34,6,181
"Выкл 1-кл. с инд. 10А б/рамки ""BRITE"" темная бронза (1/100)",шт,030200812_,18,18,16,16,6,6,6,3,3,,,,,,,,,,,,,,,,,,,,,,,1,6,18
"Выкл 1-кл. с инд. 10А б/рамки ""BRITE"" черный (1/100)",шт,030200487_,140,137,91,130,312,254,211,147,152,127,242,226,182,123,113,123,188,175,144,79,128,134,131,112,146,114,137,142,140,100,138,148,127,140
"Выкл 1-кл. с инд. 10А б/рамки ""BRITE"" шампань (1/100)",шт,030200436_,72,71,85,62,62,54,54,28,28,37,32,26,26,16,16,2,12,12,10,12,12,12,12,12,11,6,6,6,5,1,1,4,5,72
"Выкл 1-кл. с инд. б/рамки ""BRITE"" алюминий (1/100)",шт,030200408_,95,79,44,276,246,203,158,156,114,103,68,54,83,83,63,59,49,14,60,40,,70,69,38,28,50,49,64,63,50,70,91,71,95
"Выкл 2-кл перекр 10А б/рамки ""BRITE"" алюминий (1/100)",шт,030201246_,,,,,,,,,,,,,,,,,,,,,200,200,199,196,196,196,196,196,196,196,196,196,16,
"Выкл 2-кл перекр 10А б/рамки ""BRITE"" бежевый (1/100)",шт,030201248_,,,,,,,,,,,,,,,,,,,,,200,200,199,197,196,196,196,196,180,166,166,166,22,
"Выкл 2-кл перекр 10А б/рамки ""BRITE"" белый (1/100)",шт,030201244_,,,,,,,,,,,,,,,,,,,,,499,498,494,465,457,430,326,313,299,307,299,289,33,
"Выкл 2-кл перекр 10А б/рамки ""BRITE"" графит (1/100)",шт,030201245_,,,,,,,,,,,,,,,,,,,,,300,297,296,280,278,268,267,264,263,253,253,253,53,
"Выкл 2-кл перекр 10А б/рамки ""BRITE"" жемчуг (1/100)",шт,030201247_,,,,,,,,,,,,,,,,,,,,,200,200,198,191,190,189,189,186,186,185,185,185,25,
"Выкл 2-кл перекр 10А б/рамки ""BRITE"" маренго (1/100)",шт,030201249_,,,,,,,,,,,,,,,,,,,,,200,200,200,200,200,200,200,200,200,200,200,200,,
"Выкл 2-кл перекр 10А б/рамки ""BRITE"" сталь (1/100)",шт,030201250_,,,,,,,,,,,,,,,,,,,,,200,200,200,195,192,192,192,191,191,191,191,183,22,
"Выкл 2-кл перекр 10А б/рамки ""BRITE"" темная бронза (1/100)",шт,030201251_,,,,,,,,,,,,,,,,,,,,,200,200,200,197,197,197,197,197,196,196,196,196,16,
"Выкл 2-кл перекр 10А б/рамки ""BRITE"" черный (1/100)",шт,030201236_,,,,,,,,,,,,,,,,,,,,,404,400,400,384,340,225,203,196,128,140,116,112,111,
"Выкл 2-кл перекр 10А б/рамки ""BRITE"" шампань (1/100)",шт,030201252_,,,,,,,,,,,,,,,,,,,,,200,199,199,193,193,193,189,158,147,147,146,146,25,
"Выкл 2-кл. 10А б/рамки ""BRITE"" алюминий (1/100)",шт,030200409_,430,377,316,206,403,352,253,185,229,145,284,306,292,242,168,164,133,193,142,143,65,86,135,128,77,132,147,94,162,105,131,190,214,430
"Выкл 2-кл. 10А б/рамки ""BRITE"" бежевый (1/100)",шт,030200830_,313,283,271,264,241,221,192,134,71,60,73,157,153,122,41,37,64,52,119,107,115,111,125,124,96,103,148,115,123,41,100,104,61,313
"Выкл 2-кл. 10А б/рамки ""BRITE"" белый (1/100)",шт,030200515_,817,666,381,865,1100,978,737,353,401,728,1225,810,1056,528,442,455,926,731,717,796,680,1075,910,1109,994,833,995,799,897,546,442,705,695,817
"Выкл 2-кл. 10А б/рамки ""BRITE"" графит (1/100)",шт,030200474_,391,514,359,463,996,798,622,479,394,687,959,775,869,798,560,387,702,538,758,663,467,572,558,616,538,518,461,408,382,230,258,413,327,391
"Выкл 2-кл. 10А б/рамки ""BRITE"" жемчуг (1/100)",шт,030200422_,93,40,51,22,244,164,127,84,8,75,253,213,285,251,126,74,110,63,129,121,61,57,119,109,95,109,97,104,95,93,82,122,79,93
"Выкл 2-кл. 10А б/рамки ""BRITE"" маренго (1/100)",шт,030200553_,230,195,128,120,112,112,112,80,69,55,61,79,66,46,45,34,38,34,26,26,,19,29,4,2,2,2,2,,11,9,1,1,230
"Выкл 2-кл. 10А б/рамки ""BRITE"" сталь (1/100)",шт,030200502_,195,168,224,363,759,570,450,327,38,365,481,480,269,317,351,219,613,478,481,388,283,352,216,505,395,348,404,388,359,269,218,168,250,195
"Выкл 2-кл. 10А б/рамки ""BRITE"" темная бронза (1/100)",шт,030200813_,340,330,326,292,270,247,239,215,199,179,176,164,150,140,137,116,103,63,48,45,48,49,29,52,52,39,43,45,37,65,59,58,41,340
"Выкл 2-кл. 10А б/рамки ""BRITE"" черный (1/100)",шт,030200488_,669,484,325,754,2103,1456,935,434,1394,567,1917,1172,1177,1524,1593,982,1947,1582,1400,1515,1283,1567,1581,1222,1935,1435,1463,1547,1542,1518,1686,1500,1193,669
"Выкл 2-кл. 10А б/рамки ""BRITE"" шампань (1/100)",шт,030200437_,30,59,13,195,302,131,242,157,233,294,340,249,201,209,251,188,157,237,231,282,254,271,251,333,354,282,306,212,247,299,181,162,117,30
"Выкл 2-кл. 10А в сборе ""BRITE"" белый (1/100)",шт,030200450_,853,655,523,708,1168,926,681,114,549,5,1185,545,273,1174,748,1009,1265,1114,1137,1220,1149,1603,1026,823,1501,1488,1532,774,1409,257,1588,905,805,853
"Выкл 2-кл. прох. 10А б/рамки ""BRITE"" бежевый (1/100)",шт,030200840_,110,96,93,81,81,77,77,65,41,31,18,25,24,41,41,41,33,33,30,34,20,30,20,20,16,16,14,22,20,34,38,34,28,110
"Выкл 2-кл. прох. 10А б/рамки ""BRITE"" белый (1/100)",шт,030200470_,183,143,23,95,200,168,191,128,88,116,250,214,140,137,23,5,111,58,24,58,50,139,155,143,184,187,149,130,176,214,170,198,147,183
"Выкл 2-кл. прох. 10А б/рамки ""BRITE"" графит (1/100)",шт,030200484_,115,192,152,57,232,216,169,169,93,108,147,130,121,153,122,63,155,139,114,90,106,76,71,63,81,73,80,78,79,49,56,69,83,115
"Выкл 2-кл. прох. 10А б/рамки ""BRITE"" жемчуг (1/100)",шт,030200433_,8,40,30,,24,14,24,,,27,25,23,23,21,5,18,23,17,23,23,18,10,15,21,21,21,21,21,21,12,7,17,13,8
"Выкл 2-кл. прох. 10А б/рамки ""BRITE"" маренго (1/100)",шт,030200563_,164,162,152,151,151,151,149,137,135,133,133,131,127,117,117,115,96,96,86,86,84,84,84,84,84,84,84,84,84,92,95,95,95,164
"Выкл 2-кл. прох. 10А б/рамки ""BRITE"" сталь (1/100)",шт,030200512_,123,105,98,97,112,99,69,37,39,80,80,80,70,26,2,,90,75,55,32,12,58,64,55,33,53,51,49,49,59,53,33,6,123
"Выкл 2-кл. прох. 10А б/рамки ""BRITE"" темная бронза (1/100)",шт,030200823_,148,148,148,144,144,126,121,111,110,109,103,103,103,93,93,91,91,81,76,75,67,67,66,16,26,26,26,26,21,34,34,33,27,148
"Выкл 2-кл. прох. 10А б/рамки ""BRITE"" черный (1/100)",шт,030200498_,141,,162,22,417,355,367,310,266,204,363,314,234,135,76,70,197,168,323,297,206,296,208,190,180,319,314,274,137,140,159,150,100,141
"Выкл 2-кл. прох. 10А б/рамки ""BRITE"" шампань (1/100)",шт,030200447_,42,6,15,36,61,46,36,16,15,42,40,30,30,76,72,62,22,32,31,25,27,26,25,35,42,60,63,44,49,49,21,51,44,42
"Выкл 2-кл. прох. б/рамки ""BRITE"" алюминий (1/100)",шт,030200419_,100,100,84,84,72,60,60,37,37,32,31,47,47,47,37,29,25,21,19,19,9,9,9,9,9,9,4,5,11,19,21,21,19,100
"Выкл 2-кл. с инд. 10А б/рамки ""BRITE"" бежевый (1/100)",шт,030200831_,50,50,50,50,50,50,50,50,50,49,44,42,40,40,40,36,36,36,30,29,29,29,29,29,29,29,24,24,16,14,11,11,11,50
"Выкл 2-кл. с инд. 10А б/рамки ""BRITE"" белый (1/100)",шт,030200451_,162,141,167,187,146,131,131,67,62,2,117,89,118,74,22,20,109,89,92,110,56,108,124,139,92,99,59,98,107,113,129,113,83,162
"Выкл 2-кл. с инд. 10А б/рамки ""BRITE"" графит (1/100)",шт,030200475_,154,142,119,115,185,145,145,143,116,139,141,121,104,82,75,67,62,52,39,42,44,50,39,37,18,27,25,24,22,32,30,30,25,154
"Выкл 2-кл. с инд. 10А б/рамки ""BRITE"" жемчуг (1/100)",шт,030200423_,114,106,126,84,64,59,59,48,38,32,34,28,18,28,28,28,28,27,27,27,27,23,23,23,19,19,19,19,19,29,4,4,4,114
"Выкл 2-кл. с инд. 10А б/рамки ""BRITE"" маренго (1/100)",шт,030200554_,40,40,40,48,48,48,48,47,47,29,29,29,29,29,29,24,25,25,22,22,22,19,19,19,19,19,18,18,18,18,18,18,18,40
"Выкл 2-кл. с инд. 10А б/рамки ""BRITE"" сталь (1/100)",шт,030200503_,131,111,121,90,170,162,152,149,116,110,89,79,68,31,41,31,40,28,44,42,12,44,63,63,80,80,80,79,44,44,28,19,23,131
"Выкл 2-кл. с инд. 10А б/рамки ""BRITE"" темная бронза (1/100)",шт,030200814_,58,58,58,58,48,48,47,44,44,43,43,43,43,43,43,43,43,43,40,40,40,40,40,40,40,40,40,40,38,38,40,38,38,58
"Выкл 2-кл. с инд. 10А б/рамки ""BRITE"" черный (1/100)",шт,030200489_,72,2,10,44,204,184,153,127,125,81,84,119,67,57,10,30,74,55,43,10,30,40,26,25,,100,59,54,12,12,8,65,86,72
"Выкл 2-кл. с инд. 10А б/рамки ""BRITE"" шампань (1/100)",шт,030200438_,34,23,17,11,31,26,26,25,25,24,9,9,3,13,13,8,8,8,11,9,9,9,9,9,8,3,3,3,2,2,2,6,6,34
"Выкл 2-кл. с инд. б/рамки ""BRITE"" алюминий (1/100)",шт,030200410_,128,128,158,108,88,66,66,64,64,63,39,74,63,63,53,52,52,52,42,32,2,2,1,,,30,20,20,10,,,10,10,128
"Выкл 3-кл. 10А  б/рамки ""BRITE"" жемчуг (1/100)",шт,030200739_,21,11,104,93,81,75,74,74,43,32,24,21,31,29,28,28,26,26,24,24,24,21,15,14,6,10,6,8,8,13,7,7,12,21
"Выкл 3-кл. 10А  б/рамки ""BRITE"" сталь (1/100)",шт,030200741_,153,145,145,109,92,76,54,43,8,26,26,26,14,14,3,,19,13,,,,14,9,10,5,15,15,14,16,41,40,38,16,153
"Выкл 3-кл. 10А  б/рамки ""BRITE"" чёрный (1/100)",шт,030200744_,318,237,222,183,160,95,108,96,27,54,182,81,181,32,72,25,137,96,64,82,16,65,55,54,175,169,104,122,98,107,70,127,123,318
"Выкл 3-кл. 10А  б/рамки ""BRITE"" шампань (1/100)",шт,030200752_,31,19,6,7,36,31,30,28,,10,15,25,14,19,18,16,4,15,31,30,20,27,24,29,31,29,28,28,21,37,25,23,22,31
"Выкл 3-кл. 10А 10А б/рамки ""BRITE"" графит (1/100)",шт,030200743_,150,105,79,61,83,86,65,47,86,87,109,89,81,65,37,18,48,44,40,35,19,26,26,46,41,42,32,31,31,41,38,41,41,150
"Выкл 3-кл. 10А б/рамки ""BRITE"" алюминий (1/100)",шт,030200740_,213,210,199,199,196,196,193,191,178,177,207,207,206,206,205,205,195,194,194,189,169,168,168,163,163,163,161,160,159,168,168,168,152,213
"Выкл 3-кл. 10А б/рамки ""BRITE"" бежевый (1/100)",шт,030200841_,139,136,135,133,133,133,123,113,109,96,96,96,96,96,96,95,93,93,88,86,70,76,76,75,75,75,75,75,75,35,35,35,29,139
"Выкл 3-кл. 10А б/рамки ""BRITE"" белый (1/100)",шт,030200452_,146,106,179,187,299,294,262,231,184,106,199,175,147,79,73,34,93,124,155,89,23,143,138,145,128,162,125,86,103,75,168,203,118,146
"Выкл 3-кл. 10А б/рамки ""BRITE"" маренго (1/100)",шт,030200772_,206,201,181,180,180,180,180,170,166,164,163,161,161,161,160,150,150,150,145,145,145,145,145,145,144,144,144,144,144,154,154,152,152,206
"Выкл 3-кл. 10А б/рамки ""BRITE"" темная бронза (1/100)",шт,030200824_,240,235,235,234,234,230,224,214,212,210,210,210,207,207,206,176,166,163,158,145,145,145,145,145,145,145,145,135,127,164,162,162,161,240
"Выкл жалюзи 10А б/рамки ""BRITE"" бежевый (1/100)",шт,030200846_,20,20,20,19,19,19,19,9,9,8,8,8,8,8,8,8,8,8,6,2,7,7,7,7,7,16,16,16,16,26,8,11,11,20
"Выкл. 1-кл. самовозвратн. 10А ""BRITE"" алюминий (1/100)",шт,030200974_,103,103,103,103,101,101,101,101,105,104,104,104,104,4,4,4,4,4,4,4,4,4,4,4,,2,2,1,1,2,2,2,2,103
"Выкл. 1-кл. самовозвратн. 10А ""BRITE"" белый (1/100)",шт,030200970_,91,11,102,87,86,66,36,66,59,68,66,56,,49,69,69,65,51,40,67,45,55,51,47,48,48,48,25,29,45,46,71,,91
"Выкл. 1-кл. самовозвратн. 10А ""BRITE"" графит (1/100)",шт,030200972_,93,93,93,92,90,90,90,83,87,86,86,85,82,11,11,1,1,1,1,1,1,1,1,1,,2,2,1,,,,,,93
"Выкл. 1-кл. самовозвратн. 10А ""BRITE"" сталь (1/100)",шт,030200973_,102,102,102,102,100,100,100,100,104,102,102,102,100,5,4,4,4,4,3,3,,2,2,2,2,2,2,1,1,1,1,1,1,102
"Выкл. 1-кл. самовозвратн. 10А ""BRITE"" черный (1/100)",шт,030200971_,102,102,92,85,82,68,62,51,55,49,19,19,19,19,19,19,5,15,12,10,1,18,32,32,22,22,22,22,16,16,16,11,6,102
"Выкл. жалюзи 10А ""BRITE"" алюминий (1/100)",шт,030200946_,103,103,103,103,101,101,101,101,105,104,104,104,104,4,4,4,4,4,4,4,4,4,4,4,,2,2,1,,2,2,2,2,103
"Выкл. жалюзи 10А ""BRITE"" белый (1/100)",шт,030200774_,92,92,91,92,88,70,69,54,58,51,51,50,40,15,15,15,15,1,7,17,17,20,16,19,2,2,22,4,20,8,23,37,37,92
"Выкл. жалюзи 10А ""BRITE"" графит (1/100)",шт,030200944_,103,90,90,90,88,88,88,88,92,87,83,83,82,12,12,12,10,10,10,10,10,,5,5,3,5,5,4,4,4,4,4,4,103
"Выкл. жалюзи 10А ""BRITE"" сталь (1/100)",шт,030200945_,102,102,102,102,100,100,100,90,94,93,93,93,93,13,13,3,8,8,8,8,5,10,10,10,8,8,8,6,5,15,15,9,9,102
"Выкл. жалюзи 10А ""BRITE"" черный (1/100)",шт,030200943_,101,101,101,101,99,98,98,88,92,91,85,84,84,14,12,10,9,9,9,7,7,7,7,6,6,26,26,26,30,30,29,37,35,101
Выкл. конц. C6N-104 рычаг с рол. IP67 IEK,шт,010400945_,,,,,,,,,,,,,,,,,,,,,,,,,,,10,10,10,10,10,9,9,
Выкл. конц. C6N-105 рычаг с мет. рол. IP67 IEK,шт,010400956_,,,,,,,,,,,,,,,,,,,,,,,,,,,10,10,10,10,10,9,9,
Выкл. конц. C6N-108 рег. рычаг с рол. IP67 IEK,шт,010400949_,,,,,,,,,,,,,,,,,,,,,,,,,,,10,10,10,10,10,8,8,
Выкл. конц. C6N-111 толкатель IP67 IEK,шт,010400946_,,,,,,,,,,,,,,,,,,,,,,,,,,,10,10,10,10,10,9,9,
Выкл. конц. C6N-115 толк. с рыч. рол. лев. IP67 IEK,шт,010400957_,,,,,,,,,,,,,,,,,,,,,,,,,,,10,10,10,10,10,9,9,
Выкл. конц. C6N-116 толк. с рыч. рол. прав. IP67 IEK,шт,010400952_,,,,,,,,,,,,,,,,,,,,,,,,,,,10,10,10,10,10,9,9,
Выкл. конц. C6N-122 толк. с наж. рол. IP67 IEK,шт,010400953_,,,,,,,,,,,,,,,,,,,,,,,,,,,10,10,10,10,10,9,,
Выкл. конц. C6N-123 верт. толк. с наж. рол. IP67 IEK,шт,010400954_,,,,,,,,,,,,,,,,,,,,,,,,,,,10,10,10,10,10,9,9,
Выкл. конц. C6N-124 толк. с наж. рол. резьб. IP67 IEK,шт,010400940_,,,,,,,,,,,,,,,,,,,,,,,,,,,10,10,10,10,10,9,9,
Выкл. конц. C6N-125 верт. толк. с наж. рол. рез. IP67 IEK,шт,010400941_,,,,,,,,,,,,,,,,,,,,,,,,,,,10,10,10,10,10,9,9,
Выкл. конц. C6N-167 пруж. стрерж. IP67 IEK,шт,010400942_,,,,,,,,,,,,,,,,,,,,,,,,,,,10,10,10,10,10,9,9,
Выкл. нагрузки ВН-32 (1ф)  63А IEK (240) !!!,шт,010500017_,,,,,,3,3,,,,,,,,,,,7,6,6,5,5,1,1,1,1,1,1,1,1,1,1,1,
Выкл. нагрузки ВН-32 (2ф)  32А IEK (120) !!!,шт,010500029_,,,,,,33,33,33,27,22,21,14,12,6,6,6,6,7,7,3,3,2,,,,,,,,,,,,
Выкл. нагрузки ВН-32 (2ф)  40А IEK (120) !!!,шт,010500030_,52,52,52,52,52,56,56,56,55,4,4,4,4,4,11,11,10,10,,,,,,,,,,,,,,,,52
Выкл. нагрузки ВН-32 (2ф)  63А IEK (120) !!!,шт,010500031_,,,,,,121,121,118,38,3,3,3,3,3,3,3,3,2,2,2,55,55,55,55,55,55,55,55,,,,,,
Выкл. нагрузки ВН-32 (3ф)  20А IEK (4/80),шт,010500111_,,,,,,,,,,,,,,,24,23,,,2,42,,64,90,50,60,103,97,92,76,55,41,78,73,
Выкл. нагрузки ВН-32 (3ф)  25А IEK (4/80) !!!,шт,010500101_,,,,,,11,,,,,,,,,,,,,,,,,,,,,,,,,,9,1,
Выкл. нагрузки ВН-32 (3ф)  32А IEK (4/80),шт,010500102_,8,11,29,23,30,54,22,5,8,57,20,22,81,64,87,69,96,95,70,75,54,49,84,87,51,59,82,62,80,76,33,75,80,8
Выкл. нагрузки ВН-32 (3ф)  40А IEK (4/80),шт,010500041_,19,15,10,14,3,51,39,26,1,21,21,16,22,31,40,20,6,4,,34,,50,61,41,45,46,35,56,53,52,31,56,47,19
Выкл. нагрузки ВН-32 (3ф)  63А IEK (4/80),шт,010500042_,5,34,43,28,43,132,6,,35,51,60,3,,1,8,30,63,91,77,54,5,14,,58,32,41,65,59,55,78,70,64,77,5
Выкл. нагрузки ВН-32 (3ф) 100А IEK (4/80),шт,010500040_,7,1,16,22,19,9,10,1,,55,42,4,65,51,53,50,33,52,83,65,49,50,45,43,34,28,27,4,18,8,45,56,44,7
Выкл. нагрузки ВН-32 (3ф) 125А IEK (4/80),шт,MNV10-3-125,,,,,,,,,,,,,,,8,8,7,7,7,7,7,6,6,5,5,5,5,4,4,1,1,1,1,
Выключатель 1-кл  на 2 модуля ВК0-21-00-П ПРАЙМЕР (100),шт,280100120_,12,6,2,11,4,2,2,2,2,6,5,52,38,29,29,20,39,30,22,16,36,35,28,18,16,4,30,,30,29,24,50,47,12
Выключатель 1кл о/у 10А IP54 AQUATIC ВС-20-1-0-А IEK,шт,ярп40257,74,32,75,60,31,13,67,9,,196,15,,18,7,2,89,80,110,69,50,,71,40,148,119,48,97,,,,189,156,131,74
Выключатель 2-кл  на 2 модуля ВК1-22-00-П ПРАЙМЕР (100),шт,280100119_,,9,24,22,,20,7,9,,2,2,51,41,27,22,21,17,22,22,32,31,30,30,30,30,30,29,7,21,21,19,13,20,
Выключатель 2кл. о/у 10А IP54 AQUATIC ВС-20-2-0-А IEK,шт,ярп40260,41,32,33,47,2,14,16,22,9,34,64,53,51,34,21,6,42,36,21,54,48,57,45,44,,,57,57,56,55,49,47,35,41
Выключатель дифференциальный (УЗО) ВД1-63 2Р 25А 30мА тип А IEK,шт,MDV11-2-025-030,,,,,,,,,,,,1,,,,,,,,,,,,,,,,,,,,,,
Выключатель кнопочный 1кл. о/у 10А IP54 AQUATIC ВС-20-1-3-А IEK,шт,280300644_,26,12,7,17,9,18,26,20,19,11,21,21,10,3,,9,10,19,3,21,9,15,15,25,21,21,21,,18,17,27,27,27,26
Выключатель проходной 1кл о/у 10А IP54 AQUATIC ВС-20-1-2-А IEK,шт,280300645_,68,28,27,43,29,25,39,8,,50,108,80,90,23,6,52,52,100,62,112,,113,27,165,159,,219,178,120,37,142,164,130,68
Выключатель-разъединитель трехпозиционный ВРТ-63 1P 50А IEK,шт,MPR10-1-050,,,,,,,,,,,,,,,,,,,1,,,,,,,,,,,,,,,
Выключатель-разъединитель трехпозиционный ВРТ-63 3P 40А IEK,шт,ярп40510,,,,,,,,,,,,,,,,,,,,,,,,,,4,4,4,,,,,3,
Выключатель-разъединитель трехпозиционный ВРТ-63 4P 50А IEK,шт,MPR10-4-050,,,,,,,,,,,,,,,,,,,1,,,1,,,,,,,,,,,,
Гайка со стопорным буртом М8,шт,щт-0001406,,,,,,,,,,,,,,,,,,,,,,,,,,,,,,,,,,
"Гигростат механический УККг от 35 до 0,95 RH IEK (100) NEW",шт,270300302_,,,4,24,24,24,24,19,19,19,19,18,18,3,3,3,3,3,3,3,3,3,3,3,3,3,3,3,3,3,3,3,3,
"Гигростат электронный УККг от 40 до 0,9 RH IEK (100) NEW",шт,270300301_,3,3,3,3,3,3,3,3,3,3,3,3,3,1,1,1,,2,2,2,2,2,2,2,2,2,2,2,2,2,2,2,2,3
"Гигротерм от 0 до +60°C от 50 до 0,9 RH IEK (60) NEW",шт,270300303_,4,4,4,4,4,4,4,4,4,4,4,4,4,4,4,4,4,4,4,4,4,4,4,4,4,4,4,4,4,4,4,3,3,4
Гильза изолир. фазная ГИФ 16 IEK  (10)(200),шт,130300518_,8,8,7,17,27,27,21,17,20,,40,32,32,32,28,26,46,46,45,45,45,41,41,41,19,19,19,19,19,11,2,12,6,8
Гильза изолир. фазная ГИФ 25 IEK  (10)(200) ,шт,130300519_,7,7,7,7,7,7,1,1,1,1,1,11,2,2,2,12,12,12,11,11,5,5,5,5,5,5,5,5,5,5,5,5,5,7
Гильза изолир. фазная ГИФ 35 IEK  (10)(200),шт,130300520_,20,20,20,5,,20,20,20,13,13,13,13,13,13,13,13,13,13,12,12,12,12,7,2,12,12,8,8,8,8,8,2,2,20
Гильза изолир. фазная ГИФ 50 IEK  (10)(200) ,шт,130300521_,6,6,6,11,1,11,4,14,13,13,13,6,6,16,11,11,21,21,10,10,10,10,10,5,13,13,13,13,13,13,13,13,13,6
Дальномер лазерный DM60 Professional IEK,шт,151000783_,2,2,2,2,2,2,2,2,2,,,,,,,,,,,,,,,,,,,,,,,,,2
"Датчик движения ""BRITE"" алюминий (1/80)",шт,030200965_,83,83,83,83,81,81,81,81,82,77,77,77,77,7,7,7,6,6,6,6,6,5,4,4,4,4,3,3,3,9,9,9,9,83
"Датчик движения ""BRITE"" белый (1/80)",шт,030200961_,75,66,65,69,63,63,60,59,59,54,45,33,27,14,9,5,16,13,8,23,23,11,20,18,16,19,21,18,21,22,15,26,19,75
"Датчик движения ""BRITE"" графит (1/80)",шт,030200963_,80,79,71,71,68,67,63,60,59,56,55,52,52,21,19,16,13,12,10,9,9,8,7,6,6,5,5,4,4,4,3,3,3,80
"Датчик движения ""BRITE"" сталь (1/80)",шт,030200964_,83,83,82,82,80,80,80,80,84,84,84,84,84,4,4,4,4,4,4,4,4,4,4,4,2,2,2,1,2,2,2,2,3,83
"Датчик движения ""BRITE"" черный (1/80)",шт,030200962_,81,81,81,79,71,71,68,68,64,61,68,63,57,10,2,7,12,12,10,7,10,9,8,7,7,7,7,7,5,10,10,10,7,81
"Датчик движения ДД 008 белый,до 1100 Вт,дальность 12 м IP44 IEK (48)",шт,130300287_,19,24,20,35,12,25,8,8,43,33,192,124,126,280,280,278,268,238,221,211,209,254,236,139,124,118,116,112,100,100,69,63,63,19
"Датчик движения ДД 008 черный,до 1100 Вт,дальность 12 м IP44 IEK (48)",шт,151000369_,22,22,18,16,24,14,17,21,10,22,39,30,37,34,29,29,29,23,14,18,17,17,21,20,17,6,24,21,21,16,13,21,10,22
"Датчик движения ДД 009 черный,до 1100 Вт,дальность 12 м IP44 IEK (48)",шт,151000691_,20,18,32,32,30,17,21,21,31,25,22,15,23,23,21,10,30,12,18,27,26,14,13,15,9,13,26,26,14,24,23,26,26,20
"Датчик движения ДД 010 белый,до 1100 Вт,дальность 10 м IP44 IEK (48)",шт,130300288_,18,15,9,7,17,12,31,11,11,29,14,21,21,21,21,21,16,16,6,20,19,14,16,15,15,15,12,2,10,9,13,11,12,18
"Датчик движения ДД 010 черный,до 1100 Вт,дальность 10 м IP44 IEK (48)",шт,151000692_,5,5,5,5,1,2,,1,1,2,2,3,3,3,3,3,7,,5,4,2,1,1,4,3,3,8,8,8,6,2,4,4,5
"Датчик движения ДД 012 черный,до 1100 Вт,дальность 10 м IP44 IEK (48)",шт,151000693_,2,2,2,2,2,2,2,2,2,2,2,2,2,2,2,2,2,1,,2,2,2,1,1,1,1,1,1,1,1,2,2,2,2
"Датчик движения ДД 013 белый,до 1200 Вт,дальность 12 м IP65 IEK (50)",шт,130200298_,20,26,16,24,20,38,24,30,27,19,39,34,34,27,35,33,30,24,32,31,20,17,9,24,12,8,8,8,8,4,9,4,4,20
"Датчик движения ДД 016 угловой белый,до 800 Вт,дальность 12 м IP44  IEK (50)",шт,130200299_,5,5,5,5,5,5,5,5,5,5,4,4,4,4,4,4,4,4,4,4,4,4,4,4,1,1,1,1,1,1,1,1,1,5
"Датчик движения ДД 017 белый, макс. нагрузка 1100Вт, угол обзора 120град., дальность 12м, IP44 IEK",шт,081100779_,92,92,91,91,91,91,91,91,91,91,91,91,86,86,86,74,62,62,58,57,55,54,52,27,17,16,12,12,12,11,9,9,5,92
"Датчик движения ДД 018В белый, макс. нагрузка 1100Вт, угол обзора 270град., дальность 12м, IP44, IEK",шт,081100771_,88,88,88,88,88,78,77,76,70,70,70,70,70,69,69,75,75,75,75,75,75,75,63,63,63,63,63,63,63,63,62,57,57,88
Датчик движения ДД 022 белый 2000Вт 360гр 4мх20м IP20 IEK,шт,081100772_,83,76,76,76,75,52,52,41,41,27,23,18,25,34,31,26,22,22,10,12,9,14,10,9,4,1,,,,,,,,83
"Датчик движения ДД 024 белый,до 1100 Вт,дальность 6 м IP33 IEK (60)",шт,130200128_,78,431,12,357,566,486,434,351,275,114,404,161,242,579,342,317,239,80,113,,243,379,372,278,253,187,267,156,176,160,134,134,103,78
"Датчик движения ДД 026 белый,до 2000 Вт,дальность 6 м IP20 IEK  (50)",шт,130200300_,57,36,56,4,64,61,51,47,38,23,3,35,42,39,35,35,42,42,9,10,10,29,32,31,25,17,17,4,2,,,,,57
Датчик движения ДД 030 белый 500Вт 160гр 9м IP20 IEK E-PRO,шт,081100776_,91,91,91,91,90,90,90,90,90,90,90,90,86,86,86,88,88,88,88,88,86,86,86,89,85,82,80,80,80,78,76,76,76,91
Датчик движения ДД 031 белый 500Вт 190гр 9м IP20 IEK E-PRO,шт,081100777_,84,84,84,84,84,80,80,80,80,80,79,78,78,78,78,80,78,78,78,78,78,78,72,72,72,72,72,70,70,67,67,67,67,84
"Датчик движения ДД 035 белый, макс. нагрузка 500Вт, угол обзора 140град., дальность 12м, IP20, IEK E",шт,081100778_,103,102,101,97,94,94,79,76,74,74,69,66,56,56,55,67,66,66,61,61,62,59,52,43,40,39,35,33,31,29,26,23,21,103
"Датчик движения ДД 045 белый E27,до 60 Вт,дальность 6 м IP20 IEK  (50)",шт,130200301_,3,3,1,2,2,2,2,2,2,2,2,,2,,2,2,2,2,,2,2,2,2,3,3,2,9,9,9,9,9,9,9,3
"Датчик движения ДД 201 белый, 1200Вт, 360 гр.,6М,IP20,IEK",шт,081100774_,122,80,9,112,162,161,141,141,140,59,92,70,63,98,98,97,89,65,65,50,21,8,30,1,10,,,,,,,,4,122
"Датчик движения ДД 401 белый,до 800 Вт,дальность 8 м IP20 IEK (50)",шт,130200302_,4,64,64,60,69,56,73,71,81,46,43,54,,,,58,50,53,47,40,36,35,31,20,1,1,1,1,1,1,1,1,,4
"Датчик движения МВ 301 белый,1200 Вт, 360гр. дальность 8 м IP20 IEK (50) ",шт,130300764_,64,69,89,68,96,93,92,38,93,74,84,118,87,74,74,45,43,26,39,76,51,43,18,39,,,,,,,,,,64
"Датчик движения МВ 401 белый, 1200 Вт, 360гр. дальность 8 м IP20 IEK (100)",шт,130300765_,3,33,28,28,38,34,11,11,33,32,37,28,48,48,46,46,61,51,51,51,33,32,26,41,21,20,25,25,25,17,16,16,26,3
Держатель горизонтальный VH200 IEK (20),шт,280300092_,254,160,152,72,97,155,159,145,162,56,6,104,82,13,,120,120,90,16,173,105,135,131,81,72,12,121,106,106,106,60,60,85,254
Держатель потолочный DR IEK (50),шт,010800070_,5,5,5,5,5,,,50,50,50,50,30,30,30,30,30,30,30,30,,,50,50,50,50,,50,50,50,30,29,29,59,5
Детектор напряжения бесконтактный VD10 ARMA2L 5 IEK (300) NEW,шт,130200430_,,,,,295,290,287,283,268,251,242,221,209,50,45,26,21,35,40,46,43,25,27,17,12,,,,,,17,13,16,
Диф. автомат АД12 2Р 40А 100мА GENERICA !!!,шт,щщщ0116027,,,,,,3,3,3,3,3,3,3,3,3,3,3,3,3,3,3,3,3,3,3,3,3,3,3,3,3,3,3,3,
Диф.автомат АД12 2Р 50А 100мА GENERICA !!!,шт,ярп4211,4,4,4,4,4,4,4,4,4,,,,,,,,,,,,,,,,,,,,,,,,,4
Доп. контакт ДК-125(160)А IEK !!!,шт,010800048_,377,377,377,377,377,395,395,395,395,395,395,395,395,395,395,395,395,,,,,,,,,,,,17,17,17,17,17,377
Доп. контакт ДК-250(400)А (АК-35/37)  TDM !!!,шт,011100126_,193,193,193,193,193,193,193,192,192,192,192,192,192,188,188,188,188,170,170,170,170,170,170,170,164,164,163,163,185,182,182,182,182,193
Доп. контакт ДК-250(400)А IEK !!!,шт,010800049_,30,30,30,30,30,68,68,68,52,52,52,52,52,52,49,49,49,10,10,10,10,6,6,6,6,6,6,6,5,5,5,5,5,30
Доп. контакт ДК-630/800/1600 А IEK !!!,шт,010800050_,,,,,,8,6,3,3,3,3,3,3,2,,,,,,,,,,,,,,,5,5,5,5,5,
Доп. контакт ДК32-20 IEK !!! (200),шт,010800058_,31,31,31,29,29,29,29,29,29,29,29,29,29,29,27,27,27,,,,,,,,,,,,,,,,,31
Доп. контакт поперечный ДКП32-11 IEK !!! (1000),шт,010800057_,,,,,,132,132,125,125,125,125,75,72,72,72,72,72,,,,,,,,,,,,,,,,,
Доп. контакт поперечный ДКП32-20 IEK !!! (1000),шт,010800056_,817,817,817,817,813,813,813,813,813,813,813,811,811,811,811,811,811,803,803,803,803,803,803,803,803,799,799,796,790,790,790,790,790,817
Дополнительная вводная клемма для CTS 70/120мм2 серая IEK,шт,130301725_,,,,,,,,,9,9,9,9,9,9,8,8,,1,1,1,1,1,1,1,1,1,1,1,1,1,1,1,1,
Драйвер для LED ДВO 6561/6566 36W IEK!!!,шт,081100340_,,,,,,,,,,,,,,,,,,,,,2,2,2,2,2,2,2,2,2,2,2,2,2,
Дюбель-хомут  5-8мм нейлон чёрный IEK (100) ,упак,240100112_,383,548,549,623,7,551,715,491,2,507,1496,1366,1136,1120,1425,1015,1569,782,887,334,914,1159,1435,1600,1678,1595,1731,1766,1670,1635,1208,1073,713,383
Дюбель-хомут 11-18мм нейлон бел. IEK (100),упак,240100111_,267,93,150,29,185,319,227,95,6,10,56,475,502,462,413,291,315,359,309,360,277,347,261,321,261,266,354,434,282,322,300,667,517,267
Дюбель-хомут 19-25мм нейлон бел. IEK (100) ,упак,240100090_,,,,171,1,245,20,,,,,,,,,,,,,,,,,,,,,,,,,,,
Заглушка  80х40  ПРАЙМЕР (216),шт,280100118_,337,307,262,206,241,215,204,91,58,,,247,200,137,146,109,80,131,147,146,63,207,165,93,203,2,20,,137,110,140,214,230,337
Заглушка 100х40  ПРАЙМЕР (216),шт,ст-9948468,77,46,,,,244,205,155,51,23,1,570,495,448,367,332,319,453,409,379,74,31,202,216,219,198,243,169,153,168,144,116,192,77
Заглушка 100х60  ПРАЙМЕР (216),шт,ст-9951102,7,19,19,19,15,15,15,15,15,15,15,12,12,12,12,12,12,12,12,12,12,12,12,12,12,12,12,12,,,,,,7
Заглушка 12 модулей серая,шт,250200029_,,,,,,,100,100,100,95,75,55,55,,,,,,,,,,,,,,,,,,,,,
"Заглушка c суппортом ""BRITE"" алюминий (1/200)",шт,030200889_,253,253,253,254,252,252,252,251,255,255,255,255,255,105,105,105,105,105,94,94,94,94,94,93,93,93,93,91,91,91,91,88,88,253
"Заглушка c суппортом ""BRITE"" графит (1/200)",шт,030200891_,203,203,203,203,201,198,198,182,184,183,183,182,180,,,,,10,10,7,5,10,10,10,8,8,8,7,7,8,7,5,3,203
"Заглушка c суппортом ""BRITE"" сталь (1/200)",шт,030200890_,203,202,202,203,201,201,200,189,193,192,192,192,192,22,22,21,21,21,18,18,15,15,15,11,11,11,11,10,10,20,16,14,14,203
"Заглушка c суппортом ""BRITE"" черный (1/200)",шт,030200892_,199,199,199,198,196,183,160,134,138,135,128,133,98,20,28,4,40,30,27,27,26,25,23,21,25,23,22,21,17,27,25,23,21,199
Заглушка H50х200 IEK,шт,CLP1Z-050-200,,,,,,,,6,6,102,102,102,102,102,100,100,,,,,,,,,,,,,,,,,,
Заглушка H80*150 IEK !!!,шт,280300273_,4,4,4,4,2,2,2,2,2,,,,,,,,,,,,,,,,,,,,,,,,,4
Заглушка H80*300 IEK !!!,шт,280300274_,29,29,29,29,29,29,29,29,29,29,29,29,29,29,29,29,29,29,29,29,29,29,29,29,29,29,29,29,29,29,29,29,29,29
Заглушка для CP 4мм2 серая IEK,шт,130301712_,,,,,,,,,49,49,49,49,49,49,49,49,49,33,33,33,33,33,33,33,33,33,33,33,30,30,24,24,24,
"Заглушка для CP-MC 3 вывода 1,5мм2 серая IEK",шт,130301713_,,,,,,,,,49,49,49,49,49,49,49,49,49,49,49,49,49,49,49,49,49,49,49,49,46,46,46,46,46,
"Заглушка для CP-MC 3 вывода 2,5мм2 серая IEK",шт,130301715_,,,,,,,,,49,49,49,49,49,49,49,49,49,49,49,49,49,49,49,39,22,22,22,22,12,12,12,2,2,
Заглушка для CP-MC 3 вывода 4мм2 серая IEK,шт,130301717_,,,,,,,,,49,49,49,49,49,49,49,49,49,49,49,49,49,49,49,49,49,49,49,49,49,49,49,47,47,
"Заглушка для CP-MC 4 вывода 1,5мм2 серая IEK",шт,130301714_,,,,,,,,,49,49,49,49,49,49,49,49,49,49,49,49,49,49,49,49,49,49,49,49,49,49,49,49,49,
"Заглушка для CP-MC 4 вывода 2,5мм2 серая IEK",шт,130301716_,,,,,,,,,49,49,49,49,49,49,49,49,49,49,49,49,49,49,49,44,44,44,44,44,44,44,40,40,40,
Заглушка для CP-MC 4 вывода 4мм2 серая IEK,шт,130301718_,,,,,,,,,49,49,49,49,49,49,49,49,49,49,49,49,49,49,49,49,49,49,49,49,49,49,49,49,49,
"Заглушка для CP-ML 2 ур. 1,5мм2 серая IEK",шт,130301719_,,,,,,,,,49,49,49,49,49,49,49,49,49,49,49,49,49,,,,50,50,50,50,50,50,50,50,50,
"Заглушка для CP-ML 2 ур. 2,5мм2 серая IEK",шт,130301720_,,,,,,,,,49,49,49,49,49,49,49,49,49,49,49,49,49,49,49,49,49,49,49,49,49,49,49,49,49,
Заглушка для CP-ML 2 ур. 4мм2 серая IEK,шт,130301721_,,,,,,,,,49,49,49,49,49,49,49,49,49,49,49,49,49,49,49,49,49,49,49,45,44,44,44,44,44,
"Заглушка для CTS 2,5/4мм2 серая IEK",шт,130301644_,,,,,,,,,499,492,492,492,491,491,474,474,474,470,468,466,448,391,376,374,368,366,344,326,321,320,314,314,114,
"Заглушка для CTS 2,5/4мм2 синяя IEK",шт,130301645_,,,,,,,,,148,148,148,148,148,148,148,148,148,140,140,140,136,136,136,132,129,129,129,129,127,121,121,121,21,
Заглушка для CTS 6/10мм2 серая IEK,шт,130301646_,,,,,,,,,114,109,109,9,108,108,108,108,106,156,154,154,149,141,119,95,90,89,84,84,28,28,28,45,35,
Заглушка для CTS 6/10мм2 синяя IEK,шт,130301706_,,,,,,,,,49,49,49,49,49,49,49,49,49,49,49,49,49,49,47,47,46,46,46,42,36,36,20,20,20,
Заглушка для CTS-DT 4мм2 серая IEK,шт,130301711_,,,,,,,,,49,49,49,49,49,49,49,49,49,49,49,49,49,49,49,49,49,49,49,49,48,48,48,48,48,
Заглушка для CTS-MC 3 вывода 4мм2 серая IEK,шт,130301709_,,,,,,,,,49,49,49,49,49,49,49,49,49,49,49,49,49,49,49,49,49,49,49,49,49,49,49,49,49,
Заглушка для CTS-MC 4 вывода 4мм2 серая IEK,шт,130301710_,,,,,,,,,49,49,49,49,49,49,49,49,49,49,49,49,49,49,49,49,49,49,49,49,49,49,49,49,49,
Заглушка для CTS-ML 2 ур. 4мм2 серая IEK,шт,130301708_,,,,,,,,,49,49,49,49,49,49,49,49,49,49,49,49,49,49,49,49,46,46,46,43,43,43,43,43,43,
"Заглушка для CTS-ML 3 ур. 2,5мм2 серая IEK",шт,130301707_,,,,,,,,,49,49,49,49,49,49,49,49,49,49,49,49,49,49,49,49,49,49,49,49,49,49,49,49,49,
Заглушка для ЗНИ-10мм ² серый IEK * (1000),шт,130300143_,,,,,,,,,,,,,,,,,,,,,,,,,,,,,,,,,,
Заглушка для ЗНИ4-6мм2 (JXB35-50A) серый IEK!!!,шт,130300142_,,,,,15,15,15,15,15,15,11,10,,,,,,,,,,,,,,,,,20,20,10,10,10,
"Заглушка для КПИ 3в-1,5/2,5 3 вывода синяя IEK",шт,130301660_,,,,,,,,,,,,,,,,,,,,,,,,100,100,100,100,100,100,100,100,100,,
Заглушка КМЗ 100х40 Белый ЭЛЕКОР IEK (2),шт,280200043_,64,62,61,47,26,41,73,85,44,144,,107,101,116,101,87,83,96,86,76,61,128,118,113,87,84,73,72,63,2,110,70,60,64
Заглушка КМЗ 100х60 Белый ЭЛЕКОР IEK (2),шт,280200044_,149,142,129,150,166,84,54,171,131,134,249,205,165,119,115,64,24,,,,,196,156,123,115,107,81,51,53,3,66,12,72,149
Заглушка КМЗ 100х60 черный ЭЛЕКОР IEK (2шт/компл)  ,шт,280100440_,68,68,68,68,68,68,65,65,65,65,61,3,3,3,3,3,3,3,3,,,,,,,,,,,,,,,68
Заглушка КМЗ 15х10 Белый ЭЛЕКОР IEK (4) ,шт,280200045_,47,45,45,67,54,48,68,68,59,44,62,14,11,11,2,,4,,,,,240,222,172,73,138,112,112,112,82,48,116,110,47
Заглушка КМЗ 15х10 дуб ЭЛЕКОР IEK (4шт/компл)  ,шт,280100309_,40,40,40,40,40,40,40,40,40,40,24,24,24,24,24,24,24,24,24,24,24,24,24,24,24,24,24,24,24,24,24,24,24,40
Заглушка КМЗ 15х10 сосна ЭЛЕКОР IEK (4шт/компл)  ,шт,280100388_,,,76,76,76,76,76,76,76,76,36,36,36,36,36,36,36,36,36,36,36,36,36,36,36,36,36,36,36,36,36,36,36,
Заглушка КМЗ 15х10 черный ЭЛЕКОР IEK (4шт/компл)  ,шт,280100434_,40,40,40,40,36,36,36,36,36,36,,,,,,,,,,,,,,,,,,,,,,,,40
Заглушка КМЗ 16х16 Белый ЭЛЕКОР IEK (4) ,шт,280200046_,65,41,23,37,14,50,85,72,60,40,70,18,38,18,13,13,19,15,15,9,9,2,,,,,20,,,,,,,65
Заглушка КМЗ 16х16 дуб ЭЛЕКОР IEK (4шт/компл)  ,шт,280100353_,38,38,38,38,38,38,38,34,34,34,34,22,22,22,22,22,22,22,22,14,14,14,14,14,14,14,14,14,14,14,14,14,14,38
Заглушка КМЗ 16х16 сосна ЭЛЕКОР IEK (4шт/компл)  ,шт,280100389_,40,40,40,40,40,40,40,40,40,40,,,,,,,,,,,,,,,,,,,,,,,,40
Заглушка КМЗ 16х16 черный ЭЛЕКОР IEK (4шт/компл)  ,шт,280100435_,40,40,40,40,40,40,40,40,30,30,2,2,2,2,2,2,2,2,2,,,,,,,,,,,,,,,40
Заглушка КМЗ 20х10 Белый ЭЛЕКОР IEK (4),шт,280200047_,46,26,106,75,70,70,76,96,90,90,101,86,75,75,75,75,61,51,51,52,28,42,62,37,17,36,,49,45,80,76,76,66,46
Заглушка КМЗ 20х10 дуб ЭЛЕКОР IEK (4шт/компл) ,шт,280100310_,40,40,40,40,40,40,40,40,40,40,40,,,,,,,,,,,,,,,,,,,,,,,40
Заглушка КМЗ 20х10 сосна ЭЛЕКОР IEK (4шт/компл)  ,шт,280100312_,40,40,40,40,40,40,40,40,40,40,40,,,,,,,,,,,,,,,,,,,,,,,40
Заглушка КМЗ 25х16 Белый ЭЛЕКОР IEK (4),шт,280200080_,468,295,271,264,27,363,288,44,1,312,251,37,289,247,233,323,143,8,,400,,194,193,333,264,337,192,174,192,112,159,252,313,468
Заглушка КМЗ 25х16 дуб ЭЛЕКОР IEK (4шт/компл)  ,шт,280100354_,76,76,76,76,76,76,74,74,74,74,2,2,2,2,2,2,2,2,2,,,,,,,,,,,,,,,76
Заглушка КМЗ 25х16 сосна ЭЛЕКОР IEK (4шт/компл)  ,шт,280100390_,71,71,71,71,71,71,71,71,64,64,64,64,64,64,64,64,64,64,64,,,,,,,,,,,,,,,71
Заглушка КМЗ 25х16 черный ЭЛЕКОР IEK (4шт/компл)  ,шт,280100437_,76,76,76,76,76,67,67,67,57,57,57,1,1,1,1,1,1,1,1,,,,,,,,,,,,,,,76
Заглушка КМЗ 40х16 Белый ЭЛЕКОР IEK (4),шт,280200048_,38,98,138,138,,124,160,123,3,123,303,278,227,219,219,219,478,478,464,459,359,239,36,185,10,201,215,215,195,195,193,193,189,38
Заглушка КМЗ 40х16 дуб ЭЛЕКОР IEK (4шт/компл)  ,шт,280100355_,32,32,32,32,32,32,32,32,32,32,32,,,,,,,,,,,,,,,,,,,,,,,32
Заглушка КМЗ 40х16 сосна ЭЛЕКОР IEK (4шт/компл)  ,шт,280100391_,32,32,32,32,32,32,32,32,32,32,32,,,,,,,,,,,,,,,,,,,,,,,32
Заглушка КМЗ 40х25 Белый ЭЛЕКОР IEK (4) ,шт,280200081_,180,120,219,200,,,321,457,457,391,428,322,401,281,369,28,16,,,275,146,274,518,391,363,315,329,232,209,54,129,281,258,180
Заглушка КМЗ 40х25 дуб ЭЛЕКОР IEK (4шт/компл)  ,шт,280100356_,40,40,40,40,40,40,38,38,38,38,38,6,6,6,6,6,6,2,2,,,,,,,,,,,,,,,40
Заглушка КМЗ 40х25 сосна ЭЛЕКОР IEK (4шт/компл)  ,шт,280100392_,38,38,38,38,38,38,38,38,38,38,38,2,2,2,2,2,2,2,2,2,2,2,2,2,2,2,2,2,2,2,2,2,2,38
Заглушка КМЗ 40х25 черный ЭЛЕКОР IEK (4шт/компл)  ,шт,280100438_,40,36,36,36,36,26,25,25,25,25,25,1,1,1,1,1,,,,,,,,,,,,,,,,,,40
Заглушка КМЗ 60х40 Белый ЭЛЕКОР IEK (4),шт,280200049_,47,43,179,157,93,166,130,162,,146,225,180,157,137,125,96,86,46,10,101,110,128,57,94,98,85,17,5,52,31,49,79,43,47
Заглушка КМЗ 60х40 черный ЭЛЕКОР IEK (4шт/компл)  ,шт,280100439_,40,40,40,40,40,40,39,39,39,39,15,15,15,9,9,9,1,1,1,,,,,,,,,,,,,,,40
"Заглушка на 1 модуль  45х22,5 ПРАЙМЕР (100)",шт,280100121_,,,10,10,10,10,10,10,10,,,,10,10,10,10,10,60,70,70,70,52,52,52,52,52,52,22,8,8,8,8,8,
"Заглушка с суппортом ""BRITE"" белый (1/200)",шт,030200886_,201,184,179,179,176,152,145,85,83,67,67,52,45,35,35,34,32,22,52,35,19,21,21,20,4,19,12,8,6,20,27,19,17,201
Зажим анкерный ЗАБу 4х10-35 IEK (30),шт,130300524_,136,126,117,87,2,29,70,32,82,98,138,90,70,100,87,82,159,158,157,153,53,62,87,84,34,28,50,68,66,54,54,67,14,136
Зажим анкерный ЗАС 4х16-50/14400 (HEL-5506) IEK (15),шт,130300532_,46,46,30,4,30,46,18,18,18,50,71,41,29,73,43,37,55,57,37,57,57,24,54,24,29,39,39,39,39,20,12,33,13,46
Зажим анкерный ЗАС 4х70-95/27400 (HEL-5507) IEK (8),шт,130300533_,36,82,81,59,96,53,85,76,63,33,95,69,69,51,46,42,50,49,43,60,51,51,50,28,20,50,40,38,38,30,28,36,30,36
Зажим анкерный ЗАС 4х95-150/43200 (PA4120) IEK,шт,щщщ0115997,,,,,,,,,,,,,,,,,,,,,,,,,,,,,,,,,,
Зажим наборный ЗНИ - 6PEN 6мм2 (JXB-земля) IEK,шт,130300226_,7,7,7,7,7,7,7,7,7,,,,,,,,,,,,,,,,,,,,,,,,,7
Зажим наборный ЗНИ-4PEN 4мм2 (JXB-земля) IEK,шт,YZN20-004-K52,,,,,,,,,,,,,,100,,,,,,,,,,,,,,,20,20,20,20,20,
Зажим плашечный ЗП 6-95/6-95 (SL37.27) IEK (21),шт,130300534_,129,127,126,120,160,148,148,148,210,210,200,198,192,173,172,172,137,135,135,135,135,91,91,88,88,88,46,42,42,29,29,26,25,129
Зажим промеж. ЗПС 2х25-4х120/1800/30 (SO130.02) IEK (40),шт,130300538_,260,242,227,145,152,248,321,219,253,145,366,277,206,346,235,108,206,187,179,245,210,124,156,113,84,62,262,312,261,270,269,209,237,260
Зажим промеж. ЗПС 2х25/120/1200/30 (SO140.02) IEK (40),шт,130300537_,22,29,3,30,14,44,53,,,17,93,55,26,73,72,69,69,27,57,45,10,10,90,82,104,101,86,118,110,112,100,101,3,22
Замок 18-18\34 IEK,шт,130200020_,37,15,40,35,44,41,17,37,29,26,43,54,55,16,7,,60,60,60,11,57,63,62,57,56,51,42,42,42,41,20,8,29,37
Замок 18-20\40 IEK,шт,130200021_,55,145,29,90,89,86,95,86,25,37,111,104,86,23,58,47,20,80,75,74,31,28,26,23,43,43,31,31,31,28,23,12,30,55
Замок 20-22\40 IEK,шт,130200022_,7,12,5,26,29,19,27,4,10,5,33,27,25,33,18,22,2,6,34,34,17,22,22,17,20,20,9,15,33,32,31,21,20,7
Замок 20-22\45 IEK,шт,130200023_,31,27,21,33,28,19,27,35,35,43,57,25,54,7,67,40,38,76,72,70,26,54,54,52,46,46,45,45,69,69,56,23,88,31
Замок-защелка с трехгранным ключом IP54 (22-25/44),шт,130200073_,104,78,71,97,80,9,107,90,,58,364,322,,,,268,254,219,256,230,243,209,256,186,136,186,167,166,1,151,134,40,111,104
"ЗВИ-10 2,5-6мм2 12пар IEK E-PRO",шт,130300035_,,,,,,,,,,,,,,,,,,,,,,,,,,,,,11,11,11,11,11,
Звонок ЗД-47 на DIN-рейку IEK (12/240),шт,130300084_,27,30,27,,43,40,36,32,40,37,36,33,,13,35,34,34,33,33,32,29,27,21,16,36,24,21,31,10,2,25,37,,27
ЗНИ  4мм ² (35А) синий  IEK (60),шт,130300231_,16,16,5,5,5,5,,,,,,,,,,,,,,,,,,,,,,,,,,,,16
ЗНИ 16мм ² (100А) серый  IEK (30) !!!,шт,130300193_,,,,,,,,,,,,,,,,,,,,,,,,,,,,,1,1,1,1,1,
"ЗОИ 16-70/1,5-10 IEK (35) (140)",шт,130300608_,776,797,462,537,681,1404,1117,2414,2127,3661,3352,2805,2658,2552,2465,2439,2226,2069,1820,1690,699,941,870,922,894,609,743,773,751,664,497,448,,776
"ЗОИ 16-95/2,5-35 IEK (18) (72)",шт,130301101_,1947,1344,1767,1219,2268,1814,1542,1838,739,3455,2792,2770,1715,342,2293,1933,3347,3058,2723,3475,3159,2539,1918,1934,570,653,1336,1636,1350,1154,928,404,401,1947
ЗОИ 25-95/25-95 IEK (18),шт,130301100_,279,37,203,111,21,245,224,,323,416,373,275,171,351,254,165,397,385,317,295,295,255,94,326,195,195,158,208,197,217,223,45,34,279
ЗОИ 35-150/35-150 IEK  (36),шт,130300526_,460,,950,722,276,896,864,548,613,645,385,503,405,195,616,476,2095,1805,1775,1493,1489,1329,1114,504,137,65,1689,1508,1287,1346,1222,1209,899,460
ЗОИ 35-150/6-35 IEK (144),шт,130300527_,554,546,480,236,176,436,580,119,55,86,124,624,744,342,610,702,1390,1190,1189,989,849,1425,1185,710,450,243,994,838,776,852,748,748,628,554
"Изолента 0,18х19 мм желто-зеленая 20 метров IEK (10) (200)",шт,130301079_,362,300,200,162,174,344,256,303,265,202,350,254,180,279,150,367,407,336,387,296,148,299,360,279,281,186,118,258,321,322,347,328,293,362
Изолятор SM25 IEK (10),шт,130500001_,,,,,,,,,,,,,,,,,,7,7,3,3,3,3,3,3,3,3,3,1,1,1,1,1,
Изолятор SM30 IEK (10),шт,130500002_,1,,,,,2290,1946,1584,1302,558,275,45,35,35,33,16,16,26,14,10,10,10,8,4,2,,,,,,,,,1
Изолятор SM35 IEK (10),шт,130500027_,2,2,2,2,,1956,1699,1451,,,,,,,,,,189,189,172,146,138,132,100,38,34,34,32,74,74,54,54,54,2
Изолятор SM40 IEK (10),шт,130500003_,,,,,,,,,,,,,,,,,,47,38,31,31,31,31,31,29,25,23,23,5,5,3,3,3,
Изолятор SM51 IEK (10),шт,130500004_,3,9,9,,,,,,,,,,,,,,,27,27,7,5,5,5,,,,,,5,5,5,5,3,3
Изолятор SM76 IEK (10),шт,130500005_,8,,,7,5,47,19,19,19,19,11,10,10,,,,,22,22,22,12,8,8,8,8,8,8,,10,,,,,8
Изолятор соединительных шпилек 1000 мм для ИШП IEK,шт,130400156_,,,,,,,,,,,,,,,,,,,,,,,,,,,,5,5,5,5,5,5,
Изолятор ступенчатый ИС2-25 (М8) силовой IEK !!!,шт,ярп40110,,,,,,108,108,108,108,108,108,108,108,108,108,108,108,108,108,108,108,108,108,108,108,108,108,108,108,108,108,108,108,
Изолятор ступенчатый ИС4-20 (М6) силовой IEK !!!,шт,ст-9953090,,,,,,72,72,72,72,70,70,50,14,14,14,14,14,12,12,12,12,12,12,12,12,12,12,12,8,8,8,8,8,
Изолятор ступенчатый ИС4-20 (М6) силовой с болтом IEK,шт,130400069_,,,,,,,,,,,,,,,,,,,,,,10,8,8,8,8,8,8,12,12,12,12,8,
Изолятор ступенчатый ИС4-40 (М8) силовой IEK !!!,шт,130400112_,8,8,8,8,8,162,138,138,128,128,128,128,128,128,125,125,125,143,119,119,115,94,94,94,91,91,49,49,47,47,33,,,8
Изолятор ступенчатый ИС4-40 (М8) силовой с болтом IEK,шт,130400154_,,,,,,,58,58,58,58,58,58,58,58,46,42,42,20,20,4,4,4,4,4,4,4,4,4,6,4,4,,,
Изолятор ступенчатый ИС4-50 (М10) силовой IEK !!!,шт,ярп5549,,,,,,131,129,129,119,119,119,119,119,119,119,115,115,111,109,105,101,99,79,75,73,69,63,55,58,58,28,22,2,
Изолятор ступенчатый ИС4-50 (М10) силовой с болтом IEK,шт,130400155_,,,,,,,,,,,,,,,,,,,,,,10,8,8,8,8,8,8,3,3,3,3,1,
Изолятор ступенчатый ИСв4-30 (М8) силовой с болтом IEK,шт,130400152_,,,,,,,,,,,,,,,,,,,,,,,,6,6,6,6,6,6,6,6,6,,
Изолятор ступенчатый ИСв4-40 (М10) силовой с болтом IEK,шт,130400153_,,,,,,,,,,,,,,,,,,,,,,,,,6,6,6,6,6,6,6,6,,
Изолятор шинный плоский ИШП 3P для горизонтальных шин 5 и 15- 10-30 мм IEK !!!,шт,YIS42-3-200,,,,,,10,2,2,2,2,2,2,2,2,2,2,2,8,8,6,6,6,6,6,6,6,6,6,6,6,6,6,6,
Изолятор шинный плоский ИШП 3P для шин 5 и 10 мм 270 мм IEK,шт,ярп4890,,,,,,,,,,,,,,,,,,,,,,,,,,,,,,,,,,
Изолятор шинный плоский ИШП 3P для шин 5 и 10 мм 370 мм IEK !!!,шт,YIS40-3-370,,,,,,2,2,2,2,2,2,2,2,2,2,2,2,2,2,,,,,,,,,,,,,,,
Импульсное реле ORM. 2 конт. 12-240 В AC/DC  IEK ORM-02-ACDC12-240V NEW,шт,130600149_,,,,,,,2,2,2,2,,,,,,,,,,,,,,,,,,,,,,,,
Индикатор AD-16DS (LED) Ø16мм (зеленый) 12В IEK,шт,ст-9953247,,,,,,10,10,10,10,10,5,5,5,2,2,2,2,2,2,1,1,1,1,1,1,1,1,1,2,2,2,1,1,
Индикатор AD-22DS (LED) Ø22мм (желтый) 12В IEK !!!,шт,ст-9953304,,,,,,4,4,4,4,4,4,4,4,4,4,4,4,4,4,4,4,4,4,4,4,4,4,4,4,4,4,3,3,
Индикатор AD-22DS (LED) Ø22мм (желтый) IEK (10/600),шт,080800070_,113,132,79,148,88,83,151,131,51,2,175,77,130,97,52,142,90,45,,166,132,113,160,222,194,161,149,6,1,,111,213,181,113
Индикатор AD-22DS (LED) Ø22мм (зеленый) 12В IEK !!!,шт,ст-9953236,,,,,,3,3,3,3,2,2,,,,,,,6,1,1,1,1,,,,,,,,,,,,
Индикатор AD-22DS (LED) Ø22мм (зеленый) IEK (10/600),шт,080800071_,572,520,340,397,477,540,343,233,,,661,556,747,565,412,476,253,15,,563,508,358,531,573,586,393,369,315,522,302,485,605,512,572
Индикатор AD-22DS (LED) Ø22мм (красный) IEK (10/600),шт,080800072_,499,320,450,379,421,446,295,277,88,49,474,315,492,403,272,230,223,123,18,519,349,432,384,316,505,387,281,139,233,81,524,614,578,499
Индикатор AL-22TE Ø22мм (желтый неон) IEK (10/300) !!!,шт,080800023_,,,,,1,4,4,4,4,4,4,4,4,4,1,1,1,,,,,,,,,,,,,,,,,
Индикатор AL-22TE Ø22мм (зеленый неон) IEK (10/300),шт,080800024_,5,5,5,2,1,,10,9,9,4,3,3,3,3,1,1,1,,,10,7,3,1,1,1,11,11,11,8,8,8,1,1,5
"Индикатор, CHINT, ND 16-22DS/2, желтый AC/DC 24В",шт,щт-0000139,,,,,,38,29,29,21,,,,,,,,,,,,,,,,,,,,,,,,,
Инструмент обжим. RJ-45/12 с храп. мех. верт. обжим ITK ,шт,200400259_,12,10,9,8,7,7,7,7,7,,5,4,3,3,3,3,2,2,2,2,2,2,1,1,1,1,1,2,2,1,1,1,1,12
Инструмент обжим. RJ-45/12/11 с храп. мех. ITK ,шт,200400264_,6,5,4,,1,6,3,,5,5,7,5,10,10,8,6,7,11,10,5,4,9,11,11,11,11,11,10,5,4,4,6,6,6
Кабель-канал  40х40 Ecoline IEK (24) !!!,м,280100162_,10,10,10,10,10,10,8,,,,,,,,,,,,,,,,,,,,,,,,,,,10
Кабель-канал  80х40 парапетный ПРАЙМЕР (24),м,280100123_,545,295,483,435,289,579,765,581,329,761,133,411,221,27,723,699,455,622,806,1022,880,1072,922,870,790,770,494,258,410,220,488,820,634,545
Кабель-канал 100х40 белый ЭЛЕКОР IEK (8),м,280100001_,144,198,170,116,106,108,166,142,,114,182,150,138,46,44,24,184,172,170,142,140,8,78,108,72,118,98,92,34,20,102,82,106,144
Кабель-канал 100х40 парапетный  ПРАЙМЕР (16),м,280100122_,969,975,531,295,979,1313,1185,1,3,1365,2169,2387,1893,1693,1623,1409,1235,826,1072,1646,1352,1360,1124,911,429,708,962,586,762,598,704,888,798,969
Кабель-канал 100х40 черный ЭЛЕКОР IEK (8),м,280100418_,52,50,48,48,48,48,48,48,48,,,,,,,,,,,,,,,,,,,,,,,8,8,52
Кабель-канал 100х60 белый ЭЛЕКОР IEK (8),м,280100002_,292,162,402,298,292,134,380,462,308,368,498,508,410,370,274,288,324,224,228,294,200,4,368,258,168,334,14,10,10,10,370,366,366,292
Кабель-канал 100х60 белый ЭЛЕКОР IEK (за штуку) (8),м,CKK10-100-060-1-K01,10,10,10,10,10,10,10,10,10,10,10,10,10,10,10,10,10,,,,,,,,,,,,,,,,,10
Кабель-канал 100х60 парапетный  ПРАЙМЕР (12) ,м,ст-9951101,,,,,,,,,,,,,,,,,,,,,,,,,,,,,,,,,,
Кабель-канал 100х60 черный ЭЛЕКОР IEK (8),м,280100419_,126,122,122,122,120,120,104,94,94,,,,,,,,16,14,14,18,12,4,10,12,2,18,26,22,16,24,24,24,24,126
Кабель-канал 100х60 черный ЭЛЕКОР IEK (за штуку) (8),м,EL-KK10-100-060-1-K0,10,10,10,10,10,10,10,10,10,10,10,10,10,10,10,10,10,5,5,5,5,5,5,5,5,5,5,5,5,5,5,5,5,10
Кабель-канал 12х12 белый ЭЛЕКОР IEK (120),м,280100003_,318,482,454,452,672,572,190,614,492,714,710,618,632,612,602,594,458,632,622,516,476,292,268,218,200,200,172,172,72,186,144,58,36,318
Кабель-канал 12х12 дуб ЭЛЕКОР IEK (120),м,280100339_,118,100,70,70,70,64,62,62,6,124,82,74,74,74,74,44,42,30,30,30,20,12,132,112,110,90,90,86,86,86,62,58,56,118
Кабель-канал 12х12 ольха ЭЛЕКОР IEK (120),м,280100401_,240,240,210,210,210,210,210,206,200,180,178,176,176,158,158,158,158,158,158,150,140,138,128,108,6,6,126,126,118,52,52,48,48,240
Кабель-канал 12х12 сосна ЭЛЕКОР IEK (120),м,280100373_,238,238,208,118,108,68,68,56,56,54,,,,,,,120,120,120,118,118,118,18,18,16,16,136,136,156,120,120,120,120,238
Кабель-канал 12х12 черный ЭЛЕКОР IEK (120м),м,280100408_,2,2,2,2,2,2,2,2,2,30,30,142,142,140,134,132,114,10,8,8,8,4,4,2,2,2,2,2,2,2,2,2,2,2
Кабель-канал 15х10 белый ЭЛЕКОР IEK (144) ,м,280100006_,806,902,866,840,1112,1350,940,326,34,500,116,782,578,522,514,854,846,962,544,544,20,616,554,398,142,330,442,442,134,120,606,732,662,806
Кабель-канал 15х10 дуб ЭЛЕКОР IEK (144),м,280100340_,416,416,370,334,334,334,334,332,324,34,26,20,20,50,50,50,50,42,2,2,2,,,,,104,96,96,88,88,,,,416
Кабель-канал 15х10 ольха ЭЛЕКОР IEK (144),м,280100402_,132,128,98,98,98,92,92,92,92,52,,144,132,132,130,,,20,14,14,12,10,10,,,,,,6,6,6,6,6,132
Кабель-канал 15х10 сосна ЭЛЕКОР IEK (144),м,280100374_,390,390,360,360,360,360,360,360,320,30,,,,,,,,,,,,,144,134,134,114,112,112,114,94,94,94,94,390
Кабель-канал 15х10 черный ЭЛЕКОР IEK (144м),м,280100409_,416,406,398,398,398,360,360,358,338,318,318,318,298,270,268,258,250,236,36,180,174,154,150,110,92,58,54,174,146,146,146,142,142,416
Кабель-канал 16х16 белый ЭЛЕКОР IEK (84),м,280100004_,1555,1193,1561,1427,1561,1361,2543,1977,673,1713,1174,2038,1286,1192,792,1454,1912,1880,2140,1838,1432,1614,1366,1202,964,1200,1252,872,934,990,935,1207,971,1555
Кабель-канал 16х16 дуб ЭЛЕКОР IEK (84),м,280100341_,34,,48,206,206,156,152,2,2,134,2,,,,,84,16,2,80,156,102,6,136,150,146,104,172,160,154,114,160,140,106,34
Кабель-канал 16х16 ольха ЭЛЕКОР IEK (84),м,280100403_,702,702,666,664,664,664,606,562,562,100,96,82,76,64,8,8,78,60,144,66,52,136,60,122,122,202,182,172,172,172,146,140,140,702
Кабель-канал 16х16 сосна ЭЛЕКОР IEK (84),м,280100375_,768,768,676,606,586,556,556,476,436,182,24,10,10,6,6,86,170,130,44,76,8,154,132,92,164,160,160,158,158,74,156,110,98,768
Кабель-канал 16х16 черный ЭЛЕКОР IEK (84м),м,280100336_,404,384,438,438,378,362,352,364,364,404,268,262,244,160,154,146,116,30,,,,80,74,2,86,88,142,66,138,132,106,56,6,404
Кабель-канал 20х10 белый ЭЛЕКОР IEK (96),м,280100005_,326,538,560,516,388,566,912,870,768,546,466,310,186,50,480,534,458,312,400,310,488,448,336,422,198,294,480,434,384,368,320,282,282,326
Кабель-канал 20х10 дуб ЭЛЕКОР IEK (96),м,280100342_,148,142,112,112,110,76,60,34,18,50,146,140,138,128,128,124,110,,,74,42,42,12,108,54,46,104,104,104,6,6,98,98,148
Кабель-канал 20х10 ольха ЭЛЕКОР IEK (96),м,280100404_,376,376,340,336,336,328,318,278,278,66,66,60,60,60,40,40,28,18,18,18,18,18,18,18,18,14,14,14,14,14,4,4,4,376
Кабель-канал 20х10 сосна ЭЛЕКОР IEK (96),м,280100376_,382,382,352,352,352,344,332,332,332,330,126,94,94,84,82,82,10,6,76,76,76,76,6,102,90,90,90,90,90,90,90,,,382
Кабель-канал 20х10 черный ЭЛЕКОР IEK (96м),м,280100410_,114,104,52,148,148,148,132,,74,24,96,74,32,190,180,176,146,78,78,72,66,40,30,10,190,156,150,150,150,150,138,138,138,114
Кабель-канал 25х16 белый ЭЛЕКОР IEK (50),м,280100007_,1246,3632,2912,4320,5524,5396,4828,3562,1808,2082,4562,2822,852,1296,3918,3990,3642,1896,2778,3948,3166,4584,3736,1286,1858,3190,2634,2448,2252,1556,2668,2024,3510,1246
Кабель-канал 25х16 белый ЭЛЕКОР IEK (за штуку) (50),м,CKK10-025-016-1-K01-,10,10,10,10,10,10,10,10,10,10,10,10,10,10,10,10,10,10,10,10,,,,,,,,,,,,,,10
Кабель-канал 25х16 дуб ЭЛЕКОР IEK (50),м,280100240_,704,642,612,612,560,476,442,340,5,263,245,219,163,131,129,221,185,50,36,190,170,66,52,178,58,114,214,214,186,20,2,136,140,704
Кабель-канал 25х16 ольха ЭЛЕКОР IEK (50),м,280100405_,780,780,734,684,624,614,248,200,192,172,164,46,46,42,100,192,44,56,54,162,48,194,108,238,232,228,222,196,68,48,68,166,150,780
Кабель-канал 25х16 ольха ЭЛЕКОР IEK (за штуку) (50),м,CKK10-025-016-1-K28_,10,10,10,10,10,10,10,10,10,10,10,10,10,10,10,10,10,10,10,10,10,10,10,10,10,10,10,10,,,,,,10
Кабель-канал 25х16 сосна ЭЛЕКОР IEK (50),м,280100377_,756,756,726,726,682,682,632,632,592,60,60,56,12,52,22,14,150,46,40,50,,124,74,54,34,34,184,,8,2,200,300,300,756
Кабель-канал 25х16 сосна ЭЛЕКОР IEK (за штуку) (50),м,CKK10-025-016-1-K34_,10,10,10,10,,10,10,,,,,,,,,,,,,,,,,,,,,,,,,,,10
Кабель-канал 25х16 черный ЭЛЕКОР IEK (50м),м,280100337_,482,408,384,364,340,338,252,236,184,124,212,174,156,132,,,120,96,132,74,116,54,64,144,144,182,34,8,92,52,20,100,74,482
Кабель-канал 25х16 черный ЭЛЕКОР IEK (за штуку) (50м),м,EL-KK10-025-016-1-K0,6,6,6,6,6,6,6,6,6,6,6,6,6,6,6,6,6,6,6,6,6,6,6,6,6,6,6,6,,,,,,6
Кабель-канал 25х25 белый ЭЛЕКОР IEK (32),м,280100016_,485,,726,546,782,1182,946,1540,1786,1708,1532,722,344,70,1354,1194,1594,1402,1368,1088,960,1314,106,736,124,2,1534,1234,1444,880,1130,1166,1036,485
Кабель-канал 25х25 белый ЭЛЕКОР IEK (за штуку) (32),м,CKK10-025-025-1-K01-,10,10,10,10,10,10,10,10,10,10,10,10,10,10,8,8,8,8,8,8,8,8,8,8,8,8,8,8,,,,,,10
Кабель-канал 25х25 черный ЭЛЕКОР IEK (32),м,280100411_,388,380,366,366,366,354,354,354,340,132,104,100,76,56,36,30,42,4,66,66,66,46,46,4,2,2,2,2,2,2,2,2,2,388
Кабель-канал 25х25 черный ЭЛЕКОР IEK (за штуку) (32),м,EL-KK10-025-025-1-K0,10,10,10,10,10,10,10,10,10,10,10,10,10,10,10,10,10,6,6,6,6,6,6,6,6,6,6,6,5,5,5,5,5,10
Кабель-канал 40х16 белый ЭЛЕКОР IEK (30),м,280100009_,538,498,292,290,90,124,244,22,22,290,438,438,424,422,400,378,378,408,348,176,166,206,192,152,198,182,140,130,192,192,222,158,218,538
Кабель-канал 40х16 дуб ЭЛЕКОР IEK (30),м,280100343_,438,438,408,408,394,394,370,370,316,24,24,24,24,24,22,22,22,8,38,52,50,50,,,30,30,30,30,38,38,38,38,38,438
Кабель-канал 40х16 ольха ЭЛЕКОР IEK (30),м,280100406_,534,534,504,504,504,504,486,486,486,482,482,462,462,460,456,456,400,398,386,386,386,386,374,374,374,374,354,354,344,344,336,256,256,534
Кабель-канал 40х16 сосна ЭЛЕКОР IEK (30),м,280100378_,262,262,232,232,232,232,232,232,232,12,12,12,4,4,2,2,62,62,56,56,48,32,28,28,28,8,38,38,38,38,38,38,38,262
Кабель-канал 40х16 черный ЭЛЕКОР IEK (30),м,280100412_,56,56,48,48,48,48,48,34,34,34,34,24,24,24,24,24,10,10,4,34,34,30,30,30,2,2,2,2,8,8,8,8,8,56
Кабель-канал 40х25 белый ЭЛЕКОР IEK (24),м,280100010_,2246,1480,2224,2436,2364,2532,2746,3174,50,48,4986,4246,3520,3376,2998,3192,3758,3478,3062,2902,2296,1614,1418,1516,1668,1608,1216,1820,984,456,658,958,2344,2246
Кабель-канал 40х25 белый ЭЛЕКОР IEK (за штуку) (24),м,CKK10-040-025-1-K01-,10,10,10,10,10,10,10,10,10,10,10,10,10,10,10,10,10,10,10,10,10,10,10,10,10,10,10,10,,,,,,10
Кабель-канал 40х25 дуб ЭЛЕКОР IEK (18),м,280100344_,,,72,144,118,74,48,80,24,90,72,56,56,52,44,50,62,28,32,38,34,,72,122,102,94,50,40,68,64,86,30,44,
Кабель-канал 40х25 дуб ЭЛЕКОР IEK (за штуку) (18),м,CKK10-040-025-1-K24_,5,5,5,5,5,5,5,5,5,5,5,5,5,5,5,5,5,4,4,4,4,4,4,4,4,4,4,4,4,4,4,4,4,5
Кабель-канал 40х25 ольха ЭЛЕКОР IEK (18),м,280100407_,176,176,158,158,142,134,24,24,14,14,14,14,14,14,14,14,22,20,20,24,16,52,44,44,44,12,30,30,66,60,58,30,30,176
Кабель-канал 40х25 ольха ЭЛЕКОР IEK (за штуку) (18),м,CKK10-040-025-1-K28_,10,10,10,10,10,10,10,10,10,10,10,10,10,10,10,10,10,7,7,7,7,7,7,7,7,7,7,25,19,19,19,19,19,10
Кабель-канал 40х25 сосна ЭЛЕКОР IEK (18),м,280100379_,196,196,178,178,176,160,158,154,124,114,104,60,20,16,32,32,32,26,26,24,,18,18,34,30,30,28,14,28,24,24,24,38,196
Кабель-канал 40х25 сосна ЭЛЕКОР IEK (за штуку) (18),м,CKK10-040-025-1-K34_,10,10,10,10,10,10,10,10,10,10,10,10,10,10,10,10,10,8,8,8,8,8,8,8,8,8,8,8,7,7,7,7,7,10
Кабель-канал 40х25 черный ЭЛЕКОР IEK (24),м,280100338_,328,308,226,206,232,214,198,196,192,178,108,100,88,86,56,56,36,,24,62,16,48,56,10,52,30,102,54,88,86,100,100,62,328
Кабель-канал 40х25 черный ЭЛЕКОР IEK (за штуку) (24),м,EL-KK10-040-025-1-K0,10,10,10,10,10,10,10,10,10,10,10,10,10,10,10,10,10,4,4,4,4,4,4,4,4,4,4,4,4,4,2,2,2,10
Кабель-канал 40х40 белый ЭЛЕКОР IEK (24),м,280100011_,860,722,822,776,894,412,730,824,414,522,474,732,776,718,662,618,554,14,714,718,554,520,518,396,396,310,366,338,338,302,276,172,11,860
Кабель-канал 40х40 черный ЭЛЕКОР IEK (24),м,280100413_,290,284,252,252,252,228,218,198,188,64,64,64,64,64,54,14,34,46,46,42,32,4,4,4,4,4,4,2,2,2,2,2,2,290
Кабель-канал 60х40 белый ЭЛЕКОР IEK (18),м,280100012_,564,210,514,436,296,448,574,144,142,506,866,776,754,630,452,326,962,668,630,614,558,584,269,675,764,684,532,448,318,166,528,374,556,564
Кабель-канал 60х40 белый ЭЛЕКОР IEK (за штуку) (18),м,CKK10-060-040-1-K01-,10,10,10,10,10,10,10,10,10,10,10,10,10,10,8,8,8,,,,,,,,,,,,,,,,,10
Кабель-канал 60х40 черный ЭЛЕКОР IEK (18),м,280100414_,252,238,230,230,222,222,222,176,168,6,6,4,4,18,10,26,18,4,40,40,22,,36,36,32,2,2,2,38,38,38,36,34,252
Кабель-канал 60х40 черный ЭЛЕКОР IEK (за штуку) (18),м,EL-KK10-060-040-1-K0,10,10,10,10,10,10,10,10,10,10,10,10,10,10,10,10,10,10,10,10,10,10,10,10,10,10,10,46,27,27,27,27,27,10
Кабель-канал 60х60 белый ЭЛЕКОР IEK (12),м,280100013_,22,22,12,24,8,,,60,54,12,34,60,12,12,12,36,36,42,34,24,18,24,14,24,44,44,42,30,46,4,16,38,20,22
Кабель-канал 60х60 черный ЭЛЕКОР IEK (12),м,280100415_,20,20,20,20,20,20,12,4,4,4,4,4,4,4,4,4,4,4,4,4,4,4,2,2,14,14,14,14,14,14,12,12,12,20
Кабель-канал 80х40 белый ЭЛЕКОР IEK (10),м,280100014_,18,12,16,14,26,6,,,50,40,40,22,40,8,40,34,30,22,42,30,8,30,26,36,46,44,44,28,24,16,20,40,40,18
Кабель-канал 80х40 черный ЭЛЕКОР IEK (10),м,280100416_,40,38,38,38,38,38,38,38,34,34,34,34,34,34,34,14,12,12,12,12,10,12,12,8,16,16,20,20,20,20,20,20,20,40
Кабель-канал 80х60 белый ЭЛЕКОР IEK (8),м,280100015_,18,42,40,28,22,16,34,28,28,28,8,16,8,16,14,14,14,14,10,10,8,4,4,12,8,8,6,,8,4,4,12,12,18
Кабель-канал 80х60 черный ЭЛЕКОР IEK (8),м,280100417_,,,16,16,16,14,10,10,10,10,8,8,4,4,4,4,4,2,2,2,2,2,,,,,,,2,2,2,10,10,
Кабель-канал напольный 70х16  ЭЛЕКОР (42м),м,280100103_,2010,364,8508,7110,5704,6890,5826,4490,2146,4754,5818,4758,3952,2784,596,934,4180,2480,3158,4112,3170,3842,3994,1796,2698,4236,3308,2672,3070,2252,3054,3265,3127,2010
Кабель-канал перфорированный  25х25 ИМПАКТ IEK (100),м,270300078_,248,186,302,254,524.5,394.5,26.1,4.1,2.1,162.1,310.1,48.1,4.1,338.1,2.1,2.1,400.1,300.1,246.1,196.1,2,18,194,116,74,18,4,4,188,148,198,174,26,248
Кабель-канал перфорированный  25х40 ИМПАКТ IEK (60),м,270300079_,226,242,312,110,298,402,92,,,,534,414,,,,350,360,404,268,325,188,376,374,256,242,194,370,224,220,160,318,472,252,226
Кабель-канал перфорированный  40х40 ИМПАКТ IEK (36),м,280100020_,1224,912,774,598,700,568,22,6,,236,224,1152,932,750,374,140,626,506,250,746,682,606,386,344,202,582,572,604,520,458,726,636,680,1224
Кабель-канал перфорированный  40х60 ИМПАКТ IEK (24),м,270300105_,426,324,316,362,364,380,234,12,,44,2,376,334,286,132,214,542,948,424,656,382,696,552,336,306,524,568,406,346,198,,,,426
Кабель-канал перфорированный  60х40 ИМПАКТ IEK (24),м,270300200_,246,194,182,132,116,94,8,,,192,104,56,100,84,60,2,98,28,17,81,84,84,68,,40,16,64,8,66,36,16,80,8,246
Кабель-канал перфорированный  60х60 ИМПАКТ IEK (16),м,270300150_,112,76,22,128,64,156,52,8,8,172,76,114,42,6,6,168,144,28,10,156,12,124,30,134,86,168,152,104,56,6,170,16,68,112
Кабель-канал перфорированный  80х60 ИМПАКТ IEK (16),м,270300151_,86,180,146,106,92,4,,96,58,176,108,108,80,56,,,128,132,116,98,94,120,74,92,18,66,34,2,,,,,,86
Кабель-канал перфорированный 100х60 ИМПАКТ IEK (12),м,270300153_,34,46,22,68,44,40,28,42,296,10,2,54,40,24,12,6,50,56,,74,62,60,30,20,22,44,14,6,46,24,36,26,10,34
"Катушка УК10 2P+PE/10м 3х1,5мм2 КГ автосм. IP44 TWIST IEK",шт,290200129_,,,,,,,,,,,,4,4,4,4,4,4,3,3,3,3,3,3,3,3,3,3,3,3,3,3,3,,
"Катушка УК10 4мест. 2P+PE/10м 3х1,5мм2 автосм. TWIST IEK",шт,290200128_,,,,,,,,,,,,5,5,5,5,5,5,5,5,5,5,5,5,4,4,4,4,4,4,4,4,3,,
"Катушка УК15 1мест. 2P+PE/15м+2м 3х1,5мм2 автосм.TWIST IEK",шт,290200126_,,,,,,,,,,,,12,12,10,10,8,5,4,6,1,1,1,,,,,,5,5,3,3,3,,
"Катушка УК15 2P+PE/15м 3х1,5мм2 КГ автосм. IP44 TWIST IEK",шт,290200130_,,,,,,,,,,,,19,19,19,18,18,18,17,17,17,17,17,17,17,16,16,16,16,16,16,14,12,,
"Катушка УК20 4мест. 2P+PE/20м 3х1,5мм2 автосм. TWIST IEK",шт,290200131_,,,,,,,,,,,,14,14,14,14,12,11,10,10,10,9,5,3,4,6,7,7,7,6,6,6,7,1,
"Катушка УК20 с т/з 4 места 2P+PE/20метров 3х1,5мм2 IP44 ""Industrial plus""",шт,290200068_,4,4,2,,,,,,,,,,,,,,,,,,,,,,,,,,,,,,,4
"Катушка УК25 1мест. 2P+PE/25м+2м 3х1,5мм2 автосм. TWIST IEK",шт,290200127_,,,,,,,,,,,,7,7,7,7,7,5,5,5,5,5,3,4,4,4,4,2,2,11,5,2,3,,
"Катушка УК50 на мет с т/з 4 места 2P+PE/50м КГ 3х1,5мм2 IP44 ""Professional""",шт,290200030_,3,,,,,,,,,,,,,,,,,,,,,,,,,,,,,,,,,3
Клемма вводная силовая КВС 16-95 кв.мм. синяя IEK,шт,130301665_,,,,,,,32,4,4,4,4,4,4,4,4,4,4,,4,4,4,4,9,9,9,9,9,9,9,9,9,9,1,
Клемма вводная силовая КВС 35-150 кв.мм. PE IEK,шт,130301671_,,,,,,,,,,,,,,,,,,,,,,,,10,10,10,10,10,10,10,10,10,,
Клемма вводная силовая КВС 35-150 кв.мм. синяя IEK,шт,130301666_,,,,,,,,,,,,,,,,,,,,,,,,10,10,10,10,10,10,10,10,10,,
Клемма вводная силовая КВС 35-240 кв.мм. серая IEK,шт,130301667_,,,,,,,4,4,4,4,4,4,4,4,4,4,4,,4,4,4,4,4,4,4,4,4,4,4,4,4,4,,
Клемма вводная силовая КВС 35-240 кв.мм. синяя IEK,шт,130301668_,,,,,,,,,,,,,,,,,,,,,,,,6,6,6,6,6,6,6,6,6,,
Клемма вводная силовая КВС 6-50 кв.мм. 3-рядная серая IEK,шт,130301669_,,,,,,,,,,,,,,,,,,,,,,,,8,8,8,8,8,8,8,,,,
Клемма вводная силовая КВС 6-50 кв.мм. PE IEK,шт,130301670_,,,,,,,,,,,,,,,,,,,,,,,,10,10,10,10,10,,,,,,
"Клемма пружинная КПИ 2в-1,5 17,5А желтый IEK",шт,130301651_,,,,,,,,,,,,,,,,,,,,,,60,60,60,60,60,60,60,60,60,60,60,,
"Клемма пружинная КПИ 2в-1,5 17,5А красный IEK",шт,130301650_,,,,,,,60,60,60,60,60,60,60,60,60,60,60,60,60,60,60,60,60,60,60,60,60,60,60,60,60,60,,
"Клемма пружинная КПИ 2в-1,5 17,5А синий IEK",шт,130301652_,,,,,,,,,,,,,,,,,,,,,,,,60,60,60,60,60,60,60,60,60,,
"Клемма пружинная КПИ 2в-2,5 31А красный IEK",шт,130301654_,,,,,,,,,,,,,,,,,,,,,,50,50,50,50,50,50,50,50,50,50,50,,
"Клемма пружинная КПИ 2в-2,5 31А оранжевый IEK",шт,130301656_,,,,,,,,,,,,,,,,,,,,,,,,50,50,50,50,50,50,50,50,50,,
"Клемма пружинная КПИ 2в-2,5 31А синий IEK",шт,130301655_,,,,,,,,,,,,,,,,,,,,,,,,50,50,50,50,50,50,50,50,50,,
Клемма пружинная КПИ 2в-6 57А синий IEK,шт,130301658_,,,,,,,,,,,,,,,,,,,,,,,,,24,24,24,24,24,24,24,24,,
"Клемма пружинная КПИ 3в-2,5 3 вывода 31А синий IEK",шт,130301659_,,,,,,,45,45,45,45,45,45,45,45,45,45,45,45,45,45,45,45,45,45,45,45,45,45,45,45,45,45,,
"Клещи обжимн КО-01 1,5-6мм IEK (40)",шт,130300546_,6,11,7,6,5,10,9,10,2,13,16,11,28,25,23,17,25,25,19,14,13,16,15,16,7,6,10,8,7,7,5,7,6,6
"Клещи обжимн КО-04Е 0,5-6мм(квадрат) IEK (40)",шт,130300544_,1,,4,8,7,9,8,8,4,,4,12,12,7,11,2,18,13,8,6,5,16,14,13,11,10,11,11,13,11,9,11,4,1
Клещи обжимн КО-07Е 10-35мм IEK (40) ,шт,130300147_,3,2,2,2,4,3,2,2,,2,3,2,4,2,3,3,3,3,2,3,3,3,3,3,10,9,8,8,8,8,7,7,7,3
"Клещи обжимн КО-08Е0,5-6мм (шестиграннник) IEK (40)",шт,130300545_,4,2,4,4,4,1,5,3,5,7,7,6,5,5,3,2,4,4,2,2,2,4,4,3,3,4,5,5,5,4,4,5,3,4
Клещи обжимн КО-6Е 6-16мм IEK (40),шт,130300033_,1,5,4,3,5,4,6,4,4,,5,5,5,,5,4,5,5,5,6,6,6,6,6,6,4,4,3,4,4,3,3,1,1
"Клещи обжимные КО-02 1,5-2,5мм IEK!!!",шт,ярп40309,5,5,5,5,5,5,5,5,5,3,3,3,3,3,3,3,,,,,,,,,,,,,,,,,,5
"Клещи обжимные КО-03Е 6,0-16 мм2 (квадрат) IEK",шт,130300831_,4,1,,,,,,,,,,,,,,,,,,,,,,,,,,,,,,,,4
КМПн 2 белый IP41 TEKFOR Mini  IEK,шт,251400045_,,,,,,,,,,,,,,72,72,69,69,63,45,29,11,24,31,27,23,17,27,33,42,44,40,67,58,
КМПн 4 белый IP41 TEKFOR Mini  IEK,шт,251400046_,,,,,,,,,,,,108,108,205,201,188,179,174,163,153,149,122,105,42,47,42,46,56,48,44,42,33,27,
КМПн 6 белый IP41 TEKFOR Mini  IEK,шт,251400047_,,,,,,,,,,,,40,48,7,89,86,80,150,142,152,144,129,128,98,94,89,88,88,88,88,88,71,71,
КМПн 6 черн. прозр. дверь IP65 TEKFOR IEK,шт,251400021_,,,,,,,,,,,,13,12,20,14,12,4,3,4,34,34,18,11,8,20,32,32,31,30,21,20,20,17,
КМПн 8  черн. прозр. дверь IP65 TEKFOR IEK,шт,251400022_,,,,,,,,,,,,12,10,19,19,54,69,68,67,65,62,59,58,14,13,13,13,13,12,12,10,10,9,
КМПн-12  черн. прозр. дверь IP65 TEKFOR IEK,шт,251400023_,,,,,,,,,,,,4,3,12,12,12,7,4,4,10,3,9,6,8,9,8,8,7,7,9,5,1,1,
КМПн-18  черн. прозр. дверь IP65 TEKFOR IEK,шт,251400024_,,,,,,,,,,,,20,15,14,2,26,24,24,24,23,18,15,13,14,14,14,13,13,13,12,12,12,11,
КМПн-24  черн. прозр. дверь IP65 TEKFOR IEK,шт,251400025_,,,,,,,,,,,,,,,4,1,1,3,6,8,5,4,5,3,1,2,7,7,7,7,5,5,5,
КМПн-36  черн. прозр. дверь IP65 TEKFOR IEK,шт,251400026_,,,,,,,,,,,,1,,,3,1,1,3,5,8,6,6,8,7,7,8,7,7,7,7,6,6,5,
КМПн-54 черн. прозр. дверь IP65 TEKFOR IEK,шт,251400027_,,,,,,,,,,,,17,17,33,31,26,23,16,16,34,30,29,27,27,25,24,24,21,20,20,17,17,12,
Кнопка ABLFP-22 красный d22мм неон/240В 1з+1р IEK (200) !!!,шт,130301087_,,,,,,6,6,6,6,6,6,6,6,6,6,6,6,6,6,6,,,,,,,,,,,,,,
Кнопка ABLFS-22 (зеленый неон) IEK (10/200),шт,130300021_,102,95,52,116,42,58,115,93,117,87,124,1,84,163,97,57,34,7,7,187,162,130,24,,48,6,2,,,1,87,25,3,102
Кнопка ABLFS-22 (красный неон) IEK (10/200),шт,130300022_,95,92,53,101,72,69,87,37,97,67,59,16,100,143,66,36,32,19,154,133,79,101,86,74,60,29,59,51,67,67,94,112,84,95
"Кнопка AEA-22  (грибок, красный)  IEK  (10/200)",шт,130900065_,133,130,120,120,91,60,73,41,31,55,64,38,75,74,70,70,8,14,61,61,60,60,35,29,9,9,37,23,38,31,31,35,32,133
Кнопка AEAL-22 (грибок с фиксац.красн) IEK (10/200),шт,130900017_,252,120,239,361,277,342,273,301,337,239,393,207,445,244,234,204,278,323,297,338,312,278,207,263,240,218,130,141,151,112,130,167,155,252
Кнопка AELA-22 (грибок зеленый неон) IEK (10/200),шт,130900031_,18,28,18,26,12,22,21,15,10,20,20,15,25,15,6,20,20,17,17,15,15,15,14,14,13,5,5,4,6,,10,9,,18
Кнопка AELA-22 (грибок красный неон) IEK (10/200),шт,130900030_,44,44,44,24,48,,83,77,66,66,125,123,112,93,123,123,115,105,93,92,93,93,93,82,59,59,14,14,14,5,13,20,18,44
Кнопка ALCLR-22 (черный.на 3 полож) IEK (10/200),шт,130900008_,22,80,88,80,64,55,67,53,20,13,113,91,108,85,9,56,67,61,111,139,120,71,57,87,77,71,71,51,50,43,42,61,48,22
Кнопка ANE-22 (грибок с фиксац.красн.неон) IEK (10/200),шт,130900009_,139,119,133,130,79,33,104,26,,57,150,181,187,128,114,,160,249,227,207,167,167,169,241,233,215,212,173,143,101,80,92,84,139
"Кнопка APBB-22N ""ПУСК-СТОП"" Ø22мм IEK(10/200)",шт,130300154_,338,219,355,353,323,238,232,277,224,108,365,315,411,312,312,119,220,162,350,359,338,216,332,301,263,217,215,81,42,,5,353,321,338
"Кнопка APBB-22N I-O"" Ø22мм IEK(10/200) !!!",шт,BBD10-APBB-K51_,,,,,,8,,,,,,,,,,,,,,,,,,,,,,,,,,,,
"Кнопка APВВ-22N ""I-O"" d22мм неон/240В 1з+1р IEK E-PRO",шт,130300742_,,,2,2,,8,16,16,3,3,3,3,,,,,,,,,,,,,,,,,,,,,,
"Кнопка PPВВ-30N ""ПУСК-СТОП"" Ø30мм IEK (10/200)",шт,130300080_,99,79,70,58,112,32,118,101,32,62,115,84,113,112,85,26,130,171,148,126,105,71,1,128,95,87,130,87,64,87,83,167,131,99
"Кнопка SB-7 ""ПУСК"" (зеленая Ø22мм) IEK (10/500)",шт,130900020_,415,317,475,461,483,351,457,330,157,4,548,565,525,632,474,263,549,924,842,636,545,596,35,,577,513,501,500,212,7,423,574,500,415
"Кнопка SB-7 ""СТОП"" (красная Ø22мм) IEK (10/500)",шт,130900019_,385,268,491,437,384,281,300,277,155,99,363,427,497,432,279,186,169,348,325,498,421,406,160,483,531,477,324,215,71,395,441,565,513,385
"Колодка клеммная CP 1,5мм2 серая IEK",шт,130301634_,,,,,,,,,,,,,,,,,,,,,,,,,70,50,50,50,50,,,100,,
Колодка клеммная CP 10мм2 серая IEK,шт,130301689_,,,,,,,,,100,100,100,70,60,58,58,58,58,58,58,58,58,58,58,58,58,58,58,58,58,58,58,58,28,
"Колодка клеммная CP 2,5мм2 серая IEK",шт,130301635_,,,,,,,,,466,466,466,466,56,344,314,314,294,44,204,404,404,664,664,363,363,343,343,318,199,199,399,239,89,
Колодка клеммная CP 4мм2 серая IEK,шт,130301636_,,,,,,,,,300,300,300,300,280,280,280,280,280,280,270,270,270,270,270,220,218,208,208,203,196,196,136,106,6,
"Колодка клеммная CP-DT измерит. нож. разм. 2,5мм2 серая IEK",шт,130301704_,,,,,,,,,100,100,100,100,100,100,100,100,100,100,100,100,100,100,100,100,100,100,100,100,100,100,100,100,90,
Колодка клеммная CP-DT измерит. нож. разм. 4мм2 серая IEK,шт,130301705_,,,,,,,,,49,49,49,49,49,49,49,49,49,49,49,49,49,49,49,49,49,49,49,49,49,49,49,49,49,
"Колодка клеммная CP-MC 3 вывода 1,5мм2 серая IEK",шт,130301637_,,,,,,,,,,,,,,,,,,,,,,,,,100,100,100,100,100,100,100,100,,
Колодка клеммная CP-MC 3 вывода 10мм2 серая IEK,шт,130301693_,,,,,,,,,50,50,50,50,50,48,48,48,47,47,47,47,47,47,42,42,42,42,42,42,42,42,37,37,37,
"Колодка клеммная CP-MC 3 вывода 2,5мм2 серая IEK",шт,130301638_,,,,,,,,,300,300,300,300,300,300,300,300,294,294,294,294,292,272,272,62,22,122,122,117,87,87,87,87,87,
Колодка клеммная CP-MC 3 вывода 4мм2 серая IEK,шт,130301691_,,,,,,,,,49,49,49,49,49,49,49,49,49,49,49,49,49,49,49,49,49,49,49,49,49,49,49,49,49,
"Колодка клеммная CP-MC 4 вывода 1,5мм2 серая IEK",шт,130301690_,,,,,,,,,99,99,99,99,99,99,99,99,99,99,99,99,99,99,99,99,99,99,99,99,99,99,99,99,99,
"Колодка клеммная CP-MC 4 вывода 2,5мм2 серая IEK",шт,130301639_,,,,,,,,,299,299,299,299,299,299,299,299,299,299,299,299,294,284,279,224,224,224,214,214,214,214,204,204,4,
Колодка клеммная CP-MC 4 вывода 4мм2 серая IEK,шт,130301692_,,,,,,,,,50,50,50,50,50,50,50,50,50,50,50,50,50,50,45,45,45,45,45,45,45,45,45,45,45,
"Колодка клеммная CP-MC-PEN земля 3 вывода 1,5мм2 IEK",шт,130301698_,,,,,,,,,99,99,99,99,99,99,99,99,99,99,99,99,99,99,99,99,99,99,99,94,94,94,94,94,94,
Колодка клеммная CP-MC-PEN земля 3 вывода 10мм2 IEK,шт,130301643_,,,,,,,,,49,49,49,49,49,49,49,49,49,49,49,49,49,49,49,49,49,49,49,49,49,49,49,49,49,
"Колодка клеммная CP-MC-PEN земля 3 вывода 2,5мм2 IEK",шт,130301642_,,,,,,,,,299,299,299,299,299,299,299,299,299,299,299,299,299,299,299,299,289,289,289,289,290,290,290,290,90,
Колодка клеммная CP-MC-PEN земля 3 вывода 4мм2 IEK,шт,130301701_,,,,,,,,,49,49,49,49,49,49,49,49,49,49,49,49,49,49,49,49,49,49,49,49,49,49,49,49,49,
"Колодка клеммная CP-MC-PEN земля 4 вывода 1,5мм2 IEK",шт,130301699_,,,,,,,,,99,99,99,99,99,99,99,99,99,99,99,99,99,99,99,99,99,99,99,99,99,99,99,99,99,
"Колодка клеммная CP-MC-PEN земля 4 вывода 2,5мм2 IEK",шт,130301700_,,,,,,,,,99,99,99,99,99,99,99,99,99,99,99,99,99,99,99,99,89,89,89,89,89,89,89,79,79,
Колодка клеммная CP-MC-PEN земля 4 вывода 4мм2 IEK,шт,130301702_,,,,,,,,,49,49,49,49,49,49,49,49,49,49,49,49,49,49,49,49,49,49,49,46,46,46,46,46,46,
"Колодка клеммная CP-ML 2 ур. 1,5мм2 серая IEK",шт,130301695_,,,,,,,,,49,49,49,,,,,,,50,50,49,49,,50,50,,,50,20,51,51,51,51,51,
"Колодка клеммная CP-ML 2 ур. 2,5мм2 серая IEK",шт,130301640_,,,,,,,,,,,,,,,,,,,,,,,,,50,10,60,40,50,50,,,,
Колодка клеммная CP-ML 2 ур. 4мм2 серая IEK,шт,130301696_,,,,,,,,,49,49,49,49,49,49,49,49,49,49,49,48,48,48,48,48,48,48,48,43,43,43,43,43,43,
"Колодка клеммная CP-ML 2 ур. нож. разм. 2,5мм2 серая IEK",шт,130301703_,,,,,,,,,50,50,50,50,50,50,50,50,50,50,50,49,49,49,49,49,49,49,49,49,49,49,49,49,49,
"Колодка клеммная CP-ML-PEN 2 ур. земля-низ 1,5мм2 серая IEK",шт,130301694_,,,,,,,,,49,49,49,49,49,49,49,49,49,49,49,48,48,48,48,48,48,48,48,48,47,47,47,47,47,
"Колодка клеммная CP-PEN земля 2,5мм2 желто-зеленая IEK",шт,130301641_,,,,,,,,,299,299,299,299,299,299,299,299,249,250,250,97,96,45,41,141,123,123,119,94,82,82,76,71,51,
Колодка клеммная CP-PEN земля 4мм2 желто-зеленая IEK,шт,130301697_,,,,,,,,,100,100,100,100,100,100,100,100,68,68,68,53,53,53,53,53,53,53,53,51,47,47,47,47,47,
"Колодка клеммная CTS   2,5мм2 серая IEK",шт,130301608_,,,,,,,,,470,455,455,335,320,320,320,270,190,118,153,318,208,108,383,333,,400,162,134,328,272,322,382,454,
"Колодка клеммная CTS   2,5мм2 синяя IEK",шт,130301609_,,,,,,,,,499,499,489,289,269,269,269,219,111,207,182,282,252,152,237,223,47,147,225,215,211,211,161,141,141,
Колодка клеммная CTS   4мм2 серая IEK,шт,130301610_,,,,,,,,,500,500,480,480,480,230,190,190,160,104,124,324,304,250,196,186,249,239,235,15,175,175,233,133,225,
Колодка клеммная CTS   4мм2 синяя IEK,шт,130301611_,,,,,,,,,499,499,479,479,479,468,428,428,428,405,395,345,345,345,345,345,322,314,197,17,115,112,107,87,87,
Колодка клеммная CTS   6мм2 серая IEK,шт,130301612_,,,,,,,,,480,460,460,138,134,74,267,267,238,238,302,301,301,301,279,178,124,124,221,211,205,205,164,161,56,
Колодка клеммная CTS   6мм2 синяя IEK,шт,130301613_,,,,,,,,,299,299,299,299,299,297,297,297,285,286,273,272,272,266,264,257,247,247,207,203,194,194,163,163,53,
Колодка клеммная CTS  10мм2 серая IEK,шт,130301614_,,,,,,,,,398,398,398,398,396,393,393,391,391,389,374,374,354,300,270,250,133,124,119,119,117,117,112,103,98,
Колодка клеммная CTS  10мм2 синяя IEK,шт,130301615_,,,,,,,,,282,282,247,247,247,244,244,242,237,238,238,238,232,222,222,222,221,220,202,192,191,191,190,187,87,
Колодка клеммная CTS  16мм2 серая IEK,шт,130301616_,,,,,,,,,500,500,500,467,460,460,360,360,357,334,279,271,191,190,178,178,162,160,158,157,138,132,102,102,101,
Колодка клеммная CTS  16мм2 синяя IEK,шт,130301617_,,,,,,,,,299,287,287,287,285,285,284,284,282,279,279,259,251,241,230,180,178,176,176,165,167,167,163,163,56,
Колодка клеммная CTS  25мм2 серая IEK,шт,130301618_,,,,,,,,,100,100,100,100,99,99,99,99,80,79,69,69,39,38,38,33,33,33,33,8,59,59,47,34,34,
Колодка клеммная CTS  35мм2 серая IEK,шт,130301620_,,,,,,,,,100,100,100,100,94,94,94,94,94,90,80,70,70,70,57,57,45,45,45,45,30,30,26,14,58,
Колодка клеммная CTS  35мм2 синяя IEK,шт,130301622_,,,,,,,,,49,49,35,35,33,33,31,31,31,29,61,60,36,36,31,29,29,29,29,29,29,29,29,29,29,
Колодка клеммная CTS  70мм2 серая IEK,шт,130301623_,,,,,,,,,99,99,99,99,99,99,99,99,99,93,83,83,83,83,83,83,83,83,83,83,83,81,81,81,1,
Колодка клеммная CTS  70мм2 синяя IEK,шт,130301625_,,,,,,,,,140,140,140,140,140,140,140,140,140,140,140,140,140,140,139,139,118,118,118,118,118,118,115,113,1,
Колодка клеммная CTS 120мм2 синяя IEK,шт,130301685_,,,,,,,,,10,10,10,10,10,10,10,10,10,10,10,10,10,10,10,10,10,10,10,10,10,10,10,10,10,
Колодка клеммная CTS 25мм2 синяя IEK,шт,130301619_,,,,,,,,,99,99,94,91,91,91,90,90,89,88,88,88,80,79,75,70,70,70,69,69,70,70,70,,50,
Колодка клеммная CTS с шестигранником 35мм2 серая IEK,шт,130301621_,,,,,,,,,99,99,99,99,98,98,92,92,92,92,92,92,82,75,72,71,71,71,71,71,71,71,71,71,15,
Колодка клеммная CTS с шестигранником 70мм2 серая IEK,шт,130301624_,,,,,,,,,99,99,99,99,99,99,99,99,99,99,99,99,99,99,99,99,99,99,99,99,99,99,99,99,19,
Колодка клеммная CTS-F с предохранителем 4мм2 серая IEK,шт,130301633_,,,,,,,,,300,300,300,300,300,300,300,300,300,300,300,300,280,280,280,280,265,265,260,258,258,258,258,258,58,
Колодка клеммная CTS-MC 4 вывода 4мм2 серая IEK,шт,130301688_,,,,,,,,,50,50,50,50,50,44,44,44,43,43,43,43,43,43,43,43,43,43,43,43,43,43,33,33,33,
Колодка клеммная CTS-MC-PEN земля 4 вывода 4мм2 IEK,шт,130301686_,,,,,,,,,49,49,49,49,49,49,49,49,49,49,49,49,49,45,45,45,45,45,45,45,45,45,45,45,45,
Колодка клеммная CTS-ML 2 ур. 4мм2 серая IEK,шт,130301631_,,,,,,,,,300,300,300,300,300,300,300,300,300,150,150,100,100,100,100,100,76,76,76,56,156,156,156,156,156,
"Колодка клеммная CTS-ML 3 ур. 2,5мм2 серая IEK",шт,130301632_,,,,,,,,,,,,,,,,,,,,,,100,100,30,,,50,50,50,50,10,10,10,
Колодка клеммная CTS-PEN земля 10мм2 желто-зеленая IEK,шт,130301628_,,,,,,,,,133,133,98,98,67,64,64,64,64,60,60,55,54,46,44,44,44,41,23,23,,,48,46,45,
Колодка клеммная CTS-PEN земля 16мм2 желто-зеленая IEK,шт,130301629_,,,,,,,,,149,149,121,121,117,116,116,110,110,102,102,99,87,83,76,76,74,74,74,74,53,53,52,52,52,
Колодка клеммная CTS-PEN земля 4мм2 желто-зеленая IEK,шт,130301626_,,,,,,,,,500,500,500,496,472,462,432,412,382,340,335,320,158,158,41,141,183,175,114,164,200,199,189,182,179,
Колодка клеммная CTS-PEN земля 6мм2 желто-зеленая IEK,шт,130301627_,,,,,,,,,127,127,127,123,123,123,123,123,85,85,80,69,5,105,105,98,80,80,74,74,70,70,70,70,70,
Колодка клеммная CTS-PEN земля монтаж неск. напр. 35мм2 IEK,шт,130301630_,,,,,,,,,99,99,99,99,97,97,96,96,96,96,96,96,71,71,70,70,70,70,70,70,60,60,54,54,14,
Колодка клеммная CTS-PEN земля монтаж неск. напр. 70мм2 IEK,шт,130301687_,,,,,,,,,19,19,19,19,19,19,19,19,19,19,19,19,19,19,19,19,19,19,19,19,19,19,19,19,19,
Комплект заземления 6/20 б/м оц. сталь HDZ IEK,шт,280301023_,,,,,,,,,,,,,,,,,,,,,,,,3,,,5,5,5,5,4,3,,
Комплект заземления 9/20 б/м оц. сталь HDZ IEK,шт,280301024_,,,,,,,,,,,,,,,,,,,,,,2,,,,,,,,,,,,
Комплект щупов щупов и крокодилов TL30 IEK ARMA2L 5 IEK (200) NEW,шт,130200441_,21,14,,,,,,,,,8,5,,,,,,6,5,7,3,3,2,7,3,3,3,2,4,4,,,,21
Консоль STRUT 41х21-200 EZ IEK,шт,280300744_,,,,,,,,,,,,,,,,,,,,439,439,439,415,415,385,385,371,371,371,369,366,361,361,
Консоль STRUT 41х21-300 EZ IEK,шт,280300745_,,,,,,,,,,,,,,,,,,,,443,443,443,443,441,422,422,422,422,422,422,418,401,396,
Консоль потолочная VR 100 IEK,шт,CLW10-VR-100,,,,,,,,,,,,,,,,,,,,,,,,,,,,,,,,,,
Контакт состояния КС47 на DIN-рейку  НОВЫЕ IEK (320) !!!,шт,010800054_,,,,,,8,8,3,,,,,,,,,,,,,,,,,,,,,,,,,,
Контактор  КМИ-10960 9А 220В  IP54  (1вел в корпусе) IEK (1/20),шт,120100055_,53,52,47,62,47,46,50,57,13,70,66,45,39,32,25,64,36,26,19,50,3,53,5,50,61,16,74,59,57,40,1,94,67,53
Контактор  КМИ-10960 9А 380В  IP54 (1вел в корпусе) IEK (1/20),шт,120100045_,34,34,25,25,16,28,23,33,22,18,20,,1,26,23,15,5,4,2,22,15,35,31,26,19,15,19,19,17,16,14,9,4,34
Контактор  КМИ-11260 12А 220В  IP54 (1вел в корпусе) IEK (1/20),шт,120100056_,43,39,32,15,5,,,,,38,24,13,27,22,17,11,7,1,,30,30,39,41,31,15,30,19,34,34,23,8,4,33,43
Контактор  КМИ-11260 12А 380В  IP54 (1вел в корпусе) IEK (1/20),шт,120100003_,7,12,11,8,13,12,11,7,6,3,17,7,,1,,,,1,1,10,1,6,11,9,11,11,11,6,9,8,6,7,6,7
Контактор  КМИ-11860 18А 220В  IP54 (1вел в корпусе) IEK (1/20),шт,120100057_,25,14,29,27,12,25,16,3,,4,23,20,5,16,,,3,10,,30,20,29,32,35,34,35,38,33,36,32,32,37,26,25
Контактор  КМИ-11860 18А 380В  IP54 (1вел в корпусе) IEK (1/20),шт,120100005_,,1,14,14,11,6,5,2,,2,16,16,5,5,,,,,,15,8,10,5,1,6,11,7,12,12,,,10,19,
Контактор  КМИ-22560 25А 220В  IP54 (2вел в корпусе) IEK (1/16),шт,120100058_,41,36,35,55,31,47,54,51,44,27,33,45,13,4,2,28,16,,,50,7,57,61,54,32,24,35,45,28,26,30,31,39,41
Контактор  КМИ-22560 25А 380В  IP54 (2вел в корпусе) IEK (1/16),шт,120100008_,30,20,29,26,8,15,27,23,5,,39,13,,,4,12,,,,40,24,29,27,25,25,24,37,32,32,29,25,31,28,30
Контактор  КМИ-23260 32А 220В  IP54 (2вел в корпусе) IEK (1/16),шт,120100059_,25,14,10,20,16,31,30,28,26,23,23,14,5,1,,12,11,4,,20,19,21,18,17,8,13,10,10,9,9,,5,11,25
Контактор  КМИ-23260 32А 380В  IP54 (2вел в корпусе) IEK (1/16),шт,120100010_,13,10,8,12,13,17,17,17,15,12,10,15,12,5,6,3,3,,,10,9,8,12,11,11,7,4,4,4,4,2,4,5,13
Контактор  КМИ-34062 40А 220В  IP54 (3вел в корпусе) IEK (1/6),шт,120100080_,9,3,21,17,10,14,12,1,10,14,19,19,12,10,7,7,6,6,1,16,14,14,7,8,9,6,8,8,7,5,5,7,6,9
Контактор  КМИ-35062 50А 220В  IP54 (3вел в корпусе) IEK (1/6),шт,120100060_,9,9,6,6,6,6,5,1,1,1,3,3,2,3,3,2,2,1,1,4,5,5,5,5,5,4,4,3,3,3,3,3,3,9
Контактор  КМИ-35062 50А 380В  IP54 (3вел в корпусе) IEK (1/6)*,шт,120100018_,,,,,,,,,,1,1,1,1,1,1,1,1,,,,,,,,,,,,,,,,,
Контактор  КМИ-46562 65А 380В  IP54 (3вел в корпусе) IEK (1/6),шт,120100122_,6,6,6,3,2,4,8,7,7,2,9,9,3,3,3,4,,,,10,10,9,6,6,5,5,5,5,5,5,5,5,4,6
Контактор  КТИ 5115  115А 230В IEK (1/4) ,шт,120300008_,19,6,11,18,10,34,37,21,8,18,21,45,31,26,6,13,33,40,40,36,3,45,40,35,34,49,39,32,23,21,24,26,21,19
Контактор  КТИ 5115  115А 400В IEK (1/4) ,шт,120300023_,4,4,4,11,5,9,7,7,6,6,6,6,2,2,4,7,5,4,3,5,1,4,2,3,5,5,5,5,4,5,4,6,6,4
Контактор  КТИ 51153 115А 220В (реверс) IEK (4) !!!,шт,нов3227,,,,,,12,6,7,2,2,1,1,1,1,1,1,1,,,,,,,,,,,,,,,,,
Контактор  КТИ 5150  150А 230В IEK (1/4) ,шт,120100043_,3,9,4,17,10,11,5,11,13,17,15,14,13,6,1,21,26,28,20,14,,28,,6,8,37,,24,42,34,35,34,28,3
Контактор  КТИ 5150  150А 400В IEK (1/4) ,шт,120100044_,4,7,3,4,4,9,4,3,4,7,10,,12,6,8,12,16,14,12,15,4,13,12,12,14,14,11,15,10,13,13,5,9,4
Контактор  КТИ 51503 150А 220В (реверс) IEK (4) !!!,шт,нов3392,,,,,,3,3,3,3,3,1,1,1,1,1,1,1,1,1,,,,,,,,,,,,,,,
Контактор  КТИ 5185  185А 230В IEK (1/4) ,шт,120100085_,8,3,1,13,5,5,10,7,2,17,15,9,9,12,16,,16,1,6,13,3,16,16,21,12,17,,5,31,25,8,12,20,8
Контактор  КТИ 5185  185А 400В IEK (1/4) ,шт,120100088_,4,4,4,4,2,2,3,2,2,4,5,2,7,4,4,8,5,4,4,6,3,5,,11,11,11,9,8,8,8,8,7,3,4
Контактор  КТИ 51853 185А 220В (реверс) IEK (4) !!!,шт,нов3393,,,,,,2,2,2,2,1,1,1,1,1,1,1,1,,,,,,,,,,,,,,,,,
Контактор  КТИ 5225  225А 230В IEK (1/2) ,шт,120100047_,8,,10,9,,5,,6,3,1,5,24,21,17,14,11,18,13,11,10,11,8,1,,5,5,7,7,9,8,3,4,,8
Контактор  КТИ 5225  225А 400В IEK (1/2),шт,120100046_,5,4,4,2,3,4,4,4,3,3,4,4,3,2,2,2,2,3,3,3,,,3,3,2,2,3,3,3,3,3,3,2,5
Контактор  КТИ 52253 реверс 225А 220В IEK !!!,шт,Р654654528,,,,,,2,2,2,2,2,2,2,2,2,2,2,2,2,2,1,1,1,1,1,1,,,,,,,,,
Контактор  КТИ 5265  265А 230В IEK (1/2) ,шт,120100086_,3,14,13,11,20,16,16,8,11,9,18,2,20,20,20,11,28,19,19,22,15,15,19,19,17,14,20,20,20,17,13,11,4,3
Контактор  КТИ 5265  265А 400В IEK (1/2) ,шт,120100089_,7,7,6,4,4,5,5,7,6,6,4,5,5,5,4,3,3,3,3,3,2,2,3,3,2,2,3,3,4,,,3,,7
Контактор  КТИ 52653 265А 220В (реверс) IEK (2) !!!,шт,нов3394,,,,,,1,1,1,1,1,1,1,1,1,1,1,1,1,1,1,1,,1,1,1,1,1,1,1,1,1,1,1,
Контактор  КТИ 52653 265А 230В (реверс) IEK (2) !!!,шт,щщщ0116033,,,,,,2,2,2,2,2,2,2,2,2,1,1,1,,,,,,,,,,,,,,,,,
Контактор  КТИ 52653 265А 400В (реверс) IEK (2) !!!,шт,щт-0001421,,,,,,1,1,1,1,1,1,1,1,1,1,1,1,1,1,1,1,1,1,1,1,1,1,1,1,1,1,1,1,
Контактор КМ 20-20М AC IEK,шт,120100306_,62,3,,175,97,20,,10,,409,,,36,,71,397,421,316,300,12,,440,578,398,432,360,400,438,452,305,285,581,434,62
Контактор КМ 20-40М AC IEK,шт,120100307_,,,,,,7,1,,,,1,1,1,,,,21,18,9,,11,10,15,12,10,18,15,20,11,16,,,,
Контактор КМ 25-40М AC/DC IEK !!!,шт,120100319_,1,1,,,,14,1,1,,,,,,,,,,,,,,,,,,,,,,,,,20,1
Контактор КМ 40-11 АС IEK (6/90) ,шт,120100220_,,,,,,,,,,,,,,,,,,,,,,,5,5,5,4,4,4,,,,,10,
Контактор КМ 40-20М AC IEK,шт,120100325_,,,,,,,,,,,,,,,4,4,3,18,,27,14,7,,8,28,41,13,30,,5,1,14,75,
Контактор КМ 40-40М AC/DC IEK,шт,120100308_,,,,,,40,19,,,,,,2,,,26,5,,,19,1,,,,,19,20,33,21,18,13,15,1,
Контактор КМ 63-11 АС IEK (6/90) !!!,шт,120100219_,,,,,,2,2,2,2,,,,,,,,,,,,,,,,,,,,,,,,,
Контактор КМ 63-40М AC/DC IEK,шт,120100309_,,,1,,,11,1,,,,,,,,1,52,42,23,,,,,,,,,30,12,15,30,48,43,60,
Контактор КМИ-11210 12А 24В/АС3 1NO IEK ,шт,KKM11-012-024-10,,,,,,,,,,,,,,,,,,,,,,,,,,,,,,,,,,
Контактор КМИ-11211 12А 230В/АС3 1Н3 IEK !!!,шт,120100216_,,,,,,48,48,48,48,48,43,43,40,40,40,40,40,40,40,40,40,40,40,40,40,40,40,40,40,40,40,40,40,
Контактор КМИ-22510 25А 24В/АС3 1НО IEK,шт,ярп4522,,,,,,,,,,,,,,,,,,,,,,,,,,,,,,,,,,
Контактор КМИ-22511 25А 110В/АС3 1NC IEK,шт,KKM21-025-110-01,,,,,,,,,,,,,,,,,,23,23,23,18,18,18,18,18,18,18,18,18,18,18,18,18,
Контактор КТИ 6400  400А 230В IEK (1/4) ,шт,120100087_,1,6,5,5,,5,1,3,6,8,4,6,8,10,14,13,4,10,9,6,8,11,4,15,13,11,16,14,13,11,2,14,13,1
Контактор КТИ 6400  400А 400В IEK (1/2) ,шт,120100050_,3,3,1,3,2,2,2,2,2,1,1,1,1,1,1,1,1,1,1,1,1,1,1,1,1,1,1,1,,1,1,1,2,3
Контактор КТИ-53303 реверс 330А  230В/АС3  IEK !!!,шт,щт-0001187,,,,,,,,,,,,,,,,,,,,,,,,,,,,,,,,,,
Контактор КТИ-65003 реверс. 500А 230В IEK !!!,шт,0000352,,,,,,1,1,1,1,1,1,1,1,1,1,1,1,1,1,1,1,1,1,1,1,1,1,1,1,1,1,1,1,
Контактор КТИ-7630  630А  400В/АС3 IEK,шт,120100054_,,,,,,,,,2,,,,,,,,,,,,,,,,,,,,,,,,,
Корпус металлический ЩУРн-3/18  ИЭК  IP31,шт,ЩУРн-3/18,,,,,2,2,2,2,2,2,,,,,,,,,,,,,,,,,,,,,,,,
Корпус пластиковый ЩРВ-П-8 IP41 черный KREPTA 3 ИЭК,шт,250600252_,,,,,,,,,,,,,,,,,,,,,,,,,,,,,,,,,,
Кронштейн анкерный КАБ-200 IEK !!!,шт,130300606_,732,732,732,732,732,730,726,726,725,724,724,699,639,639,614,613,613,613,613,583,577,577,577,577,577,573,573,562,500,450,450,450,390,732
Кронштейн для анкерного зажима КАМ-1500 IEK (10),шт,130301128_,4,4,12,11,11,11,3,2,2,12,,,,,,20,7,26,26,25,20,6,2,,,,7,5,13,6,4,12,11,4
Кронштейн замковый осн.100 мм IEK,шт,280300131_,,,,,,,,,,4,4,4,4,4,4,4,4,4,4,4,4,4,4,4,4,4,4,4,4,4,4,4,4,
Кронштейн замковый осн.200 мм IEK ,шт,щт-0001133,,,,,,,,,,2,2,2,2,2,2,2,2,2,2,2,2,2,2,2,2,2,2,2,2,2,2,2,2,
Кронштейн замковый осн.300мм IEK,шт,CLP1CL-300-1,,,,,,,,,,1,1,1,1,1,1,1,1,1,1,1,1,1,1,1,1,1,1,1,1,1,1,1,1,
Кронштейн настенный осн.100мм. IEK (4),шт,280300003_,433,280,297,428,277,365,419,225,53,420,293,20,54,54,8,268,117,287,158,244,196,349,361,399,307,307,257,282,252,212,201,176,138,433
Кронштейн настенный осн.200мм. IEK (4),шт,280300004_,380,351,372,588,769,672,723,568,502,403,328,27,89,73,64,444,409,402,205,241,241,233,193,234,139,179,155,145,185,185,161,201,145,380
Кронштейн настенный осн.300мм IEK,шт,280300082_,60,108,180,180,,136,42,112,78,74,124,55,15,15,,132,132,172,172,112,112,112,72,56,51,51,41,41,41,41,41,26,62,60
Кронштейн настенный осн.400мм. IEK (4),шт,280300122_,112,112,112,107,209,,12,200,149,2,2,95,60,30,10,140,192,231,231,231,231,221,209,201,201,201,101,101,101,45,33,33,31,112
Круглая скоба  6мм IEK (100),упак,240200003_,37,37,37,34,8,6,5,5,5,,,,,,15,8,5,5,5,5,5,5,4,2,2,2,2,2,2,2,2,1,1,37
Круглая скоба  8мм IEK (100),упак,240200007_,,,,100,100,95,95,62,61,70,60,50,50,50,51,51,10,10,10,10,10,10,10,10,10,10,9,9,7,2,2,2,2,
Круглая скоба 10мм IEK (100),упак,240200011_,,,,,,,,,,18,16,15,15,15,14,14,14,14,14,14,14,14,13,13,13,13,12,12,12,7,7,7,7,
Круглая скоба 12мм IEK (100),упак,240200014_,14,14,14,14,,,,,,,,,,,,,,,,,,,,,,,,,,,,,,14
Круглая скоба 16мм IEK (100),упак,240200017_,15,15,13,13,13,11,11,9,9,9,9,6,6,3,3,3,3,3,3,3,3,1,,,,,,,,,,,,15
"Крышка 125 мм для К.К.""Праймер"" 150х60 !!!",м,щт-0002132,156,156,36,36,36,36,36,36,36,36,36,36,36,36,36,36,36,,,,,,,,,,,,,,,,,156
Крышка на лоток осн.  50мм. IEK (6),м,280300011_,966,987,684,1131,681,1028,596,599,89,828,1179,849,339,297,627,1032,195,126,738,819,219,156,483,576,519,741,675,609,588,441,411,384,279,966
Крышка на лоток осн. 100мм. IEK (6),м,280300005_,1212,2058,989,2280,3476,2987,2021,1481,766,2216,1220,1814,770,158,1107,2088,2622,2331,1893,1533,336,801,1281,1005,468,222,732,786,990,927,855,738,672,1212
Крышка на лоток осн. 150 мм. IEK (6),м,280300289_,90,141,32,146,35,56,44,2,2,51,171,132,144,231,207,201,186,30,156,150,117,138,114,60,,90,84,51,114,135,114,3,,90
Крышка на лоток осн. 200мм. IEK (6),м,280300007_,977,581,620,902,1145,1367,1346,887,710,720,1218,1023,282,138,177,1116,1284,1143,888,642,531,846,786,669,534,129,177,186,237,189,153,344,287,977
Крышка на лоток осн. 300мм. IEK (6),м,280300037_,417,354,198,462,255,576,501,360,267,195,273,,,18,315,309,297,162,252,210,201,165,78,171,129,147,102,102,120,135,186,186,123,417
Крышка на лоток осн. 400мм. IEK (6),м,280300009_,273,234,234,222,126,48,165,117,117,222,177,3,138,12,,,150,,150,114,105,147,93,138,138,114,114,99,87,66,66,63,63,273
Крышка на лоток осн. 500мм. IEK (6),м,280300038_,,30,,33,24,36,36,21,15,18,21,12,27,15,30,30,30,27,27,24,24,24,24,24,24,24,,12,12,12,12,12,12,
Крюк КМ-1800 IEK (25),шт,130300535_,531,631,670,661,529,785,770,704,632,594,547,477,407,379,358,358,688,765,748,736,656,646,603,566,557,554,270,261,255,243,219,203,137,531
Крюк КМ-2800 IEK (25),шт,130300536_,274,268,264,248,226,301,295,295,294,287,271,270,270,263,259,257,251,247,224,224,224,224,200,175,166,166,81,81,79,79,77,60,40,274
"Кулачковый переключатель ПКП10-44/O 10А""Uc-O-Ua-Ub""4Р/400В IEK !!!",шт,ярп4571,,,,,,15,15,15,11,10,10,10,10,10,6,6,6,5,5,5,5,5,5,5,5,5,5,5,5,5,5,5,5,
Кусачки боковые Expert 1000 В 160мм IEK,шт,130200343_,3,2,1,,,,,,,,,,,,,,,,,,,,,,,,,,,,,,,3
Кусачки боковые Master 160мм IEK,шт,130200387_,,,,,,,,,,,,,,,,,,,,,,,,,,,,,,,,,,
Лампа LED T75 таблетка 10Вт 230В 4000К GX53 IEK,шт,081100745_,274,247,106,147,106,245,295,135,195,121,259,364,336,310,253,231,368,308,282,289,221,281,210,313,240,198,282,335,380,344,147,457,434,274
Лампа LED T75 таблетка 10Вт 230В 6500К GX53 IEK,шт,081100746_,23,77,13,88,42,118,136,96,140,104,169,111,167,151,149,146,87,81,77,77,48,89,75,74,56,61,55,25,65,65,60,48,84,23
Лампа LED T75 таблетка 15Вт 230В 4000К GX53 IEK,шт,081100747_,105,127,156,202,163,167,282,211,175,55,281,337,366,267,277,139,248,202,285,274,239,228,242,238,198,75,151,158,160,273,3,286,335,105
Лампа LED T75 таблетка 15Вт 230В 6500К GX53 IEK,шт,081100635_,80,108,91,103,112,94,163,53,139,107,226,191,238,219,183,188,214,97,188,196,164,195,148,138,124,127,105,137,70,122,49,91,110,80
Лампа LED T75 таблетка 6Вт 230В 4000К GX53 IEK,шт,081100743_,78,52,36,72,38,67,57,29,66,64,55,65,65,65,62,58,58,58,58,28,49,49,44,19,9,9,8,1,1,1,1,1,15,78
Лампа LED T75 таблетка 6Вт 230В 6500К GX53 IEK,шт,081100744_,129,103,94,94,17,112,112,102,,100,120,130,130,130,130,79,79,78,67,53,38,53,53,39,19,38,35,40,30,28,18,29,27,129
Лампа светодиодная A60 груша 12Вт 24-48В 4000К E27 IEK,шт,LLE-A60-12-24-48-40-,,,,,,,,,,,,,,,,,,,,,,,,,,,,,,,,,,
Лампа светодиодная T75 таблетка 12Вт 230В 4000К GX53 IEK,шт,LLE-T80-12-230-40-GX,,,,,,,,,,,,100,,,,,,,,,,,,,,,,,,,,,,
Лампа светодиодная T75 таблетка 12Вт 230В 6500К GX53 IEK,шт,LLE-T80-12-230-65-GX,,,,,,,,,,,,500,,,,,,,,,,,,,,,,,,,,,,
Лампа филаментная LED A60 шар золото  9Вт 230В 2700К E27 серия 360° IEK,шт,081100706_,38,55,54,54,54,34,54,50,50,49,49,43,58,48,48,47,47,46,44,19,14,20,25,24,18,16,16,18,22,17,28,24,19,38
Лампа филаментная LED A60 шар золото 11Вт 230В 2700К E27 серия 360° IEK,шт,081100702_,120,120,118,118,118,118,114,114,114,114,101,99,77,70,45,33,16,36,20,44,24,38,42,39,59,20,9,14,3,3,4,3,3,120
Лампа филаментная LED A60 шар прозр.  7Вт 230В 4000К E27 серия 360° IEK,шт,081100704_,37,16,61,57,10,42,96,66,90,86,96,94,37,3,63,61,,120,57,142,136,120,158,151,126,122,121,113,112,86,73,67,59,37
Лампа филаментная LED A60 шар прозр.  7Вт 230В 6500К E27 серия 360° IEK,шт,081100705_,28,22,19,19,9,31,21,21,13,13,13,11,13,13,11,11,11,11,11,11,4,4,2,12,12,6,4,14,14,11,5,15,19,28
Лампа филаментная LED A60 шар прозр.  9Вт 230В 4000К E27 серия 360° IEK,шт,081100707_,35,69,37,38,68,98,97,65,55,94,84,43,12,,,60,15,49,41,38,52,47,79,73,62,60,50,85,97,106,101,78,64,35
Лампа филаментная LED A60 шар прозр.  9Вт 230В 6500К E27 серия 360° IEK,шт,081100708_,11,24,15,25,25,15,25,25,24,22,24,23,23,7,10,6,20,20,20,17,14,14,14,12,11,1,8,4,3,13,13,13,12,11
Лампа филаментная LED A60 шар прозр. 11Вт 230В 4000К E27 серия 360° IEK,шт,081100641_,42,36,41,40,48,20,56,45,15,3,30,52,11,41,41,7,44,48,43,47,24,43,51,40,49,49,4,51,34,54,51,56,50,42
Лампа филаментная LED C35 свеча золото 5Вт 230В 2700К E14 серия 360° IEK,шт,081100709_,46,36,36,36,26,26,26,26,26,26,26,25,25,25,25,25,20,20,20,20,21,21,60,8,8,1,1,1,11,7,12,11,8,46
Лампа филаментная LED C35 свеча золото 7Вт 230В 2700К E14 серия 360° IEK,шт,081100712_,188,152,152,152,126,125,94,86,48,48,48,50,40,20,8,8,17,57,54,52,21,51,50,52,40,31,55,47,51,29,42,32,49,188
Лампа филаментная LED C35 свеча прозр. 5Вт 230В 4000К E14 серия 360° IEK,шт,081100710_,52,48,28,26,26,40,30,9,4,4,3,5,55,43,4,4,64,50,1,36,,50,68,,,3,70,15,43,17,168,152,60,52
Лампа филаментная LED C35 свеча прозр. 5Вт 230В 4000К E27 серия 360° IEK,шт,081100711_,29,64,54,52,52,42,35,6,6,56,56,48,33,9,32,31,6,53,25,25,11,45,44,49,47,21,66,23,51,36,18,51,39,29
Лампа филаментная LED C35 свеча прозр. 7Вт 230В 3000К E27 серия 360° IEK,шт,081100713_,167,128,126,126,119,99,92,92,92,85,79,49,46,32,27,2,2,32,30,25,26,34,36,13,37,31,16,7,37,36,25,,20,167
Лампа филаментная LED C35 свеча прозр. 7Вт 230В 4000К E27 серия 360° IEK,шт,081100714_,58,58,56,39,39,23,28,18,38,32,37,33,49,49,39,39,29,26,26,32,26,26,26,30,18,13,23,19,19,19,,16,11,58
Лампа филаментная LED CT35 свеча вит. 5Вт 230В 3000К E14 серия 360° IEK,шт,081100715_,17,44,44,44,44,44,44,24,16,13,13,9,9,5,5,5,5,5,5,5,3,3,3,3,3,3,3,3,3,3,3,3,3,17
Лампа филаментная LED CT35 свеча вит. 5Вт 230В 3000К E27 серия 360° IEK,шт,081100716_,52,26,37,34,10,6,6,3,3,1,,,,,,,,,,,,,,,,,,,,,,,,52
Лампа филаментная LED CT35 свеча вит. 5Вт 230В 4000К E14 серия 360° IEK,шт,081100717_,20,28,28,38,37,37,29,9,39,39,37,53,3,23,6,36,33,33,3,43,30,30,30,40,40,35,35,17,37,37,,9,33,20
Лампа филаментная LED CT35 свеча вит. 5Вт 230В 4000К E27 серия 360° IEK,шт,081100718_,65,74,74,74,74,74,74,54,54,54,54,41,40,40,30,30,30,30,10,10,10,9,9,,,,,,10,10,4,4,4,65
Лампа филаментная LED CT35 свеча вит. 7Вт 230В 3000К E14 серия 360° IEK,шт,081100719_,63,14,64,64,84,84,84,64,64,64,63,14,84,89,83,83,83,83,73,58,29,57,47,66,4,28,10,5,3,3,2,2,2,63
Лампа филаментная LED CT35 свеча вит. 7Вт 230В 3000К E27 серия 360° IEK,шт,081100720_,187,171,163,163,148,148,148,136,136,136,136,135,135,135,135,135,100,90,90,90,90,90,89,69,65,61,59,59,57,57,53,53,53,187
Лампа филаментная LED CT35 свеча вит. 7Вт 230В 4000К E14 серия 360° IEK,шт,081100721_,17,31,21,35,42,60,55,34,51,31,45,45,20,3,54,38,53,67,72,80,77,7,102,112,114,114,114,57,141,129,118,118,108,17
Лампа филаментная LED CT35 свеча вит. 7Вт 230В 4000К E27 серия 360° IEK,шт,081100722_,188,185,185,185,175,175,175,145,135,140,140,140,130,130,130,110,110,90,90,90,5,35,35,45,45,44,44,44,41,41,42,42,42,188
Лампа филаментная LED G95 шар золото 6Вт 230В 2700К E27 серия 360° IEK,шт,081100723_,65,65,65,65,55,33,43,43,40,36,34,34,34,34,34,24,21,21,21,15,15,15,21,21,1,1,27,20,20,19,19,19,19,65
Лампа филаментная LED G95 шар золото 8Вт 230В 2700К E27 серия 360° IEK,шт,081100642_,23,42,42,14,54,43,51,51,51,40,40,37,35,29,19,9,20,50,48,46,45,37,35,29,26,26,26,26,14,18,11,11,9,23
Лампа филаментная LED ST64 золото 6Вт 230В 2700К E27 серия 360° IEK,шт,081100724_,35,33,33,11,,48,48,36,32,32,14,2,18,18,13,13,12,12,12,10,10,10,9,4,4,4,4,4,4,4,3,3,3,35
Лампа филаментная LED ST64 золото 8Вт 230В 2700К E27 серия 360° IEK,шт,081100643_,18,38,29,14,62,56,51,56,26,25,55,20,57,50,40,20,59,38,58,58,41,29,34,34,39,39,49,49,38,36,36,30,28,18
ЛВО 1501 белый б/с Е27 2х26 (Downlight) IEK !!!,шт,200400032_,29,29,29,29,29,29,29,29,29,29,29,29,23,23,23,23,23,23,23,23,24,24,24,24,24,24,24,24,24,24,24,24,24,29
Лента бандажная ЛМ-50 IEK (5),шт,130300883_,38,33,29,32,40,48,40,34,27,22,28,26,19,25,27,23,15,2,21,24,21,18,18,19,6,42,35,33,24,7,31,20,4,38
Лента с магнитом для мультиметров  MT10  ARMA2L 5 IEK (200) NEW,шт,130200440_,199,199,199,199,199,199,198,197,197,197,197,197,196,2,,,2,2,1,1,1,1,1,1,1,1,1,1,1,1,1,1,1,199
Логическое реле PLR-S. 8DI/8DO серии ONI,шт,130600166_,,,,,,,,,,,,,,,,,,,1,1,,,,,,,,,,,,,,
Логическое реле PLR-S. CPU0804 серии ONI PLR-S-CPU-0804 NEW,шт,130600271_,,,,,,,,,,,,,,,,,,,1,1,,,,,,,,,,,,,,
Логическое реле PLR-S. CPU1206 серии ONI PLR-S-CPU-1206 NEW,шт,130600270_,1,1,1,1,1,1,1,1,1,1,,,,,,,,,,,,,,,,,,,,,,,,1
Логическое реле PLR-S. CPU1206(R) 220В AC с экраном ONI PLR-S-CPU-1206R-AC-BE NEW,шт,130600165_,,,,,,,,,,,,,,,,,,,,,,,,,,,,,,,,,,
Логическое реле PLR-S. CPU1410 серии ONI,шт,PLR-S-CPU-1410,,,,,,,,,,,,,,,,,,,,,,,,,,,,,,,,,,
Логическое реле PLR-S. CPU1410(R) 220В AC с экраном ONI,шт,PLR-S-CPU-1410R-AC-B,,,1,,,,,,,,,,,,,,,,,,,,,,,,,,,,,,,
Логическое реле PLR-S. RS-232 серии ONI PLR-S-CABLE-RS232 NEW,шт,130600273_,,,,,,,,,,,,,,,,,,,1,1,,,,,,,,,,,,,,
Логическое реле PLR-S. USB кабель серии ONI PLR-S-CABLE-USB NEW,шт,130600272_,,,1,,,,,,,,,,,,,,,,,,,,,,,,,,,,,,,
"Лоток лестничный LESTA 55х300х3000-1,2 IEK",м,280300678_,,,,,,,,,,,,,,,,,,,,,,,,,,,,,,,,,,
Лоток НЕперфорированный 100х100х3000 (3м) IEK,м,ст-99272_80,3,3,3,3,3,3,3,3,3,,,,,,,,,,,,,,,,,,,,,,,,,3
Лоток перфорированный 80х100х3000 (3м)IEK,м,ст-9952475,,,,,,,,,,,,,,,,,,,,,,,,,,,,,,,,,,
"Маркер МК0-1,5мм символ ""0"" 1000шт\ролл IEK",упак,240300035_,6,5,4,7,12,10,8,5,9,6,3,6,4,2,8,4,6,4,2,1,,4,7,6,1,1,7,6,6,3,4,6,9,6
"Маркер МК0-1,5мм символ ""1"" 1000шт\ролл IEK",упак,240300027_,7,9,5,6,13,11,13,10,10,7,7,5,7,3,12,7,11,9,6,6,7,12,12,11,8,7,11,5,5,7,8,11,10,7
"Маркер МК0-1,5мм символ ""2"" 1000шт\ролл IEK",упак,240300033_,7,11,7,8,11,14,11,8,11,9,12,10,12,6,11,8,12,10,8,7,7,12,11,10,10,10,11,8,7,7,7,9,4,7
"Маркер МК0-1,5мм символ ""3"" 1000шт\ролл IEK",упак,240300050_,7,11,4,11,15,11,13,10,10,8,9,13,11,7,6,3,9,8,6,3,4,6,6,5,6,6,8,6,5,5,6,3,8,7
"Маркер МК0-1,5мм символ ""4"" 1000шт\ролл IEK",упак,240300051_,8,9,6,8,12,10,13,10,9,5,10,10,8,3,4,2,8,7,5,3,4,6,6,5,6,6,9,7,6,4,3,4,8,8
"Маркер МК0-1,5мм символ ""5"" 1000шт\ролл IEK",упак,240300034_,5,8,4,11,15,13,11,10,9,6,7,8,6,2,5,3,8,7,5,2,4,7,7,6,5,5,7,4,5,2,4,6,3,5
"Маркер МК0-1,5мм символ ""6"" 1000шт\ролл IEK",упак,240300052_,6,10,7,10,14,12,10,9,8,3,8,4,5,2,7,5,7,6,4,2,4,7,7,6,5,5,7,6,5,3,3,5,3,6
"Маркер МК0-1,5мм символ ""7"" 1000шт\ролл IEK",упак,240300053_,4,9,4,12,12,10,11,10,9,5,8,5,6,1,4,2,7,6,3,3,4,7,7,6,6,6,8,7,6,4,6,6,11,4
"Маркер МК0-1,5мм символ ""8"" 1000шт\ролл IEK",упак,240300054_,9,11,5,12,16,14,12,11,10,8,10,7,8,3,6,4,8,7,5,3,4,6,9,8,6,6,8,7,3,3,7,7,10,9
"Маркер МК0-1,5мм символ ""9"" 1000шт\ролл IEK",упак,240300055_,6,5,4,11,14,12,15,14,13,9,9,6,7,2,4,2,6,4,2,2,4,6,6,5,4,4,8,7,3,1,6,5,7,6
"Маркер МК0-1,5мм символ ""A"" 1000шт\ролл IEK",упак,240300057_,,2,,1,4,4,2,1,2,,2,,5,5,6,5,5,5,4,4,4,3,3,3,,,2,2,2,2,1,1,,
"Маркер МК1-2,5мм символ ""0"" 1000шт\ролл IEK",упак,240300013_,1,1,,1,1,1,,,,2,1,,,,,,,,2,2,1,1,1,1,3,3,2,2,2,2,2,2,1,1
"Маркер МК1-2,5мм символ ""1"" 1000шт\ролл IEK ",упак,240300014_,5,5,2,2,6,6,5,5,5,3,2,,7,6,5,5,4,,2,3,3,4,3,4,1,1,3,3,2,,3,4,4,5
"Маркер МК1-2,5мм символ ""2"" 1000шт\ролл IEK",упак,240300015_,3,2,1,1,1,1,1,1,1,,,,,,,,,,,,1,,1,,,,3,3,1,2,2,3,2,3
"Маркер МК1-2,5мм символ ""3"" 1000шт\ролл IEK",упак,240300016_,3,,2,1,2,2,1,1,1,,2,1,3,2,1,3,2,2,1,1,2,3,2,2,1,1,2,2,1,1,1,2,1,3
"Маркер МК1-2,5мм символ ""4"" 1000шт\ролл IEK",упак,240300017_,3,2,1,,2,2,1,1,1,1,,,2,,,,,,2,2,2,2,1,,1,1,1,1,,,2,2,1,3
"Маркер МК1-2,5мм символ ""5"" 1000шт\ролл IEK",упак,240300018_,3,2,2,1,1,1,,,,,2,,3,2,2,2,1,1,,2,1,1,,,,,,,,,2,3,2,3
"Маркер МК1-2,5мм символ ""6"" 1000шт\ролл IEK",упак,240300019_,3,3,2,1,1,1,,1,1,2,1,,,,,,,,1,2,1,,,,,,,,,,,,,3
"Маркер МК1-2,5мм символ ""7"" 1000шт\ролл IEK",упак,240300020_,1,1,,,,,,,,,,,,,,,,,,1,1,1,2,2,3,3,2,2,3,3,3,3,2,1
Микр. конц. МП-7100 толкатель IP40 IEK,шт,010400958_,,,,,,,,,,,,,,,,,,,,,,,,,,,10,10,10,10,10,9,8,
Микр. конц. МП-7120 рычаг IP40 IEK,шт,010400944_,,,,,,,,,,,,,,,,,,,,,,,,,,,10,10,10,10,10,9,9,
Микр. конц. МП-7121 рычаг с рол. IP40 IEK,шт,010400950_,,,,,,,,,,,,,,,,,,,,,,,,,,,10,10,10,10,8,7,7,
Микр. конц. МП-7124 рычаг с рег. рол. IP40 IEK,шт,010400943_,,,,,,,,,,,,,,,,,,,,,,,,,,,10,10,10,10,10,9,9,
Микр. конц. МП-7140 укор. рычаг IP40 IEK,шт,010400951_,,,,,,,,,,,,,,,,,,,,,,,,,,,10,10,10,10,10,9,9,
Микр. конц. МП-7141 укор. рычаг с рол. IP40 IEK,шт,010400939_,,,,,,,,,,,,,,,,,,,,,,,,,,,10,10,10,10,10,9,9,
Микр. конц. МП-7144 укор. рычаг с рег. рол. IP40 IEK,шт,010400948_,,,,,,,,,,,,,,,,,,,,,,,,,,,10,10,10,10,10,9,9,
Микр. конц. МП-7310 толк. рез. IP40 IEK,шт,010400947_,,,,,,,,,,,,,,,,,,,,,,,,,,,10,10,10,10,8,6,6,
Микр. конц. МП-7311 гор. толк. с наж. рол. рез. IP40 IEK,шт,010400955_,,,,,,,,,,,,,,,,,,,,,,,,,,,10,10,10,9,9,7,7,
Микро ПЛК PLR-M. CPU DI12/DO06(R) 24В DC ONI PLR-M-CPU-18R00ADC NEW,шт,130600269_,,,,,,,,,,,,,,,,,,,,1,,,,,,,,,,,,,,
Мини-обогреватель шкафной 10Вт IP54 IEK (100) NEW,шт,270300275_,11,11,11,11,11,11,11,11,11,11,11,11,11,2,2,2,2,2,2,2,2,2,2,1,1,1,1,1,1,1,1,1,1,11
Мини-обогреватель шкафной 13Вт IP54 IEK (100) NEW,шт,270300276_,14,12,12,12,12,12,12,12,12,10,10,10,10,2,2,2,2,2,1,1,1,1,1,1,1,1,1,1,1,1,1,1,1,14
Мини-обогреватель шкафной 8Вт IP54 IEK (100) NEW,шт,270300274_,15,15,15,15,15,15,15,15,15,15,15,15,15,,,,,,,,,,,,,,,,,,,,,15
Мультиметр  цифровой DM1A ARMA2L IEK (40) NEW,шт,130200431_,119,117,114,112,111,106,102,100,100,94,91,90,89,13,17,17,14,12,11,11,10,8,8,7,7,7,7,7,7,7,6,1,1,119
Мультиметр цифровой  Professional MY64 IEK E-PRO,шт,114001003_,,,,,,,,,,,,,8,1,1,1,1,1,1,1,,,,,,,,,,,,,,
Мультиметр цифровой  цифровой DM1E IEK ARMA2L 5 IEK (40) NEW,шт,130200435_,112,105,96,90,84,79,71,64,60,54,49,38,33,19,19,8,5,10,3,28,25,24,20,19,14,13,8,7,14,14,8,6,,112
Мультиметр цифровой  цифровой DM2A IEK ARMA2L 5 IEK (40) NEW,шт,130200432_,117,117,116,116,112,112,106,104,101,100,100,96,93,8,6,4,6,7,11,11,10,10,10,10,5,5,7,6,6,6,6,7,7,117
Мультиметр цифровой  цифровой DM3B IEK ARMA2L 5 IEK (30) NEW,шт,130200433_,87,87,85,84,78,78,76,75,75,75,74,74,74,9,8,8,6,4,4,4,4,3,2,3,3,3,3,3,3,3,3,3,1,87
Мультиметр цифровой  цифровой DM3C IEK ARMA2L 5 IEK (30) NEW,шт,130200434_,86,85,82,82,82,82,81,78,77,75,74,73,72,6,6,5,5,5,4,4,2,4,3,1,4,4,1,4,3,4,4,4,3,86
Мультиметр цифровой Compact M182 IEK (100),шт,114001010_,6,48,48,47,41,35,28,25,24,23,26,23,18,1,20,12,21,20,15,15,13,16,14,12,11,15,14,10,10,8,8,5,3,6
Мультиметр цифровой Master MAS830L IEK (40),шт,130200185_,29,25,26,27,40,27,35,29,26,19,44,44,39,26,20,5,22,25,19,18,17,8,17,15,19,18,17,19,12,15,13,11,17,29
Мультиметр цифровой Master MAS838L IEK (40),шт,130200184_,31,57,41,35,27,49,64,53,32,45,59,47,46,42,,49,36,40,37,37,28,36,35,27,30,36,35,29,24,28,22,33,24,31
Мультиметр цифровой Universal M830B IEK (60),шт,114001002_,40,40,45,45,43,36,42,33,23,15,39,24,30,25,20,2,37,29,21,32,28,32,30,26,26,26,25,25,20,20,19,14,12,40
Набор динамометрической отвертки со сменными жалами SLIM Т2 14шт ARMA2L 5 IEK,шт,130200491_,,,,,,,,,,,,,,,,,,,,,,,,,,,,10,5,5,3,1,,
"Наконечник НВИ 2-4 вилка 1,5-2,5мм (100шт/упак) IEK E-PRO",упак,UNL10-D25-4-4,2,,,,,15,,,,,,,,,143,143,143,143,143,143,143,143,143,141,141,141,141,141,137,137,137,137,137,2
"Наконечник НВИ 2-5 вилка 1,5-2,5мм (100 шт) IEK !",упак,щщ0001050,,,,,,,,,,8,8,8,8,8,8,8,8,8,8,8,8,8,8,8,8,8,8,7,7,7,7,7,7,
"Наконечник НКИ 5,5-8 кольцо 4-6мм (100шт/упак) IEK !!!",упак,UNL20-006-6-5,590,590,590,590,590,590,590,590,588,588,588,188,188,188,216,216,28,28,27,27,27,26,26,26,26,26,25,25,23,23,23,23,23,590
"Наконечник НКИ-н 2-4 кольцо 1,5-2,5мм (100 шт) IEK !!!",упак,ярп4303,30,30,30,30,30,30,30,30,30,30,30,30,30,30,30,30,30,30,30,30,30,30,30,30,30,30,30,30,30,30,30,29,29,30
"Наконечник НКИ2-6 кольцо 1,5-2,5мм (100 шт) IEK !",упак,ст-9950470,,,,,,,,,,,,,,,20,20,20,20,20,20,20,20,20,20,20,20,20,20,20,20,20,20,20,
Наконечник-гильза НГИ2 10-14 с изол. фланцем (слоновая кость) IEK (100) !!! ,упак,ст-9952498,24,24,24,24,24,24,24,24,19,19,19,19,19,19,19,19,19,19,19,19,19,19,19,19,19,19,19,19,19,19,19,19,19,24
"Наконечник-гильза НГИ2 4,0-12 с изол. фланцем (серый) IEK (100) !!!",упак,ст-9952496,20,20,20,20,20,20,20,20,20,20,15,15,15,15,15,15,15,15,15,15,15,15,15,15,15,15,15,15,15,15,15,15,15,20
"Наконечник-гильза НГИ2 6,0-14 с изол. фланцем (черый) IEK (100) !!!",упак,ст-9952497,,,,,,,,,,,,,,,30,30,30,30,30,30,30,30,30,30,30,30,29,28,28,28,28,12,12,
Наконечники герметичные изолированные НИМ 16  IEK,шт,UZA-25-D16,,,,,,,,,,,,,,,,,,,,,,,,,,,,,,,,,,
Ножницы (секторные)  для резки кабеля НС-240 (до 240мм) IEK,шт,130300291_,4,3,4,3,4,4,3,2,,3,8,3,2,9,7,7,4,8,7,10,9,6,8,4,9,9,6,6,6,5,4,2,,4
Ножницы (секторные) для резки кабеля  НС-765 (до 400мм) IEK ,шт,130301099_,2,3,1,3,1,3,3,1,3,2,4,3,2,3,2,2,2,2,1,1,1,1,1,2,2,2,2,2,2,2,2,1,,2
Ножницы (секторные) для резки кабеля НК-250 IEK (240мм) ,шт,130300292_,3,3,,3,5,4,,3,7,7,5,5,6,6,5,7,3,6,7,7,5,,6,6,8,9,5,3,8,8,6,6,6,3
Ножницы (секторные) для резки кабеля НС-300 (до 300мм) IEK,шт,130300596_,2,2,,2,1,3,1,3,3,3,3,3,3,3,2,2,,2,1,1,2,2,2,,2,2,2,1,2,2,2,2,1,2
НПП 1101-100  бел/круг IEK(8) ,шт,151000059_,139,194,189,234,204,154,144,239,284,245,242,266,247,46,30,4,231,198,192,136,148,103,202,138,162,147,147,114,114,114,64,86,122,139
НПП 1102-100  бел/круг с реш. IEK(8),шт,151000061_,184,184,181,155,131,191,198,158,164,158,129,111,116,46,68,88,87,53,52,91,112,73,93,82,96,89,133,75,98,95,83,88,73,184
НПП 1202-100  черн/овал с реш. IP54 IEK(8) !!!,шт,151000070_,1,1,1,1,1,1,1,1,1,1,1,1,1,1,1,1,1,1,1,1,1,1,1,1,1,1,1,1,1,1,1,1,1,1
НПП 1301-60  бел/круг IP54 IEK(12) ,шт,151000071_,,,,,,,,,,,,,,,,,,,,2,2,2,2,2,2,2,2,2,2,2,2,2,2,
НПП 1401-60  бел/овал IP54 IEK(12) ,шт,151000082_,11,10,10,10,9,1,8,8,7,6,10,6,11,1,6,5,9,20,9,19,19,10,14,11,18,17,15,17,17,17,17,16,14,11
НПП 1402-60  бел/овал с реш. IP54 IEK(12) !!!,шт,151000083_,,,,,,,,,,,,,,,,,,,12,6,19,,,,,,,,,,,,,
НПП 1402-60  черн/овал с реш. IP54 IEK(12) !!!,шт,151000084_,,,,,,,,,,,,,,,,,,,4,4,4,4,3,3,3,3,3,3,3,3,3,3,3,
Обогреватель (встр. вентилятор) 150 Вт IP20 IEK (20) NEW,шт,270300270_,5,5,5,5,5,5,5,5,5,5,5,5,5,,,,,,,,,,,,,,,,,,,,,5
Обогреватель (встр. вентилятор) 200 Вт IP20 IEK (20) NEW,шт,270300271_,4,4,4,4,4,4,4,4,4,4,4,4,4,,,,,,,,,,,,,,,,,,,,,4
Обогреватель (встр. вентилятор) 300 Вт IP20 IEK (20) NEW,шт,270300272_,5,5,2,2,2,2,2,2,2,2,2,,,,,1,1,,,1,1,1,,1,1,1,1,1,1,1,1,1,1,5
Обогреватель (встр. вентилятор) 400 Вт IP20 IEK (20) NEW,шт,270300273_,9,9,9,9,9,8,8,8,8,8,8,6,6,,,,1,1,1,1,1,1,1,1,1,1,1,1,1,1,1,1,,9
Обогреватель на DIN-рейку (встр. вентилятор) 100 Вт IP20 IEK (20) NEW(20) NEW,шт,270300260_,19,18,18,18,18,18,18,18,16,16,16,15,15,2,,2,2,2,1,3,3,3,3,2,2,2,2,2,2,2,2,2,2,19
Обогреватель на DIN-рейку (встр. вентилятор) 250Вт IP20 IEK (10) NEW,шт,270300221_,49,49,49,49,49,49,49,49,49,47,47,47,47,1,1,1,2,2,1,1,,2,1,1,1,1,1,1,1,1,1,1,1,49
Обогреватель на DIN-рейку (встр. вентилятор) 400Вт IP20 IEK (10) NEW,шт,270300259_,39,39,39,39,39,39,39,39,39,39,39,39,35,1,1,1,1,1,1,1,1,1,1,1,1,1,1,1,1,1,,1,1,39
Обогреватель на DIN-рейку 100Вт IP20 IEK (50) NEW,шт,270300224_,5,1,19,19,19,19,19,19,,19,2,21,8,7,4,4,34,27,23,19,16,14,13,14,3,20,31,19,31,40,36,48,43,5
Обогреватель на DIN-рейку 150Вт IP20 IEK (25) NEW,шт,270300244_,28,25,25,23,23,22,21,20,20,20,10,9,,2,,,10,10,10,10,9,9,9,2,2,3,5,5,1,3,3,3,3,28
Обогреватель на DIN-рейку 15Вт IP20 IEK (50) NEW,шт,270300261_,,,10,10,3,8,8,,,7,10,4,4,5,6,4,4,3,,4,3,5,7,7,4,4,,6,9,7,7,7,3,
Обогреватель на DIN-рейку 30Вт IP20 IEK (50) NEW,шт,270300262_,27,26,24,22,22,17,17,16,16,16,10,4,2,2,1,6,2,8,4,8,7,2,6,6,4,2,4,2,6,7,7,7,7,27
Обогреватель на DIN-рейку 45Вт IP20 IEK (50) NEW,шт,270300263_,29,29,29,29,25,25,25,25,,,,15,15,15,15,15,15,,,20,12,10,10,,,6,3,7,7,9,5,7,10,29
Обогреватель на DIN-рейку 60Вт IP20 IEK (50) NEW,шт,270300212_,24,24,24,24,24,24,24,24,21,21,15,14,8,,,,1,1,3,1,1,6,6,3,,,3,3,4,3,3,2,2,24
Обогреватель на DIN-рейку 75Вт IP20 IEK (50) NEW,шт,270300264_,7,5,5,5,1,3,3,4,2,2,2,5,3,3,3,4,4,,3,3,2,2,2,2,,,2,2,2,2,2,2,2,7
Обогреватель на DIN-рейку в корп.(встр.вент.) 150Вт IP20 IEK (38) NEW,шт,270300267_,7,7,7,,,,10,10,10,5,5,6,6,6,5,5,5,5,5,5,5,5,5,5,4,3,3,3,3,3,2,2,2,7
Обогреватель на DIN-рейку в корп.(встр.вент.) 250Вт IP20 IEK (38) NEW,шт,270300268_,7,7,7,7,7,7,7,7,7,5,4,4,4,1,1,1,1,1,1,1,1,1,1,1,1,1,1,1,1,1,1,1,1,7
Обогреватель на DIN-рейку в корп.(встр.вент.) 400Вт IP20 IEK (20) NEW,шт,270300269_,10,10,10,10,10,10,10,10,10,10,9,9,8,1,1,1,1,1,1,1,1,1,1,1,1,1,1,1,1,1,1,1,1,10
Обогреватель на DIN-рейку в корпусе 100Вт IP20 IEK (40) NEW,шт,270300265_,,,10,10,10,10,10,10,5,5,5,,,,,1,4,4,4,4,4,4,4,1,1,1,1,1,1,1,1,1,1,
Обогреватель на DIN-рейку в корпусе 150Вт IP20 IEK (40) NEW,шт,270300222_,4,4,3,3,3,3,3,3,3,3,3,3,2,,,2,2,2,2,2,2,2,2,2,2,2,2,2,2,2,1,1,1,4
Обогреватель на DIN-рейку в корпусе 50Вт IP20 IEK (50) NEW,шт,270300266_,7,7,7,6,6,,10,2,5,5,8,8,8,8,,,6,6,6,6,6,6,6,6,2,2,4,4,4,4,3,3,3,7
Обогреватель на DIN-рейку ОДР (вент.+терм.) 1000Вт IP20 IEK (12) NEW,шт,270300279_,3,3,3,3,3,3,3,3,3,3,3,3,3,,,,,,,,,,,,,,,,,,,,,3
Обогреватель на DIN-рейку ОДР (вент.+терм.) 800Вт IP20 IEK (12) NEW,шт,270300277_,2,2,2,2,2,2,2,2,2,2,2,,,,2,2,2,2,2,2,2,2,2,2,2,2,2,2,2,2,2,2,2,2
Обогреватель на DIN-рейку ОДР (вент.+терм.) 900Вт IP20 IEK (12) NEW,шт,270300278_,2,2,2,2,2,2,2,2,2,2,2,2,2,,,,,,,,,,,,,,,,,,,2,2,2
Ограничитель на DIN-рейку (металл) IEK (900),шт,130200016_,877,1049,627,668,818,754,3,384,106,124,667,1173,613,1147,695,413,1449,1215,1180,1255,777,798,1395,1178,1043,829,657,653,702,388,658,558,704,877
ОПС1-B 3Р In=30kA Un=400B Im=60kA IEK,шт,130500102_,,,,,,,,,,,,,,,,,,,,,54,54,43,42,32,32,32,32,28,26,26,26,16,
ОПС1-B 4Р In=30kA Un=400B Im=60kA IEK,шт,130500094_,,,,,,,,,,,,,,,,,,,,,50,50,48,46,46,45,40,29,29,27,26,25,23,
ОПС1-C 1Р In=20kA Un=400B Im=40kA IEK,шт,130500136_,,,,,,,,,,,,,,,,,,,,,100,100,99,93,92,92,92,92,92,89,88,85,5,
ОПС1-C 2Р In=20kA Un=400B Im=40kA IEK,шт,130300207_,,,,,,1,1,1,1,1,1,1,1,1,1,1,1,1,1,1,16,34,32,11,10,10,19,19,18,16,18,16,12,
ОПС1-C 3Р In=20kA Un=400B Im=40kA IEK,шт,130500088_,,,,,,,,,,,,,,,,,,,,,92,92,91,90,90,89,88,87,87,86,86,81,3,
ОПС1-C 4Р In=20kA Un=400B Im=40kA IEK,шт,130500080_,,,,,,,,,,,,,,,,,,,,,30,30,23,23,17,16,16,16,14,10,12,12,8,
ОПС1-D 2Р In=5kA Un=230B Im=10kA IEK,шт,130500085_,,,,,,,,,,,,,,,,,,,,,,50,48,46,45,45,45,44,44,43,43,43,4,
ОПС1-В 1Р IEK (1) !!!,шт,130300213_,,,,,,2,,,,,,,,,,,,,,,,,,,,,,,,,,,,
ОПС1-В 3Р IEK (1) !!!,шт,130300214_,,,,,,7,1,1,1,,,,,,,,,,,,,,,,,,,,,,,,,
Основание контакт. ДП-33 габарит 0 (160А) IEK  (3/54) !!!,шт,130300210_,,,,,,7,7,7,7,7,3,3,3,3,3,6,6,6,4,4,4,4,4,4,4,4,4,4,4,4,4,4,4,
Основание контакт. ДП-33 габарит 00 (160А) IEK  (3/72) !!!,шт,130300166_,1,1,1,1,1,598,598,598,598,598,597,597,597,597,87,48,48,42,42,36,36,36,36,36,36,36,36,36,36,36,36,36,36,1
Основание контакт. ДП-35 (250А) IEK (1/28) !!!,шт,130300208_,1,1,1,1,1,1,1,1,1,1,,,,,,1,1,1,1,1,1,1,1,1,1,1,1,1,1,1,1,1,1,1
Основание контакт. ДП-37 (400А) IEK (1/18) !!!,шт,130300209_,,,,,,9,9,9,9,9,9,9,9,9,9,8,8,8,8,8,8,8,8,8,8,8,8,8,166,118,118,118,118,
Основание контакт. ДП-39 (630А) IEK (1/14) !!!,шт,130300178_,,,,,,70,70,70,70,70,70,70,70,64,64,64,64,64,64,64,64,64,64,64,64,64,64,64,64,64,64,64,64,
Отвертка Master 3х75мм IEK (12) ,шт,151000734_,6,4,4,4,4,3,3,3,3,3,3,3,3,3,1,1,1,1,1,1,1,1,1,1,1,1,1,1,1,1,,,,6
Отвертка Master 4х100мм IEK (12) ,шт,151000606_,5,5,5,5,5,5,4,4,4,4,4,4,4,4,4,4,4,4,4,4,4,4,4,3,3,3,3,3,3,3,2,2,2,5
Отвертка Master 6х125мм IEK (12) ,шт,151000555_,9,9,7,7,5,5,4,4,4,2,2,2,2,2,,,,,,,,,,,,,,,,,,,,9
Отвертка Master 6х150мм IEK (12) ,шт,151000556_,1,,,,,,,,,,,,,,,,,,,,,,,,,,,,,,,,,1
Отвертка диэлектрическая PZ/SL1х80 Т2 ARMA2L 5 IEK,шт,130200492_,,,,,,,,,,,,,,,,,,,,,,,,,,,20,20,20,20,18,17,15,
Отвертка диэлектрическая PZ/SL2х100 Т2 ARMA2L 5 IEK,шт,130200493_,,,,,,,,,,,,,,,,,,,,,,,,,,,20,19,19,19,16,15,14,
Отвертка диэлектрическая SLIM PH/SL2х100 Т2 ARMA2L 5  IEK,шт,130200494_,,,,,,,,,,,,,,,,,,,,,,,,,,,20,20,20,20,19,18,18,
Отвертка диэлектрическая с жалами SLIM 13шт ARMA2L 5 IEK,шт,130200490_,,,,,,,,,,,,,,,,,,,,,,,,,,,20,20,20,20,19,19,19,
Отвертка крест.Master Ph0х75мм IEK (6) ,шт,151000732_,2,2,2,2,2,,2,2,2,2,2,2,2,2,2,,,,,,,,,,,,,,,,,,,2
Отвертка крест.Master Ph2 х 38мм IEK (6) ,шт,151000733_,6,5,3,3,3,2,2,2,2,1,1,1,1,1,1,1,1,1,1,1,1,1,1,1,1,1,1,1,1,1,1,1,1,6
Отвертка крест.Master Ph2х150мм IEK (6),шт,151000601_,1,1,1,1,1,1,1,1,1,,,,,,,,,,,,,,,,,,,,,,,,,1
Отвертка крест.Master Ph3х150мм IEK (6),шт,151000553_,1,1,1,,,,,,,,,,,,,,,,,,,,,,,,,,,,,,,1
Отвертка пробник ОП-1 IEK (120) ,шт,130300005_,91,109,86,53,134,121,126,69,2,,209,110,164,125,153,37,165,311,265,240,215,201,193,183,155,153,136,134,95,63,59,45,38,91
Отвертка пробник ОП-2Э IEK (120),шт,130300006_,175,158,124,105,132,123,146,130,96,43,127,118,157,139,123,108,73,98,86,75,45,64,80,90,72,66,65,73,70,57,52,70,64,175
Панель боковая для ВРУ 18.ХХ.45 IP31 TITAN (комп. 2шт.) IEK,шт,щт-0001651,1,1,1,1,1,1,1,1,1,1,1,1,1,1,1,1,,,,,,,,,,,,,,,,,,1
Панель монтажная 500x730 TITAN (комп. 2шт.) IEK,шт,щт-0001654,,,,,,,,,,,,,,,,,,,,,,,,,,,,,,,,,,
"Панель оператора  ETG 4,3” серии ONI ETG-CP-043 NEW",шт,130600267_,,,,,,,,,,,,,,,,,,,1,1,,,,,,,,,,,,,,
"Панель оператора ETG 4,3” пластиковый корпус ONI ETG-A8TS-HSSN-S-043 NEW",шт,130600266_,,,,,,,,,,,,,,,,,,,1,1,,,,,,,,,,,,,,
Панель оператора ETG 7” базовая пластиковый корпус ONI ETG-A8TS-HSSN-S-070 NEW,шт,130600265_,,,,,,,,,,,,,,,,,,,1,1,,,,,,,,,,,,,,
Панель оператора емкостная ETС 7” пластиковый корпус ONI ETC-A8TS-HSSE-S-070 NEW,шт,130600268_,,,,,,,,,,,,,,,,,,,1,1,,,,,,,,,,,,,,
Панель ПН-730 TITAN (комп. 3шт.) IEK,шт,щт-0001645,5,5,5,5,5,5,5,5,5,5,5,5,5,5,5,5,,,,,,,,,,,,,,,,,,5
"Панель светодиодная ДВО 6560-25-O eco,36Вт,6500К,опал IEK !!!",шт,ярп4546,2,2,2,2,2,2,2,2,2,2,2,2,2,2,2,2,2,2,2,2,2,2,2,2,2,2,2,2,2,2,2,2,2,2
Пассатижи 160мм K4 ARMA2L 5 IEK (1),шт,130200424_,38,37,34,28,25,22,15,13,13,11,,,,,15,12,9,7,3,1,,8,7,6,5,2,5,6,6,5,3,3,3,38
Пассатижи 180мм K4 ARMA2L 5 IEK (1),шт,130200425_,27,22,12,9,,9,11,11,6,6,,,,,14,8,6,9,5,11,3,13,10,4,10,10,8,8,4,3,10,9,12,27
Пассатижи 200мм K4 ARMA2L 5 IEK (1),шт,130200426_,29,29,25,24,17,10,4,1,5,2,,4,11,6,7,11,10,4,7,7,7,11,7,5,5,5,9,9,10,10,9,9,8,29
Пассатижи Expert 180мм IEK,шт,130200340_,12,11,9,9,9,9,7,5,5,3,1,,,,,,,,,,,,,,,,,,,,,,,12
Пассатижи Expert 200мм IEK,шт,130200285_,5,5,5,,,,,,,,,,,,,,,,,,,,,,,,,,,,,,,5
Пассатижи Profi 200мм IEK,шт,130200342_,1,1,1,1,1,1,1,1,1,,,,,,,,,,,,,,,,,,,,,,,,,1
"Патрон подвесной E27 со шнуром 1,5м RETRO бронза IEK",шт,150101158_,70,70,68,66,57,47,46,38,38,38,38,38,37,37,37,37,,,,,,,,,,,,,,,,,,70
"Патрон подвесной E27 со шнуром 1,5м RETRO золото IEK",шт,081100748_,66,66,66,63,63,63,63,61,61,61,61,61,61,61,61,61,1,1,1,,,,,,,,,,,,,,,66
"Патрон подвесной E27 со шнуром 1,5м RETRO черный IEK",шт,150101155_,43,39,37,27,37,37,37,30,29,29,29,29,29,29,26,16,,,,,,,,,,,,,,,,,,43
Патрон подвесной GU5.3 со шнуром керамика IEK  E-PRO,шт,150101213_,,,,,,,,,,,,,,,50,,3,3,1,1,1,201,1,1,1,,,,,,,,,
Перегородка разделительная h=80мм L3000 IEK,шт,CLM50D-RP-080-30,,,,,,,,,,,,,,,,,,,,,,,,,,,,,,,,,,
"Перекл.кулачковый ПКП10-33 /О 10А""1-0-2""3Р/400В  IEK !!!",шт,270300133_,,,,,,23,23,23,23,23,23,23,23,19,19,19,19,19,19,19,19,19,19,6,6,6,6,6,6,6,6,6,6,
Переключатель AKS-22  (черный с ключом на 2 фикс.полож.) IEK (10/200),шт,130300101_,1,11,,20,18,8,18,18,18,18,18,18,24,24,23,,10,18,18,15,15,15,14,9,12,11,4,,3,3,13,15,22,1
Переключатель ANC-22-2 (красный неон на 2 полож)  IEK (10/200),шт,130900010_,10,16,5,22,32,,26,10,30,29,29,14,32,14,42,18,8,44,44,89,88,88,88,81,81,76,41,36,35,35,35,29,23,10
"Переключатель LAY5-BD25 2 полож.""1-0"" стандарт ручка IEK (1/20)",шт,010500124_,21,54,88,62,62,7,102,52,51,11,125,26,58,6,,84,53,219,167,122,94,128,124,209,174,213,193,250,222,187,210,261,228,21
Переключатель кулачковый ПКП25-44/0 25А 4Р/400В IEK !!!,шт,ст-9953235,,,,,,5,5,5,5,5,5,5,5,5,5,5,5,5,5,5,5,5,5,5,5,5,5,5,4,4,4,3,3,
Переключатель кулачковый ПКП32-44/0 32А 4Р/400В IEK !!!,шт,щщщ0115411,,,,,,5,5,5,5,5,5,5,5,5,5,5,5,5,5,5,5,5,5,5,5,5,5,5,5,5,5,4,4,
Перемычка в сборе для CTS 35мм2 4PIN IEK,шт,130301728_,,,,,,,,,19,19,19,19,19,19,19,19,19,19,18,18,18,18,18,18,18,18,18,18,18,18,18,18,18,
Перемычка в сборе для CTS 4мм2 10PIN IEK,шт,130301727_,,,,,,,,,9,9,9,9,9,9,9,9,9,9,9,9,9,9,9,9,9,9,9,9,9,9,9,9,9,
Перемычка в сборе для CTS 4мм2 4PIN IEK,шт,130301726_,,,,,,,,,99,99,99,99,99,99,99,99,99,99,95,95,95,95,95,95,95,95,95,95,94,93,93,93,93,
Перемычка в сборе для CTS 70мм2 2PIN IEK,шт,130301729_,,,,,,,,,9,9,9,9,9,9,9,9,9,9,9,9,9,9,9,9,9,9,9,9,9,9,9,9,9,
Перемычка в сборе для CTS 70мм2 3PIN IEK,шт,130301730_,,,,,,,,,9,9,9,9,9,9,9,9,9,9,9,9,9,9,9,9,9,9,9,9,9,9,9,9,9,
"Перемычка гребенчатая для CP 1,5мм2 3PIN IEK",шт,130301734_,,,,,,,,,49,44,44,44,44,44,44,44,44,44,44,44,44,44,44,44,44,44,44,44,44,44,44,44,42,
"Перемычка гребенчатая для CP 1,5мм2 4PIN IEK",шт,130301735_,,,,,,,,,49,44,44,44,44,44,44,44,44,44,44,44,44,44,44,44,44,44,44,39,39,39,39,39,37,
"Перемычка гребенчатая для CP 2,5мм2 3PIN IEK",шт,130301736_,,,,,,,,,49,44,44,44,44,44,44,44,44,44,44,44,44,44,44,17,10,10,10,5,,,,,,
Перемычка гребенчатая для CP 4мм2 10PIN IEK,шт,130301738_,,,,,,,,,9,4,4,4,4,4,4,4,4,,,,,,,,10,10,10,5,5,5,3,3,2,
Перемычка гребенчатая для CP 4мм2 2PIN IEK,шт,130301737_,,,,,,,,,99,94,94,94,94,94,94,94,94,94,94,94,94,94,94,82,75,75,75,75,75,75,70,60,55,
Перемычка гребенчатая для CTS изолированная 16мм2 10PIN IEK,шт,130301731_,,,,,,,,,19,19,19,19,19,19,19,19,19,19,19,19,19,19,19,19,19,19,19,19,19,19,17,17,17,
Перемычка гребенчатая для CTS-F 4мм2 10PIN IEK,шт,130301733_,,,,,,,,,19,19,19,19,19,19,19,19,19,19,19,19,19,19,19,19,18,18,17,17,17,17,15,15,15,
Перемычка гребенчатая для CTS-F 4мм2 3PIN IEK,шт,130301732_,,,,,,,,,49,49,49,49,49,49,49,49,49,49,49,49,49,49,49,49,49,49,49,49,49,49,49,49,49,
"Перемычка для КПИ-2,5мм2 10PIN IEK",шт,130301661_,,,,,,,,,,,,,,,,,,,,,,10,10,10,10,10,10,10,10,,,10,10,
"Перемычка для КПИ-2,5мм2 2PIN IEK",шт,130301662_,,,,,,,,,,,,,,,,,,,,,,25,25,25,25,25,25,25,26,26,26,26,1,
"Перемычка для КПИ-2,5мм2 3PIN IEK",шт,130301663_,,,,,,,,,,,,,,,,,,,,,,25,25,25,25,25,25,25,25,25,25,25,,
Перемычка для КПИ-6мм2 10PIN IEK,шт,130301664_,,,,,,,,,,,,,,,,,,,,,,,,10,10,10,10,10,10,10,10,10,,
Переноска УП-1Р 10м. плоск. вилка IEK,шт,151000175_,55,42,49,60,37,26,62,43,29,21,68,69,70,55,45,18,39,32,24,9,1,11,38,12,36,14,39,22,6,,23,6,1,55
Переноска УП-1Р 5м (плоск. вилка) IEK,шт,151000137_,25,34,29,26,25,31,28,20,19,23,23,22,28,8,17,17,35,33,31,28,1,29,20,28,,,40,35,34,18,24,39,35,25
Переносная вилка 013  2р+ре 16А 220В IEK,шт,020100001_,40,49,26,7,2,82,81,67,66,82,59,96,33,63,83,81,77,57,57,44,16,41,34,43,43,37,37,37,35,35,25,12,12,40
Переносная вилка 014 3р+ре 16А 380В IEK,шт,020100002_,62,62,70,49,44,80,76,80,92,46,116,79,68,2,50,10,170,165,157,137,122,122,104,103,100,100,70,69,69,69,39,35,39,62
Переносная вилка 015 3р+ре+n 16А 380В IP 44 IEK,шт,020100003_,69,62,9,50,2,76,70,36,76,62,73,51,62,75,74,57,76,68,70,68,45,19,,20,40,38,38,36,23,41,41,28,33,69
Переносная вилка 023 2р+ре 32А 220В IEK,шт,020100004_,42,37,55,14,,98,101,11,16,89,96,75,32,12,95,129,121,96,96,112,87,54,40,49,15,34,41,51,50,47,34,60,36,42
Переносная вилка 024 3р+ре 32А 380В IEK,шт,020100005_,307,287,222,158,327,390,385,420,389,414,586,377,462,427,489,451,540,466,399,385,292,330,329,279,228,227,225,211,183,183,177,17,158,307
Переносная вилка 025 3р+ре+n 32А 380В IEK,шт,020100006_,144,148,163,199,224,316,217,335,269,311,432,263,214,150,521,487,348,415,402,386,345,308,223,151,139,151,144,170,153,141,131,96,115,144
Переносная вилка 034 3р+ре 63А 380В IP 54 IEK,шт,020100007_,28,28,,30,34,50,49,38,17,57,28,127,121,112,94,82,67,69,64,53,16,16,32,19,34,60,54,44,32,46,56,41,46,28
Переносная вилка 035 3р+ре+n63А 380В IP 54 IEK,шт,020100044_,18,9,15,6,7,15,15,14,13,13,6,3,11,10,6,5,8,13,11,11,11,11,15,14,4,4,13,13,13,13,13,8,18,18
Переносная розетка  213 2р+е 16А 220В IP44 IEK,шт,020100008_,,10,6,6,4,13,12,12,10,10,10,7,6,6,6,6,3,3,3,3,3,10,1,4,4,2,12,12,11,6,6,1,9,
Переносная розетка  214 3р+ре 16А 380В IP44 IEK,шт,020100009_,47,47,47,41,7,37,24,19,10,20,30,26,25,10,30,20,40,37,27,7,22,22,22,22,20,20,4,14,14,14,14,13,11,47
Переносная розетка  215 3р+ре+n 16А 380В IP44 IEK,шт,020100010_,15,25,1,33,17,57,57,39,33,30,48,35,38,54,74,64,64,64,46,46,41,17,,,30,30,30,29,29,29,19,4,24,15
Переносная розетка  223 2р+ре 32А 220В  IEK,шт,020100011_,,15,19,36,13,43,13,12,1,1,36,26,46,38,38,37,35,35,35,34,14,33,33,10,29,48,37,37,37,37,34,34,34,
Переносная розетка  224 3р+ре 32А 380В IP44 IEK,шт,020100012_,220,196,130,139,221,201,151,296,223,194,275,274,359,302,274,222,316,310,286,271,245,226,208,191,83,76,76,70,64,64,59,24,52,220
Переносная розетка  225 3р+ре+n 32А 380В IEK,шт,020100013_,107,106,97,64,18,115,38,179,148,127,180,110,104,118,266,258,253,211,205,200,191,175,53,3,35,32,52,95,106,100,90,88,103,107
Переходник Е27-Е40  ПР27-40-К02 IEK (50) ,шт,130300769_,1,1,1,1,1,,,,,,,,40,40,40,40,40,40,40,36,39,39,39,39,39,39,39,39,34,34,34,34,34,1
Переходник Е40-Е27  ПР40-27-К02 IEK (50),шт,130300770_,57,57,57,47,44,33,23,18,15,15,14,13,3,3,3,3,3,3,3,3,3,3,3,3,3,3,3,3,3,3,3,3,3,57
Переходник Н100х200 IEK !!!,шт,130200313_,2,2,2,2,2,2,2,2,2,2,2,2,2,2,,,,,,,,,,,,,,,,,,,,2
Переходник Н100х400 IEK !!!,шт,130200314_,1,1,1,1,1,1,1,1,1,1,1,1,1,1,,,,,,,,,,,,,,,,,,,,1
Петля металлическая LOOP,шт,130200305_,,,,,,,,,,,,,,,,,,,10000,10000,10000,,,,,,,,,,,,,
Пирометр инфракрасный IT1A ARMA2L 5 IEK (50) NEW,шт,130200442_,145,142,141,140,139,137,134,132,130,130,129,126,124,14,14,12,11,9,7,7,7,7,7,7,7,6,6,5,5,4,2,,2,145
Пирометр инфракрасный IT2B ARMA2L 5 IEK (40) NEW,шт,130200443_,114,110,106,105,103,71,70,69,67,67,67,66,65,,,,,,,,,,,,,,2,2,2,1,1,1,,114
"Пкб14-04-К01 Патрон подвесной карболитовый, Е14, черный, индивидуальный пакет, IEK",шт,EPK20-04-02-K01,,,,,,180,,,,,,,,,,,,,,,,,,,,,,,,,,,,
"Пкб27-04-К01 Патрон подвесной карболитовый, Е27, черный, индивидуальный пакет, IEK E-PRO",шт,EPK10-04-02-K01,,,,,,,,,,,,,,,,,,,,,,,44,51,45,62,57,50,35,35,35,30,30,
Пластиковая лента спираль 10мм,упак,щт00222923,60,60,60,60,60,60,60,60,60,60,60,60,60,60,60,60,,,,,,,,,,,,,,,,,,60
Пластиковая лента спираль 19мм,упак,щт00222924,4,4,4,4,4,4,4,4,4,4,4,4,4,4,4,4,,,,,,,,,,,,,,,,,,4
Пластиковая лента спираль 8мм,упак,щт00222922,91,91,91,91,91,91,91,91,91,91,91,91,91,91,91,91,,,,,,,,,,,,,,,,,,91
Пластина соед. с 4 отверстиями для STRUT-профиля EZ IEK,шт,280300673_,,,,,,,,,,,,,,,,,,,,578,578,578,578,578,578,578,578,578,578,578,578,578,578,
Пластина соединительная  h 50 IEK (2),шт,280300017_,1075,1049,769,613,644,590,534,,,984,1002,649,747,697,323,29,405,,,,,,,,33,21,152,88,54,,,,,1075
Пластина соединительная h 100 IEK (2),шт,280300048_,12,118,78,128,104,64,136,219,184,,60,88,91,11,1,211,217,124,130,110,21,,150,85,35,39,39,23,,,,,,12
Пластина соединительная T-образная для STRUT-профиля EZ IEK,шт,280300746_,,,,,,,,,,,,,,,,,,,,458,458,458,458,458,458,458,458,458,458,458,458,458,458,
Пластина шарнирного соединения h=50 IEK,шт,CLP1SH-050,,,,,,,,,,400,400,400,400,400,400,400,52,52,52,368,368,368,368,368,368,368,368,368,368,368,367,367,,
Плоская скоба  6мм IEK (100),упак,240200031_,32,32,31,19,19,6,6,6,6,5,5,5,5,5,6,5,5,5,5,5,5,5,3,3,3,3,3,3,3,3,3,3,3,32
Плоская скоба 10мм IEK (100),упак,240200012_,,,,100,87,45,35,30,29,38,38,35,32,29,28,27,23,20,14,1,1,1,1,1,1,1,1,1,1,1,1,1,1,
Плоская скоба 12мм IEK (100),упак,240200029_,5,2,2,2,2,2,2,2,2,9,8,8,8,8,8,5,5,5,5,5,5,5,5,5,4,4,4,4,4,4,3,3,3,5
Плоская скоба 14мм IEK (100),упак,240200032_,71,71,71,71,66,66,66,66,65,70,70,69,68,68,63,63,63,63,63,62,61,61,61,61,61,61,60,60,60,60,59,59,59,71
Плоский изменяемый угол  80х40  ПРАЙМЕР (96),шт,280100125_,14,,6,57,45,45,57,40,,64,13,,,,,96,85,66,79,78,67,88,70,64,62,48,32,8,22,12,14,70,68,14
Плоский изменяемый угол 100х40  ПРАЙМЕР (96),шт,280100124_,14,,,,,37,54,67,17,15,1,168,159,139,137,119,115,61,51,73,51,67,57,84,62,56,47,17,64,61,47,50,58,14
Плоский изменяемый угол 100х60  ПРАЙМЕР (96)!!!,шт,ст-9951106,8,20,20,20,20,20,20,20,20,20,20,10,10,10,10,10,3,3,3,3,3,3,3,3,3,3,3,3,,,,,,8
Плоский изменяемый угол 150х60  ПРАЙМЕР (40) !!!,шт,ст-9950851,2,2,2,2,2,2,2,2,2,2,2,2,2,2,2,2,2,2,2,2,2,2,2,2,2,2,2,2,4,4,4,4,4,2
Площадка (самоклеющаяся) 25х25 IEK (100),упак,240100016_,1,1,1,1,,,,,,,,,,,,,,,,,,,,,,,,,,,,,,1
Площадка (самоклеющаяся) 30х30 IEK (100),упак,240100020_,1,1,1,,,,,,,1,,,,,1,1,,,,,1,1,1,1,1,1,1,1,1,1,1,1,1,1
Площадка (самоклеющаяся) 40х40 IEK (100),упак,240100025_,1,1,1,1,1,1,1,1,1,4,4,4,4,4,4,4,4,4,4,4,4,4,4,4,3,1,1,1,1,1,1,1,1,1
Площадка (самоклеющаяся) черная 20х20 IEK (100),упак,240100095_,36,33,26,23,26,34,33,15,13,15,14,27,19,22,15,13,4,24,19,10,4,21,20,,19,13,30,28,9,22,26,25,29,36
Площадка (самоклеющаяся) черная 25х25 IEK (100),упак,240100096_,8,28,28,26,24,23,33,31,23,18,17,,13,9,9,14,13,5,17,10,10,18,14,18,13,2,5,14,11,1,11,7,16,8
Площадка (самоклеющаяся) черная 30х30 IEK (100),упак,240100097_,16,12,12,12,12,6,11,11,11,11,10,10,10,7,5,5,,5,5,5,4,3,2,5,7,6,5,5,5,5,1,4,1,16
Площадка (самоклеющаяся) черная 40х40 IEK (100),упак,240100209_,34,34,34,19,19,27,27,27,27,24,20,19,19,17,16,16,15,15,15,14,14,14,14,13,12,12,5,3,3,3,3,3,3,34
Площадка фиксаторная CR IEK (200),шт,280300104_,172,112,62,62,62,22,22,2,2,202,202,182,182,172,70,60,60,60,60,224,200,200,200,200,200,200,58,,200,140,140,140,140,172
Поворот 90° КМП 100х40 Белый ЭЛЕКОР IEK (2),шт,280200050_,47,47,44,43,23,33,31,51,27,28,38,28,22,22,21,16,2,,,,,36,6,14,35,28,21,20,20,12,2,25,23,47
Поворот 90° КМП 100х60 Белый ЭЛЕКОР IEK (2),шт,280200051_,30,60,23,44,52,21,77,73,59,49,83,59,49,22,22,1,84,60,28,42,13,30,20,20,40,75,68,54,13,36,41,,8,30
Поворот 90° КМП 15х10 Белый ЭЛЕКОР IEK (4),шт,280200052_,40,240,168,162,182,166,166,102,96,136,130,105,181,161,151,132,184,226,152,200,,210,210,195,159,144,122,118,136,114,106,140,138,40
Поворот 90° КМП 16х16 Белый ЭЛЕКОР IEK (4),шт,280200053_,55,135,103,129,202,135,120,75,70,135,142,121,239,214,214,214,185,185,155,135,105,90,114,62,57,77,38,18,58,49,23,68,36,55
Поворот 90° КМП 20х10 Белый ЭЛЕКОР IEK (4),шт,280200082_,134,114,114,85,86,126,126,126,123,93,133,133,101,91,93,93,48,,100,100,74,88,114,110,80,90,60,60,96,96,84,83,73,134
Поворот 90° КМП 25х16 Белый ЭЛЕКОР IEK (4),шт,280200054_,,,232,158,30,10,257,27,3,211,362,263,196,135,121,116,,,,,,400,157,77,125,147,113,5,88,3,84,,302,
Поворот 90° КМП 40х16 Белый ЭЛЕКОР IEK (4),шт,280200055_,28,36,104,104,,98,97,89,21,5,93,101,90,74,82,82,126,74,16,122,96,104,137,129,,40,25,18,54,94,146,146,145,28
Поворот 90° КМП 40х25 Белый ЭЛЕКОР IEK (4),шт,280200056_,132,206,181,166,1,1,293,192,187,238,294,224,217,194,153,1,248,153,74,23,,163,508,405,333,263,171,195,199,196,93,87,102,132
Поворот 90° КМП 60х40 Белый ЭЛЕКОР IEK (4),шт,280200057_,71,71,104,59,3,308,224,205,149,103,236,187,164,130,95,112,87,38,,81,95,157,146,129,87,185,143,102,,,,29,150,71
Поворот 90º   50х50 IEK,шт,280300071_,,10,10,3,7,6,7,8,,3,6,7,3,,4,8,8,6,2,8,9,5,11,11,11,13,13,11,9,7,3,3,2,
Поворот 90º  50х100 IEK,шт,280300072_,53,28,30,70,42,12,75,52,39,33,53,9,3,,3,104,84,50,56,82,17,21,58,38,48,40,43,40,36,25,18,8,,53
Поворот 90º  50х200 IEK,шт,280300073_,60,73,49,49,18,20,15,3,28,34,48,29,19,5,,39,52,7,15,34,46,33,16,10,28,4,52,51,43,41,31,14,12,60
Поворот 90º  50х300 IEK,шт,280300074_,,,3,,,,,,,,,,,,,,,,,,,,,,,,,,,,,,,
Поворот 90º 100х200 IEK!!!,шт,280300078_,,,,,,,24,24,23,23,23,18,18,18,18,18,,,,,,,,,,,,,,,,,,
Поворот 90º 100х400 IEK,шт,280300080_,17,17,17,17,17,17,17,11,11,11,11,6,6,6,,,,,,,,,,,,,,,,,,,,17
Поворот 90º вертикальный внешний   50х50 IEK,шт,280300039_,,,,,,,,,,,,,,,,,,,,,,,8,8,8,8,8,8,8,8,8,8,8,
Поворот 90º вертикальный внешний  50х100 IEK,шт,280300020_,14,14,13,9,,1,21,16,7,3,,15,14,8,14,14,13,7,7,15,13,11,,,7,4,4,6,10,7,3,9,,14
Поворот 90º вертикальный внешний  50х200 IEK,шт,280300040_,8,8,7,7,7,7,5,,,3,5,5,2,2,,1,3,2,2,5,,2,,,4,5,5,5,5,5,2,,4,8
Поворот 90º вертикальный внутренний  50х100 IEK,шт,280300056_,17,17,17,14,,,,14,12,6,6,27,20,14,7,5,5,1,4,12,6,14,1,,5,8,7,6,,,,3,2,17
Поворот 90º вертикальный внутренний  50х200 IEK,шт,280300057_,4,9,8,2,,6,16,16,17,16,9,15,5,5,4,9,8,7,1,11,5,12,1,2,1,,10,10,10,7,5,4,10,4
Поворот 90º вертикальный внутренний  50х300 IEK,шт,280300058_,,,,,,,,,,,,,,,,,,,,,,,,,,,,,,,,,,
Поворот 90º вертикальный внутренний  50х50 IEK,шт,280300055_,,,,,,2,1,1,1,1,1,1,1,1,,,,,,,,,,,,,,,,,,,,
Поворот 90град КМП 100х60 черный ЭЛЕКОР IEK (2шт/компл) ,шт,280100447_,20,20,20,20,20,20,19,15,15,15,13,13,13,13,13,13,13,13,13,1,1,1,1,,,,,,,,,,,20
Поворот 90град КМП 15х10 дуб ЭЛЕКОР IEK (4шт/компл) ,шт,280100303_,40,40,40,40,40,40,40,40,40,38,,,,,,,,,,,,,,,,,,,,,,,,40
Поворот 90град КМП 15х10 сосна ЭЛЕКОР IEK (4шт/компл) ,шт,280200257_,40,40,40,40,40,40,40,40,40,39,3,3,3,3,3,3,3,3,3,,,,,,,,,,,,,,,40
Поворот 90град КМП 15х10 черный ЭЛЕКОР IEK (4шт/компл),шт,280100441_,40,40,40,40,39,39,39,39,39,39,39,3,3,3,3,3,3,3,3,4,4,4,4,4,4,4,4,4,4,,,,,40
Поворот 90град КМП 16х16 дуб ЭЛЕКОР IEK (4шт/компл) ,шт,280100357_,36,36,36,36,36,36,36,36,36,35,35,3,3,3,3,3,3,3,3,,,,,,,,,,,,,,,36
Поворот 90град КМП 16х16 сосна ЭЛЕКОР IEK (4шт/компл) ,шт,280100393_,40,40,40,40,40,38,38,38,38,37,37,1,1,1,1,1,1,1,1,,,,,,,,,,,,,,,40
Поворот 90град КМП 16х16 черный ЭЛЕКОР IEK (4шт/компл) ,шт,280100442_,40,40,40,40,40,40,40,40,40,40,5,,,,,,,,,4,4,4,4,4,4,4,4,,,,,,,40
Поворот 90град КМП 20х10 дуб ЭЛЕКОР IEK (4шт/компл) ,шт,280100304_,28,28,28,28,28,28,28,28,28,27,7,7,7,7,7,7,7,7,7,4,4,4,4,4,4,4,4,4,4,4,4,4,4,28
Поворот 90град КМП 20х10 сосна ЭЛЕКОР IEK (4шт/компл) ,шт,280100297_,28,28,28,28,28,28,28,28,28,27,27,3,3,3,3,3,3,3,3,,,,,,,,,,,,,,,28
Поворот 90град КМП 20х10 черный ЭЛЕКОР IEK (4шт/компл) ,шт,280100443_,28,28,28,28,28,28,28,28,28,28,28,,,,,,,,,,,,,,,,,,,,,,,28
Поворот 90град КМП 25х16 дуб ЭЛЕКОР IEK (4шт/компл) ,шт,280100358_,80,80,80,80,80,80,78,78,78,77,5,4,4,4,4,4,4,4,4,4,4,4,4,4,4,4,4,4,,,,,,80
Поворот 90град КМП 25х16 сосна ЭЛЕКОР IEK (4шт/компл) ,шт,280100394_,70,70,70,70,65,65,65,65,65,64,64,4,4,4,4,4,4,4,4,,,,,,,,,,,,,,,70
Поворот 90град КМП 25х16 черный ЭЛЕКОР IEK (4шт/компл) ,шт,280100444_,80,80,80,80,80,80,80,80,80,80,28,28,28,24,24,24,24,24,24,16,16,16,16,12,9,9,,,,,,,,80
Поворот 90град КМП 40х16 дуб ЭЛЕКОР IEK (4шт/компл) ,шт,280100359_,40,40,40,40,40,40,40,40,40,39,3,3,3,3,3,3,3,3,3,,,,,,,,,,,,,,,40
Поворот 90град КМП 40х16 сосна ЭЛЕКОР IEK (4шт/компл) ,шт,280100395_,39,39,39,39,39,39,39,39,39,38,6,6,6,6,6,6,6,6,6,40,40,40,40,40,40,40,40,40,40,40,40,40,40,39
Поворот 90град КМП 40х25 дуб ЭЛЕКОР IEK (4шт/компл) ,шт,280100360_,60,60,60,60,60,60,58,58,58,57,57,29,29,29,29,29,29,26,26,26,22,22,22,22,22,22,22,20,,,,,,60
Поворот 90град КМП 40х25 сосна ЭЛЕКОР IEK (4шт/компл) ,шт,280100396_,60,60,60,60,60,58,58,58,58,57,57,5,5,5,5,5,5,5,5,4,4,4,4,4,4,4,4,4,4,4,4,4,4,60
Поворот 90град КМП 40х25 черный ЭЛЕКОР IEK (4шт/компл) ,шт,280100445_,60,60,60,60,52,48,45,45,45,45,45,1,1,1,1,1,1,1,1,,,,,,,,,,,,,,,60
Поворот 90град КМП 60х40 черный ЭЛЕКОР IEK (4шт/компл) ,шт,280100446_,20,20,20,20,20,20,20,20,20,20,4,4,4,,,,,,,2,2,2,6,6,6,2,2,2,2,2,2,2,2,20
Подвес V-образный M10 IEK !!!,шт,щт-0002147,500,500,500,500,500,500,500,500,500,518,518,518,518,518,518,518,518,491,491,491,491,491,491,491,491,491,491,491,491,491,490,490,470,500
"Подсветка LED встр. ""BRITE"" алюминий (1/100)",шт,030200955_,103,103,103,106,104,104,104,104,108,108,108,108,107,7,7,7,7,7,7,7,7,7,7,7,7,7,3,3,3,3,3,3,3,103
"Подсветка LED встр. ""BRITE"" белый (1/100)",шт,030200951_,313,311,307,297,293,287,287,283,287,286,281,281,281,16,4,,28,22,16,13,13,20,21,32,8,35,35,41,9,9,49,42,38,313
"Подсветка LED встр. ""BRITE"" графит (1/100)",шт,030200953_,203,203,203,201,198,198,198,198,192,192,192,192,188,8,4,4,4,4,4,4,4,4,4,4,4,4,4,2,2,2,2,2,2,203
"Подсветка LED встр. ""BRITE"" сталь (1/100)",шт,030200954_,103,103,103,103,101,101,101,101,105,105,105,105,105,5,5,,3,2,2,2,2,2,2,2,2,2,2,1,1,1,1,1,1,103
"Подсветка LED встр. ""BRITE"" черный (1/100)",шт,030200952_,303,303,302,299,297,294,292,291,271,269,264,264,263,206,206,204,204,204,204,204,204,187,185,181,181,181,171,171,156,163,163,157,157,303
Полка кабельная К1161,шт,щт-0000417,,,,,,,,,,,,,,,,,,,,,,,,,,,,,,,,,,
Пост кноп (корпус) КП-101 (1 мест.бел.) IEK (10/100),шт,250600030_,600,416,384,470,511,290,487,304,9,9,778,479,710,505,536,421,435,572,546,430,369,366,319,231,492,468,355,358,432,360,349,433,359,600
Пост кноп (корпус) КП-102 (2 мест.бел.) IEK (10/100),шт,250600013_,83,81,30,100,74,82,94,142,125,101,127,131,157,140,109,4,23,100,62,157,116,144,232,181,208,206,170,146,127,28,157,96,346,83
Пост кноп (корпус) КП-103 (3 мест.бел.) IEK (10/100),шт,250600014_,60,66,38,75,74,89,51,40,57,47,109,103,84,82,42,4,118,67,62,72,67,54,60,48,52,59,59,35,48,42,42,65,65,60
Пост кноп (корпус) КП-104 (4 мест.бел.) IEK (10/50),шт,250600015_,29,27,40,38,10,46,44,37,34,41,37,31,37,34,21,6,54,7,9,37,28,35,31,37,35,35,34,34,34,32,19,18,16,29
Пост тельф.ПКТ-61 (на 2 кноп.) IP54 IEK (5/60),шт,130300204_,45,44,40,36,11,35,29,7,,1,6,3,64,53,49,37,36,39,37,22,16,9,5,44,15,17,48,42,40,27,18,1,11,45
Пост тельф.ПКТ-62 (на 4 кноп.) IP54 IEK (5/40),шт,130300004_,14,10,13,13,3,13,2,1,25,16,18,17,19,19,19,7,15,29,29,20,19,19,16,16,16,18,18,18,17,11,16,15,20,14
Пост тельф.ПКТ-63 (на 6 кноп.) IP54 IEK (5/30),шт,130300003_,43,17,44,43,62,47,39,28,26,34,48,45,23,22,26,23,24,19,13,13,6,6,7,7,24,23,17,15,23,7,17,15,24,43
"Ппл27-04-К51 Патрон подвесной с шнуром, пластик, Е27, белый (50 шт), стикер на изделии, IEK E-PRO",шт,EPP14-04-01-K01,,,,,,,,,,,,,,,,,,,,,100,,,150,47,,,,,,,,,
"Ппл27-04-К52 Патрон подвесной с шнуром, пластик, Е27, черный (50 шт), стикер на изделии, IEK E-PRO",шт,EPP14-04-01-K02,,,,,,,,,,,,,,,,,,,,,,,,,,,,,,100,59,49,7,
Предохранитель ППНИ-33   (16А) IEK габарит 0  (72) !!!,шт,ст-9949156,,,,,,3,3,3,3,3,3,3,3,3,3,2,2,2,2,2,2,2,2,2,2,2,2,2,2,2,2,2,2,
Предохранитель ППНИ-33   (20А) IEK габарит 0 (72) !!!,шт,ст-9949157,,,,,,75,75,75,75,75,75,75,75,75,75,72,72,72,72,72,72,72,72,72,72,72,72,72,72,72,72,72,72,
Предохранитель ППНИ-33   (25А) габарит 00 IEK (3/90) !!!,шт,270200129_,,,,,,52,52,52,52,52,52,49,49,49,49,49,49,49,49,49,49,49,49,49,49,49,49,49,47,47,47,47,47,
Предохранитель ППНИ-33   (32А) IEK габарит 0 (72) !!!,шт,нов26740,,,,,,14,14,14,14,14,,,,,,,,,,,,,,,,,,,,,,,,
Предохранитель ППНИ-33   (32А) габарит 0 IEK (3/90) !!!,шт,270200100_,1,1,1,1,1,1,1,1,1,1,1,1,1,1,1,3,3,3,3,3,3,3,3,3,3,3,3,3,3,3,3,3,3,1
Предохранитель ППНИ-33   (32А) габарит 00 IEK (3/90)  !!!,шт,270200130_,,,,,,69,69,69,69,,,,,,,,,,,,,,,,,,,,,,,,,
Предохранитель ППНИ-33   (40А) IEK габарит 0 (72) !!!,шт,270200101_,1,1,1,1,1,1,1,,,,,,,,,,,,,,,,,,,,,,,,,,,1
Предохранитель ППНИ-33   (50А) IEK габарит 0 (72) !!!,шт,270200114_,,,,,,55,55,55,55,55,55,55,55,55,55,31,31,31,31,31,31,31,31,31,31,31,31,31,31,31,31,31,31,
Предохранитель ППНИ-33   (50А) габарит 00 IEK (3/90)  !!!,шт,270200131_,,,,,,43,43,43,43,,,,,,,,,,,,,,,,,,,,,,,,,
Предохранитель ППНИ-33   (63А) габарит 00 IEK (3/90) !!!,шт,270200075_,,,,,,24,1,1,1,1,1,1,1,1,1,,,,,,,,,,,,,,,,,,,
Предохранитель ППНИ-33   (80А) IEK габарит 0 (72) !!!,шт,270200102_,,,,,,1,1,1,1,1,1,1,1,1,1,,,,,,,,,,,,,,,,,,,
Предохранитель ППНИ-33   (80А) габарит 00 IEK (3/90) !!!,шт,270200142_,,,,,,34,34,34,34,31,31,31,31,31,31,31,31,31,31,31,31,31,31,31,7,7,7,7,7,7,7,7,7,
Предохранитель ППНИ-33  (100А) IEK габарит 0 (72) !!!,шт,270200027_,,,,,,1,1,1,1,1,1,1,1,1,1,1,1,1,1,1,1,1,1,1,1,1,1,1,1,1,1,1,1,
Предохранитель ППНИ-33  (100А) габарит 00 IEK (3/90) !!!,шт,270200143_,,,,,,40,40,40,40,40,37,37,37,37,19,10,7,7,7,1,1,1,1,1,1,1,1,1,1,1,1,1,1,
Предохранитель ППНИ-33  (125А) IEK габарит 0 (72) !!! ,шт,нов03200_,,,,,,96,96,96,96,87,87,84,84,84,84,87,87,82,82,80,80,80,80,80,80,80,77,77,77,77,77,77,77,
Предохранитель ППНИ-33  (160А) габарит 0 IEK !!!,шт,270200099_,,,,,,3,5,5,5,5,3,3,3,3,3,3,3,3,3,3,3,3,3,3,3,3,3,3,3,3,3,3,3,
Предохранитель ППНИ-33  (160А) габарит 00 IEK (3/90) !!!,шт,270200132_,,,,,,21,21,21,21,21,3,3,3,3,3,19,19,19,19,19,19,19,19,19,19,19,19,19,19,19,19,19,19,
"Предохранитель ППНИ-33, габарит 0, 160А   IEK !!!",шт,ярп5602,2,2,2,2,2,2,,,,,,,,,,,,,,,,,,,,,,,,,,,,2
Предохранитель ППНИ-35  (100А) габарит 1 IEK (3/48) !!!,шт,270200120_,,,,,,1,1,1,1,1,1,1,1,1,1,1,1,1,1,1,1,1,1,1,1,1,1,1,1,1,1,1,1,
Предохранитель ППНИ-35  (125А) габарит 1 IEK (3/48) !!!,шт,270200056_,,,,,,1,1,1,1,1,1,1,1,1,1,1,1,1,1,1,1,1,1,1,1,1,1,1,1,1,1,1,1,
Предохранитель ППНИ-35  (160А) габарит 1 IEK (3/48) !!!,шт,270200057_,,,,,,42,27,21,15,15,12,12,12,12,12,12,12,12,12,12,12,12,12,12,6,6,6,6,,,,,,
Предохранитель ППНИ-35  (200А) габарит 1 IEK (3/48) !!!,шт,270200058_,,,,,,92,92,45,45,45,31,31,31,27,27,27,27,3,3,3,3,3,3,3,3,3,3,3,3,3,3,3,3,
Предохранитель ППНИ-35  (250А) габарит 1 IEK (3/48),шт,270200063_,1,1,1,1,1,12,12,12,12,12,,,,,,125,292,268,208,68,62,14,14,14,14,14,14,14,14,14,14,11,11,1
Предохранитель ППНИ-37  (315А) IEK габарит 2 (24) !!!,шт,ст-9950300,,,,,,3,,,,,,,,,,,,,,,,,,,,,,,,,,,,
Предохранитель ППНИ-37  (355А) габарит 2 IEK !!!,шт,ярп5628,,,,,,15,15,15,15,15,15,15,15,15,15,15,15,15,15,12,12,12,12,12,12,12,12,12,12,12,12,12,12,
Предохранитель ППНИ-37  (400А) габарит 2 IEK (1/24) !!!,шт,270200059_,,,,,,91,16,16,16,16,16,16,16,16,16,18,12,12,12,12,12,12,12,12,12,12,12,12,12,12,12,12,12,
Предохранитель ППНИ-39  (630А) габарит 3 IEK (6/24) !!! ,шт,270200048_,,,,,,599,599,599,599,599,,,,,,6,6,6,6,6,6,6,6,6,6,6,6,6,6,6,6,6,6,
Предохранитель-выключатель-разъединитель 160А IEK,шт,SRP-10-3-160,,,,,,,,,,,,,,,,,,,,,,,,,,,,,,,,,,
"Преобр. давл. PPT10 0,25% 0-6Бар 4-20мА G1/2 DIN43650 ONI PPT-G-HY-006-4-20-2-2 NEW",шт,130600239_,,,,,,,,,,,,,,,,,,,1,1,,,,,,,,,,,,,,
"Преобр. давл. PPT10 0,5% 0-100Бар 4-20мА G1/2 DIN43650 ONI PPT-G-ST-100-4-20-2-2 NEW",шт,130600235_,,,,,,,,,,,,,,,,,,,1,1,,,,,,,,,,,,,,
"Преобр. давл. PPT10 0,5% 0-10Бар 4-20мА G1/4 Mini 4-pin ONI PPT-G-ST-010-4-20-1-1 NEW",шт,130600237_,,,,,,,,,,,,,,,,,,,1,1,,,,,,,,,,,,,,
"Преобр. давл. PPT10 0,5% 0-16Бар 0-10В G1/2 DIN43650 ONI PPT-G-ST-016-0-10-2-2 NEW",шт,130600236_,,,,,,,,,,,,,,,,,,,1,1,,1,1,,,,,,,,,,,
"Преобр. давл. PPT10 0,5% 0-6Бар 4-20мА G1/4 Mini 4-pin ONI PPT-G-ST-006-4-20-1-1 NEW",шт,130600238_,,,,,,,,,,,,,,,,,,,,1,,,,,,,,,,,,,,
"Преобр. давл. PPT20 0,5% 0-25Бар 0-10В G1/2 DIN43650 ONI PPT-A-ST-025-0-10-2-2 NEW",шт,130600241_,,,,,,,,,,,,,,,,,,,1,1,,,,,,,,,,,,,,
"Преобр. давл. PPT20 0,5% 0-25Бар 4-20мА G1/2 DIN43650 ONI PPT-A-ST-025-4-20-2-2 NEW",шт,130600240_,,,,,,,,,,,,,,,,,,,1,1,,,,,,,,,,,,,,
"Преобраз. частоты A150 380В 3Ф  0,75кВт 3А встр. торм ONI A150-33-075HT (12) NEW",шт,130600260_,,,,,,,,,,,,,,,,,,,1,1,,,,,,,,,,,,,,
"Преобраз. частоты A150 380В 3Ф  1,5кВт 5А встр. торм ONI A150-33-15NT NEW (12) NEW",шт,130600258_,1,1,1,,1,,1,1,,,3,2,2,2,4,2,1,2,3,3,2,2,2,2,2,2,2,2,2,2,2,2,2,1
"Преобраз. частоты A150 380В 3Ф  2,2кВт 6А встр. торм ONI A150-33-22NT NEW (12) NEW",шт,130600256_,2,2,2,2,,,2,2,,2,3,4,4,3,2,,2,7,5,5,5,5,5,5,3,,,,,,,,,2
"Преобраз. частоты A150 380В 3Ф  3,7кВт 10А встр. торм ONI A150-33-37NT NEW(12) NEW",шт,130600255_,1,1,1,,1,,,,,7,7,7,7,3,3,1,,2,3,3,3,4,,,,,,,,,,,,1
"Преобраз. частоты A150 380В 3Ф  5,5кВт 13А встр. торм ONI A150-33-55NT NEW(6) NEW",шт,130600254_,2,1,1,,2,2,5,4,3,3,3,3,3,2,,,,2,2,3,2,2,1,1,1,1,1,1,1,1,1,1,1,2
"Преобраз. частоты A150 380В 3Ф  7,5кВт 17А встр. торм ONI A150-33-75NT NEW(6) NEW",шт,130600253_,1,,2,2,2,2,1,1,2,2,2,,2,1,1,1,,1,2,2,,,,,,,,,,,,,,1
Преобраз. частоты A150 380В 3Ф 11кВт 25А встр. торм ONI A150-33-11T NEW (4) NEW,шт,130600259_,2,2,2,2,2,2,2,2,,,2,2,2,2,2,2,2,2,4,4,2,2,1,1,1,1,1,1,1,1,1,1,1,2
Преобраз. частоты A150 380В 3Ф 15кВт 32А встр. торм ONI A150-33-15T NEW (4) NEW,шт,130600257_,1,1,1,1,1,,1,1,2,2,2,1,1,1,1,1,1,1,3,3,1,1,1,1,1,1,1,1,,,,,,1
"Преобраз. частоты CONTROL-A310 380В 3Ф  15-18,5кВт 32-37A IEK NEW",шт,201000017_,2,1,1,1,1,1,1,1,1,1,1,1,1,1,1,1,1,1,2,2,1,,,,,,,,,,,,,2
Преобраз. частоты CONTROL-A310 380В 3Ф  18-22кВт 37-45A IEK (1) NEW,шт,201000015_,2,2,2,2,2,2,2,2,2,,1,1,1,1,1,1,1,1,2,2,1,1,1,1,1,1,1,1,1,1,1,1,1,2
Преобраз. частоты CONTROL-A310 380В 3Ф  37-45кВт 75-90А IEK (1) NEW,шт,201000020_,1,,1,1,1,,1,1,2,2,2,2,2,1,1,1,1,1,2,2,1,1,1,1,1,,,,,,,,,1
Преобраз. частоты CONTROL-A310 380В 3Ф  45-55кВт 90-110А IEK (1) NEW,шт,201000021_,1,1,1,1,1,1,1,1,1,1,1,1,1,,,,,,1,1,,,,,,,,,,,,,,1
Преобраз. частоты CONTROL-A310 380В 3Ф  55-75кВт 110-152А IEK (1) NEW,шт,201000022_,1,1,1,1,1,1,1,1,1,1,1,1,1,,,,,,1,1,,,,,,,,,,,,,,1
Преобраз. частоты CONTROL-A310 380В 3Ф 132-160кВт 253-300А IEK (1) NEW,шт,201000018_,1,1,1,,,,,,,,,,,,,,,,,,,,,,,,,,,,,,,1
Преобраз. частоты CONTROL-A310 380В 3Ф 185-200кВт 340-380А IEK (1) NEW,шт,201000019_,1,1,1,1,1,1,1,1,1,1,1,1,1,,,,,,,,,,,,,,,,,,,,,1
"Преобразователь частоты A650 380В 3Ф 5,5кВт 13А M ONI",шт,A650-33E055TM,,,,,,,,,,,,,,,,,,,,,,,,,,,,,,,,,,
Пресс гидравл. ПГР- 70 IEK ,шт,130301096_,25,26,24,19,18,15,15,13,11,17,10,9,12,11,9,5,8,4,8,12,10,12,6,10,2,5,21,22,21,21,17,11,7,25
Пресс гидравл. ПГР-300 IEK ,шт,130301097_,7,13,13,10,13,13,15,13,15,14,11,14,14,8,14,9,17,9,15,13,2,14,9,14,8,10,20,17,18,13,13,11,20,7
Пресс мех.ручной ПМР-6-50 IEK,шт,130301098_,2,2,2,2,2,2,2,2,2,,2,2,2,2,7,6,6,5,5,4,4,4,3,2,2,2,2,2,1,,1,2,2,2
Приборная заглушка ONFLOOR 80/0 IEK !!!,м,250600050_,9,9,9,9,9,9,9,9,9,9,9,9,9,9,9,9,9,9,9,9,9,9,9,9,9,9,9,9,9,9,9,9,9,9
Приборная рамка ONFLOOR 80/3 IEK !!!,м,250600051_,6,6,6,6,6,6,6,6,6,6,6,6,6,6,6,6,6,6,6,6,6,6,6,6,6,6,6,6,6,6,6,6,6,6
Привод ручной ПРП-1  125A для ВА88-32 IEK (12) !!!,шт,010800020_,18,18,18,18,18,9,9,8,,,,,,,,,,,,,,,,,,,,,2,2,2,2,2,18
Привод ручной ПРП-1  160A для ВА88-33 IEK (12) !!!,шт,010800021_,37,37,37,37,37,37,37,37,37,37,33,33,,,,,,,,,,,,,,,,,3,3,3,3,2,37
Привод ручной ПРП-1  250A для ВА88-35 IEK (12) !!!,шт,010800022_,,,,,,,,,,,,,,,,,,6,6,6,6,6,6,6,6,6,6,6,3,3,3,3,3,
Привод ручной ПРП-1  400A для ВА88-37 IEK (12) !!!,шт,010800023_,10,10,10,10,10,10,10,10,10,10,9,9,9,9,9,9,9,10,10,10,10,10,10,10,10,10,10,10,9,9,9,9,9,10
"Приставка ПВИ-11 задержка на вкл.0,1-30 сек.1з+1р IEK (200)!!!",шт,130300172_,1,1,1,1,1,1,1,1,1,1,1,1,1,1,1,1,,,,,,,,,,,,,,,,,,1
Приставка ПКИ 11 1з+1р IEK (1/250),шт,130300103_,186,190,151,172,265,284,216,196,86,132,401,356,294,254,212,111,138,140,79,62,215,266,230,113,62,239,160,269,244,190,182,235,221,186
Приставка ПКИ 22 2з+2р IEK (1/250),шт,130300152_,245,288,135,235,226,252,228,164,148,14,200,392,279,217,369,98,97,,,,323,348,332,307,315,302,257,256,135,212,186,283,248,245
Приставка ПКИ 40 IEK !!!,шт,ст-9952210,,,,,,142,142,142,142,142,142,142,142,142,142,142,142,148,148,148,148,148,148,148,148,148,148,148,148,148,148,148,148,
Приставка ПКИ-40 доп.контакты 4з   IEK KPK10-40,шт,ярп4795,,,,,,,,,,,,,,,,,,,,,,,,,,,,,,,,,,
"Профиль перфорированный П-образный  500-1,5 IEK E-PRO",шт,CLM50D-PPP-050-15,20,20,20,20,20,20,20,20,20,20,20,,,,2,2,2,2,2,2,2,2,2,2,2,2,2,2,2,2,2,2,2,20
"Профиль перфорированный П-образный 2000-1,5 IEK E-PRO",шт,ярп40100,1,1,1,1,1,1,1,1,1,1,1,1,1,1,,,,,,,,,,,,,,,,,,,,1
"Профиль перфорированный П-образный 300-1,5 IEK",шт,CLM50D-PPP-030-15,,,,,,,,,,,,,,,,,,,,,,,,,,,,,,,,,,
"Профиль перфорированный П-образный 3000-2,5 IEK",шт,CLM50D-PPP-300-25,,,,,,,,,,,,,,,,,,,,,,,,,,,,,,,,,,
"Профиль перфорированный П-образный 600-2,5 IEK",шт,CLM50D-PPP-060-25,,,,,,,,,,,,,,,,,,,,,,,,,,,,,,,,,,
Пускатель ПРК32-14 In=14A Ir=9-14A Ue 660В IEK (1/50),шт,120100071_,11,21,17,26,22,23,21,17,9,19,18,17,22,16,16,14,5,13,14,13,3,10,11,16,14,14,14,11,11,6,11,9,3,11
ПЧ CONTROL-A310 380В 3Ф 93-110кВт 176-210А ONI IEK,шт,CNT-A310D33V93-110TE,,,,,,,,,,,,,,,,,,,,,,,,,,,,,,,,,,
Разветвитель Т-образный  50х100 IEK,шт,280300021_,12,1,63,63,58,54,53,48,45,36,15,13,7,,,38,26,5,15,43,37,48,4,64,59,59,56,54,42,40,33,29,24,12
Разветвитель Т-образный  50х200 IEK,шт,280300022_,,15,8,8,7,16,14,3,8,36,19,23,24,17,12,32,41,34,16,20,10,15,36,31,28,15,21,23,33,29,26,22,21,
Разветвитель Т-образный  50х300 IEK,шт,280300049_,,,,,,,,,,19,19,19,19,17,17,17,17,,,,,,,,,,,,,,,,,
Разветвитель Т-образный 100х200 IEK,шт,280300081_,,,,,,3,3,3,2,,,,,,,,,,,,,,,,,,,,,,,,,
Разветвитель Т-образный 100х400 IEK,шт,280300054_,11,11,7,6,6,6,6,6,6,6,6,6,6,1,,,,,,,,,,,,,,,,,,,,11
"Разделитель для CTS большой 2,5/4мм2 серый IEK",шт,130301648_,,,,,,,,,299,299,299,299,299,299,299,299,299,291,283,283,278,278,278,278,278,278,278,278,273,273,273,273,73,
Разделитель для CTS большой 6/10мм2 серый IEK,шт,130301722_,,,,,,,,,99,99,99,99,99,99,99,99,99,99,99,99,99,99,99,99,99,99,99,99,99,99,99,99,99,
"Разделитель для CTS малый 2,5/4мм2 серый IEK",шт,130301647_,,,,,,,,,499,499,499,499,499,499,499,499,499,495,495,495,491,491,491,471,468,468,468,468,457,457,457,457,7,
Разделитель для CTS малый 35мм2 серый IEK,шт,130301723_,,,,,,,,,49,49,49,49,49,49,49,49,49,49,49,49,49,49,49,49,49,49,49,49,49,49,49,49,49,
Разделитель для CTS малый 6/10мм2 серый IEK,шт,130301649_,,,,,,,,,149,149,149,149,149,149,149,149,149,149,149,149,144,144,144,134,134,132,132,132,132,132,132,132,32,
Разделитель для CTS-ML 2 ур. большой 4мм2 серый IEK,шт,130301724_,,,,,,,,,99,99,99,99,99,99,99,99,99,99,99,99,99,99,99,99,99,99,99,99,99,99,99,99,99,
Разделительная перегородка h 80 IEK,шт,280300250_,379,379,379,379,379,379,379,379,378,378,378,378,378,378,330,320,116,116,116,116,116,116,116,116,116,116,116,116,114,114,112,112,112,379
Разделительная перегородка высотой 40мм ПРАЙМЕР (160),м,280100141_,164,114,114,92,92,98,98,188,188,168,166,130,63,223,223,223,223,362,358,358,358,348,218,218,218,20,180,340,276,246,246,246,246,164
Разъединитель РЕ19-37-31140 400А IEK (4) NEW,шт,270100217_,3,1,1,1,1,1,1,1,1,1,1,1,1,1,1,1,,,,,,,,,,,,,,,,,,3
Разъем PPM77/3 для РЭК77/3 модульный IEK !!!,шт,ст-9952041,,,,,,2,2,2,2,2,2,2,2,2,2,2,,,,,,,,,,,,,,,,,,
Разъём RJ-45 UTP для кабеля кат.5Е ITK ,шт,280200252_,1206,2407,2196,3179,2076,4296,3368,3480,667,,7419,6075,4429,4421,3837,3748,6080,4054,2848,3693,2268,4101,4115,2806,4209,3855,3114,1490,1036,1454,4028,5081,4113,1206
Разъем РРМ77/3(PTF11A) для РЭК77/3(LY3) модульный IEK,шт,130600098_,250,248,248,248,248,237,229,229,219,201,196,166,140,135,130,116,108,67,66,63,20,44,40,38,48,43,42,40,41,33,27,27,17,250
Разъем РРМ77/4(PTF14A) для РЭК77/4(LY4) модульный IEK (10/400),шт,130600063_,237,162,200,194,275,118,182,29,95,102,270,277,373,346,173,214,484,433,360,255,174,202,295,246,147,113,201,229,105,151,161,4,241,237
Разъем РРМ78/3(PYF11A) для РЭК78/3(MY3) модульный IEK E-PRO,шт,130600060_,,,,,,19,14,14,14,9,,,15,,11,5,40,,9,4,,,,,,,60,46,,,,,,
"Рамка 1-мест. ""BRITE"" алюминий (1/100)",шт,030200415_,470,667,858,1092,2142,1757,1148,864,1676,933,2068,1589,1287,1492,1544,1197,1577,1367,1119,1362,824,1239,990,1008,537,1137,1218,1060,1114,997,945,1138,1050,470
"Рамка 1-мест. ""BRITE"" бежевый (1/100)",шт,030200836_,426,288,125,54,188,512,350,176,35,259,432,507,372,474,145,479,763,603,677,320,,754,434,681,625,564,645,509,565,336,850,708,792,426
"Рамка 1-мест. ""BRITE"" белый (1/100)",шт,030200463_,2045,1834,2305,4151,6438,4988,3732,1425,3986,1896,5441,4839,948,5535,4665,3274,6983,4969,7540,6236,4471,6899,7523,3756,8058,6682,6706,6151,5925,4016,5964,5639,4603,2045
"Рамка 1-мест. ""BRITE"" графит (1/100)",шт,030200480_,2110,1342,1036,2352,5014,4097,3349,1976,2295,2207,4752,3793,3080,3555,2992,2364,4401,3643,2930,3165,2205,2624,2703,2497,2312,2393,2676,2205,2010,1673,1209,1663,1768,2110
"Рамка 1-мест. ""BRITE"" жемчуг (1/100)",шт,030200429_,719,459,485,20,1100,653,561,257,144,312,1067,937,897,703,853,668,997,894,751,648,416,496,589,544,490,371,299,362,375,315,295,486,372,719
"Рамка 1-мест. ""BRITE"" маренго (1/100)",шт,030200559_,396,292,331,506,474,465,460,350,267,150,260,218,286,246,120,21,164,163,148,148,90,101,150,14,14,11,7,4,8,27,18,1,1,396
"Рамка 1-мест. ""BRITE"" сталь (1/100)",шт,030200508_,669,1042,1007,1012,3295,2475,1737,1482,1214,2372,3109,2893,2142,2113,1891,1158,3014,2408,2523,2063,1983,1871,2105,2556,2205,1930,1934,1638,1617,1877,1735,1427,881,669
"Рамка 1-мест. ""BRITE"" темная бронза (1/100)",шт,030200819_,500,443,311,213,182,120,152,93,88,143,264,177,192,228,185,150,142,84,100,290,173,315,273,124,21,209,189,289,238,306,279,251,162,500
"Рамка 1-мест. ""BRITE"" черный (1/100)",шт,030200494_,1875,2487,1256,3320,9576,5967,6113,2039,5088,4994,8888,6082,5602,7677,7824,4888,9802,7697,7938,6738,6389,8009,8276,6896,8130,7210,7654,7386,8028,8600,7648,7002,6568,1875
"Рамка 1-мест. ""BRITE"" шампань (1/100)",шт,030200443_,505,411,481,337,1442,1032,632,247,328,612,1540,1178,837,886,936,640,876,978,1495,1428,905,1230,1031,1058,1390,1055,1250,1275,1201,1286,851,1228,1053,505
"Рамка 1-мест. IP44 ""BRITE"" белый (1/100)",шт,030200468_,195,181,168,259,258,258,210,152,118,24,110,81,150,148,132,122,22,113,85,130,133,115,102,83,109,108,137,118,156,171,115,53,62,195
"Рамка 2-мест. ""BRITE"" алюминий (1/100)",шт,030200416_,1017,902,864,713,659,581,526,474,416,347,308,326,304,210,75,67,181,167,184,218,118,187,213,183,147,170,238,155,179,130,200,186,205,1017
"Рамка 2-мест. ""BRITE"" бежевый (1/100)",шт,030200837_,339,288,258,210,154,122,79,30,27,158,94,194,292,233,131,157,181,87,208,220,188,256,259,258,193,213,194,134,180,77,214,292,214,339
"Рамка 2-мест. ""BRITE"" белый (1/100)",шт,030200464_,7252,6858,6137,5630,5041,4455,3947,3208,2209,1484,2357,1531,1689,2002,1565,1076,1834,1631,2612,2064,1843,2326,1958,2385,2471,1940,2281,2224,2446,2637,2616,2445,2137,7252
"Рамка 2-мест. ""BRITE"" графит (1/100)",шт,030200481_,542,477,346,768,1422,1230,925,495,677,1297,1330,1234,1066,1010,655,445,1007,808,873,651,747,497,787,627,637,623,609,626,480,446,481,563,428,542
"Рамка 2-мест. ""BRITE"" жемчуг (1/100)",шт,030200430_,1184,1088,984,869,784,693,635,540,391,381,361,299,336,286,271,190,362,315,241,187,134,159,183,212,163,103,159,162,152,131,149,206,160,1184
"Рамка 2-мест. ""BRITE"" маренго (1/100)",шт,030200560_,358,321,274,272,272,263,260,220,202,196,188,152,98,58,35,14,88,86,80,50,25,38,41,,,,,,,17,16,,,358
"Рамка 2-мест. ""BRITE"" сталь (1/100)",шт,030200509_,594,420,253,261,723,567,301,258,204,609,522,552,322,453,258,309,521,372,513,541,315,557,554,487,520,448,387,187,202,184,129,118,131,594
"Рамка 2-мест. ""BRITE"" темная бронза (1/100)",шт,030200820_,393,391,382,332,319,278,251,206,172,170,163,130,106,96,56,33,33,33,69,49,13,78,77,25,46,102,120,96,86,104,101,132,90,393
"Рамка 2-мест. ""BRITE"" черный (1/100)",шт,030200495_,485,598,74,738,3049,2259,1997,1547,1499,1996,2305,2155,2010,2124,1644,1314,2454,1990,1744,2088,1700,2041,1629,2013,1949,1732,2137,1837,2080,2033,1537,1612,1787,485
"Рамка 2-мест. ""BRITE"" шампань (1/100)",шт,030200444_,898,805,671,552,474,311,281,213,150,385,366,298,171,378,206,177,148,209,290,388,257,299,417,349,485,380,433,382,346,400,272,339,302,898
"Рамка 2-мест. IP44 ""BRITE"" белый (1/100)",шт,030200469_,89,79,78,189,186,186,186,186,174,173,153,144,144,143,103,103,103,81,79,75,49,47,17,5,3,32,32,24,24,20,12,10,6,89
"Рамка 3-мест. ""BRITE"" алюминий (1/100)",шт,030200417_,329,280,186,158,206,185,154,133,108,82,121,129,214,114,87,59,107,106,86,59,8,47,65,95,75,85,70,53,59,91,100,113,127,329
"Рамка 3-мест. ""BRITE"" бежевый (1/100)",шт,030200838_,266,228,224,206,160,159,137,110,66,94,76,111,151,124,110,89,62,79,91,83,38,114,126,101,58,98,74,84,96,57,107,88,48,266
"Рамка 3-мест. ""BRITE"" белый (1/100)",шт,030200465_,3634,3347,2929,2668,2453,2210,1966,1635,1080,800,1058,879,927,1045,542,428,962,651,998,1042,881,1111,1054,985,535,1053,1196,948,1143,1211,1019,1015,240,3634
"Рамка 3-мест. ""BRITE"" графит (1/100)",шт,030200482_,254,177,298,226,518,410,426,250,272,642,627,470,477,431,445,355,552,469,387,338,385,316,358,348,377,329,307,280,269,205,227,251,243,254
"Рамка 3-мест. ""BRITE"" жемчуг (1/100)",шт,030200431_,517,472,416,352,321,280,259,212,149,133,105,174,160,150,125,93,108,102,76,71,53,52,65,63,42,33,68,64,62,58,56,69,66,517
"Рамка 3-мест. ""BRITE"" маренго (1/100)",шт,030200561_,233,197,155,154,148,147,145,127,119,116,113,102,98,87,87,78,70,69,53,53,50,46,46,36,36,36,35,35,30,30,30,23,22,233
"Рамка 3-мест. ""BRITE"" сталь (1/100)",шт,030200510_,185,60,94,141,333,251,174,185,185,312,239,277,190,312,45,86,183,147,150,260,180,240,200,228,270,273,259,237,256,264,237,216,165,185
"Рамка 3-мест. ""BRITE"" темная бронза (1/100)",шт,030200821_,276,262,259,237,227,195,189,173,160,159,156,138,110,100,80,78,56,54,36,46,29,36,33,14,21,31,34,30,25,34,32,31,4,276
"Рамка 3-мест. ""BRITE"" черный (1/100)",шт,030200496_,330,338,56,635,1508,1232,1099,794,520,1037,1044,988,701,877,932,650,979,765,863,752,649,873,945,819,1056,881,947,777,960,675,579,774,785,330
"Рамка 3-мест. ""BRITE"" шампань (1/100)",шт,030200445_,336,299,227,118,173,102,166,162,41,163,162,171,133,171,21,11,19,100,99,82,54,64,93,108,153,162,145,176,103,140,129,169,143,336
"Рамка 4-мест. ""BRITE"" алюминий (1/100)",шт,030200418_,178,141,123,106,68,63,40,38,36,11,6,19,17,22,10,59,77,64,59,48,37,52,45,44,38,31,51,33,36,73,64,56,25,178
"Рамка 4-мест. ""BRITE"" бежевый (1/100)",шт,030200839_,126,106,84,77,54,53,47,31,5,47,45,59,52,47,22,49,44,38,39,32,28,36,38,32,20,50,23,27,28,21,28,40,29,126
"Рамка 4-мест. ""BRITE"" белый (1/100)",шт,030200466_,1459,1377,1290,1196,1076,864,796,605,444,294,338,358,184,325,342,291,438,385,394,401,366,452,448,432,280,412,227,134,255,132,196,104,131,1459
"Рамка 4-мест. ""BRITE"" графит (1/100)",шт,030200483_,213,112,100,161,261,233,225,163,173,276,246,295,207,146,168,113,233,215,185,155,257,211,199,182,153,143,106,71,42,5,68,95,80,213
"Рамка 4-мест. ""BRITE"" жемчуг (1/100)",шт,030200432_,170,151,129,112,91,68,67,54,29,27,27,25,15,15,5,3,3,2,,,,,,,,10,5,,,,,21,12,170
"Рамка 4-мест. ""BRITE"" маренго (1/100)",шт,030200562_,158,134,114,111,111,108,108,94,91,90,87,86,84,79,79,66,65,65,62,62,60,58,58,48,48,48,48,48,47,47,46,45,45,158
"Рамка 4-мест. ""BRITE"" сталь (1/100)",шт,030200511_,158,99,233,141,201,137,105,73,68,150,128,128,126,156,17,36,48,21,32,45,45,69,73,51,55,95,94,88,73,124,117,115,47,158
"Рамка 4-мест. ""BRITE"" темная бронза (1/100)",шт,030200822_,165,163,162,154,154,147,142,130,130,129,117,115,112,112,111,101,101,97,91,79,66,65,65,62,57,53,49,49,38,38,38,34,26,165
"Рамка 4-мест. ""BRITE"" черный (1/100)",шт,030200497_,248,227,224,111,644,577,405,273,250,395,459,520,389,454,236,344,401,299,389,339,376,369,338,323,300,308,283,269,282,134,176,49,67,248
"Рамка 4-мест. ""BRITE"" шампань (1/100)",шт,030200446_,91,70,48,31,25,7,23,15,1,37,36,27,17,11,1,,,19,37,56,30,54,45,62,76,61,59,58,61,59,51,60,45,91
"Рамка 5-мест. ""BRITE"" алюминий (1/100)",шт,030200756_,200,190,175,175,166,165,165,165,159,158,152,152,151,30,29,29,29,29,26,26,20,18,18,18,6,6,,8,7,10,10,10,11,200
"Рамка 5-мест. ""BRITE"" бежевый (1/100)",шт,030201019_,84,84,77,75,75,75,73,48,49,73,78,70,69,65,65,65,65,65,62,61,59,56,55,55,54,54,52,51,50,56,47,47,42,84
"Рамка 5-мест. ""BRITE"" белый (1/100)",шт,030200753_,351,332,278,266,229,225,162,128,26,145,129,113,54,73,106,65,118,82,126,96,4,116,109,113,108,79,96,79,42,62,56,51,74,351
"Рамка 5-мест. ""BRITE"" графит (1/100)",шт,030200748_,271,220,189,174,139,135,117,101,89,120,79,75,73,69,35,34,25,24,11,11,65,62,62,43,43,38,38,37,37,31,29,29,28,271
"Рамка 5-мест. ""BRITE"" маренго (1/100)",шт,030200789_,146,141,136,144,143,137,137,125,125,124,124,123,123,123,123,62,62,62,59,59,59,56,57,57,57,57,57,57,57,67,67,67,67,146
"Рамка 5-мест. ""BRITE"" сталь (1/100)",шт,030200757_,192,184,178,176,165,160,160,143,146,144,144,138,134,23,18,14,11,21,18,14,13,12,22,19,18,18,18,17,5,12,11,10,6,192
"Рамка 5-мест. ""BRITE"" черный (1/100)",шт,030200758_,381,338,295,232,177,161,152,121,102,148,177,171,116,78,67,54,43,59,88,68,56,61,50,64,59,45,45,41,32,72,51,32,24,381
"Рамка 5-мест. ""BRITE"" шампань (1/100)",шт,030200755_,28,28,28,21,21,21,21,21,16,16,16,16,14,14,14,13,8,8,8,8,,10,,20,19,18,18,17,9,11,9,7,7,28
Рамка и суппорт  на 4 модуля 60 мм ПРАЙМЕР (160),шт,280100126_,111,103,71,20,41,,,156,166,138,113,104,113,,,148,99,8,1,132,1,140,113,162,168,131,52,27,75,109,131,187,154,111
Рамка и суппорт  на 4 модуля 75 мм ПРАЙМЕР (160),шт,280100127_,108,74,,,,166,205,25,14,195,172,74,116,3,1,136,123,4,4,320,142,131,192,179,87,179,209,163,196,172,97,181,161,108
Рамка и суппорт  на 6 модулей 60 мм ПРАЙМЕР (120),шт,280100139_,119,80,94,75,19,136,156,106,43,101,111,121,121,50,24,61,59,,15,164,38,150,142,150,154,24,139,62,55,205,197,118,83,119
Рамка и суппорт  на 6 модулей 75 мм ПРАЙМЕР (120),шт,280100140_,112,42,12,-1,101,199,198,174,110,152,2,155,45,,,91,175,58,5,212,86,117,213,151,124,131,73,83,181,147,134,160,137,112
Рамка и суппорт  универсал. на 2 модуля  ПРАЙМЕР (180),шт,280100128_,928,1018,950,808,596,1104,1172,1819,709,754,237,763,575,490,329,620,682,441,434,937,464,747,829,510,366,320,757,663,655,305,439,756,856,928
Распред. блок на DIN-рейку РБД- 80А IEK,шт,020300082_,,,,,29,34,28,,,,,,,,,,,4,,,,,2,,,,,,,,,,,
Распред. блок на DIN-рейку РБД-125А IEK !!!,шт,щт-0000861,,,,,,1,1,,,,,,,,,,,,,,,,,,,,,,,,,,,
Распред. блок на DIN-рейку РБД-160А IEK,шт,020300088_,,,,,18,59,2,,,,,,,,,,,,,,,,,23,23,6,,,2,2,2,,,
Распред. блок на DIN-рейку РБД-250А IEK,шт,020300080_,,,,,2,1,1,1,1,1,1,1,1,1,1,1,1,5,5,5,1,1,1,130,123,96,60,54,35,29,29,1,1,
Распред. блок на DIN-рейку РБД-400А IEK !!!,шт,ярп5962,,,,,,43,16,2,2,2,2,2,2,2,2,2,2,,,,,,,,,,,,1,1,1,1,1,
Распред. блок на DIN-рейку РБД-500А IEK,шт,020300150_,,,,,6,24,17,3,3,3,,,,,,,,,,,,,,35,35,35,35,35,35,35,35,34,32,
Распределительная  коробка о/у  с сальниками  70х70х40 IP44 КМ41236 IEK (84),шт,280300403_,232,219,345,74,403,274,154,461,204,334,13,340,548,520,500,432,208,313,89,252,24,209,411,391,448,441,418,410,207,84,261,424,406,232
Распределительная  коробка о/у  с сальниками  75х40 IP44 КМ41237 IEK (60),шт,280300180_,27,29,142,130,121,14,66,156,31,25,34,74,52,47,42,40,100,80,45,45,45,35,25,25,25,20,20,20,20,15,,,60,27
Распределительная  коробка о/у  с сальниками  85х85х40 IP44 КМ41235 IEK (60),шт,280300401_,17,34,524,224,636,558,155,169,568,568,223,269,480,416,280,224,240,187,,279,604,617,444,454,405,378,217,374,278,104,144,381,324,17
Распределительная  коробка о/у  с сальниками 100х100х50 IP44 КМ41255 IEK (48),шт,280300404_,623,825,265,263,36,212,98,1024,920,961,894,821,148,107,,1283,102,15,1393,1070,658,416,887,645,892,299,85,539,2317,1946,2819,2482,2421,623
Распределительная  коробка о/у  с сальниками 150х110х70 IP44 КМ41241 IEK (30),шт,280300181_,166,76,125,81,121,82,99,44,43,104,159,42,28,,,150,128,54,74,125,95,,91,118,116,73,71,70,65,48,44,55,30,166
Распределительная  коробка о/у  с сальниками 150х110х70 IP55 КМ41242 IEK (30),шт,280300182_,,,139,167,196,211,187,115,69,171,211,208,80,51,1,31,211,178,207,187,165,132,125,114,107,103,129,120,119,102,87,82,84,
Распределительная  коробка о/у  с сальниками 190х140х120 IP55 КМ41246 IEK (12) E-PRO,шт,280300685_,,,,,,,2,2,2,2,,,,,,,24,23,19,19,17,17,17,16,5,5,5,5,5,5,1,,,
Распределительная  коробка о/у  с сальниками 190х140х70 IP55 КМ41244 IEK (20),шт,280300402_,32,89,125,122,8,130,8,47,27,102,180,190,,,,275,180,129,117,180,153,177,205,114,125,119,96,70,128,45,,129,119,32
Распределительная коробка с/у для полых стен г/к  80х40 IP20 КМ41024 IEK (175),шт,280300179_,502,181,168,235,410,360,,,344,62,5,355,180,180,340,495,467,377,375,31,204,182,356,56,395,374,188,188,188,78,78,77,77,502
Распределительная коробка с/у для полых стен г/к 172х96x45 IP20 КМ41026 IEK (70),шт,280300399_,61,39,43,43,37,5,75,75,72,58,51,51,48,48,6,6,5,5,12,7,70,68,68,68,68,68,68,60,60,60,57,50,50,61
Распределительное устройство  РУСп – 3х16/3+1х16/5+1х32/5 У1 IP44,шт,010700084_,8,5,4,4,3,2,,2,1,3,5,5,5,5,5,2,2,1,1,3,,2,2,2,1,,,,4,3,4,3,3,8
Распределительное устройство  РУСп – 3х16/3+2х16/5 У1 IP44,шт,010700175_,3,3,3,3,3,2,,,,2,2,3,3,3,3,3,2,4,3,3,2,2,2,2,2,,1,1,1,1,1,1,1,3
Расцепитель мин. напряжения РМ-250/400 (РМ-35/37) IEK (480) !!!,шт,нов3370_,,,,,,,12,12,12,12,12,12,12,12,12,12,12,7,7,7,7,7,7,7,7,6,6,6,11,11,11,11,11,
Расцепитель независимый РМ-125/160 (PH-32/33) IEK (20/480) !!!,шт,010800051_,226,226,226,222,222,222,221,220,220,190,189,189,188,188,168,167,147,145,145,145,145,142,142,115,115,109,108,108,,,,,,226
Расцепитель независимый РН-125/160 (РН-32/33) IEK !!!,шт,нов3396,220,220,220,219,217,219,210,209,209,207,205,197,196,195,191,191,191,190,187,184,183,159,157,146,145,143,143,139,240,239,238,233,230,220
Расцепитель независимый РН-125/160 (РН-32/33) TDM !!!,шт,011100121_,182,182,182,182,182,182,182,182,182,182,181,181,181,181,181,181,181,180,180,180,179,179,179,179,179,179,168,168,168,168,168,168,168,182
Расцепитель независимый РН-250/400  ( РН-35/37 ) IEK !!!,шт,010800052_,38,37,36,34,29,39,38,25,25,24,23,10,8,7,3,1,1,2,2,2,2,,,,,,,,,,,,,38
Расцепитель независимый РН-800/1600  TDM !!!,шт,011100210_,35,35,35,35,35,35,35,35,34,34,34,34,34,34,34,34,34,35,35,35,35,35,35,35,35,35,34,34,32,32,32,32,32,35
Расцепитель независимый РН-800/1600 IEK !!!,шт,010800053_,78,78,78,78,78,78,78,78,78,78,78,76,76,76,74,74,74,70,69,69,69,67,66,66,66,66,66,66,71,71,71,71,71,78
Расцепитель независимый РН47 на DIN-рейку НОВЫЕ IEK (12/240),шт,130300020_,72,107,75,101,106,230,203,151,43,107,54,118,144,130,17,,144,99,54,92,106,107,90,69,63,94,136,122,94,100,24,115,103,72
Реле времени  ORT многофункц. 2 конт. 12-240V AC/DC IEK (1/200),шт,130600128_,22,26,23,23,23,35,28,2,7,,23,22,25,25,12,,35,48,40,30,34,40,30,26,24,23,32,16,5,9,3,1,12,22
Реле времени ORT 2 конт. 2 уст. 12-240В AC/DC IEK  ORT-2T-ACDC12-240V NEW,шт,130600124_,1,1,1,1,1,1,1,1,1,3,,,,,,,1,,,,1,,,,,,,,,,,,,1
Реле времени ORT 2 конт. 2 уст. 230В AC IEK ORT-2T-AC230V NEW,шт,130600123_,1,1,1,1,1,1,1,1,1,1,1,1,1,1,1,1,1,,,,,,,,,,,,,,,,,1
Реле времени ORT многофункц. 1 конт. 230В AC IEK ORT-M1-AC230V NEW,шт,130600125_,,,,1,1,,,,,,,,1,1,,,,,,,,,,,,,,,,,,,,
Реле задержки включения ORT 1 конт. 12-240В AC/DC IEK  ORT-A1-ACDC12-240V NEW,шт,130600232_,,,1,1,,,,,,,,,,,,,,,,,,,,,,,,,,,,,,
Реле задержки включения ORT 1 конт. 230В AC IEK ORT-A1-AC230V NEW,шт,130600234_,,,,,,,,,,,,,,,,,,,,,,,,,,,,,,,,,,
Реле задержки выкл. при снятии пит. ORT 12-240В AC/DC IEK  ORT-D-ACDC12-240V NEW,шт,130600226_,,,,,,,,,,,,,,,,,,,1,1,1,1,1,1,1,1,1,1,1,1,1,1,1,
Реле задержки выключения ORT 1 конт. 12-240В AC/DC IEK  ORT-B1-ACDC12-240V NEW,шт,130600229_,,,1,1,,,,,,,,,,,,,,,1,1,1,1,,,,,,,,,,,,
Реле задержки выключения ORT 1 конт. 230В AC IEK ORT-B1-AC230V NEW,шт,130600230_,,,,,,,,,,,,,,,,,,,1,,,,,,,,,,,,,,,
Реле интерфейсное ORM-1 2C 220В AC с LED и тест. кнопкой ONI ORM-1-2C-AC220V-L-B NEW,шт,130600211_,11,11,11,11,11,11,11,11,11,11,11,6,6,6,6,6,6,6,6,3,3,23,3,3,3,3,3,3,3,3,3,3,3,11
Реле интерфейсное ORM-1 2C 24В DC с LED и тест. кнопкой ONI ORM-1-2C-DC24V-L-B NEW,шт,130600210_,15,15,15,15,1,1,1,1,1,1,1,1,1,1,1,1,1,1,2,2,2,2,2,2,2,2,2,2,2,,,,,15
Реле интерфейсное ORM-1 4C 24В DC с LED и тест. кнопкой ONI ORM-1-4C-DC24V-L-B NEW,шт,130600209_,7,7,3,3,3,3,3,3,3,13,13,13,13,13,13,13,13,13,14,14,14,14,14,14,14,14,14,14,14,14,14,14,14,7
"Реле контроля тока ORI 0,05-0,5А 24-240В AC/24В DC IEK",шт,ORI-01-05,,,,,,,,,,,,,,,,,,,,,,,,,,,,,,,,,,
"Реле контроля тока ORI 0,5-5А 24-240В AC/24В DC IEK",шт,ORI-01-5,,,,,,,,,,,,,,,,,,,,,,,,,,,,,,,,,,
Реле контроля уровня ORL-02 24-240В AC/DC IEK !!!,шт,ORL-02-ACDC24-240V,2,2,2,2,2,2,2,,,,,,,,,,,,,,,,,,,,,,,,,,,2
Реле напряжения ORV с блок. 1ф. 110-240В AC/DC IEK ORV-01-AD110-240 NEW,шт,130600121_,,,,,,,,,,,,,,,,,,,1,1,1,1,1,1,1,1,1,1,1,,,,,
Реле напряжения ORV-02 1ф. 110-240В AC/DC IEK ORV-02-AD110-240 NEW,шт,130600200_,,,,,,,,,,,,,,,,,,,1,1,1,1,1,1,1,1,1,1,1,,,,,
Реле напряжения ORV. 1ф 220 В AC IEK ORV-02-A220 NEW,шт,130600122_,,,,,,,,,,,,,,,,,,,1,1,1,1,1,1,1,1,1,1,1,,,,,
Реле напряжения и тока РНТ-д однофазное 36мм 25А IEK,шт,010400925_,,,,,,,,,,,,,,,,,,,,,50,46,40,17,20,19,24,29,32,29,29,8,1,
Реле напряжения и тока РНТ-д однофазное 36мм 50А IEK,шт,010400854_,,,,,,,,,,,,,,,,,,,,,50,39,27,39,5,3,71,70,54,45,41,10,,
Реле напряжения и тока РНТ-д однофазное 36мм 63А IEK,шт,010400842_,,,,,,,,,,,,,,,,,,,,,,,,2,,,,,,,,,,
Реле напряжения и тока РНТ-д однофазное 54мм 25А IEK,шт,010400926_,,,,,,,,,,,,,,,,,,,,,8,8,7,3,2,2,7,7,3,2,6,5,3,
Реле напряжения и тока РНТ-д однофазное 54мм 32А IEK,шт,010400849_,,,,,,,,,,,,,,,,,,,,,1,,20,1,2,1,19,14,13,7,6,15,10,
Реле напряжения и тока РНТ-д однофазное 54мм 40А IEK,шт,010400927_,,,,,,,,,,,,,,,,,,,,,10,4,2,,14,18,17,8,8,3,3,,7,
Реле напряжения и тока РНТ-д однофазное 54мм 50А IEK,шт,010400928_,,,,,,,,,,,,,,,,,,,,,,,,19,17,17,15,15,7,6,1,,,
Реле напряжения и тока РНТ-д однофазное 54мм 63А IEK,шт,010400850_,,,,,,,,,,,,,,,,,,,,,78,70,49,37,29,12,31,24,18,7,5,1,1,
Реле напряжения РН-д 1ф 36мм 32А IEK NEW,шт,010400865_,,,,,,,,,,,,,,,,,,,,,98,81,69,69,60,53,37,36,32,25,55,42,24,
Реле напряжения РН-д однофазное 36мм 25А IEK,шт,010400929_,,,,,,,,,,,,,,,,,,,,,,,,19,18,12,7,2,11,13,,10,,
Реле напряжения РН-д однофазное 36мм 40А IEK,шт,010400867_,,,,,,,,,,,,,,,,,,,,,100,99,93,78,58,50,44,28,5,2,12,28,17,
Реле напряжения РН-д однофазное 54мм 25А IEK,шт,010400930_,,,,,,,,,,,,,,,,,,,,,10,10,9,5,4,4,3,6,6,7,7,4,4,
Реле напряжения РН-д однофазное 54мм 32А IEK,шт,010400931_,,,,,,,,,,,,,,,,,,,,,10,8,4,3,9,4,7,7,13,12,15,12,9,
Реле напряжения РН-д однофазное 54мм 40А IEK,шт,010400932_,,,,,,,,,,,,,,,,,,,,,,,,20,12,11,11,11,6,3,4,2,2,
Реле напряжения РН-д однофазное 54мм 50А IEK,шт,010400933_,,,,,,,,,,,,,,,,,,,,,10,7,5,,19,23,22,17,13,12,16,14,5,
Реле напряжения РН-д однофазное 54мм 63А IEK,шт,010400934_,,,,,,,,,,,,,,,,,,,,,100,77,71,62,59,59,54,41,33,21,17,7,,
Реле общ. назнач. OGR-1 2C 24В DC с LED и тест. кнопкой ONI OGR-1-2C-DC24V-L-B NEW,шт,130600205_,11,11,11,11,11,11,,,,,,,,,,,,,1,1,1,1,,,,,,,,,,,,11
Реле общ. назнач. OGR-2 2C 220В AC ONI OGR-2-2C-AC220V NEW,шт,130600215_,16,16,16,16,6,5,5,5,5,5,5,4,8,8,8,8,8,9,11,11,11,11,11,11,11,11,11,11,10,10,10,8,8,16
Реле общ. назнач. OGR-2 2C 24В DC ONI OGR-2-2C-DC24V NEW,шт,130600214_,18,18,16,16,16,16,16,16,16,16,16,16,22,22,22,22,22,6,7,7,7,7,7,7,7,7,,,,,,,,18
Реле общ. назнач. OGR-2 4C 220В AC ONI OGR-2-4C-AC220V NEW,шт,130600213_,17,17,17,17,15,15,14,11,20,19,14,,,,,,,,1,1,1,1,1,1,1,1,1,,,,,,,17
Реле общ. назнач. OGR-2 4C 24В DC ONI OGR-2-4C-DC24V NEW,шт,130600212_,14,4,2,2,2,2,2,2,22,22,22,22,10,10,10,10,9,9,10,10,10,7,7,7,7,4,4,4,5,5,5,3,,14
Реле промежут. OIR 1 конт. 16А 230В AC IEK OIR-116-AC230V NEW,шт,130600218_,,,2,,,,,,,,,,,,,,,,1,1,1,1,1,1,1,1,1,1,1,1,1,1,1,
Реле промежут. OIR 2 конт. 8А 230В AC IEK OIR-208-AC230V NEW,шт,130600217_,,,,,,,,,,,,,,,,,,,1,,,,,,,,,,,,,,,
Реле промежут. OIR 3 конт. 16А 12В AC/DC IEK OIR-316-ACDC12V NEW,шт,130600140_,,,,,,,,,,,,,,,,,,,,,,,,,,,,,,,,,,
Реле промежут. OIR 3 конт. 16А 230В AC IEK OIR-316-AC230V NEW,шт,130600150_,,,,,,,,,,,,,,,,,,1,1,,,,,,,,,,,,,,,
Реле промежут. OIR 3 конт. 16А 24В AC/DC IEK OIR-316-ACDC24V NEW,шт,130600216_,,,,,,,,,,,,,,,,,,,1,1,1,1,1,1,,,,,,,,,,
Реле промежут. OIR 3 конт. 8А 230В AC IEK OIR-308-AC230V NEW,шт,130600148_,,,,,,,,,,,,,,,,,,,1,1,1,1,1,,,,,,,,,,,
Реле пуска звезда-треугольник ORT 12-230В AC/DC IEK,шт,ORT-ST-ACDC12-240V,,,,,,,,,,,,,,,,,,,,,,,,,,,,,,,,,,
Реле пуска звезда-треугольник ORT 400В AC IEK ORT-ST-AC400V NEW,шт,130600225_,,,,,,,,,,,,,,,,,,,,,,,,,,,,,,,,,,
Реле РЭК77/4(LY4) 10A 220B IEK (20/300),шт,130600068_,208,159,217,182,271,163,200,110,91,97,236,171,327,299,274,112,294,241,215,262,159,191,268,216,153,115,145,219,121,153,163,5,66,208
Реле РЭК77/4(LY4) 10A 24B DC IEK (200),шт,130600007_,,,,,,8,6,2,2,2,2,2,2,2,2,2,2,,,,,,,,,,,,,,,,,
Реле РЭК77/4(LY4) с индикацией 10А 230В AC IEK,шт,RRP10-4-10-220A-LED,,,,,,,,,,,,,,,,,,,,,,,,,,,,,,,,,,
Реле РЭК78/3(MY3)  5А 220В АC IEK (20/500),шт,130600027_,113,10,9,209,192,25,72,66,61,36,96,134,132,120,89,18,232,152,143,132,128,92,84,84,82,80,73,74,40,32,65,55,45,113
Реле РЭК78/4(MY4)  3А 220В АC IEK (20/500),шт,130600061_,65,60,3,77,47,,85,47,73,43,54,151,145,134,106,69,87,52,46,66,43,88,42,1,113,109,134,44,99,78,121,54,19,65
Реле твердотельное OSS-2 25А 380В AC 3-32В DC ONI OSS-2-3-25-B NEW,шт,130600220_,8,8,8,8,8,5,5,5,1,1,1,1,1,1,1,1,1,,,,,,,,,,,,1,1,1,1,1,8
Реле твердотельное OSS-2 40А 380В AC 3-32В DC ONI OSS-2-3-40-B NEW,шт,130600219_,6,6,6,6,6,6,6,6,2,2,2,2,2,2,2,2,2,3,3,3,3,3,3,3,3,3,1,1,,,,,,6
"Реле тока ORI 0,8-8А 24-240В AC/24В DC IEK ORI-01-8 NEW",шт,130600202_,,,,,,,,,,,,,,,,,,,1,1,1,1,1,1,1,1,1,1,1,,,,,
"Реле тока ORI 1,6-16А 24-240В AC/24В DC IEK  ORI-01-16 NEW",шт,130600135_,,,,,,,,,,,,,,,,,,,,,,,,,,,,,,,,,,
Реле уровня ORL 24-240В AC/DC IEK ORL-01-ACDC24-240V NEW,шт,130600203_,,,,,,,,,,,,,,,,,,,1,1,2,2,2,2,2,2,2,2,2,,,,,
Реле фаз ORF 03. 3ф 220-460V IEK (1/200),шт,130600136_,41,41,30,24,24,19,15,12,10,6,11,8,11,11,10,10,8,3,7,4,4,7,10,10,10,10,9,5,5,4,4,9,8,41
Реле фаз ORF 05. 3ф 220-460V IEK (1/200),шт,130600137_,18,21,12,19,35,39,30,37,40,15,63,43,,48,19,12,61,62,45,61,33,60,37,66,61,55,55,55,23,40,4,47,32,18
Реле фаз ORF 06. 3ф 220-460V IEK (1/200),шт,130600138_,20,19,18,16,3,28,21,20,20,19,6,11,17,12,5,2,18,9,21,18,16,7,27,25,20,15,26,23,16,17,28,27,24,20
Реле фаз ORF-04 3ф. 220-460В AC IEK ORF-04-220-460VAC NEW,шт,130600201_,,,,,,1,1,1,1,2,1,1,1,1,1,1,1,1,1,1,1,1,1,1,1,1,1,1,,,,,,
Реле фаз ORF-08D 3ф. 2 конт. 127-265В AC с контр. нейтр. ONI ORF-08D-127-265VAC NEW,шт,130600224_,,,,,,,,,,,,,,,,,,,1,1,1,1,1,1,1,,,,,,,,,
Реле фаз ORF-08D 3ф. 2 конт. 220-460В AC ONI ORF-08D-220-460VAC NEW,шт,130600223_,,,,,,,,,,,,,,,,,,,1,1,1,1,1,1,1,,,,,,,,,
Реле фаз ORF-10 3ф. 2 конт. 127-265В AC с контр. нейтр. ONI ORF-10-127-265VAC NEW,шт,130600222_,,,,,,5,1,1,1,1,,,,,,,,,,,,,,,,,,,,,,,,
Реле циклическое ORT 1 конт. 12-240В AC/DC IEK ORT-S1-ACDC12-240V NEW,шт,130600130_,,,,,,,,,,,,,,,,,,,,,,,,,,,,,,,,,,
Реле циклическое ORT 1 конт. 230В AC ИЭК ORT-S1-AC230V NEW,шт,130600129_,,,,,,,,,,,,,,,,,,,,,,,,,,,,,,,,,,
Реле циклическое ORT 2 конт. 12-240В AC/DC IEK ORT-S2-ACDC12-240V NEW,шт,130600132_,,,,,,,,,,,,,,,,,,,,,,,,,,,,,,,,,,
Реле циклическое ORT 2 конт. 230В AC IEK ORT-S2-AC230V NEW,шт,130600131_,,,,,,,,,,,,,,,,,,,,,,,,,,,,,,,,,,
"Роз 2-ая комп. RJ45  кат.5E ""BRITE"" шампань (1/100)",шт,030200751_,5,10,31,30,28,28,28,28,18,17,17,15,14,14,11,11,11,10,10,10,5,5,5,5,3,3,3,3,3,13,9,4,4,5
"Роз 2-ая комп. RJ45 кат.5E ""BRITE"" сталь (1/100)",шт,030200879_,70,47,47,47,25,5,25,15,25,25,25,25,25,25,25,25,25,23,20,20,19,19,19,19,19,19,19,18,18,18,,,,70
"Роз 2-ая комп. RJ45 кат.5E ""BRITE"" чёрный (1/100)",шт,030200877_,34,25,54,89,84,78,128,108,86,81,82,81,80,55,20,17,23,37,46,33,4,27,37,34,17,67,56,50,49,54,53,31,60,34
"Роз 2-ая комп. RJ45 кат.5E б/рамки ""BRITE"" алюминий (1/100)",шт,030200869_,25,25,30,30,29,29,29,29,17,17,17,11,11,11,7,,10,6,12,12,12,12,2,12,8,13,13,13,13,13,33,39,35,25
"Роз 2-ая комп. RJ45 кат.5E б/рамки ""BRITE"" жемчуг (1/100)",шт,030200872_,39,36,75,76,60,60,60,60,59,58,58,58,38,38,38,38,38,38,38,38,8,8,8,8,8,8,8,8,8,,,,10,39
"Роз 2-я с кр.  16А в сб IP44 ""BRITE"" алюминий (1/100)",шт,030200868_,35,33,53,43,43,43,43,43,36,35,45,45,45,45,45,35,35,35,32,32,32,32,32,32,32,32,32,32,32,46,46,46,46,35
"Роз 2-я с кр. 16А в сб IP44 ""BRITE"" Белый (1/100)",шт,030200519_,254,233,232,221,200,200,200,189,173,153,155,144,143,143,123,121,106,86,85,84,53,51,46,44,33,21,41,25,,64,49,48,51,254
"Роз 2-я с кр. 16А в сб IP44 ""BRITE"" жемчуг (1/100)",шт,030200871_,48,48,45,43,41,41,41,41,41,40,40,40,40,40,40,40,40,40,40,40,40,40,40,38,38,37,37,37,37,37,37,37,37,48
"Роз TV оконечная  б/рамки ""BRITE"" алюминий (1/100)",шт,030200540_,175,171,159,167,166,166,156,146,144,117,113,113,111,111,110,110,109,109,109,107,90,90,90,90,75,75,75,75,75,75,75,75,70,175
"Роз TV оконечная  б/рамки ""BRITE"" графит (1/100)",шт,030200542_,132,102,67,108,192,182,171,115,75,96,114,94,72,122,101,89,79,79,78,70,109,127,122,122,122,122,120,106,106,112,106,106,100,132
"Роз TV оконечная  б/рамки ""BRITE"" жемчуг (1/100)",шт,030200513_,70,69,56,53,46,43,33,21,,19,29,24,24,24,24,24,21,21,17,17,17,15,14,14,14,14,14,4,4,5,5,7,7,70
"Роз TV оконечная  б/рамки ""BRITE"" сталь (1/100)",шт,030200541_,196,181,181,171,161,154,124,104,90,73,49,44,31,29,29,19,40,38,36,25,20,20,20,10,15,9,8,12,12,20,20,20,11,196
"Роз TV оконечная  б/рамки ""BRITE"" чёрный (1/100)",шт,030200543_,233,153,100,125,281,261,197,112,102,164,249,218,196,248,128,111,101,101,46,43,35,29,20,,,100,90,78,62,68,46,40,39,233
"Роз TV оконечная  б/рамки ""BRITE"" шампань (1/100)",шт,030200539_,65,54,34,29,23,15,4,1,10,,20,3,21,21,14,10,30,27,25,15,20,29,29,29,27,27,25,25,13,12,2,12,12,65
"Роз. 1-мест. с з/к 16А б/рамки ""BRITE"" бежевый (1/100)",шт,030201020_,488,348,261,81,161,296,150,47,81,128,327,433,428,283,121,188,226,266,246,262,173,429,160,356,428,419,467,398,332,,186,452,379,488
"Роз. 1-мест. с з/к 16А б/рамки ""BRITE"" темная бронза (1/100)",шт,030201022_,395,382,367,185,163,16,103,33,75,224,209,131,111,71,63,76,122,82,132,101,8,108,138,90,130,127,114,147,113,155,130,187,182,395
"Роз. 1-мест. с з/к с з/ш 16А IP44 б/рамки ""BRITE"" бежевый (1/100)",шт,030201017_,166,164,164,166,173,173,173,160,150,146,132,131,130,130,130,130,121,121,125,86,82,82,80,80,80,80,78,78,33,33,33,33,13,166
"Роз. 1-мест. с/з 16А б/рамки ""BRITE"" маренго (1/100)",шт,030200565_,571,479,310,299,289,287,287,187,136,93,273,273,173,124,86,18,152,147,167,167,131,129,129,92,91,91,87,84,44,62,61,,,571
"Роз. 1-мест. с/з з/ш 16А IP44 б/рамки ""BRITE"" маренго (1/100)",шт,030200931_,130,130,128,128,128,128,128,128,127,126,125,125,125,125,125,123,125,123,120,120,120,120,120,120,120,120,120,120,120,120,123,115,85,130
"Роз. 2-мест. с з/к 16А в сборе ""BRITE"" ""BRITE"" бежевый (1/100)",шт,030200834_,540,520,512,492,471,471,434,420,310,268,217,207,196,196,140,137,100,100,90,97,59,119,108,86,86,76,74,52,77,81,97,92,80,540
"Роз. 2-я RJ11+RJ45 кат.5E б/рамки ""BRITE"" алюминий (1/100)",шт,030200784_,103,103,103,103,101,101,101,101,105,105,105,105,105,5,5,5,5,5,,,,,,,,,,,,,,,,103
"Роз. 2-я RJ11+RJ45 кат.5E б/рамки ""BRITE"" белый (1/100)",шт,030200782_,82,81,73,68,65,63,59,46,50,7,272,262,102,305,303,293,254,247,219,209,154,141,141,108,103,96,57,56,31,14,29,2,17,82
"Роз. 2-я RJ11+RJ45 кат.5E б/рамки ""BRITE"" графит (1/100)",шт,030200785_,103,102,91,55,45,45,44,17,30,35,38,38,38,38,37,35,32,32,27,13,22,22,22,22,22,22,22,21,21,16,16,16,16,103
"Роз. 2-я RJ11+RJ45 кат.5E б/рамки ""BRITE"" сталь (1/100)",шт,030200989_,83,83,83,83,81,81,81,81,78,78,77,77,77,17,17,17,5,5,4,4,4,4,4,12,12,11,11,10,15,,14,14,14,83
"Роз. 2-я RJ11+RJ45 кат.5E б/рамки ""BRITE"" черный (1/100)",шт,030200787_,98,98,93,86,83,73,73,72,75,73,73,73,73,13,13,13,13,13,2,2,,2,2,2,,2,2,2,1,2,2,2,2,98
"Роз. 2-я TV+RJ45 кат.5E б/рамки ""BRITE"" алюминий (1/100)",шт,030200529_,103,103,103,104,102,102,102,102,106,106,101,101,101,11,11,3,8,8,6,6,6,6,6,6,6,6,1,4,4,4,4,4,4,103
"Роз. 2-я TV+RJ45 кат.5E б/рамки ""BRITE"" белый (1/100)",шт,030200520_,103,93,90,89,82,82,72,71,75,70,65,63,53,12,9,8,8,8,11,,16,16,4,4,19,18,15,11,14,14,14,17,10,103
"Роз. 2-я TV+RJ45 кат.5E б/рамки ""BRITE"" графит (1/100)",шт,030200535_,100,85,77,75,68,58,57,57,61,55,54,49,49,28,28,28,28,28,28,28,28,28,28,28,28,28,28,,,,,,,100
"Роз. 2-я TV+RJ45 кат.5E б/рамки ""BRITE"" маренго (1/100)",шт,BR-AK20-1-K35,10,20,10,,,,,,,,,,,,,,,,,,,,,,,,,,,,,,,10
"Роз. 2-я TV+RJ45 кат.5E б/рамки ""BRITE"" сталь (1/100)",шт,030200532_,103,103,103,102,100,100,100,100,103,103,103,103,102,2,2,2,2,2,,2,2,2,2,2,2,2,2,1,1,1,1,1,1,103
"Роз. 2-я TV+RJ45 кат.5E б/рамки ""BRITE"" черный (1/100)",шт,030200538_,84,74,73,69,57,57,47,46,50,49,41,31,31,29,29,29,29,29,11,9,9,4,7,6,3,5,6,4,8,8,4,7,4,84
"Роз. 2-я TV+SAT б/рамки ""BRITE"" алюминий (1/100)",шт,030200984_,103,103,103,106,104,104,104,104,108,108,107,107,107,7,7,7,7,7,7,7,7,7,7,7,7,7,7,7,7,7,7,7,7,103
"Роз. 2-я TV+SAT б/рамки ""BRITE"" белый (1/100)",шт,030200980_,103,103,103,103,99,97,97,97,101,100,100,100,100,10,10,10,10,10,10,10,9,9,9,7,5,5,5,4,4,4,4,4,4,103
"Роз. 2-я TV+SAT б/рамки ""BRITE"" графит (1/100)",шт,030200982_,103,103,103,103,101,101,101,101,105,105,105,105,105,5,5,5,5,5,5,5,5,5,5,5,5,5,5,4,4,4,4,4,4,103
"Роз. 2-я TV+SAT б/рамки ""BRITE"" сталь (1/100)",шт,030200983_,103,103,103,101,99,99,99,99,103,103,104,104,104,4,4,4,4,4,4,4,4,4,4,4,4,4,4,3,3,3,3,3,3,103
"Роз. 2-я TV+SAT б/рамки ""BRITE"" черный (1/100)",шт,030200981_,93,93,93,93,91,91,91,91,95,94,94,94,94,14,14,14,14,14,11,11,11,11,11,11,11,11,11,11,10,10,10,10,10,93
"Роз. 2-я без з/к/ш 10А в сборе ""BRITE"" белый (1/100)",шт,030200457_,693,535,540,394,955,748,552,256,235,88,778,317,227,803,473,360,1123,821,730,669,308,1157,575,1099,1061,1031,1145,971,862,498,455,953,1093,693
"Роз. 2-я с з/к 16А в сб. ""BRITE"" маренго (1/100)",шт,030200557_,466,453,395,374,355,353,345,312,297,256,238,230,230,220,190,202,193,193,190,190,104,95,85,55,55,55,55,55,55,78,65,42,42,466
"Роз. 2-я с з/к 16А в сб. ""BRITE"" темная бронза (1/100)",шт,030200818_,41,38,38,8,13,13,9,9,12,11,13,13,13,13,8,5,14,9,7,7,2,9,9,9,9,9,9,9,8,8,8,12,12,41
"Роз. 2-я с з/к без з/ш 16А в сб. ""BRITE"" темная бронза (1/100)",шт,030200817_,289,282,248,236,216,167,167,143,142,128,118,74,104,81,81,81,68,58,52,52,34,50,50,12,41,41,40,23,45,55,51,44,27,289
"Роз. 2-я с з/к без з/ш 16А в сборе ""BRITE"" алюминий (1/100)",шт,030200413_,239,206,123,270,349,276,222,139,107,167,356,256,344,304,204,164,287,243,135,190,65,217,76,231,211,266,161,311,274,274,294,349,348,239
"Роз. 2-я с з/к без з/ш 16А в сборе ""BRITE"" белый (1/100)",шт,030200518_,98,73,63,391,419,370,360,4,428,285,970,794,789,654,1042,600,88,1494,183,1758,1457,2007,1773,1483,2394,2158,1534,381,1560,554,372,1755,543,98
"Роз. 2-я с з/к без з/ш 16А в сборе ""BRITE"" графит (1/100)",шт,030200478_,200,31,208,260,381,274,238,93,127,192,402,439,87,544,351,358,896,719,630,606,411,578,630,606,504,433,430,341,298,226,239,360,339,200
"Роз. 2-я с з/к без з/ш 16А в сборе ""BRITE"" жемчуг (1/100)",шт,030200426_,117,95,299,378,319,279,239,229,175,131,112,167,107,92,142,130,107,26,70,96,79,93,93,70,51,85,95,90,67,115,105,75,73,117
"Роз. 2-я с з/к без з/ш 16А в сборе ""BRITE"" сталь (1/100)",шт,030200506_,116,156,228,283,654,558,248,185,242,421,645,357,128,618,452,537,763,620,603,505,382,557,381,593,486,456,406,450,335,324,313,423,315,116
"Роз. 2-я с з/к без з/ш 16А в сборе ""BRITE"" черный (1/100)",шт,030200492_,412,349,,499,1136,415,991,397,502,819,1459,1495,1074,1408,1265,548,1362,1547,1295,1323,800,1843,1565,1117,2282,1913,2148,2020,1909,1479,1258,1693,1803,412
"Роз. 2-я с з/к без з/ш 16А в сборе ""BRITE"" шампань (1/100)",шт,030200441_,65,3,51,71,196,80,98,41,32,80,209,176,73,195,85,13,50,180,250,340,178,193,161,426,392,344,382,325,390,311,334,394,360,65
"Роз. 2-я с з/к/ш 16А в сб. ""BRITE"" бежевый (1/100)",шт,030200835_,109,100,90,90,89,89,89,74,54,54,50,50,50,50,50,50,30,17,8,23,23,19,23,21,21,21,21,21,11,26,22,11,,109
"Роз. 2-я с з/к/ш 16А в сб. ""BRITE"" маренго (1/100)",шт,030200558_,46,44,43,43,31,31,31,31,31,30,45,45,45,45,45,4,9,9,5,5,5,5,5,5,5,5,5,5,5,5,5,5,5,46
"Роз. 2-я с з/к/ш 16А в сборе ""BRITE"" алюминий (1/100)",шт,030200414_,222,207,331,358,590,510,470,438,296,145,499,429,362,338,182,152,226,180,212,147,171,124,143,142,131,211,189,139,34,139,170,203,153,222
"Роз. 2-я с з/к/ш 16А в сборе ""BRITE"" белый (1/100)",шт,030200458_,1507,1245,1460,1523,2539,2288,2046,1350,527,48,2040,2034,2302,1931,1342,1380,1992,1413,1884,1327,1981,1737,1436,943,1272,1485,1850,1647,1384,,696,2071,2004,1507
"Роз. 2-я с з/к/ш 16А в сборе ""BRITE"" графит (1/100)",шт,030200479_,750,201,600,903,1226,1147,995,918,611,677,892,779,709,777,548,474,448,390,404,377,372,257,287,247,227,266,206,251,209,174,205,201,191,750
"Роз. 2-я с з/к/ш 16А в сборе ""BRITE"" жемчуг (1/100)",шт,030200427_,106,101,101,4,128,128,118,75,3,36,70,120,60,120,90,102,201,193,193,189,189,189,189,148,148,118,118,118,118,118,98,94,94,106
"Роз. 2-я с з/к/ш 16А в сборе ""BRITE"" сталь (1/100)",шт,030200507_,112,229,342,191,694,619,579,550,395,364,330,279,326,171,82,162,182,111,121,141,151,129,189,119,138,149,99,176,166,65,165,212,179,112
"Роз. 2-я с з/к/ш 16А в сборе ""BRITE"" черный (1/100)",шт,030200493_,592,388,127,800,1305,1051,830,654,384,514,795,1030,862,770,480,624,786,762,608,636,313,453,667,550,460,415,393,412,386,325,504,442,415,592
"Роз. 2-я с з/к/ш 16А в сборе ""BRITE"" шампань (1/100)",шт,030200442_,208,197,97,64,62,59,49,22,2,21,46,14,14,6,,,,,,,,,,,,5,5,4,3,3,1,1,17,208
"Роз. 2-я с кр. 16А в сб IP44 ""BRITE"" бежевый (1/100)",шт,030200842_,220,220,216,216,212,212,212,202,202,200,208,208,208,208,208,208,208,207,196,196,196,196,194,194,194,194,194,194,194,194,193,193,189,220
"Роз. HDMI б/рамки ""BRITE"" алюминий (1/100)",шт,030200938_,101,97,97,97,89,89,89,89,93,93,93,93,93,13,13,13,13,13,10,10,5,5,5,5,5,5,5,5,4,4,4,4,3,101
"Роз. HDMI б/рамки ""BRITE"" бежевый (1/100)",шт,030200845_,43,39,39,39,39,39,39,27,27,26,26,26,26,26,26,26,26,26,23,23,21,21,21,21,21,21,21,21,21,28,28,28,28,43
"Роз. HDMI б/рамки ""BRITE"" белый (1/100)",шт,030200935_,171,161,146,137,125,111,83,43,23,23,63,49,40,53,38,52,48,43,42,28,,39,39,30,23,32,34,27,27,29,29,31,34,171
"Роз. HDMI б/рамки ""BRITE"" графит (1/100)",шт,030200940_,100,95,85,85,83,74,71,71,75,75,72,72,70,20,20,20,4,9,9,9,7,7,7,5,7,7,5,3,7,7,7,7,7,100
"Роз. HDMI б/рамки ""BRITE"" маренго (1/100)",шт,030200809_,42,40,37,37,37,35,35,25,25,24,24,24,24,24,24,24,24,24,21,21,21,21,21,21,21,18,18,18,18,18,18,18,18,42
"Роз. HDMI б/рамки ""BRITE"" сталь (1/100)",шт,030200939_,103,100,100,100,94,94,94,84,87,87,87,87,83,8,8,8,8,8,8,8,6,6,2,2,3,3,3,,3,12,11,11,2,103
"Роз. HDMI б/рамки ""BRITE"" темная бронза (1/100)",шт,030200826_,50,50,50,50,50,50,50,40,40,39,39,39,39,39,39,39,39,39,34,34,34,34,34,34,34,34,30,30,30,39,39,39,39,50
"Роз. HDMI б/рамки ""BRITE"" черный (1/100)",шт,030200941_,167,158,141,129,119,110,104,94,90,68,69,63,51,48,45,43,43,43,33,29,29,28,24,21,9,7,7,4,6,8,8,14,11,167
"Роз. TV окон б/рамки ""BRITE"" бежевый (1/100)",шт,030200844_,88,78,78,79,76,76,75,64,64,61,51,41,41,33,33,33,33,33,38,38,37,37,28,26,26,26,25,25,22,10,20,22,17,88
"Роз. TV окон б/рамки ""BRITE"" маренго (1/100)",шт,030200566_,144,134,113,113,113,107,107,94,91,87,88,88,84,84,83,81,81,81,78,78,74,70,70,70,70,70,70,70,69,78,78,78,78,144
"Роз. TV окон б/рамки ""BRITE"" темная бронза (1/100)",шт,030200825_,140,138,138,135,135,135,135,121,118,117,117,116,116,115,115,114,114,114,110,110,99,99,99,87,87,87,86,86,84,93,93,93,93,140
"Роз. TV оконечная б/рамки ""BRITE"" белый (1/100)",шт,030200462_,151,48,105,176,249,313,272,248,199,158,152,134,201,197,142,127,97,63,37,76,48,83,103,77,82,126,110,96,82,132,105,149,77,151
"Роз. TV проходная б/рамки ""BRITE"" алюминий (1/100)",шт,030200746_,103,103,103,94,92,92,92,91,95,85,84,84,84,4,4,4,4,4,,5,5,5,5,5,5,5,5,5,5,5,5,5,5,103
"Роз. TV проходная б/рамки ""BRITE"" белый (1/100)",шт,030200988_,102,102,101,101,99,99,99,77,81,80,80,79,79,79,79,76,74,74,73,71,71,71,71,67,67,67,67,56,46,56,56,56,53,102
"Роз. TV проходная б/рамки ""BRITE"" графит (1/100)",шт,030200747_,101,100,100,99,97,96,96,86,90,89,90,89,89,9,9,9,9,9,9,7,7,7,7,4,4,4,4,3,3,3,2,1,2,101
"Роз. TV проходная б/рамки ""BRITE"" сталь (1/100)",шт,030200742_,73,40,87,87,85,85,83,70,74,74,78,78,78,45,43,39,39,36,13,13,12,12,10,10,10,10,10,9,9,19,19,18,14,73
"Роз. TV проходная б/рамки ""BRITE"" черный (1/100)",шт,030200745_,93,86,75,58,52,51,50,24,28,42,40,40,38,32,31,30,30,30,25,24,24,12,5,5,5,4,4,4,3,16,16,16,16,93
"Роз. USB A+A 3,1А б/рамки ""BRITE"" алюминий (1/80)",шт,030200915_,83,83,83,83,81,81,81,81,85,85,85,85,85,5,5,5,5,5,5,5,5,5,5,5,5,5,5,5,5,5,5,5,5,83
"Роз. USB A+A 3,1А б/рамки ""BRITE"" белый (1/80)",шт,030200912_,168,158,157,156,153,152,138,138,142,141,140,138,138,18,17,17,17,13,13,13,13,13,13,3,4,4,4,3,4,4,4,4,4,168
"Роз. USB A+A 3,1А б/рамки ""BRITE"" графит (1/80)",шт,030200917_,93,93,90,89,87,81,81,81,82,82,83,83,82,13,13,13,11,11,10,10,10,10,10,10,10,10,10,9,9,9,9,9,9,93
"Роз. USB A+A 3,1А б/рамки ""BRITE"" сталь (1/80)",шт,030200916_,93,93,93,93,91,91,91,91,95,95,95,95,95,5,4,4,4,4,5,5,5,5,5,5,5,5,5,4,4,4,4,4,4,93
"Роз. USB A+A 3,1А б/рамки ""BRITE"" черный (1/80)",шт,030200918_,199,189,186,178,176,176,176,176,174,171,172,172,170,16,13,13,13,5,7,6,6,6,3,10,10,10,10,10,7,10,10,10,10,199
"Роз. USB A+C 18Вт б/рамки ""BRITE"" алюминий (1/80)",шт,030200765_,81,81,81,83,81,81,81,81,85,85,85,85,85,5,5,8,7,7,7,7,7,7,7,7,6,6,6,6,6,6,6,6,6,81
"Роз. USB A+C 18Вт б/рамки ""BRITE"" белый (1/80)",шт,030200568_,157,157,156,161,160,160,157,153,143,142,136,119,117,2,7,6,26,24,23,23,23,11,18,17,15,11,16,17,16,27,27,13,11,157
"Роз. USB A+C 18Вт б/рамки ""BRITE"" графит (1/80)",шт,030200769_,83,83,83,83,81,81,81,81,85,77,77,77,77,7,5,5,5,5,5,5,5,5,5,3,3,3,3,2,2,2,2,2,2,83
"Роз. USB A+C 18Вт б/рамки ""BRITE"" сталь (1/80)",шт,030200767_,83,83,83,83,81,81,81,81,85,85,84,84,84,4,4,4,3,3,3,3,3,3,3,3,,3,3,2,2,2,2,2,2,83
"Роз. USB A+C 18Вт б/рамки ""BRITE"" черный (1/80)",шт,030200771_,161,160,155,148,140,127,127,120,121,118,109,108,98,18,18,16,19,17,14,4,14,14,14,14,14,12,10,10,7,7,9,7,9,161
"Роз. аудио 4-мест. ""BRITE"" алюминий (1/100)",шт,030200979_,103,103,103,103,101,101,101,101,105,105,105,105,104,4,4,4,4,4,4,4,4,4,4,4,4,4,4,4,4,4,4,4,4,103
"Роз. аудио 4-мест. ""BRITE"" белый (1/100)",шт,030200975_,103,103,101,105,102,91,91,91,95,94,94,93,93,13,13,13,13,13,60,60,60,60,60,60,60,60,55,54,46,46,42,42,42,103
"Роз. аудио 4-мест. ""BRITE"" графит (1/100)",шт,030200977_,103,101,100,98,96,96,96,96,100,100,99,99,99,8,8,8,8,8,9,9,9,9,9,9,9,9,9,8,8,8,8,8,8,103
"Роз. аудио 4-мест. ""BRITE"" сталь (1/100)",шт,030200978_,103,103,103,103,101,101,101,101,105,105,105,105,105,5,5,5,4,4,4,4,4,4,4,4,4,4,4,3,3,3,3,3,3,103
"Роз. аудио 4-мест. ""BRITE"" черный (1/100)",шт,030200976_,102,102,102,102,100,97,97,97,101,100,100,100,100,5,5,5,5,5,5,5,5,5,5,5,5,5,5,5,4,4,2,2,2,102
"Роз. без з/к 10А б/рамки ""BRITE"" алюминий (1/100)",шт,030200527_,318,288,283,280,280,274,113,113,51,,177,132,102,82,2,102,102,52,102,101,1,7,62,38,10,100,97,77,76,93,93,92,11,318
"Роз. без з/к 10А б/рамки ""BRITE"" белый (1/100)",шт,030200516_,1,88,130,178,331,189,536,468,109,70,502,551,1072,865,630,570,1003,841,403,641,578,888,653,937,772,892,946,827,1025,1000,832,902,707,1
"Роз. без з/к 10А б/рамки ""BRITE"" графит (1/100)",шт,030200533_,481,199,110,50,170,47,150,89,96,125,370,254,349,198,88,118,449,367,304,373,305,333,403,373,403,424,380,225,225,223,167,266,309,481
"Роз. без з/к 10А б/рамки ""BRITE"" жемчуг (1/100)",шт,030200521_,66,66,6,6,5,25,25,4,4,3,13,143,93,53,3,53,73,72,57,62,62,89,89,89,79,79,79,49,20,20,25,38,38,66
"Роз. без з/к 10А б/рамки ""BRITE"" сталь (1/100)",шт,030200530_,161,147,49,179,269,259,232,217,102,81,158,158,145,119,37,35,35,34,55,48,9,21,105,90,47,103,123,92,109,145,125,153,123,161
"Роз. без з/к 10А б/рамки ""BRITE"" черный (1/100)",шт,030200536_,127,469,249,234,494,456,132,273,297,329,545,117,526,262,535,102,846,898,808,808,652,867,848,954,1158,1284,1202,1099,1174,1230,1201,1394,1134,127
"Роз. без з/к 10А б/рамки ""BRITE"" шампань (1/100)",шт,030200524_,81,81,62,60,46,41,37,37,,,,,,,,,,,,,,10,10,7,7,7,7,7,,19,,,10,81
"Роз. комп. 2-ая RJ45 кат.5E б/рамки ""BRITE"" бежевый (1/100)",шт,030200843_,95,93,93,91,91,90,81,70,70,68,66,60,58,53,53,53,53,53,50,50,44,44,41,41,41,41,23,21,21,,15,20,21,95
"Роз. комп. 2-ая RJ45 кат.5E б/рамки ""BRITE"" белый (1/100)",шт,030200459_,121,88,74,64,48,124,45,6,5,49,66,54,70,12,38,26,58,24,,40,67,58,125,200,,17,252,238,100,8,322,10,,121
"Роз. комп. RJ45 кат.5E б/рамки ""BRITE"" алюминий (1/100)",шт,030200411_,16,12,50,136,135,135,122,122,120,119,108,101,99,69,43,37,34,32,32,29,24,23,13,,,30,30,28,18,16,12,19,25,16
"Роз. комп. RJ45 кат.5E б/рамки ""BRITE"" бежевый (1/100)",шт,030200832_,140,121,121,101,97,97,86,75,65,54,45,37,54,45,35,33,21,25,32,24,11,31,21,31,31,23,39,39,35,35,63,61,48,140
"Роз. комп. RJ45 кат.5E б/рамки ""BRITE"" белый (1/100)",шт,030200453_,110,181,290,456,418,371,396,159,367,130,673,635,446,207,425,399,461,327,278,297,246,389,,250,549,306,459,428,457,171,329,484,30,110
"Роз. комп. RJ45 кат.5E б/рамки ""BRITE"" графит (1/100)",шт,030200476_,142,171,329,220,434,340,298,173,282,264,233,300,291,351,307,290,216,193,179,141,127,142,129,105,88,102,117,113,97,86,77,89,53,142
"Роз. комп. RJ45 кат.5E б/рамки ""BRITE"" жемчуг (1/100)",шт,030200424_,18,,65,141,113,91,90,65,35,29,14,20,13,23,13,14,14,10,,14,12,2,1,1,1,,,,,5,,,11,18
"Роз. комп. RJ45 кат.5E б/рамки ""BRITE"" маренго (1/100)",шт,030200555_,141,131,100,98,95,95,85,69,66,65,70,70,68,64,64,59,62,62,57,57,55,54,54,54,54,54,54,54,53,61,63,62,62,141
"Роз. комп. RJ45 кат.5E б/рамки ""BRITE"" сталь (1/100)",шт,030200504_,138,56,73,77,133,108,87,104,40,61,172,172,142,134,28,1,45,33,69,46,37,65,69,25,48,78,77,76,65,58,61,57,,138
"Роз. комп. RJ45 кат.5E б/рамки ""BRITE"" темная бронза (1/100)",шт,030200815_,147,144,144,139,138,121,114,102,97,96,94,94,94,94,94,90,90,90,84,63,62,61,59,2,20,29,24,21,15,30,29,29,29,147
"Роз. комп. RJ45 кат.5E б/рамки ""BRITE"" черный (1/100)",шт,030200490_,183,188,104,297,654,484,399,195,350,428,529,442,366,398,462,394,441,363,381,297,331,279,277,231,175,440,372,328,429,373,380,305,305,183
"Роз. комп. RJ45 кат.5E б/рамки ""BRITE"" шампань (1/100)",шт,030200439_,88,58,118,51,84,24,39,36,18,52,89,63,73,65,53,39,37,11,21,40,43,26,25,2,20,58,57,72,58,76,61,75,69,88
"Роз. комп. RJ45 кат.6 б/рамки ""BRITE"" белый (1/100)",шт,030200990_,38,68,68,37,30,47,38,20,113,89,121,6,13,6,,74,118,118,98,90,3,72,54,61,28,8,97,90,94,92,92,84,75,38
"Роз. с з/к  с з/ш 16А в сборе ""BRITE"" белый (1/100)",шт,030200517_,753,631,320,574,1392,1518,1915,,1239,435,2495,2047,29,2684,1748,2135,1620,297,2355,1971,2049,2570,1555,700,3758,3429,2203,2660,4586,3678,3347,3334,3650,753
"Роз. с з/к 16А б/рамки ""BRITE"" темная бронза (1/100)",шт,030200810_,124,133,64,114,113,78,150,113,71,113,221,134,51,199,116,34,157,95,151,84,121,191,236,211,188,150,152,147,62,134,125,191,53,124
"Роз. с з/к без з/ш 16А б/рамки ""BRITE""  алюминий  (1/100)",шт,030200528_,50,50,250,250,250,250,250,250,250,240,194,36,19,49,9,22,55,73,64,116,44,97,405,398,91,294,358,266,347,359,422,490,417,50
"Роз. с з/к без з/ш 16А б/рамки ""BRITE""  графит  (1/100)",шт,030200534_,,,500,500,500,500,500,500,449,185,80,32,6,4,15,,353,48,582,103,936,86,582,1164,1122,1384,1414,1410,1151,1135,1171,929,1035,
"Роз. с з/к без з/ш 16А б/рамки ""BRITE""  шампань (1/100)",шт,030200525_,,,300,377,334,334,334,334,216,56,135,7,26,29,9,,193,119,610,498,317,520,236,606,966,935,725,859,742,442,5,180,38,
"Роз. с з/к без з/ш 16А б/рамки ""BRITE"" белый (1/100)",шт,030200460_,7433,5895,3818,4805,6360,5451,3618,3596,4130,2211,7273,4324,7602,5194,4690,3421,10668,8526,6384,6230,4785,6815,6988,6797,6596,6583,6228,6344,5865,6105,4440,4305,2605,7433
"Роз. с з/к без з/ш 16А б/рамки ""BRITE"" жемчуг (1/100)",шт,030200522_,100,100,600,600,600,600,600,570,510,447,269,192,157,103,47,4,314,194,301,206,216,328,525,487,430,368,546,507,476,350,426,516,481,100
"Роз. с з/к без з/ш 16А б/рамки ""BRITE"" сталь (1/100)",шт,030200531_,30,10,410,872,471,97,485,27,13,633,948,684,277,1216,649,425,514,736,946,1196,808,1148,1210,1373,1144,944,923,868,886,797,826,872,546,30
"Роз. с з/к без з/ш 16А б/рамки ""BRITE"" черный (1/100)",шт,030200485_,2324,1940,364,4563,12176,8549,6084,3900,6450,7139,11690,8399,5811,7581,9242,6265,10097,7883,8310,8046,6821,9248,8954,8520,9542,8082,8603,8346,8906,8708,6655,7142,6754,2324
"Роз. с з/к с з/ш 16А USB A+A 2,1А б/рамки ""BRITE"" белый (1/80)",шт,030200966_,80,76,72,70,55,47,41,41,45,44,41,41,41,15,9,9,7,7,2,2,2,2,3,5,3,3,3,2,3,3,2,2,2,80
"Роз. с з/к с з/ш 16А USB A+A 3,1А б/рамки ""BRITE"" белый (1/80)",шт,030200759_,81,81,81,82,80,80,80,78,82,81,82,82,82,12,12,12,12,11,11,10,10,8,8,8,8,8,8,7,6,6,6,6,6,81
"Роз. с з/к с з/ш 16А USB A+C 18Вт б/рамки ""BRITE"" белый (1/80)",шт,030200567_,83,83,83,77,58,58,22,22,31,29,25,13,2,20,20,30,28,26,21,15,15,10,9,7,1,4,,9,10,10,10,8,10,83
"Роз. с з/к с з/ш 16А с USB A+A 2,1А б/рамки ""BRITE"" алюминий (1/80)",шт,030200969_,83,83,83,82,80,80,80,80,84,84,84,84,84,4,4,4,4,4,5,5,5,5,5,5,4,4,4,4,4,4,4,4,4,83
"Роз. с з/к с з/ш 16А с USB A+A 2,1А б/рамки ""BRITE"" графит (1/80)",шт,030200781_,81,81,75,81,75,74,73,73,77,73,73,73,73,9,9,9,9,9,7,7,7,7,7,7,7,7,7,6,6,6,6,6,6,81
"Роз. с з/к с з/ш 16А с USB A+A 2,1А б/рамки ""BRITE"" сталь (1/80)",шт,030200968_,83,83,83,84,78,57,57,57,61,58,68,68,67,9,9,9,9,9,8,8,8,8,7,7,7,7,7,6,6,6,6,6,6,83
"Роз. с з/к с з/ш 16А с USB A+A 2,1А б/рамки ""BRITE"" черный (1/80)",шт,030200967_,83,83,83,81,79,79,77,77,80,79,81,75,71,4,4,4,3,5,6,6,6,6,6,6,6,6,6,6,4,4,4,4,3,83
"Роз. с з/к с з/ш 16А с USB A+A 3,1А б/рамки ""BRITE"" алюминий (1/80)",шт,030200764_,83,83,83,84,82,82,82,82,86,86,86,86,86,6,6,6,6,6,6,6,6,6,6,6,6,6,6,6,6,6,6,6,6,83
"Роз. с з/к с з/ш 16А с USB A+A 3,1А б/рамки ""BRITE"" графит (1/80)",шт,030200768_,83,83,83,77,75,75,75,75,79,79,77,77,77,7,7,7,7,7,7,7,7,7,6,6,6,3,3,2,2,2,2,2,2,83
"Роз. с з/к с з/ш 16А с USB A+A 3,1А б/рамки ""BRITE"" сталь (1/80)",шт,030200766_,83,83,83,83,81,81,81,81,85,85,85,85,85,5,5,5,5,5,4,4,4,4,4,4,4,4,4,3,3,3,3,3,3,83
"Роз. с з/к с з/ш 16А с USB A+A 3,1А б/рамки ""BRITE"" черный (1/80)",шт,030200770_,80,80,80,80,75,65,65,65,69,58,59,59,59,17,17,17,17,17,56,56,56,56,54,53,53,53,53,53,52,52,52,52,52,80
"Роз. с з/к с з/ш 16А с USB A+C 18Вт б/рамки ""BRITE"" алюминий (1/80)",шт,030200950_,83,83,83,83,81,81,79,79,83,83,83,83,82,2,2,10,8,8,8,8,8,8,8,8,5,5,5,5,5,3,3,3,3,83
"Роз. с з/к с з/ш 16А с USB A+C 18Вт б/рамки ""BRITE"" графит (1/80)",шт,030200948_,83,83,83,83,81,81,81,74,74,74,74,74,74,,5,5,25,25,23,23,23,23,23,23,23,23,23,22,21,21,21,21,21,83
"Роз. с з/к с з/ш 16А с USB A+C 18Вт б/рамки ""BRITE"" сталь (1/80)",шт,030200949_,83,83,82,76,74,73,73,73,77,77,77,77,77,7,7,7,7,7,8,8,8,7,7,7,4,4,4,3,3,3,3,3,1,83
"Роз. с з/к с з/ш 16А с USB A+C 18Вт б/рамки ""BRITE"" черный (1/80)",шт,030200947_,83,83,83,77,75,54,54,53,51,46,42,42,42,22,22,22,20,20,15,9,9,7,7,7,7,14,34,29,28,27,31,28,18,83
"Роз. с з/к с з/ш с кр. 16А IP20 б/рамки ""BRITE"" алюминий (1/100)",шт,030200923_,99,88,77,86,59,52,46,42,39,37,48,47,47,46,46,41,40,34,28,28,23,9,9,5,8,14,16,16,16,15,15,15,15,99
"Роз. с з/к с з/ш с кр. 16А IP20 б/рамки ""BRITE"" белый (1/100)",шт,030200920_,119,106,103,76,150,133,111,103,88,59,99,92,81,71,4,84,73,50,58,64,17,69,75,70,78,80,86,81,69,68,49,41,51,119
"Роз. с з/к с з/ш с кр. 16А IP20 б/рамки ""BRITE"" графит (1/100)",шт,030200925_,46,51,125,188,170,143,186,149,118,178,164,156,138,73,84,78,76,56,38,65,120,119,119,101,52,59,32,27,30,30,19,27,39,46
"Роз. с з/к с з/ш с кр. 16А IP20 б/рамки ""BRITE"" сталь (1/100)",шт,030200924_,98,65,5,83,66,66,66,38,42,59,87,71,51,49,3,3,21,21,48,48,18,11,23,21,19,19,19,18,15,21,11,5,3,98
"Роз. с з/к с з/ш с кр. 16А IP20 б/рамки ""BRITE"" черный (1/100)черный ",шт,030200926_,115,8,19,,448,349,450,414,366,311,364,290,209,172,116,79,141,24,173,200,163,176,220,178,127,95,264,146,102,116,73,150,111,115
"Роз. с з/к/ш 16А б/рамки ""BRITE"" алюминий (1/100)",шт,030200406_,750,897,1108,1388,2426,1914,1605,1270,1593,1071,1852,1652,1556,1270,983,722,1492,1150,1209,982,640,898,748,768,933,813,893,659,617,666,593,739,756,750
"Роз. с з/к/ш 16А б/рамки ""BRITE"" бежевый (1/100)",шт,030200827_,7,133,117,347,365,363,258,276,161,91,190,674,613,403,103,639,533,287,621,766,451,623,735,713,435,585,604,519,513,264,548,610,628,7
"Роз. с з/к/ш 16А б/рамки ""BRITE"" белый (1/100)",шт,030200461_,2753,2227,1837,1787,1837,2967,2444,1344,1313,1228,1922,1633,2047,1999,1541,685,4004,3007,2066,3525,1808,3356,3670,3394,3637,3313,3525,2896,4529,4136,3544,2294,1723,2753
"Роз. с з/к/ш 16А б/рамки ""BRITE"" графит (1/100)",шт,030200471_,1699,2760,1615,3103,5483,4072,4328,2806,3575,3953,5301,4886,4171,4972,3981,3489,4269,3799,3630,3119,2800,2446,2229,1722,1729,1284,1439,1185,1070,528,906,1257,978,1699
"Роз. с з/к/ш 16А б/рамки ""BRITE"" жемчуг (1/100)",шт,030200428_,1561,1169,516,888,1122,581,867,660,667,778,1105,955,1060,1060,810,801,968,870,826,741,659,647,597,457,357,319,213,252,235,235,229,226,166,1561
"Роз. с з/к/ш 16А б/рамки ""BRITE"" сталь (1/100)",шт,030200499_,1024,1130,544,1850,3278,2599,2299,2005,2610,2388,2171,2291,1660,2008,1529,799,1460,1053,1292,1232,1216,1438,1360,1217,1347,1249,1153,1021,978,907,804,894,684,1024
"Роз. с з/к/ш 16А б/рамки ""BRITE"" шампань (1/100)",шт,030200434_,685,507,172,865,1900,1247,1237,798,1171,857,1767,1389,1190,1131,1305,992,1816,1307,1173,1161,947,1036,965,789,917,857,920,758,825,956,551,796,894,685
"Роз. с з/к/ш с кр. 16А IP44 б/рамки ""BRITE"" белый (1/100)",шт,030200467_,210,131,95,80,49,131,72,12,59,1,293,257,209,152,102,,199,148,137,268,113,200,186,80,187,163,197,288,347,158,341,162,357,210
"Роз. с с/з з/ш 16А б/рамки ""BRITE"" маренго (1/100)",шт,030200550_,89,2,96,71,86,21,92,49,43,120,164,43,32,162,132,110,150,150,69,69,82,11,81,,,,,,,,,,,89
Розетка 1-ая з/к о/у 16А IP54 AQUATIC РСш12-2-А IEK,шт,ярп40255,71,,65,132,,74,82,21,7,150,86,23,3,,3,86,101,95,3,5,,55,,,1,75,64,,,,,,,71
Розетка 2-ая з/к о/у 16А IP54 AQUATIC РСш22-2-А IEK ,шт,ярп40256,38,,120,82,,56,49,109,72,119,31,74,14,5,40,75,64,169,99,138,134,171,90,48,31,24,12,14,5,,,,,38
"Розетка 2-ая компьютерная RJ45 кат.5E ""BRITE"" графит (1/100)",шт,030200875_,29,8,63,62,31,20,110,69,68,79,58,21,21,81,63,40,,5,,53,105,97,97,79,96,96,96,95,97,97,67,37,36,29
Розетка ORS-G-1-2 для реле OGR-1 2C ONI ORS-G-1-2-G NEW,шт,130600204_,20,20,20,20,20,20,6,2,2,2,2,72,72,72,72,72,59,39,41,41,41,41,1,3,,,44,44,46,42,18,18,18,20
Розетка ORS-G-2-2 для реле OGR-2 2C ONI ORS-G-2-2-G NEW,шт,130600208_,4,4,4,4,4,3,3,3,3,3,3,,,,,,,,3,3,3,3,3,3,2,2,2,2,2,2,2,2,,4
Розетка ORS-G-2-4 для реле OGR-2 4C ONI ORS-G-2-4-G NEW,шт,130600207_,10,5,1,1,1,1,1,1,11,11,6,4,,,,,,,1,1,1,1,1,1,,,,,,,,,,10
Розетка ORS-M для реле ORM 2C ONI ORS-M-1-2-G NEW,шт,130600206_,2,2,2,2,2,2,2,2,2,2,2,2,2,2,2,2,2,2,5,5,5,25,5,5,5,5,5,5,5,5,5,5,5,2
Розетка двойная RJ11+RJ45 кат.5E РК/Т12-БрКр бежевый IEK,шт,BR-KT20-O-1-K10,10,10,10,10,,,,,,,,,,,,,,,,,,,,,,,,,,,,,,10
Розетка для плиты РПпл10-01-Ст з/к о/у 32А белая IEK,шт,130300774_,1,1,14,2,2,32,31,18,17,21,21,5,10,,,5,26,26,22,19,19,18,18,20,18,17,16,16,15,8,2,2,12,1
Розетка для плиты РПпл11-01-Ст з/к c/у 32А белая IEK ,шт,130300773_,45,21,20,28,27,26,26,24,22,31,28,27,12,1,1,26,25,25,25,24,24,23,22,22,19,19,15,15,15,15,5,3,3,45
"Розетка информационная RJ-45 UTP кат.5е,1 модуль РКИ-10-00-П ПРАЙМЕР (100)",шт,280100129_,84,10,590,524,680,593,591,527,332,781,943,889,819,753,749,645,629,573,597,592,256,724,704,573,365,563,501,393,285,525,410,285,361,84
"Розетка информационная RJ-45 UTP кат.5е,2 модуль РКИ-20-00-П ПРАЙМЕР (100)",шт,280100130_,10,,110,102,142,140,76,54,43,96,158,88,29,28,5,21,24,42,30,11,,78,54,72,63,92,82,54,105,44,57,54,36,10
Розетка на дин-рейку РАр10-3-ОП с заземлением IEK,шт,130200032_,732,472,784,690,840,811,684,717,281,608,481,599,,,,642,509,25,3,155,,1157,1121,1045,986,816,277,56,4,,,,,732
"Розетка с з/к 2к, 2 модуля (белая) РКС-20-30-П ПРАЙМЕР (100)",шт,280100131_,1892,1290,1129,924,2437,2012,1780,1271,681,2337,1556,1830,1864,1108,842,1063,1521,1851,1545,1347,592,1470,1618,1327,1456,1226,1392,1617,1110,1453,811,1311,1439,1892
"Розетка с з/к 2к, 2 модуля (красная) РКС-20-32-П ПРАЙМЕР (10)",шт,280100132_,353,289,275,20,233,183,218,208,200,208,127,261,237,228,217,162,238,146,89,123,37,163,131,183,188,81,60,328,215,257,263,324,314,353
"Розетка телеф RJ-11 кат.3, 1 модуль РКФ-10-00-П ПРАЙМЕР (100)",шт,280100133_,9,9,8,,,,,9,17,16,17,14,8,8,8,8,4,4,4,4,4,4,4,4,4,4,,2,12,12,6,6,6,9
РСш 12-3-КБ Розетка 2местн. c з/к  с защ.штор. 16А КВАРТА (160) *,шт,200400009_,,,,,,,,,,,,,,,,,,,,,,,,,,,,,,,,,,
Рубильник  ВР-32-35  В31250-250А IEK (12) !!!,шт,270400021_,,,,,,,81,81,81,81,41,41,41,41,41,41,41,40,40,40,40,40,40,40,40,40,40,40,40,40,40,40,40,
Рубильник  ВР-32-37  В31250-400А IEK (8) !!!,шт,270400022_,,,,,,,2,2,2,2,2,2,2,2,2,,,,,,,,,,,,,,,,,,,
Рубильник  ВР32И-35В31250 250А IEK !!!,шт,ярп40129,,,,,,41,,,,,,,,,,,,,,,,,,,,,,,,,,,,
Рубильник  трехпозиционный ВРТ-63 1P 63А IEK,шт,270400046_,,,,,,,,,,,,,,,,,,,,,,,,,,50,50,50,47,37,36,28,24,
Рубильник  трехпозиционный ВРТ-63 2P 63А IEK,шт,270400035_,3,3,,,,6,8,6,3,1,,5,4,4,4,3,2,1,1,,,,,,,48,48,48,24,1,1,,3,3
Рубильник  трехпозиционный ВРТ-63 3P 63А IEK,шт,270400047_,,,1,1,,,,,1,1,,,3,3,3,3,,,,,,,,,,29,27,23,6,1,,,16,
Рубильник  трехпозиционный ВРТ-63 4п 63А IEK,шт,270400043_,2,2,2,2,2,2,1,1,,,,,,,,,,,,,,,,,,27,30,29,30,26,24,16,,2
Рюкзак монтажника с резиновым дном BP-07 ARMA2L 5 IEK (1),шт,130200418_,11,2,7,12,10,10,8,8,8,8,11,11,10,10,6,6,6,6,3,4,4,4,2,2,2,2,2,2,2,2,2,2,1,11
Сальник MG 32 диаметр проводника 16-24мм IP68 IEK,шт,ярп5867,,,,,,,,,,,,,,,,,,,,,,,,,,,,,,,,,,
"Самоклеящаяся этикетка ""Заземление"" 30х30 IEK !!!",шт,ст-9951984,384,149,149,149,149,149,149,149,149,,,,,,,,,,,,,,,,,,,,,,,,,384
"Самоклеящаяся этикетка ""Молния"" 50х50х50 IEK !!!",шт,ст-9951895,660,410,410,410,376,376,376,376,376,,,,,,,,,,,,,,,,,,,,,,,,,660
Свет. индикатор фаз (3-х фазн. на DIN-рейку) IEK (24/480),шт,130200019_,16,8,4,25,18,12,1,29,26,24,43,37,33,31,24,24,24,23,23,19,19,15,14,13,5,30,30,29,27,25,21,18,16,16
Светильник LED настол. 2012 5Вт карман белый IEK,шт,081100755_,49,49,49,49,49,49,49,49,49,49,49,49,49,49,49,49,,,,,,,,,,,,,,,,,,49
Светильник LED настол. 2013 9Вт ночник белый IEK,шт,081100751_,52,52,51,50,49,49,48,48,39,38,38,38,36,24,17,9,1,1,1,,,,,,,,,,,,,,,52
Светильник LED настол. 2013 9Вт ночник черный IEK,шт,081100752_,58,58,58,57,54,53,53,53,53,53,53,47,17,17,16,16,3,3,3,,,,,,,,,,,,,,,58
Светильник LED настол. 2015 8Вт белый IEK,шт,081100753_,2,2,,,,,,,,,,,,,,,,,,,,,,,,,,,,,,,,2
Светильник LED настол. 2015 8Вт черный IEK,шт,081100754_,2,2,,,,,,,,,,,,,,,,,,,,,,,,,,,,,,,,2
Светильник LED переносной ДРО 2060 IP44 шнур 10м черный IEK,шт,081100766_,34,33,28,16,16,8,6,11,10,7,11,13,10,10,10,10,10,7,7,7,3,5,5,5,,,,,,1,7,7,4,34
Светильник LED переносной ДРО 2061 IP54 шнур 10м черный IEK,шт,081100767_,6,13,9,9,10,8,12,10,3,7,10,10,15,14,12,10,6,3,3,8,9,7,7,10,5,2,2,6,4,5,14,13,12,6
"Светильник аварийный ДПА 5030-1, NI-CD, пост.,1ч,IP20, IEK",шт,081100768_,,17,35,35,35,33,33,24,,,8,68,65,53,51,49,49,42,9,19,3,16,2,12,13,4,13,18,18,7,5,18,12,
"Светильник аварийный ДПА 5030-3, NI-CD, пост.,3ч,IP20, IEK",шт,081100769_,5,5,25,30,7,10,2,9,6,18,41,26,19,10,34,26,56,5,10,54,53,,8,58,12,,78,64,74,74,73,14,,5
Светильник встраиваемый под лампу GX53 белый IEK,шт,081100749_,210,199,,317,198,332,409,307,185,196,362,322,372,292,286,267,241,174,,150,118,179,381,186,,113,492,333,184,239,239,108,91,210
Светильник ДБА 3926 аккумулятор 3ч 3Вт IEK,шт,130200381_,18,18,31,2,,56,42,31,,,21,90,15,13,10,45,95,6,3,92,81,49,52,43,43,52,82,70,78,75,70,14,89,18
Светильник ЛСП3907 ЭПРА 1х18Вт IP65 IEK,шт,ярп40135,9,9,9,9,9,9,9,9,9,9,9,9,9,9,9,9,9,9,9,9,9,9,9,9,9,9,9,9,9,9,9,9,9,9
Светильник накладной под лампу GX53 белый IEK,шт,081100750_,412,365,356,346,330,400,396,392,385,355,340,318,311,307,301,298,288,271,258,167,61,58,36,122,102,102,81,76,64,53,2,23,9,412
Светильник настол. 1005 с кармашком Е27 черный IEK,шт,081100757_,34,33,33,32,31,25,25,24,18,15,12,7,1,1,1,1,1,1,1,,,,,,,,,,,,,,,34
Светильник светодиодный аккумуляторный ДБА 3928 15ч 12Вт IEK,шт,130200378_,6,22,1,,17,24,,13,4,78,107,13,2,2,2,93,82,32,5,85,19,98,18,86,73,66,90,3,13,82,59,,,6
Светильник светодиодный консольный ДКУ 1013-150Д 5000К IP65 IEK,шт,яяярп5300,,,,,,,,,,,,,,,,,,,,,,,,,,,,,,,,,,
Светильник светодиодный линейный ДБО 4013 18Вт 6500К IP20 600мм призма IEK,шт,LDBO0-4013-18-6500-K,,,,,,,,,,,,,,,,,,,,,40,40,40,40,40,40,40,40,40,40,40,40,40,
Светильник уличный 5100 настенный E27 IP54 черный IEK,шт,150101182_,,,,,,,,,,,59,58,59,59,51,51,51,31,26,43,43,43,23,19,19,19,18,15,24,21,21,4,4,
Светильник уличный 5101 настенный E27 IP54 черный IEK,шт,150101183_,,,,,,,,,,,59,55,55,52,52,47,46,43,32,16,11,35,21,21,31,31,,33,43,38,38,36,34,
Светильник уличный 5104 потолочный GX53 IP65 белый IEK,шт,150101200_,,,,,,,,,,,97,77,74,74,74,74,74,69,69,67,51,41,41,39,39,,35,35,35,35,35,26,25,
Светильник уличный 5104 потолочный GX53 IP65 серый IEK,шт,150101202_,,,,,,,,,,,99,50,44,44,44,94,94,94,94,94,56,50,11,22,22,16,16,16,16,16,16,16,8,
Светильник уличный 5104 потолочный GX53 IP65 черный IEK,шт,150101201_,,,,,,,,,,3,89,8,8,8,8,83,83,73,73,113,148,122,76,37,67,61,49,50,66,35,31,22,42,
Светильник уличный 5107 настенный GU10 IP65 белый IEK,шт,150101188_,,,,,,,,,,39,75,75,75,75,75,75,75,75,75,75,76,75,,,,,,,,,,,,
Светильник уличный 5107 настенный GU10 IP65 серый IEK,шт,150101190_,,,,,,,,,,39,44,44,24,24,18,60,100,100,97,97,85,83,83,72,70,69,69,69,68,66,66,66,48,
Светильник уличный 5107 настенный GU10 IP65 черный IEK,шт,150101189_,,,,,,,,,,39,55,45,40,40,38,84,73,62,78,78,75,67,53,52,51,51,35,35,24,24,23,14,24,
Светильник уличный 5108 настенный 2хGU10 IP65 белый IEK,шт,150101191_,,,,,,,,,,39,23,7,1,1,1,57,73,73,73,73,65,62,63,63,51,37,37,37,36,36,36,36,36,
Светильник уличный 5108 настенный 2хGU10 IP65 серый IEK,шт,150101193_,,,,,,,,,,39,40,,,,,77,77,72,70,88,77,97,91,13,13,18,42,40,38,16,42,26,26,
Светильник уличный 5108 настенный 2хGU10 IP65 черный IEK,шт,150101192_,,,,,,,,,,34,44,27,8,8,7,54,59,55,52,36,34,92,74,28,26,66,52,52,72,36,49,28,25,
Светильник уличный 5110 потолочный GU10 IP65 белый IEK,шт,150101203_,,,,,,,,,,39,99,79,79,79,79,79,79,79,79,79,79,79,,,,,,,,,,,,
Светильник уличный 5110 потолочный GU10 IP65 серый IEK,шт,150101205_,,,,,,,,,,6,99,99,99,99,68,68,68,68,68,68,68,68,,,,,,,,,,,,
Светильник уличный 5110 потолочный GU10 IP65 черный IEK,шт,150101204_,,,,,,,,,,39,99,79,79,79,10,10,10,10,110,110,110,110,,,,,,,,,,,,
Светильник уличный 5112 настенный GU10 IP65 серый IEK,шт,150101207_,,,,,,,,,,39,78,78,78,78,78,78,78,78,71,71,71,71,,,,,,,,,,,,
Светильник уличный 5112 настенный GU10 IP65 черный IEK,шт,150101206_,,,,,,,,,,39,79,79,79,79,79,79,79,79,79,79,79,79,,,,,,,,,,,,
Светильник уличный 5113 настенный 2хGU10 IP65 серый IEK,шт,150101209_,,,,,,,,,,39,71,39,39,39,37,87,87,87,87,84,68,68,34,32,30,30,30,30,30,30,30,30,30,
Светильник уличный 5113 настенный 2хGU10 IP65 черный IEK,шт,150101208_,,,,,,,,,,39,79,79,71,71,71,71,70,70,70,14,9,69,17,13,43,43,42,67,66,53,13,6,66,
Светильник уличный 5220 настенный GU10 IP65 белый IEK,шт,150101194_,,,,,,,,,,,79,77,77,77,77,77,77,77,77,77,79,78,,,,,,,,,,,,
Светильник уличный 5220 настенный GU10 IP65 серый IEK,шт,150101196_,,,,,,,,,,,79,79,79,78,78,78,78,78,78,78,78,78,,,,,,,,,,,,
Светильник уличный 5220 настенный GU10 IP65 черный IEK,шт,150101195_,,,,,,,,,,,79,79,79,79,79,79,79,79,78,78,78,78,,,,,,,,,,,,
Светильник уличный 5221 настенный 2хGU10 IP65 белый IEK,шт,150101197_,,,,,,,,,,,59,59,59,59,57,57,57,57,57,57,57,54,,,,,,,,,,,,
Светильник уличный 5221 настенный 2хGU10 IP65 серый IEK,шт,150101199_,,,,,,,,,,,59,58,43,43,43,43,43,43,16,46,46,31,31,30,16,26,26,26,23,23,23,23,23,
Светильник уличный 5221 настенный 2хGU10 IP65 черный IEK,шт,150101198_,,,,,,,,,,,59,59,59,59,59,59,58,58,58,58,47,31,20,22,20,20,20,20,18,15,19,19,20,
Светильник уличный 5222 потолочный GU10 IP65 белый IEK,шт,150101210_,,,,,,,,,,,90,90,90,90,90,90,90,87,87,87,87,87,,,,,,,,,,,,
Светильник уличный 5222 потолочный GU10 IP65 серый IEK,шт,150101212_,,,,,,,,,,,99,99,99,99,99,99,99,99,99,99,99,99,,,,,,,,,,,,
Светильник уличный 5222 потолочный GU10 IP65 черный IEK,шт,150101211_,,,,,,,,,,,99,99,99,99,99,99,99,99,99,99,99,99,,,,,,,,,,,,
Светильник уличный LED 5102 наст. 10Вт 4000К IP54 серый IEK,шт,150101176_,,,,,,,,,,,13,13,13,13,13,13,13,13,13,13,13,13,,,,,,,,,,,,
Светильник уличный LED 5102 наст. 10Вт 4000К IP54 черный IEK,шт,150101175_,,,,,,,,,,,14,14,14,14,14,14,14,14,14,14,17,17,,,,,,,,,,,,
Светильник уличный LED 5103 наст. 10Вт 4000К IP54 серый IEK,шт,150101178_,,,,,,,,,,,21,21,21,21,21,21,21,21,21,19,19,19,,,,,,,,,,,,
Светильник уличный LED 5103 наст. 10Вт 4000К IP54 черный IEK,шт,150101177_,,,,,,,,,,,19,15,15,15,15,15,13,13,13,13,13,13,,,,,,,,,,,,
Светильник уличный LED 5111 наст. 6Вт 4000К IP65 белый IEK,шт,150101179_,,,,,,,,,,,77,58,58,59,59,59,59,59,59,59,58,58,7,8,8,8,8,8,8,8,8,8,8,
Светильник уличный LED 5111 наст. 6Вт 4000К IP65 серый IEK,шт,150101181_,,,,,,,,,,,77,50,50,46,45,125,125,116,116,114,115,115,19,18,18,10,2,12,12,12,12,11,11,
Светильник уличный LED 5111 наст. 6Вт 4000К IP65 черный IEK,шт,150101180_,,,,,,,,,,,60,60,60,60,60,60,,100,100,100,81,73,40,40,4,44,64,74,73,73,72,46,46,
Светильник-ночник 001 круг USB датчик осв. 220В IEK,шт,081100760_,102,101,99,99,99,99,94,94,94,93,93,89,89,89,89,89,2,2,2,,,,1,1,1,1,1,1,1,1,1,1,1,102
Светильник-ночник 002 овал розетка 220В IEK,шт,081100759_,94,92,92,92,92,92,87,86,86,86,84,83,83,82,82,82,82,82,82,82,82,79,79,79,79,78,77,77,74,73,68,67,65,94
Светильник-ночник 005 овал 220В IEK,шт,081100758_,45,41,38,37,37,35,24,24,24,24,22,22,22,22,22,22,22,20,18,17,17,17,17,16,16,13,12,12,5,5,4,3,4,45
Светильник-ночник 018 квадрат датчик осв. 220В IEK,шт,081100761_,101,1,125,107,74,109,149,141,120,113,188,184,176,170,151,141,133,108,64,54,38,28,18,10,2,1,2,2,2,2,3,3,3,101
"Светодиодная лента ""Неон"" (лента LED 10м LSR5-2835WW120-8-IP65-220В - 3000K+ драйвер) IEK",шт,080800137_,5,4,4,3,2,3,3,3,2,,,4,4,4,4,4,4,3,3,3,,1,1,,,,,,1,1,1,1,,5
"Светодиодная лента ""Неон"" LED 10м LSR5-2835W120-8-IP65-220В-6500K+драйвер IEK",шт,080800139_,4,4,3,2,2,3,3,3,3,3,3,2,2,2,2,2,1,,,2,2,2,2,2,2,2,2,2,2,,,1,1,4
"Светодиодная лента ""Неон"" LED 10м LSR5-5050RGB60-8-IP65-220В+драйвер IEK",шт,080800141_,5,5,5,5,4,5,5,4,,1,1,2,2,2,2,2,2,1,1,1,1,1,1,,,,,,,,,,,5
"Светодиодная лента ""Неон"" LED 5м LSR5-2835W120-8-IP65-220В-6500K+драйвер IEK",шт,080800138_,4,3,3,3,3,4,3,3,3,2,3,3,3,3,3,3,3,,1,1,1,1,1,2,2,2,2,2,2,,,1,1,4
"Светодиодная лента ""Неон"" LED 5м LSR5-2835WW120-8-IP65-220В-3000K+драйвер IEK",шт,080800136_,4,2,3,3,3,5,5,5,5,5,5,1,4,4,4,2,1,3,3,3,,5,5,2,,2,,,,,1,1,1,4
"Светодиодная лента ""Неон"" LED 5м LSR5-5050RGB60-8-IP65-220В+драйвер IEK",шт,080800140_,8,5,5,5,5,5,5,5,5,5,5,5,4,4,4,4,4,4,4,4,4,4,4,1,1,1,1,1,,,,,,8
"Светодиодная лента ""Сделай сам"" LED 1,2м LSR-2835WW60-4,8-IP20-12В-3000K+драйвер+датч движ IEK",шт,080800130_,7,7,7,7,7,9,9,9,9,9,8,8,7,7,7,7,7,7,7,6,6,6,6,6,5,5,5,5,5,5,5,5,5,7
"Светодиодная лента ""Сделай сам"" LED 2х1,2м LSR-2835WW60-4,8-IP20-12В-3000K+драйвер+2 датч движ IEK",шт,080800129_,7,6,6,6,5,4,4,4,4,4,4,4,4,4,4,4,4,4,4,4,3,4,3,3,3,3,3,3,3,3,3,3,3,7
"Светодиодная лента ""Сделай сам"" LED 5м LSR-2835W60-4,8-IP20-12В-6500K+драйвер+выкл IEK",шт,080800132_,7,7,6,5,5,6,6,6,6,3,3,1,1,1,,1,1,2,2,2,3,13,11,9,9,9,9,7,7,7,7,7,4,7
"Светодиодная лента ""Сделай сам"" LED 5м LSR-2835W60-4,8-IP65-12В-6500K+драйвер+выкл IEK",шт,080800133_,2,2,2,2,2,,,,,2,2,2,2,2,2,,,2,2,2,1,1,1,,1,1,1,1,1,1,1,1,1,2
"Светодиодная лента ""Сделай сам"" LED 5м LSR-2835WW60-4,8-IP20-12В-3000K+драйвер+выключатель IEK",шт,080800128_,8,7,6,6,6,7,7,7,7,7,7,6,4,4,1,1,2,3,3,3,3,13,13,13,11,10,10,9,8,8,8,8,8,8
"Светодиодная лента ""Сделай сам"" LED 5м LSR-2835WW60-4,8-IP65-12В-3000K+драйвер+выкл IEK",шт,080800131_,4,4,4,4,4,5,5,5,5,5,5,5,5,5,4,1,1,1,1,1,1,1,1,1,1,1,1,1,,1,1,1,1,4
"Светодиодная лента ""Сделай сам"" LED 5м LSR-5050RGB60-14,4-IP20-12В+драйвер+контр IEK",шт,080800134_,4,4,3,3,3,4,,,,,,,,,,,1,1,1,1,1,1,1,1,1,1,1,1,1,1,1,1,1,4
"Светодиодная лента ""Сделай сам"" LED 5м LSR-5050RGB60-14,4-IP65-12В+драйвер+контр IEK",шт,080800135_,3,3,2,2,2,2,2,2,2,1,1,1,1,1,1,1,1,1,1,1,1,1,1,1,1,1,1,1,1,1,1,1,1,3
"Светорег. пов-наж. 600Вт ""BRITE"" алюминий (1/80)",шт,030200987_,82,82,76,76,74,74,74,74,51,46,45,43,41,11,10,10,10,10,10,10,10,10,7,6,6,6,6,6,6,5,4,3,2,82
"Светорег. пов-наж. 600Вт ""BRITE"" белый (1/80)",шт,030200773_,134,127,126,126,122,112,110,109,110,108,70,70,68,3,3,6,12,16,12,8,18,15,19,18,17,14,14,13,3,6,,5,8,134
"Светорег. пов-наж. 600Вт ""BRITE"" графит (1/80)",шт,030200985_,83,53,52,21,22,8,32,32,36,35,31,30,28,28,28,27,27,27,27,27,26,22,21,19,19,19,19,18,3,6,,8,13,83
"Светорег. пов-наж. 600Вт ""BRITE"" сталь (1/80)",шт,030200986_,83,82,82,82,77,76,76,76,80,77,77,77,76,6,6,6,5,5,,5,4,4,3,3,2,4,4,3,3,3,3,3,3,83
"Светорег. пов-наж. 600Вт ""BRITE"" черный (1/80)",шт,030200885_,140,130,47,163,144,125,209,208,211,204,213,210,205,53,25,33,22,14,20,26,26,22,20,19,18,18,18,18,15,13,6,6,8,140
Сиг. лампа AL-22  d22мм зеленый неон/240В цилиндр IEK (200) !!!,шт,ст-9952430,,,,,,122,112,112,100,99,99,99,99,97,92,92,92,104,104,100,94,93,92,90,75,75,63,63,63,63,63,62,62,
Сиг. лампа AL-22  d22мм красный неон/240В цилиндр IEK (200) !!!,шт,ст-9952431,,,,,,65,65,65,55,54,54,54,54,54,49,49,49,49,49,47,40,39,36,34,27,27,19,19,20,20,20,19,19,
Сиг. лампа ENR-22  d22мм белый неон/240В цилиндр IEK !!!,шт,щт-0001802,,,,,,7,7,7,7,7,7,7,7,7,7,7,7,7,7,7,7,7,7,7,7,7,4,4,4,4,4,3,3,
Сиг. лампа ЛС-47 (желтый неон) IEK (12/240),шт,080800062_,21,14,1,25,21,11,29,,,24,18,11,45,41,44,44,19,38,49,47,44,40,37,13,33,37,37,29,21,31,36,39,36,21
Сиг. лампа ЛС-47 (зеленый неон) IEK (12/240),шт,080800030_,22,36,17,36,43,41,55,,,31,8,46,85,61,85,84,69,99,98,84,38,67,53,27,23,62,60,50,16,41,45,47,48,22
Сиг. лампа ЛС-47 (красный неон) IEK (12/240),шт,080800031_,38,30,5,28,24,30,33,8,,27,18,,33,22,24,45,20,37,44,49,34,25,17,16,25,35,32,24,15,28,40,50,47,38
Сиг. лампа ЛС-47 (синий неон) IEK (12/240),шт,080800063_,,,,,,,,,,,,,,,,,,,,,,,,,,,,,1,1,1,1,1,
"Сизы-1 (1,5-3,5) синий IEK (100)",упак,130300271_,,,,,,,,,,6,6,5,5,5,6,3,3,3,,,,,,,,,,,,,,,,
"Сизы-1 (2,0-4,0) оранжевый P7-3 IEK (100)",упак,130300089_,289,210,138,5,1,,,,,3,1,1,1,1,1,1,1,1,1,1,,,,,,,,,,,,,,289
"Сизы-1 (2,5-4,5) желтый P7-4 IEK (100)",упак,130300090_,6,,,,,,,,,,,,,,,,,,,,,,,,,,,,,,,,,6
"Сизы-1 (4,0-11,0) красный P7-5 IEK (100)",упак,130300091_,12,2,2,1,1,7,2,,,2,2,2,2,2,33,33,26,22,22,20,19,19,19,19,19,19,18,18,18,18,18,18,6,12
Сизы-1 (9-25мм) серый IEK (100),упак,130300275_,2,2,2,2,2,2,1,1,1,1,1,1,1,1,2,2,2,2,2,1,2,2,2,2,2,2,2,2,2,2,2,2,2,2
Скоба RCS-2 на ДИН-рейку для ВА88-33 IEK !!!,шт,010800025_,6,6,6,6,6,6,6,6,5,10,6,6,6,6,6,6,6,6,6,6,6,6,6,6,3,3,3,3,3,3,3,3,3,6
Скоба К1157 IEK!!!,шт,280300626_,100,100,100,100,100,100,100,100,100,100,100,100,100,100,100,100,100,100,100,100,100,100,100,100,100,100,100,100,100,100,100,100,100,100
Скоба подвеса нижняя 200 мм IEK !!!,шт,щт-0002162,6,6,6,6,6,6,6,6,6,6,6,6,6,6,6,6,6,6,6,6,6,6,6,6,6,6,6,6,6,6,5,5,5,6
Скоба потолочная IEK (40),шт,280300024_,23,23,23,23,23,23,23,23,23,23,23,23,23,23,23,23,16,16,16,16,16,16,10,10,10,10,10,10,10,10,9,9,9,23
Скрепа СГ-20 IEK (100),упак,130300471_,28,28,26,15,35,35,14,,15,17,41,35,34,29,34,29,29,26,25,24,24,24,22,21,20,18,10,10,7,7,7,7,6,28
Скрепа СУ-20 IEK (100) ,упак,130300449_,19,17,17,17,17,15,20,17,15,,3,27,24,23,23,20,18,17,17,15,13,13,12,9,9,8,8,8,6,5,4,5,4,19
Совмещенный контакт АКДК-125/160А IEK !!!,шт,щт02229878,,,,,,14,14,14,14,14,14,14,14,14,14,14,14,,,,,,,,,,,,14,14,14,14,14,
Совмещенный контакт АКДК-250/400А IEK !!!,шт,щт02229866,,,,,,11,11,8,8,8,8,8,8,8,8,8,8,,,,,,,,,,,,45,45,45,45,45,
Совмещенный контакт АКДК-630/800/1600А IEK !!!,шт,щт-0001387,,,,,,9,7,7,4,4,4,,,,,,,,,,,,,,,,,,,,,,,
Соеденитель на стык лицевой  для крышки 60 мм ПРАЙМЕР (720),шт,280100138_,5,25,24,,20,19,19,19,4,141,20,60,33,18,18,28,2,63,83,73,49,61,81,76,71,70,44,,45,5,8,30,30,5
Соеденитель на стык лицевой  для крышки 75 мм ПРАЙМЕР (720),шт,280100137_,88,83,,,,138,38,,30,48,94,120,3,3,3,160,210,164,176,145,104,84,123,122,112,87,59,76,48,34,109,111,111,88
Соединитель безвинтовой CF IEK !!!,шт,ст-9953508,42,42,42,42,42,42,42,29,29,29,29,27,27,27,27,27,27,27,27,27,27,27,27,27,27,23,23,23,23,23,22,22,22,42
Соединитель на стык боковой высотой 40 мм.  ПРАЙМЕР (1440),шт,280100134_,208,167,167,83,63,139,129,80,,80,122,166,103,41,71,187,229,93,138,220,172,222,120,326,281,255,223,79,41,29,16,274,274,208
Соединитель на стык КМС 100х40 Белый ЭЛЕКОР IEK (2),шт,280200058_,50,50,48,48,28,48,48,28,,72,72,30,50,35,,,78,53,49,55,55,45,5,47,,76,76,76,54,40,70,39,38,50
Соединитель на стык КМС 100х60 Белый ЭЛЕКОР IEK (2),шт,280200059_,132,130,107,100,120,81,71,20,2,150,71,91,119,97,94,39,18,14,2,4,40,56,52,32,22,111,31,31,10,2,90,,203,132
Соединитель на стык КМС 100х60 черный ЭЛЕКОР IEK (2шт/компл),шт,280100454_,52,52,52,52,52,52,51,51,51,51,1,1,1,1,1,1,1,1,1,1,1,1,1,1,1,1,1,1,1,1,1,1,1,52
Соединитель на стык КМС 15х10 дуб ЭЛЕКОР IEK (4шт/компл),шт,280100307_,16,16,16,16,16,16,16,16,16,15,,,,,,,,,,,,,,,,,,,,,,,,16
Соединитель на стык КМС 15х10 сосна ЭЛЕКОР IEK (4шт/компл),шт,280100313_,20,20,20,20,20,20,20,20,20,19,,,,,,,,,,,,,,,,,,,,,,,,20
Соединитель на стык КМС 15х10 черный ЭЛЕКОР IEK (4шт/компл),шт,280100448_,20,20,20,20,20,20,20,20,20,20,4,4,,,,,,,,,,,,,,,,,,,,,,20
Соединитель на стык КМС 16х16 Белый ЭЛЕКОР IEK (4),шт,280200061_,420,420,420,412,412,405,400,353,336,313,308,306,306,302,302,302,308,308,308,298,238,214,204,171,171,171,141,141,141,127,134,100,95,420
Соединитель на стык КМС 16х16 дуб ЭЛЕКОР IEK (4шт/компл),шт,280100361_,20,20,20,20,20,20,20,20,20,19,19,19,19,19,19,19,19,19,19,19,19,19,19,19,19,19,19,19,19,19,19,19,19,20
Соединитель на стык КМС 16х16 сосна ЭЛЕКОР IEK (4шт/компл),шт,280100397_,20,20,20,20,20,20,20,20,20,19,20,,,,,,,,,,,,,,,,,,,,,,,20
Соединитель на стык КМС 16х16 черный ЭЛЕКОР IEK (4шт/компл),шт,280100449_,20,20,20,20,20,20,20,20,20,20,20,,,,,,,,,,,,,,,,,,,,,,,20
Соединитель на стык КМС 20х10 Белый ЭЛЕКОР IEK (4),шт,280200062_,32,47,47,22,62,57,57,47,38,78,118,68,78,78,78,74,61,61,61,62,,60,80,80,80,50,50,50,50,62,74,73,53,32
Соединитель на стык КМС 20х10 дуб ЭЛЕКОР IEK (4шт/компл),шт,280100308_,20,20,20,20,20,20,20,12,12,11,,,,,,,,,,4,4,4,4,4,4,4,4,4,4,4,4,4,4,20
Соединитель на стык КМС 20х10 сосна ЭЛЕКОР IEK (4шт/компл),шт,280100314_,20,20,20,20,20,20,20,20,20,19,,,,,,,,,,,,,,,,,,,,,,,,20
Соединитель на стык КМС 20х10 черный ЭЛЕКОР IEK (4шт/компл),шт,280100450_,20,20,20,20,20,20,20,20,20,20,20,20,16,16,16,16,16,16,16,16,16,16,16,16,16,16,16,16,16,6,6,6,6,20
Соединитель на стык КМС 25х16 Белый ЭЛЕКОР IEK (4),шт,280200083_,367,327,324,324,118,295,290,278,237,297,63,63,15,10,,192,40,33,18,240,132,160,90,135,89,185,74,91,93,1,1,1,250,367
Соединитель на стык КМС 25х16 дуб ЭЛЕКОР IEK (4шт/компл),шт,280100362_,76,76,76,76,76,76,76,76,76,75,75,3,3,3,3,3,3,3,3,4,4,4,4,4,4,4,4,4,,,,,,76
Соединитель на стык КМС 25х16 сосна ЭЛЕКОР IEK (4шт/компл),шт,280100398_,80,80,80,80,80,80,80,80,80,79,79,79,79,79,79,79,79,79,79,76,76,76,76,76,76,76,76,76,76,16,76,76,76,80
Соединитель на стык КМС 25х16 черный ЭЛЕКОР IEK (4шт/компл),шт,280100451_,76,76,76,76,76,76,76,76,76,76,76,,,,,,,,,,,,,,,,,,,,,,,76
Соединитель на стык КМС 40х16 Белый ЭЛЕКОР IEK (4),шт,280200063_,2,2,42,42,82,37,35,32,20,100,100,100,42,,,,484,484,480,454,439,439,437,434,424,409,353,338,338,338,334,334,334,2
Соединитель на стык КМС 40х16 дуб ЭЛЕКОР IEK (4шт/компл),шт,280100363_,20,20,20,20,20,20,20,20,20,20,,,,,,,,,,,,,,,,,,,,,,,,20
Соединитель на стык КМС 40х16 сосна ЭЛЕКОР IEK (4шт/компл),шт,280100399_,20,20,20,20,20,20,20,20,20,19,,,,,,,,,,,,,,,,,,,,,,,,20
Соединитель на стык КМС 40х25 Белый ЭЛЕКОР IEK (4),шт,280200064_,348,218,211,306,47,475,763,707,707,664,555,428,162,482,413,8,,,,578,361,379,879,831,806,806,720,683,431,389,96,535,509,348
Соединитель на стык КМС 40х25 дуб ЭЛЕКОР IEK (4шт/компл),шт,280100364_,60,60,60,60,60,60,60,60,60,59,59,59,59,59,59,47,47,41,41,53,53,53,53,53,53,53,53,53,53,53,53,53,53,60
Соединитель на стык КМС 40х25 сосна ЭЛЕКОР IEK (4шт/компл),шт,280100400_,60,60,60,60,60,60,60,60,60,59,59,15,15,15,15,15,15,15,15,10,10,10,10,10,10,10,10,10,10,10,10,10,10,60
Соединитель на стык КМС 40х25 черный ЭЛЕКОР IEK (4шт/компл),шт,280100452_,60,60,60,60,60,60,60,60,60,60,,,,,,,,,,,,,,,,,,,,,,,,60
Соединитель на стык КМС 60х40 Белый ЭЛЕКОР IEK (4),шт,280200065_,87,123,243,241,227,241,170,154,9,107,279,225,188,182,162,129,57,9,,,,,100,80,2,10,45,55,,,2,18,10,87
Соединитель на стык КМС 60х40 черный ЭЛЕКОР IEK (4шт/компл),шт,280100453_,20,20,20,20,20,20,20,20,20,20,,,,,,,,,,,,,,,,,,,,,,,,20
Соединитель перфорированный CP INOX IEK,шт,щт-0002159,,,,,,,,,,25,25,25,25,25,25,25,25,45,45,,,,,,,,,,,,,,,
"Стаб электрон СНР 1-0-1,5 кВА (1ф) переносной IEK (4)",шт,011100098_,,1,,,1,1,1,1,1,1,1,1,1,1,1,1,1,1,1,1,1,1,1,,,,,,,,,,,
Стаб электрон СНР 1-0-3 кВА (1ф) стационарный IEK (1),шт,011100253_,,,,,,,,1,1,1,1,1,1,1,1,1,,,,,,,,,,,,,,,,,,
Стаб электрон СНР 1-0-5 кВА (1ф) IEK (1),шт,011100249_,,1,,,1,1,1,1,1,1,1,1,1,1,1,1,,,,,,,,,,,,,,,,,,
Стаб электрон СНР 1-0-8 кВА (1ф) IEK (1),шт,011100251_,,,,,,,,1,1,1,1,1,1,,,,,,,,,,,,,,,,,,,,,
"Стабилизатор напряжения серии HOME 0,5 кВА (СНР1-0-0,5) IEK E-PRO",шт,011100354_,,1,,,,,,,,,,,1,1,1,1,1,1,1,1,1,1,1,1,,,,,,,,,,
"Стабилизатор СНИ  0,5 кВА (1ф) IEK (1)",шт,130200131_,1,1,1,1,1,1,1,,,,,1,1,1,1,1,1,1,1,1,1,1,1,1,1,1,1,1,1,1,1,1,1,1
Стабилизатор СНИ  1 кВА (1ф) IEK (1),шт,011100064_,1,,,,,,1,1,1,1,4,4,4,4,4,4,4,3,3,3,2,1,1,1,1,1,1,1,1,1,1,1,1,1
Стабилизатор СНИ  2 кВА (1ф) IEK (1),шт,011100063_,1,1,1,1,2,2,2,2,1,2,2,1,1,2,2,1,1,,,,,,,,,,,,,,,,,1
Стабилизатор СНИ  3 кВА (1ф) IEK (1),шт,011100062_,1,1,1,1,1,1,1,1,1,1,1,1,1,1,1,1,1,1,1,1,1,1,1,1,,,,,,,,,,1
Стабилизатор СНИ  3 кВА (3ф) IEK (1),шт,011100067_,2,2,2,1,1,1,1,,,2,2,1,1,,1,1,1,1,1,1,1,,,,,,,,,,,,,2
Стабилизатор СНИ  5 кВА (1ф) IEK (1),шт,011100065_,1,1,1,1,1,1,1,1,1,1,,1,1,1,1,1,1,1,,1,1,1,,,,,,,,,,,,1
Стабилизатор СНИ 10 кВА (1ф) IEK (1),шт,011100071_,,1,1,1,1,1,,2,1,1,1,1,1,1,1,1,,,,,,,,,,,,,,,,,,
Стабилизатор СНИ 15 кВА (1ф) IEK (1),шт,011100066_,,,,,,,,,,,,,,,,,,,,,,,,,,,,,,1,1,1,1,
Стабилизатор СНИ 15 кВА (3ф) IEK (1),шт,011100068_,1,1,,,,,,,,2,1,1,,1,,,2,1,,2,2,2,2,1,,,,,1,,,,,1
Стабилизатор СНИ 20 кВА (3ф) IEK (1),шт,011100069_,6,6,6,6,5,4,4,3,3,3,3,1,1,1,,,2,1,1,1,1,1,1,1,1,1,1,1,1,,,,,6
"Стальной трос с рым-болтом M8, 2 м IEK !!!",шт,щт-0002161,65,65,65,65,65,65,65,65,65,65,65,65,65,65,65,65,65,65,65,65,65,65,65,65,65,65,65,65,65,65,65,65,65,65
Стационарная розетка  113 2р+ре 16А 220В IP44 IEK,шт,020100015_,4,54,42,25,3,83,82,64,42,80,66,105,41,7,87,85,77,51,61,70,42,62,60,60,60,55,46,44,44,44,44,32,31,4
Стационарная розетка  114 3р+е 16А 380В IP 44 IEK,шт,020100017_,20,16,1,11,,25,23,18,13,3,21,31,46,36,36,8,28,46,36,36,36,36,18,17,27,27,21,20,20,20,20,17,16,20
Стационарная розетка  115 3р+ре+n 16А 380В IP 44 IEK,шт,020100018_,21,17,,30,,24,44,22,27,52,52,34,51,32,52,36,56,50,43,51,30,18,3,3,43,71,35,35,35,35,35,24,20,21
Стационарная розетка  123 2р+е 32А 220В IP44 IEK,шт,020100019_,35,6,59,39,3,67,67,30,30,60,21,49,55,25,64,68,55,36,65,65,51,18,7,6,35,52,40,48,55,55,42,61,57,35
Стационарная розетка  124 3р+ре 32А 380В IP 44 IEK,шт,020100020_,170,174,168,107,102,224,198,187,244,228,378,230,178,292,330,303,355,332,300,297,256,290,279,240,227,226,216,185,151,151,148,62,80,170
Стационарная розетка  125 3р+ре+n 32А 380В IP 44 IEK,шт,020100021_,151,260,183,362,278,236,314,253,186,321,295,198,546,371,381,353,406,345,267,354,260,272,213,198,181,161,140,128,147,110,96,89,57,151
Стационарная розетка  134 3р+ре 63А 380В IP 54 IEK,шт,020100022_,30,31,11,56,46,41,50,33,13,43,15,115,109,102,96,84,70,62,35,44,8,16,35,32,37,57,53,40,37,48,48,4,44,30
Стационарная розетка  135 3р+ре+n 63А 380В IP 54 IEK,шт,020100045_,24,18,6,14,13,21,19,19,13,17,15,8,17,17,11,11,14,14,7,11,11,9,10,11,1,1,10,10,9,9,9,17,15,24
Стационарная розетка  414 скрытая 3р+ре 16А 380В IP44 IEK,шт,020100023_,37,33,33,33,33,33,33,33,33,33,33,31,30,30,,,10,10,10,10,10,10,10,10,10,10,10,10,9,8,8,8,8,37
Стойка кабельная К1150,шт,щт-0000418,,,,,,,,,,1,1,1,1,1,1,1,1,1,1,1,1,1,1,1,1,1,1,1,1,1,1,1,1,
Стойка настенная СНП100  IEK !,шт,ст-9952644,20,20,20,20,20,20,20,16,16,16,16,8,8,8,8,8,8,8,8,8,8,8,8,8,8,8,8,8,8,8,8,8,8,20
Сумка монтажника открытого типа BG-05 ARMA2L 5 IEK (1),шт,130200416_,3,3,3,3,3,3,3,2,2,1,1,2,2,2,2,2,,,2,2,2,2,2,2,1,,2,2,2,2,2,2,2,3
Сумка монтажника с пластиковым дном BG-02 ARMA2L 5 IEK (1),шт,130200414_,14,13,10,9,9,9,9,9,9,8,8,8,7,2,4,5,5,3,3,3,3,3,3,3,3,3,3,3,3,3,3,3,3,14
Сумка монтажника с пластиковым дном BG-03 ARMA2L 5 IEK (1),шт,130200415_,4,2,4,4,4,4,4,3,3,2,2,,,1,1,,,2,2,2,2,2,2,,,,2,2,2,2,2,2,2,4
Сумка монтажника универсальная BG-04 ARMA2L 5 IEK (1),шт,130200413_,3,3,,2,4,4,2,1,,1,3,3,3,3,1,1,4,4,4,4,4,1,1,1,1,2,2,2,2,2,2,1,,3
"СФ-03К-вык (3 мест/1,5м.) IEK",шт,290100031_,6,6,5,5,5,5,5,3,3,3,3,3,2,2,2,14,14,14,9,9,106,103,93,87,87,85,74,73,73,73,73,73,36,6
"СФ-05К-вык (5 мест/1,5м.) IEK",шт,290100032_,5,5,3,5,5,5,1,1,1,1,,3,7,5,4,2,2,2,2,7,89,87,82,72,70,69,66,66,61,60,54,47,5,5
СФ-05К-вык (5 мест/3м.) IEK,шт,290100033_,2,,3,4,4,2,,,,1,6,2,,,,,,,9,9,108,108,100,89,87,76,71,62,53,53,23,22,4,2
СФ-05К-вык (5 мест/3м.) серый IEK,шт,290100146_,,,,,,,,,,,,,,,,,,,,,100,90,85,79,79,78,75,73,73,73,71,69,19,
СФ-05К-вык (5 мест/3м.) черный IEK,шт,290100122_,,,,,,,,,,,,,,,,,,,,,,,,,,,,,,,,,,
СФ-05К-вык (5 мест/5м.) IEK,шт,290100034_,1,12,12,10,10,10,6,1,1,1,3,3,,4,4,,,,5,8,103,103,93,86,86,81,75,74,64,64,30,3,11,1
СФ-05К-вык (5 мест/5м.) серый IEK,шт,290100148_,,,,,,,,,,,,,,,,,,,,,40,40,35,35,34,31,26,26,26,25,25,24,4,
СФ-05К-вык (5 мест/5м.) черный IEK,шт,290100147_,,,,,,,,,,,,,,,,,,,,,100,100,87,86,79,77,75,75,71,69,68,64,6,
Т-образный угол КМТ 100х60 Белый ЭЛЕКОР IEK (2),шт,280200067_,48,71,57,57,57,2,37,34,32,90,100,99,89,89,86,1,35,19,51,46,36,33,38,40,29,21,42,44,28,22,44,7,3,48
Т-образный угол КМТ 16х16 Белый ЭЛЕКОР IEK (4),шт,280200069_,6,42,42,,80,75,72,73,71,58,53,73,73,73,73,73,75,60,28,48,,33,50,30,28,46,30,10,98,98,98,98,98,6
Т-образный угол КМТ 20х10 Белый ЭЛЕКОР IEK (4),шт,280200070_,34,14,54,28,68,68,68,63,59,59,40,16,44,70,70,70,75,75,75,65,,50,89,72,72,72,72,72,72,72,68,67,67,34
Т-образный угол КМТ 25х16 Белый ЭЛЕКОР IEK (4) ,шт,280200084_,92,17,124,74,112,105,100,79,67,57,86,75,27,,,41,25,23,7,84,30,110,37,34,73,107,38,130,88,84,143,85,171,92
Т-образный угол КМТ 40х16 Белый ЭЛЕКОР IEK (4),шт,280200071_,12,20,20,20,32,,16,6,6,46,6,6,23,,20,20,245,245,245,240,140,140,139,132,122,122,95,86,86,86,86,86,86,12
Т-образный угол КМТ 40х25 Белый ЭЛЕКОР IEK (4),шт,280200072_,64,1,99,98,,,47,301,300,293,242,188,174,174,153,1,161,161,125,108,106,118,467,421,420,420,376,313,308,300,273,224,214,64
Т-образный угол КМТ 60х40 Белый ЭЛЕКОР IEK (4),шт,280200073_,29,29,24,22,40,26,39,47,36,18,81,69,41,38,35,29,35,16,9,5,44,31,44,50,38,32,18,42,45,35,27,67,17,29
Т-угол  80х40  ПРАЙМЕР (108),шт,280100136_,5,5,5,1,1,11,11,9,,,12,12,4,,,9,5,16,16,15,1,17,16,4,4,2,14,13,,12,12,24,23,5
Т-угол 100х40  ПРАЙМЕР (108),шт,280100135_,30,36,35,19,19,27,20,11,11,8,36,15,3,6,6,19,27,40,40,30,25,20,8,22,28,11,14,22,32,30,39,38,36,30
Т-угол 100х60  ПРАЙМЕР (108)!!!,шт,ст-9951103,13,25,25,25,25,25,25,25,25,25,25,25,25,25,25,25,25,25,25,25,25,25,25,25,25,25,25,25,,,,,,13
Таймер ТО47 освещения 16 230В на DIN-рейку IEK !!! (200),шт,130300247_,,,,,,,,,,,,,,,,,,,,,,,,,,,,,,,,,,
Таймер ТЭ15 цифровой 16А 230В на DIN-рейку IEK (100),шт,130300102_,156,186,113,292,247,166,135,135,103,204,170,17,1,,,232,239,319,251,270,172,189,159,169,139,163,120,152,153,67,92,79,79,156
Таймер ТЭМ 181 аналоговый 16А 230В на DIN-рейку IEK (100),шт,130300302_,40,38,17,86,77,80,58,34,37,72,26,79,50,33,54,50,2,3,2,30,52,80,72,63,46,38,53,56,51,40,25,31,12,40
"Тепловое реле РТИ-1301 (0,1-0,16 А)  IEK !!!",шт,130600075_,,,,,,1,1,,,,,,,,,,,,,,,,,,,,,,,,,,,
"Тепловое реле РТИ-1302 (0,16-0,25А) IEK !!!",шт,130600076_,10,10,10,10,10,13,13,12,8,8,8,8,8,8,8,8,8,8,8,,,,,,,,,,,,,,,10
"Тепловое реле РТИ-1303 (0,25-0,4А) IEK !!!",шт,130600077_,,,,,,15,15,12,7,5,5,5,5,5,4,3,3,2,2,2,1,1,1,1,1,1,1,1,1,,,,,
"Тепловое реле РТИ-1304 (0,4-0,63А) IEK (1/100)",шт,130600078_,7,8,13,18,12,24,23,4,3,32,31,31,30,30,31,31,19,26,26,23,23,21,20,18,9,15,15,14,14,11,11,9,9,7
"Тепловое реле РТИ-1305 (0,63-1,0А) IEK (1/100)",шт,130600079_,24,8,,37,40,40,25,26,,20,55,51,42,42,47,41,39,16,21,29,29,17,17,,3,3,11,6,11,13,12,13,20,24
"Тепловое реле РТИ-1306 (1-1,6А) IEK (1/100)",шт,130600080_,51,36,34,10,32,11,37,16,2,22,41,32,18,46,8,1,1,42,44,45,55,44,40,39,14,28,27,26,22,16,14,3,13,51
"Тепловое реле РТИ-1307 (1,6-2,5А) IEK (1/100)",шт,130600031_,45,40,20,26,51,32,46,28,12,41,55,42,11,64,30,52,68,84,70,54,38,43,22,35,31,32,32,33,26,23,19,17,10,45
"Тепловое реле РТИ-1308 (2,5-4,0А) IEK (1/100)",шт,130600052_,31,21,27,43,60,46,41,35,8,3,91,81,109,98,71,44,71,125,93,69,60,66,74,56,63,40,99,91,89,76,54,74,71,31
Тепловое реле РТИ-1310 (4-6А) IEK (1/100),шт,130600032_,45,41,36,18,42,45,36,21,,19,42,6,47,33,53,40,27,44,3,46,16,59,66,50,57,49,56,51,49,52,32,63,60,45
"Тепловое реле РТИ-1312  (5,5-8А) IEK (1/100)",шт,130600086_,48,42,9,53,55,72,52,35,9,,65,52,45,62,60,50,59,41,36,46,42,30,32,24,23,23,31,31,5,15,28,33,29,48
Тепловое реле РТИ-1314 (7-10А) IEK (1/100),шт,130600021_,60,78,35,101,97,120,75,51,10,,101,48,112,107,113,90,98,71,113,80,54,71,94,82,66,81,65,73,35,81,54,93,85,60
Тепловое реле РТИ-1316 (9-13А) IEK (1/100),шт,130600022_,43,63,63,61,60,72,41,28,,,58,51,109,96,78,52,104,74,89,79,32,92,71,71,58,68,60,57,35,48,12,65,52,43
Тепловое реле РТИ-1321 (12-18А) IEK (1/100),шт,130600053_,85,75,37,118,113,74,110,89,47,,111,66,110,90,124,90,118,83,121,121,94,115,90,90,103,93,106,97,57,97,56,67,64,85
Тепловое реле РТИ-1322 (17-25А) IEK (1/100),шт,130600023_,87,108,107,116,109,92,78,44,34,,162,118,136,115,133,108,110,162,174,127,94,126,108,114,129,136,131,125,81,94,95,130,121,87
Тепловое реле РТИ-2355 (28-36А) IEK (60),шт,130600024_,41,33,35,41,46,45,54,47,5,37,49,68,55,38,38,33,49,40,35,25,21,21,4,18,27,17,20,19,18,12,10,23,13,41
Тепловое реле РТИ-3353 (23-32А) IEK (50),шт,130600066_,55,42,25,56,71,68,54,49,48,63,71,63,49,47,40,22,46,,28,48,20,45,22,39,49,54,52,43,38,52,52,49,47,55
Тепловое реле РТИ-3355 (30-40А) IEK (50),шт,130600025_,40,43,43,63,47,44,61,59,27,24,75,60,49,56,51,18,50,61,61,63,42,64,72,57,65,55,62,64,50,39,38,63,51,40
Тепловое реле РТИ-3357 (37-50А) IEK (50),шт,130600051_,15,15,17,32,9,39,29,26,25,,42,28,26,29,37,36,33,11,29,25,17,46,42,37,38,28,33,36,36,29,28,33,27,15
Тепловое реле РТИ-3359 (48-65А) IEK (50) !!!,шт,130600057_,,,,,,4,3,,,,,,,,,,,,,,,,,,,,,,,,,,,
Тепловое реле РТИ-3361 (55-70А) IEK (50),шт,130600067_,14,22,26,20,30,49,35,26,,50,50,38,48,44,44,39,25,19,22,22,20,18,15,11,,32,27,27,22,22,15,29,24,14
Тепловое реле РТИ-3363 (63-80А) IEK (50),шт,130600064_,41,39,36,41,46,28,47,45,36,34,36,30,29,25,33,28,11,2,,29,20,38,29,26,51,43,50,50,48,35,35,51,25,41
Тепловое реле РТИ-5371 (90-120А) IEK !!!,шт,ярп6060,,,,,,2,2,,,,,,,,,,,,,,,,,,,,,,,,,,,
Тепловое реле РТИ-5375 (120-150А) IEK (100),шт,ст-9953405,,,,,,1,1,1,1,,,,,,,,,,,,1,1,1,1,1,1,1,1,1,,,,,
Термостат двухканальный от 0 до +60°C NO+NO IEK (100) NEW,шт,270300300_,1,1,6,6,4,4,3,1,1,5,7,3,3,1,1,1,2,2,,,3,3,2,2,2,2,3,2,3,1,2,2,4,1
Термостат двухканальный УККт от 0 до +60°C NO+NC IEK (100) NEW,шт,270300299_,25,21,15,12,11,11,12,4,2,2,,34,28,17,20,20,20,,11,18,7,18,1,15,5,,20,25,21,25,10,24,21,25
Термостат от 0 до 60 °C NC IEK (200) NEW,шт,130600145_,924,924,924,924,913,902,890,888,765,764,740,682,650,104,88,86,154,151,149,120,119,62,80,103,95,80,75,55,81,66,55,92,117,924
Термостат от 0 до 60 °C NO IEK (200) NEW,шт,130600154_,1006,1006,997,994,779,776,758,757,573,562,347,338,234,234,228,228,198,215,196,187,183,179,162,155,148,157,10,6,72,65,67,73,3,1006
"Термостат с инд. ""BRITE"" алюминий (1/80)",шт,030200960_,81,81,81,81,77,77,77,77,81,81,81,81,81,6,6,6,6,6,5,3,2,2,2,2,1,2,2,2,2,1,1,2,1,81
"Термостат с инд. ""BRITE"" белый (1/80)",шт,030200956_,52,47,43,40,26,28,33,20,30,35,48,30,24,12,11,11,27,17,23,23,19,10,7,19,15,15,15,12,11,13,7,10,,52
"Термостат с инд. ""BRITE"" графит (1/80)",шт,030200958_,81,79,79,79,75,70,70,64,64,64,64,64,64,8,8,8,8,8,8,8,5,4,4,4,4,4,3,3,3,2,4,5,5,81
"Термостат с инд. ""BRITE"" сталь (1/80)",шт,030200959_,80,75,75,73,68,68,68,67,71,69,66,66,65,5,5,,10,10,9,9,7,7,7,4,5,15,14,12,12,12,14,11,17,80
"Термостат с инд. ""BRITE"" черный (1/80)",шт,030200957_,66,66,58,53,51,36,31,28,30,23,23,19,9,1,,15,19,14,17,17,9,10,21,20,14,18,18,19,11,16,16,19,16,66
"Термостат с инд. ""BRITE"" шампань (1/80)",шт,030201040_,,,,,,,,,,,,,,,,,,,,,,,,,,,,,,,,,,
Термостат УККт от -20 до +60°C NO/NC IEK (100) NEW,шт,270300304_,18,18,18,18,12,10,5,5,4,3,3,,,,,,,,,,2,2,,,,,,,,,,,,18
Тестер розеток  розеток ST02D ARMA2L 5 IEK (100) NEW,шт,130200444_,96,96,96,94,93,91,89,88,86,84,72,66,66,14,14,13,12,12,11,9,10,9,9,8,8,5,4,3,3,3,3,2,2,96
Тестер розеток розеток ST03D ARMA2L 5 IEK (80) NEW,шт,130200445_,157,157,156,156,153,148,145,144,144,144,142,141,140,9,8,8,5,3,8,8,7,7,3,6,6,4,3,4,4,4,3,2,3,157
Токоизмерительные клещи CM1A IEK ARMA2L 5 IEK (30) NEW,шт,130200436_,77,76,75,73,72,64,56,49,44,35,31,24,20,13,,,16,18,17,22,18,14,15,15,17,14,10,8,15,12,10,10,8,77
Токоизмерительные клещи CM1C IEK ARMA2L 5 IEK (30) NEW,шт,130200437_,85,79,73,72,69,64,61,58,55,53,53,50,36,1,4,5,8,5,13,13,10,13,11,16,13,8,10,8,9,5,4,9,9,85
Токоизмерительные клещи CM1D IEK ARMA2L 5 IEK (30) NEW,шт,130200439_,87,75,71,69,65,62,60,57,55,55,53,51,47,12,9,4,6,8,9,10,8,8,12,10,10,10,9,9,7,3,3,7,2,87
Токоизмерительные клещи CM2C IEK ARMA2L 5 IEK (60) NEW,шт,130200438_,164,159,158,148,162,161,161,160,159,153,151,148,132,2,9,,13,11,10,12,12,10,13,14,10,10,10,10,6,6,6,5,4,164
Токоизмерительные клещи Expert 266 IEK (20),шт,200400034_,18,47,16,25,39,26,24,29,23,15,50,48,65,59,40,1,7,48,45,57,50,40,48,44,21,18,28,21,24,16,19,13,18,18
Токоизмерительные клещи Expert 266С IEK (20),шт,130200183_,8,23,37,53,42,52,47,42,40,15,47,38,53,41,31,4,25,36,34,43,32,31,35,34,11,11,28,39,37,35,29,34,31,8
Тонкогубцы 160мм K4 ARMA2L 5 IEK (1),шт,130200420_,45,41,38,38,36,35,35,29,28,23,23,21,18,16,15,11,11,9,8,8,8,8,5,5,4,4,3,4,2,5,5,3,1,45
Тонкогубцы 200мм K4 ARMA2L 5 IEK (1),шт,130200421_,27,25,24,24,22,21,13,13,11,11,11,10,10,10,8,7,2,2,7,6,6,6,4,4,2,4,4,4,4,4,,,,27
"Трансформатор тока ТТИ-100 1000\5А 15ВА кл.т.0,5 IEK  !!!",шт,щт23055078,,,,,,3,,,,,,,,,,,,,,,,,,,,,,,,,,,,
"Трансформатор тока ТТИ-100 1600\5А 15ВА кл.т.0,5 IEK !!!",шт,щт-0001786,2,,,,,3,3,3,3,3,3,3,3,3,3,,,,,,,,,,,,,,,,,,,2
"Трансформатор тока ТТИ-А   10/5А 5ВА класс 0,5 IEK !!!",шт,щщщ0116039,,,,,,4,4,4,4,4,4,4,4,4,4,4,4,4,4,4,4,4,4,4,4,4,4,4,4,4,3,3,3,
"Трансформатор тока ТТИ-А   30\5А 5ВА кл.т.0,5 IEK (36) !!!",шт,ст-9950702,,,,,,1,1,1,1,,,,,,,,,,,,,,,,,,,,,,,,,
"Трансформатор тока ТТИ-А   40/5А 5ВА кл.т.0,5 IEK (36) !!!",шт,270300184_,,,,,,3,3,3,3,3,2,2,1,1,1,1,1,1,1,1,1,1,1,1,1,1,1,1,1,1,,,,
"Трансформатор тока ТТИ-А   60\5А 5ВА кл.т.0,5 IEK (36) !!!",шт,щщщ0116026,3,3,3,3,3,3,3,3,3,3,3,3,3,3,,,,,,,,,,,,,,,,,,,,3
"Трансформатор тока ТТИ-А   75/5А  5ВА  класс 0,5  IEK",шт,270300098_,8,8,8,5,3,26,26,14,12,12,12,3,7,7,6,5,4,4,2,2,2,1,1,1,1,1,1,1,1,4,4,4,4,8
"Трансформатор тока ТТИ-А   80\5А 5ВА кл.т.0,5 IEK (36) !!!",шт,щщщ0115439,,,,,,1,1,1,1,1,1,1,1,1,1,,,,,,,,,,,,,,,,,,,
"Трансформатор тока ТТИ-А  120/5А 5ВА кл.т.0,5 IEK !!!",шт,ст-9949056,12,12,12,12,12,36,36,36,30,18,12,12,12,,6,6,6,6,6,6,6,3,3,3,3,,,,,,,,,12
"Трансформатор тока ТТИ-А  125\5А 5ВА кл.т.0,5 IEK (36) !!!",шт,ст-9951729,3,3,3,,,3,3,3,1,1,7,1,1,1,1,1,1,1,1,1,1,1,1,1,1,1,1,1,1,1,1,1,1,3
"Трансформатор тока ТТИ-А  150/5А  5ВА  класс 0,5  IEK",шт,270300100_,31,38,37,20,40,47,24,19,10,13,30,16,27,15,6,2,2,13,2,2,1,1,10,6,1,12,13,7,17,7,11,5,2,31
"Трансформатор тока ТТИ-А  200/5А  5ВА  класс 0,5  IEK",шт,270300101_,32,85,86,64,100,79,101,38,49,83,103,99,99,72,9,2,8,5,2,2,1,1,35,35,20,25,19,7,17,10,11,21,29,32
"Трансформатор тока ТТИ-А  250/5А  5ВА  класс 0,5  IEK",шт,270300132_,29,30,24,27,34,25,33,16,1,37,46,20,2,9,25,15,46,37,13,7,4,4,2,5,8,17,21,17,21,12,15,6,16,29
"Трансформатор тока ТТИ-А  300/5А  5ВА  класс 0,5 IEK (36) !!!",шт,270300113_,,,,,,79,79,79,79,70,67,67,64,61,52,36,24,21,18,12,12,12,12,,,,,,,,,,,
"Трансформатор тока ТТИ-А  500\5А 5ВА кл.т.0,5 IEK (36) !!!",шт,270300130_,,,,,,6,6,6,6,,,,,,,,,,,,,,,,,,,,,,,,,
"Трансформатор тока ТТИ-А  600\5А 5ВА кл.т.0,5 IEK (36) !!!",шт,270300030_,,,,,,12,12,12,6,3,,,,,,,,,,,,,,,,,,,,,,,,
"Трансформатор тока ТТИ-А  800\5А 5ВА кл.т.0,5 IEK (36) !!!",шт,ст-9951436,,,,,,18,18,18,18,18,15,15,15,15,9,9,9,9,6,6,6,3,3,3,3,3,3,3,,,,,,
"Трансформатор тока ТТИ-А 1000\5А 5ВА кл.т.0,5 IEK (36) !!!",шт,ст-9951313,,,,,,12,12,12,12,12,12,12,12,12,12,9,9,9,9,9,9,9,9,9,9,9,9,9,9,9,8,8,8,
"Трансформатор ТТИ-А 400\5А 5ВА кл.т.0,5 IEK (36) !!!",шт,270300106_,,,,,,,,,,,,,,,,,,,,,,,,,,,,,,,,,,
"Труба жесткая ПВХ Ø63 IEK серая (15м),3м !!!",м,щт-0000212,75,75,75,75,75,75,75,75,75,75,75,75,75,75,75,75,75,75,75,75,75,75,75,75,75,75,75,75,75,75,75,75,75,75
ТТК  12/3 черная с клеем IEK (1),м,220400107_,,,,,,,,,,,,,,,,,,,,,,,,,,,,,,,,,,
У03 (3места 2р+ре.3метра) IEK,шт,290100009_,1,1,1,1,1,1,4,,3,,1,1,,,,,,,,,,,,,,,,,,,,,,1
У03 (3места 2р+ре.5метров) IEK,шт,290100002_,,6,,,,,,,8,,2,2,2,2,2,2,2,2,2,2,2,2,2,2,2,2,,,,,,,,
У03 (3места/3метра) чер. IEK,шт,290100132_,53,34,22,22,6,,,,20,26,23,19,18,28,25,16,45,42,37,27,19,12,9,4,3,21,20,19,20,19,16,15,12,53
У03 (3места/5метров) чер. IEK,шт,290100133_,48,31,28,27,17,17,11,1,21,14,17,43,35,34,27,19,25,25,18,11,8,17,13,12,6,6,1,1,11,11,8,9,8,48
У03К (3места/3метра) чер. IEK,шт,290100134_,5,1,1,,,,1,,,47,60,47,30,16,11,6,11,5,15,17,11,19,18,15,7,6,1,1,15,14,8,9,5,5
У03К (3места/5метров) чер. IEK,шт,290100135_,15,4,1,4,,,8,1,5,52,66,59,57,56,44,34,29,25,20,20,12,15,23,23,19,17,19,16,17,17,12,15,12,15
У03К-выкл (3места/3метра ) IEK,шт,290100003_,,,,,,,,,,,,,,,,,,,,,,,,,,,,,,,,,,
У03К-выкл (3места/5метров ) IEK,шт,290100010_,,,,,,,,,,,,,,,,1,1,1,1,1,1,1,1,1,1,1,,,,,,,,
У04 (4места 2р+ре.3метра) IEK,шт,290100005_,45,45,27,29,25,21,19,,,,,,,,,,,,,,,,,,,,,,,,,,,45
У04 (4места 2р+ре.5метров) IEK,шт,290100011_,,5,5,5,5,3,2,2,8,5,3,3,3,3,3,3,3,3,5,5,3,3,3,3,3,3,,,,,,,,
У04 (4места/3метра) чер. IEK,шт,290100136_,5,2,2,2,,,,10,9,13,24,24,23,23,21,13,10,10,10,9,4,3,2,5,5,5,10,8,12,12,9,9,9,5
У04 (4места/5метров) чер. IEK,шт,290100137_,13,5,2,2,2,2,2,2,2,2,14,14,12,10,9,6,6,6,5,5,1,,,,,,,,1,1,1,,,13
У04К (4места/3метра) чер. IEK,шт,290100138_,14,3,2,,,2,1,,,10,10,14,13,13,10,10,11,11,,,,15,1,9,12,9,9,9,13,13,10,4,7,14
У04К (4места/5метров) чер. IEK,шт,290100139_,14,2,2,2,1,8,7,,,10,10,10,8,4,4,4,3,1,,5,,10,10,10,1,9,9,9,9,9,8,8,7,14
У04К-выкл (4места  .3метра ) IEK,шт,290100013_,,,,3,1,1,,,,,2,,,,,,,,4,4,4,2,1,1,,,,,,,,,,
У04К-выкл (4места  .5метра ) IEK,шт,290100014_,,,,,,,,,,,1,,,,,,,,1,1,1,,,,,,,,,,,,,
У05 (5мест 2р+ре.3метра) IEK,шт,290100015_,,,,,,,,,,,,,,,,,,,,,,,,,,,,,,,,,,
У05 (5мест 2р+ре.5метра) IEK,шт,290100016_,1,1,1,2,1,1,1,1,,,,,,,,,,,,,,,,,,,,,,,,,,1
У05 (5мест/3метра) чер. IEK,шт,290100140_,5,12,12,,,,,,5,10,9,4,12,7,8,10,14,5,13,12,12,12,12,12,12,12,12,12,9,9,8,8,5,5
У05 (5мест/5метров) чер. IEK,шт,290100141_,13,2,2,4,4,4,3,1,10,14,12,9,12,12,9,3,7,1,,,,,,,,,,,,,,,,13
У05К (5мест/3метра) чер. IEK,шт,290100142_,9,,,,,,,1,1,25,25,12,10,3,3,2,1,,4,5,4,12,11,10,8,7,10,10,10,10,9,,5,9
У05К (5мест/5метров) чер. IEK,шт,290100143_,3,,,4,4,,,,,9,16,9,6,4,2,2,4,,6,9,8,9,4,14,3,9,2,2,4,3,9,9,10,3
У05К-выкл (5места 3метра) IEK,шт,290100017_,,2,2,,,,,,2,,,,,,,,,,,,,,,,,,,,,,,,,
У3 (3места/3метра) чер. IEK,шт,290100144_,32,20,19,20,18,11,11,1,1,1,,,,,8,8,8,,7,7,4,4,4,4,4,4,4,3,5,4,4,4,4,32
У3 (3места/5метров) чер. IEK,шт,290100145_,34,31,31,30,30,30,,,,,,7,7,7,7,6,5,5,11,11,11,11,11,11,8,8,3,3,3,3,3,3,3,34
Угол внешний КМН 100х60 черный ЭЛЕКОР IEK (2шт/компл) ,шт,280100426_,48,48,48,48,48,48,48,48,48,47,48,48,48,48,48,48,48,48,,,,,,,,,,,,,,,,48
Угол внешний КМН 15х10 дуб ЭЛЕКОР IEK (4шт/компл) ,шт,280100300_,80,80,80,80,80,80,80,80,80,80,80,,,,,,,,,,,,,,,,,,,,,,,80
Угол внешний КМН 15х10 сосна ЭЛЕКОР IEK (4шт/компл) ,шт,280100294_,80,80,80,80,80,80,80,80,80,80,,,,,,,,,,,,,,,,,,,,,,,,80
Угол внешний КМН 15х10 черный ЭЛЕКОР IEK (4шт/компл) ,шт,280100420_,80,80,80,80,80,80,80,80,80,80,80,4,4,4,4,4,4,4,4,,,,,,,,,,,,,,,80
Угол внешний КМН 16х16 дуб ЭЛЕКОР IEK (4шт/компл) ,шт,280100345_,40,40,40,40,40,40,40,40,40,40,,,,,,,,,,,,,,,,,,,,,,,,40
Угол внешний КМН 16х16 сосна ЭЛЕКОР IEK (4шт/компл) ,шт,280100380_,30,30,30,30,30,28,28,28,28,28,28,28,28,28,28,28,28,28,28,28,28,28,28,28,28,28,28,28,28,28,28,28,28,30
Угол внешний КМН 16х16 черный ЭЛЕКОР IEK (4шт/компл) ,шт,280100421_,30,30,30,30,30,30,30,30,30,30,2,2,2,2,2,2,2,2,2,,,,,,,,,,,,,,,30
Угол внешний КМН 20х10 дуб ЭЛЕКОР IEK (4шт/компл) ,шт,280100301_,40,40,40,40,40,40,40,40,40,40,,,,,,,,,,,,,,,,,,,,,,,,40
Угол внешний КМН 20х10 сосна ЭЛЕКОР IEK (4шт/компл) ,шт,280100295_,40,40,40,40,40,40,40,40,40,40,40,,,,,,,,,,,,,,,,,,,,,,,40
Угол внешний КМН 20х10 черный ЭЛЕКОР IEK (4шт/компл) ,шт,280100422_,40,40,40,40,40,40,40,40,40,40,40,,,,,,,,,,,,,,,,,,,,,,,40
Угол внешний КМН 25х16 дуб ЭЛЕКОР IEK (4шт/компл,шт,280100346_,80,80,80,80,80,80,80,80,80,80,,,,,,,,,,,,,,,,,,,,,,,,80
Угол внешний КМН 25х16 сосна ЭЛЕКОР IEK (4шт/компл) ,шт,280100381_,75,75,75,75,62,62,62,62,62,62,2,1,1,1,1,1,1,1,1,2,2,2,2,2,2,2,2,2,2,,,,,75
Угол внешний КМН 25х16 черный ЭЛЕКОР IEK (4шт/компл) ,шт,280100423_,76,76,76,76,76,71,71,71,71,71,71,71,71,71,71,71,71,71,71,71,71,71,71,67,67,67,67,67,63,63,63,63,63,76
Угол внешний КМН 40х16 дуб ЭЛЕКОР IEK (4шт/компл) ,шт,280100347_,20,20,20,20,20,20,20,20,20,20,,,,,,,,,,,,,,,,,,,,,,,,20
Угол внешний КМН 40х16 сосна ЭЛЕКОР IEK (4шт/компл) ,шт,280100382_,16,16,16,16,16,16,16,16,16,16,,,,,,,,,,,,,,,,,,,,,,,,16
Угол внешний КМН 40х25 дуб ЭЛЕКОР IEK (4шт/компл),шт,280100348_,60,60,60,60,60,60,58,58,58,58,2,2,2,2,2,2,2,2,2,,,,,,,,,,,,,,,60
Угол внешний КМН 40х25 сосна ЭЛЕКОР IEK (4шт/компл) ,шт,280100383_,60,60,60,60,60,60,60,60,60,60,60,4,4,4,4,4,4,4,4,7,7,7,7,7,7,7,7,7,7,3,3,3,3,60
Угол внешний КМН 40х25 черный ЭЛЕКОР IEK (4шт/компл) ,шт,280100424_,60,60,60,60,60,55,55,55,55,55,55,3,3,3,1,1,,,,1,1,1,1,1,1,1,1,1,1,1,1,1,1,60
Угол внешний КМН 60х40 черный ЭЛЕКОР IEK (4шт/компл) ,шт,280100425_,38,38,38,38,38,38,38,38,38,38,38,36,35,35,35,35,35,32,28,,,,,,,,,,,,,,,38
Угол внутренний КМВ 100х60 черный ЭЛЕКОР IEK (2шт/компл) ,шт,280100433_,13,13,13,13,13,13,12,12,12,12,12,12,12,12,12,12,12,12,12,13,13,11,11,11,11,3,1,,,,,,,13
Угол внутренний КМВ 15х10 дуб ЭЛЕКОР IEK (4шт/компл) ,шт,280100311_,80,80,80,80,80,80,80,80,80,80,,,,,,,,,,,,,,,,,,,,,,,,80
Угол внутренний КМВ 15х10 сосна ЭЛЕКОР IEK (4шт/компл) ,шт,280100296_,76,76,76,76,76,76,76,76,76,76,76,32,32,32,32,32,32,32,32,32,32,32,32,32,32,32,32,32,32,32,32,32,32,76
Угол внутренний КМВ 16х16 дуб ЭЛЕКОР IEK (4шт/компл) ,шт,280100349_,30,30,30,30,30,30,30,30,30,30,2,2,2,2,2,2,2,2,2,,,,,,,,,,,,,,,30
Угол внутренний КМВ 16х16 сосна ЭЛЕКОР IEK (4шт/компл) ,шт,280100384_,24,24,24,24,24,22,22,22,22,22,22,6,6,6,6,6,6,6,6,,,,,,,,,,,,,,,24
Угол внутренний КМВ 16х16 черный ЭЛЕКОР IEK (4шт/компл) ,шт,280100428_,32,32,32,32,32,32,32,32,32,32,,,,,,,,,,,,,,,,,,,,,,,,32
Угол внутренний КМВ 20х10 дуб ЭЛЕКОР IEK (4шт/компл) ,шт,280100302_,32,32,32,32,32,32,32,29,29,29,29,1,1,1,1,1,1,1,1,,,,,,,,,,,,,,,32
Угол внутренний КМВ 20х10 сосна ЭЛЕКОР IEK (4шт/компл) ,шт,280100293_,,,,,,,,,,,,,,,,,,,,32,32,32,32,32,32,32,32,32,32,32,32,32,32,
Угол внутренний КМВ 20х10 черный ЭЛЕКОР IEK (4шт/компл) ,шт,280100429_,11,11,11,11,11,11,11,11,11,11,11,7,4,4,4,4,4,4,4,3,3,3,3,3,3,3,3,3,3,3,3,3,3,11
Угол внутренний КМВ 25х16 дуб ЭЛЕКОР IEK (4шт/компл) ,шт,280100350_,80,80,80,80,80,80,80,80,80,80,,,,,,,,,,,,,,,,,,,,,,,,80
Угол внутренний КМВ 25х16 сосна ЭЛЕКОР IEK (4шт/компл) ,шт,280100385_,107,107,107,107,107,107,107,107,107,107,107,106,106,106,106,106,106,106,106,76,76,76,76,14,14,14,14,14,14,14,14,14,14,107
Угол внутренний КМВ 25х16 черный ЭЛЕКОР IEK (4шт/компл) ,шт,280100430_,76,76,76,76,76,75,75,75,75,75,75,3,3,3,3,3,3,3,3,,,,,,,,,,,,,,,76
Угол внутренний КМВ 40х16 дуб ЭЛЕКОР IEK (4шт/компл) ,шт,280100351_,20,20,20,20,20,20,20,20,20,20,20,20,20,20,20,20,20,20,20,20,18,18,18,18,18,18,18,17,17,17,17,17,17,20
Угол внутренний КМВ 40х16 сосна ЭЛЕКОР IEK (4шт/компл) ,шт,280100386_,18,18,18,18,18,18,18,18,18,18,2,2,2,2,2,2,2,2,2,,,,,,,,,,,,,,,18
Угол внутренний КМВ 40х25 дуб ЭЛЕКОР IEK (4шт/компл) ,шт,280100352_,60,60,60,60,60,60,60,60,60,60,60,,,,,,,,,,,,,,,,,,,,,,,60
Угол внутренний КМВ 40х25 сосна ЭЛЕКОР IEK (4шт/компл) ,шт,280100387_,60,60,60,60,60,60,60,60,60,60,,,,,,,,,,,,,,,,,,,,,,,,60
Угол внутренний КМВ 40х25 черный ЭЛЕКОР IEK (4шт/компл) ,шт,280100431_,60,60,60,60,60,54,53,53,53,53,53,41,41,41,37,37,35,35,35,27,27,27,27,27,27,27,27,27,27,27,27,27,27,60
Угол внутренний КМВ 60х40 черный ЭЛЕКОР IEK (4шт/компл) ,шт,280100432_,40,40,40,40,40,40,40,40,40,40,40,,,,,,,,,,,,,,,,,,,,,,,40
Угол Т-образный КМТ 100х60 черный ЭЛЕКОР IEK (2шт/компл) ,шт,280100461_,14,14,14,14,14,14,13,13,13,13,13,1,1,1,1,1,1,1,1,1,1,1,1,1,1,1,1,1,1,1,1,1,1,14
Угол Т-образный КМТ 15х10 дуб ЭЛЕКОР IEK (4шт/компл) ,шт,280100305_,40,40,40,40,40,40,40,40,40,39,39,3,3,3,3,3,3,3,3,,,,,,,,,,,,,,,40
Угол Т-образный КМТ 15х10 сосна ЭЛЕКОР IEK (4шт/компл) ,шт,280100298_,40,40,40,40,40,40,40,40,40,39,40,,,,,,,,,,,,,,,,,,,,,,,40
Угол Т-образный КМТ 15х10 черный ЭЛЕКОР IEK (4шт/компл) ,шт,280100455_,40,40,40,40,39,39,39,39,39,39,27,27,27,27,27,27,27,27,27,28,28,28,28,28,28,28,28,28,28,28,28,28,28,40
Угол Т-образный КМТ 16х16 дуб ЭЛЕКОР IEK (4шт/компл) ,шт,280100369_,20,20,20,20,20,20,20,20,20,20,20,,,,,,,,,,,,,,,,,,,,,,,20
Угол Т-образный КМТ 16х16 сосна ЭЛЕКОР IEK (4шт/компл) ,шт,280100365_,20,20,20,20,20,20,20,20,20,19,19,3,3,3,3,3,3,3,3,3,3,3,3,3,3,3,3,3,3,3,3,3,3,20
Угол Т-образный КМТ 16х16 черный ЭЛЕКОР IEK (4шт/компл) ,шт,280100456_,20,20,20,20,20,20,20,20,20,20,20,,,,,,,,,,,,,,,,,,,,,,,20
Угол Т-образный КМТ 20х10 дуб ЭЛЕКОР IEK (4шт/компл) ,шт,280100306_,20,20,20,20,20,20,20,17,17,16,,,,,,,,,,,,,,,,,,,,,,,,20
Угол Т-образный КМТ 20х10 сосна ЭЛЕКОР IEK (4шт/компл) ,шт,280100299_,20,20,20,20,20,20,20,20,20,19,3,3,3,3,3,3,3,3,3,,,,,,,,,,,,,,,20
Угол Т-образный КМТ 20х10 черный ЭЛЕКОР IEK (4шт/компл) ,шт,280100457_,20,20,20,20,20,20,20,20,20,20,,,,,,,,,,,,,,,,,,,,,,,,20
Угол Т-образный КМТ 25х16 дуб ЭЛЕКОР IEK (4шт/компл) ,шт,280100370_,76,76,76,76,76,76,76,76,76,75,3,3,3,3,3,3,3,3,3,,,,,,,,,,,,,,,76
Угол Т-образный КМТ 25х16 сосна ЭЛЕКОР IEK (4шт/компл) ,шт,280100366_,76,76,76,76,76,76,76,76,76,75,7,7,7,7,7,7,7,7,7,,,,,,,,,,,,,,,76
Угол Т-образный КМТ 25х16 черный ЭЛЕКОР IEK (4шт/компл) ,шт,280100458_,80,80,80,80,80,80,80,80,80,80,80,,,,,,,,,,,,,,,,,,,,,,,80
Угол Т-образный КМТ 40х16 дуб ЭЛЕКОР IEK (4шт/компл) ,шт,280100371_,20,20,20,20,20,20,20,20,20,20,20,,,,,,,,,,,,,,,,,,,,,,,20
Угол Т-образный КМТ 40х16 сосна ЭЛЕКОР IEK (4шт/компл) ,шт,280100367_,20,20,20,20,20,20,20,20,20,18,20,,,,,,,,,,,,,,,,,,,,,,,20
Угол Т-образный КМТ 40х25 дуб ЭЛЕКОР IEK (4шт/компл) ,шт,280100372_,,,,,,,,,,,,52,52,52,52,52,52,49,49,49,49,49,49,49,49,49,49,49,49,49,49,49,49,
Угол Т-образный КМТ 40х25 сосна ЭЛЕКОР IEK (4шт/компл) ,шт,280100368_,40,40,40,40,40,40,40,40,40,39,23,23,23,23,23,23,23,23,23,39,39,39,39,39,39,39,39,39,39,39,39,39,39,40
Угол Т-образный КМТ 40х25 черный ЭЛЕКОР IEK (4шт/компл) ,шт,280100459_,160,160,160,160,158,158,158,158,158,158,122,122,122,122,122,107,107,107,107,156,156,156,156,156,156,156,156,149,147,147,147,147,147,160
Угол Т-образный КМТ 60х40 черный ЭЛЕКОР IEK (4шт/компл) ,шт,280100460_,20,20,20,20,20,20,20,20,20,20,,,,,,,,,,,,,,,,,,,,,,,,20
Уголок крепежный двойной усиленный для STRUT-профиля EZ IEK,шт,280300747_,,,,,,,,,,,,,,,,,,,,117,117,117,105,105,85,85,85,85,85,85,85,85,85,
Уголок крепежный одинарный для STRUT-профиля EZ IEK,шт,280300748_,,,,,,,,,,,,,,,,,,,,298,298,298,298,298,286,286,282,278,278,278,278,278,278,
"Удлинитель У05В 5 мест 2P+PE/3м 3х1,5мм2 16А/250В UNO IEK E-PRO",шт,WYP53-16-05-03-ZK,,,,,,,,,,,,,,,,,,,,,,,,,,,,,,,,,,
УЗДП 1P+N 32A KARAT IEK,шт,010300251_,,,,,,,,,,,,,,,,,,,,,,,,,5,5,5,4,3,2,4,3,3,
УЗДП 1P+N 63A KARAT IEK,шт,010300252_,,,,,,,,,,,,,,,,,,,,,,,,,,,10,8,3,,,4,4,
УЗДП c авт. выкл. 1P+N C 10A KARAT IEK,шт,010300250_,,,,,,,,,,,,,,,,,,,,,,,,30,30,30,30,29,29,28,28,28,3,
УЗДП c авт. выкл. 1P+N C 16A KARAT IEK,шт,010300239_,,,,,,,,,,,,,,,,,,,,,,,,,,6,4,3,5,,3,6,6,
УЗДП c авт. выкл. 1P+N C 32A KARAT IEK,шт,010300242_,,,,,,,,,,,,,,,,,,,,,60,60,58,56,56,56,54,52,49,38,29,26,5,
УЗО АВДТ 1P+NP 10 А 30мА ARMAT IEK (12),шт,010700168_,120,120,120,120,120,120,120,120,118,116,116,115,115,115,115,110,106,106,106,103,7,4,13,11,9,9,9,8,5,4,3,15,15,120
УЗО АВДТ 1P+NP 16 А 30мА ARMAT IEK (12),шт,010700169_,336,336,302,290,290,290,290,290,191,143,143,137,137,97,91,53,47,43,43,42,42,38,36,26,23,66,62,29,30,28,28,27,27,336
УЗО АВДТ 1P+NP 20 А 30мА ARMAT IEK (12),шт,010700170_,119,119,119,119,119,119,119,119,111,115,103,103,103,103,103,103,103,103,99,98,8,8,7,7,7,7,7,16,25,24,10,9,9,119
УЗО АВДТ 1P+NP 25 А 30мА ARMAT IEK (12),шт,010700171_,358,358,358,356,356,356,356,356,355,355,355,352,352,352,351,349,348,348,348,348,8,8,8,7,5,5,5,12,17,8,8,7,7,358
УЗО АВДТ 1P+NP 32 А 30мА ARMAT IEK (1),шт,010700172_,118,118,118,118,118,118,118,118,115,114,114,113,113,113,109,172,172,172,172,172,11,9,9,6,5,5,4,2,3,2,2,2,2,118
УЗО АВДТ 1P+NP 6 А 30мА ARMAT IEK (12),шт,010700167_,120,120,120,120,120,120,120,120,120,120,120,120,120,120,120,120,120,120,120,119,11,11,11,11,11,11,11,10,10,9,9,9,9,120
УЗО АВДТ 2(ф) 25А 30мА ARMAT IEK (1),шт,010700161_,50,49,47,47,47,47,47,47,46,46,46,43,42,38,38,37,36,36,36,29,,,3,2,4,4,8,8,8,5,5,7,7,50
УЗО АВДТ 2(ф) 40А 30мА ARMAT IEK (6),шт,010700162_,56,55,55,55,55,54,54,53,50,47,45,43,43,40,40,40,39,39,40,40,5,5,2,7,7,4,4,4,4,3,3,3,8,56
УЗО АВДТ 2(ф) 63А 30мА ARMAT IEK (6),шт,010700163_,38,37,37,37,37,33,32,30,30,29,29,29,29,21,15,14,9,4,4,4,4,4,8,7,9,10,18,17,17,16,11,14,10,38
УЗО АВДТ 4(ф) 25А 30мА ARMAT IEK (3),шт,010700164_,22,22,22,17,17,7,7,13,10,10,10,10,10,10,10,9,9,7,9,9,2,2,2,2,2,2,4,4,4,3,3,1,1,22
УЗО АВДТ 4(ф) 40А 30мА ARMAT IEK (3),шт,010700165_,22,22,19,18,15,15,15,12,10,8,8,8,7,5,5,1,1,1,1,1,1,4,4,3,3,3,7,6,6,5,5,2,2,22
УЗО АВДТ 4(ф) 63А 30мА ARMAT IEK (3),шт,010700166_,30,30,29,29,29,28,28,28,18,7,7,7,2,,,,,3,5,,,6,6,1,4,4,4,3,3,2,8,15,10,30
УК10 Катушка (10м) IEK,шт,290100004_,20,12,,,,33,35,28,35,39,40,44,47,38,27,24,1,1,47,47,45,41,39,32,14,24,22,16,22,20,,20,,20
УК20 Катушка (20м) IEK,шт,290200005_,15,11,13,11,8,5,8,14,13,11,14,12,12,10,4,,,,10,9,6,8,11,11,11,8,6,5,5,5,3,2,1,15
УК30 Катушка (30м) IEK,шт,290200008_,34,39,37,37,34,29,31,22,17,12,22,19,27,26,21,17,12,15,19,17,14,10,9,8,,,12,12,12,11,1,9,6,34
УК40 Катушка (40м) IEK,шт,290200009_,,,10,10,6,17,17,14,14,12,11,11,11,10,10,8,8,8,7,7,7,5,6,6,6,6,6,6,6,6,6,5,4,
УК50 Катушка (50м) IEK,шт,290200006_,4,53,50,42,53,41,23,12,2,22,46,43,34,27,24,30,24,13,30,37,28,22,17,14,3,5,10,8,5,12,8,9,7,4
УПП SFB 3Ф 380В 11кВт 22A Uупр 110-220В ONI SFB-33-11-A-00 NEW,шт,130600248_,,,,,,,,,,,,,,,,,1,,,,,,,,,,,,,,,,,
УПП SFB 3Ф 380В 15кВт 30A Uупр 110-220В Modbus ONI SFB-33-15-A-10 NEW,шт,130600246_,1,1,1,1,1,1,1,1,1,,,,,,,,,,1,1,1,1,1,1,1,1,1,1,1,1,1,1,1,1
УПП SFB 3Ф 380В 18кВт 37A Uупр 110-220В Modbus ONI SFB-33-18-A-10 NEW,шт,130600245_,,,,,,,,,,,,,,,,,,,1,1,1,1,1,1,1,1,1,1,1,1,1,1,1,
УПП SFB 3Ф 380В 22кВт 45A Uупр 110-220В Modbus ONI SFB-33-22-A-10 NEW,шт,130600243_,,,,,,,,,,,,,,,,,,,1,1,1,1,1,1,1,1,1,1,1,1,1,1,1,
УПП SFB 3Ф 380В 22кВт 45A Uупр 110-220В ONI SFB-33-22-A-00 NEW,шт,130600244_,,,,,,,,,,,,,,,,,,,1,1,1,1,1,1,1,1,1,1,1,1,1,,,
УПП SFB 3Ф 380В 30кВт 60A Uупр 110-220В Modbus ONI SFB-33-30-A-10 NEW,шт,130600242_,1,1,1,1,1,1,,,,,,,,,,,,,1,1,1,,,,,,,,,,,,,1
УПП SFB 3Ф 380В 75кВт 150А Uупр 110-220В ONI,шт,SFB-33-75-A-00,,,,,,,,,,,,,,,,,,,,,,,,,,,,,,,,,,
Устройство АВР модульное АВР-1 STANDARD 63А KARAT IEK (6) NEW,шт,130301263_,1,1,1,,,2,4,1,1,3,1,2,2,2,2,2,2,2,2,3,2,1,3,2,1,2,2,2,2,2,1,2,2,1
Устройство АВР модульное АВР-2 LITE 63А KARAT IEK,шт,130301261_,2,,,,2,,,,,,,,,,,,,,,,,,,,,,,,,,,,,2
Устройство компенсации давления УКД D=37мм IP55 IEK (200) NEW,шт,270300305_,20,20,18,18,18,18,18,,,10,10,10,10,10,10,9,9,9,9,9,9,9,9,9,9,8,8,8,8,8,5,5,6,20
Фасадное крепление КФК12-47.1 IEK (50) (150),шт,130300528_,146,146,146,146,125,121,70,66,53,32,57,57,29,10,20,70,70,48,43,43,33,4,4,4,4,34,30,,50,50,40,37,32,146
Фасадное крепление КФК15-57.6 IEK (50) (150),шт,130300529_,270,217,217,367,311,411,341,306,235,272,322,269,265,255,203,303,247,190,171,51,164,202,167,196,210,200,85,19,219,112,248,86,128,270
Фильтр c защитным кожухом 125x125мм для вент-ра 55м3/час IEK (24) NEW,шт,270300282_,,,,,,5,,5,3,3,2,4,4,4,4,4,4,4,4,4,3,3,,,3,2,,3,3,3,3,3,3,
Фильтр c защитным кожухом 176x176мм для вен-ра 102м3/час IEK (8) NEW,шт,270300283_,,,,,,5,5,3,3,3,3,3,3,1,1,1,1,1,1,1,,1,1,,,2,2,2,2,2,2,2,2,
Фильтр c защитным кожухом 97x97мм для вент-ра 21 м3/час IEK (20) NEW,шт,270300281_,,,,,,5,4,3,3,3,3,1,1,1,1,,,4,4,4,4,3,5,5,1,1,7,1,5,5,9,8,9,
Фильтр c решеткой для вентилятора ВФИ 200 м3/час IEK (28) NEW,шт,270300296_,,,,,,27,27,27,23,19,21,17,13,7,7,7,7,8,9,12,12,12,,,13,11,11,5,10,10,6,14,10,
Фильтр c решеткой для вентилятора ВФИ 380 м3/час IEK (28) NEW,шт,270300297_,,,,,,15,,,10,10,11,8,8,13,13,11,7,10,9,6,,12,,,15,15,15,15,9,19,15,13,13,
Фильтр c решеткой для вентилятора ВФИ 480-700 м3/час IEK (19) NEW,шт,270300298_,,,,,,3,2,2,2,2,2,2,2,1,1,1,1,1,,,,6,9,9,9,8,8,7,10,9,9,9,9,
Фильтр c решеткой для вентилятора ВФИ 65-105 м3/час IEK (56) NEW,шт,270300295_,108,106,69,79,64,59,45,38,36,28,28,22,27,27,23,28,,25,26,30,17,22,5,1,32,30,22,15,30,12,24,33,27,108
"Фотореле ФР 601 серый, 2200 Вт IP44 IEK (120)",шт,130300220_,259,337,232,180,356,369,261,125,35,37,417,193,292,183,181,536,321,189,267,384,405,252,404,360,217,98,191,254,193,191,112,202,167,259
"Фотореле ФР 602 серый, 5500 Вт IP44 (120)",шт,130300221_,96,144,139,92,133,127,18,68,72,35,113,71,111,101,39,67,31,60,,199,193,138,53,41,53,71,66,101,78,73,82,26,30,96
Фотореле ФР 603 макс. нагрузка 2200ВА IP66 белый IEK (50),шт,081100780_,6,37,36,21,31,41,40,6,4,73,89,70,61,46,59,40,37,49,49,56,36,45,27,14,37,35,50,47,44,15,5,2,14,6
Фотореле ФР 604 макс. нагрузка 3300ВА IP66 белый IEK,шт,081100781_,29,22,14,21,9,25,11,4,3,,38,28,63,41,36,27,33,5,2,18,37,48,60,39,22,35,48,47,43,16,14,1,37,29
"Хомут 2,5х150 IEK (100)",упак,240100002_,233,309,234,217,138,114,88,46,206,256,244,313,358,318,362,176,476,476,465,400,380,375,365,345,295,295,285,275,268,179,174,173,172,233
"Хомут 2,5х200 IEK (100)",упак,240100029_,203,269,329,470,391,284,532,642,277,440,734,336,806,789,791,688,687,666,664,664,641,641,641,639,486,486,484,484,504,447,343,322,316,203
"Хомут 3,6х100 IEK (100)",упак,240100003_,124,118,150,110,88,140,126,96,59,86,124,101,88,83,81,75,75,73,73,73,63,61,61,61,60,60,60,58,85,63,63,56,56,124
"Хомут 3,6х350 черные IEK (100)",упак,240100093_,44,122,56,135,60,22,12,63,8,23,322,264,228,264,278,241,191,261,236,223,213,185,158,143,140,109,86,66,60,44,27,30,2,44
"Хомут 4,8х300 IEK (100)",упак,240100027_,317,267,259,259,326,274,192,51,142,194,371,484,372,321,100,5,106,106,106,94,230,268,268,222,197,191,151,151,151,86,74,54,41,317
"Хомут 4,8х450 IEK (100)",упак,240100011_,109,196,175,157,132,98,67,49,117,132,72,115,169,108,107,78,206,256,256,226,219,214,210,208,158,146,146,146,147,113,104,75,55,109
"Хомут 7,6х300 IEK (100)",упак,240100107_,11,81,76,59,143,141,123,85,66,68,93,75,147,64,258,245,111,199,191,191,185,175,175,151,120,100,100,100,108,36,31,35,50,11
Цоколь ВРУ хх.80.45 IP54 TITAN IEK,компл,щт-0001653,1,1,1,1,1,1,1,1,1,,,,,,,,,,,,,,,,,,,,,,,,,1
Шайба плоская M8 IEK,шт,щт-0000350,,,,,,,,,,,,,,,,,,,,,,,,,,,,,,,,,,
Шайба плоская усиленная М6 IEK,шт,CLP1M-SHU-6,,,,,,,,,,,,,,,,,,,,,,,,,,,,,,,,,,
"Шина ""N"" нулевая 2х 7 групп на DIN-рейку в корпусе  IEK (10)",шт,130200134_,56,46,46,69,82,82,57,64,18,4,3,158,108,28,107,56,73,113,138,110,94,108,,47,114,93,161,152,144,132,118,83,105,56
"Шина ""N"" нулевая 2х15 групп на DIN-рейку в корпусе  IEK (10)",шт,130200133_,99,69,78,91,126,56,110,87,78,103,78,101,73,40,65,36,135,114,134,136,134,146,83,121,129,142,153,104,86,73,27,149,88,99
"Шина ""N"" нулевая 4х 7 групп на DIN-рейку в корпусе IEK (10)",шт,130200136_,28,26,80,70,36,70,75,58,1,,109,102,77,30,50,50,100,91,74,76,40,64,10,67,45,79,108,99,105,68,68,70,101,28
"Шина ""N"" нулевая 4х11 групп на DIN-рейку в корпусе IEK (10)",шт,130200135_,61,46,81,180,111,70,111,122,68,44,151,137,92,73,110,133,132,39,172,167,134,129,62,104,125,152,137,122,149,136,117,1,117,61
"Шина ""N"" нулевая 6х9мм  8/1 (крепеж по центру) IEK (10/960)",шт,130200074_,742,726,548,526,591,586,580,525,403,231,232,239,21,305,288,288,288,244,204,201,196,194,143,138,,116,92,85,,79,79,125,119,742
"Шина ""N"" нулевая 6х9мм  8/2 (крепеж по краям) IEK (10/960)",шт,130200075_,188,160,133,106,90,73,90,66,33,36,73,114,26,136,124,110,144,115,,17,74,75,69,68,55,62,10,57,44,56,36,82,70,188
"Шина ""N"" нулевая 6х9мм 14/1 (крепеж по центру) IEK (10)",шт,130200006_,34,43,39,37,40,34,32,32,,20,18,19,16,25,24,24,4,57,46,45,42,37,20,19,19,19,304,304,286,282,275,233,214,34
"Шина ""N"" нулевая 6х9мм 14/2 (крепеж по краям) IEK (10)",шт,130200007_,158,143,134,103,55,136,104,60,72,118,242,209,158,143,184,121,222,199,174,171,170,10,137,132,86,75,83,72,68,68,68,43,33,158
"Шина ""N"" нулевая 6х9мм комб с изол ""Стойка"" ШНИ 12С IEK (20)",шт,130200125_,319,92,94,489,456,384,295,261,59,360,557,380,347,418,363,342,252,215,234,237,232,85,110,83,75,61,135,127,129,48,36,49,6,319
"Шина ""N"" нулевая 6х9мм комб с изол ""Стойка"" ШНИ 14С IEK (20)",шт,130200126_,152,126,39,129,158,142,170,161,103,112,94,180,174,139,130,120,104,81,51,48,19,47,50,43,41,39,41,13,53,50,40,58,35,152
"Шина ""N"" нулевая 6х9мм на DIN-рейку в корпусном изоляторе ШНИ 12К IEK (10)",шт,130200127_,62,62,,50,61,60,13,25,63,42,15,26,33,15,,24,62,75,65,71,62,76,72,66,60,49,58,58,58,55,20,38,34,62
"Шина ""N"" нулевая 6х9мм с изол  12-Д-С IEK (20)",шт,130200089_,245,219,288,268,291,282,174,212,236,286,399,255,188,12,,369,317,300,212,205,193,183,19,100,134,173,122,118,132,119,81,159,103,245
"Шина ""N"" нулевая 8х12 на двух угловых изол ШНИ-24-У2-С IEK (10) !!!",шт,ст-9949327,8,8,8,8,8,8,8,8,8,8,8,8,8,8,8,8,7,,,,,,,,,,,,,,,,,8
"Шина ""N"" нулевая 8х12мм 14/1 (крепеж по центру) IEK (10)",шт,130200008_,10,10,7,7,13,13,2,2,12,10,4,4,4,4,4,,10,10,10,10,10,10,9,7,7,7,5,5,5,5,5,5,5,10
"Шина ""N"" нулевая 8х12мм 14/2 (крепеж по краям) IEK (10)",шт,130200063_,49,77,59,54,78,97,79,88,40,77,86,67,86,93,93,83,83,37,42,81,66,53,39,25,15,61,41,61,73,67,60,73,62,49
"Шина ""N"" нулевая 8х12мм комб с изол ""Стойка"" ШНИ  6 КС IEK (20)",шт,130200120_,564,482,547,501,811,759,482,653,441,244,431,469,291,290,234,335,505,192,335,400,322,23,168,60,257,406,337,317,280,247,228,230,127,564
"Шина ""N"" нулевая 8х12мм комб с изол ""Стойка"" ШНИ  8 КС IEK (20)",шт,130200121_,657,522,481,184,614,777,709,508,281,112,631,758,470,511,569,571,521,649,555,464,406,348,72,223,348,371,339,242,348,265,232,368,7,657
"Шина ""N"" нулевая 8х12мм комб с изол ""Стойка"" ШНИ 10 КС IEK (20)",шт,130200122_,306,201,247,333,258,349,407,306,155,54,,,,,251,198,365,286,178,415,279,309,91,157,422,315,295,371,337,282,226,154,18,306
"Шина ""N"" нулевая 8х12мм комб с изол ""Стойка"" ШНИ 12 КС IEK (20)",шт,130200123_,511,293,327,401,551,811,460,328,493,308,934,316,145,299,90,25,1370,1211,1113,824,632,706,269,483,791,728,651,607,680,616,406,701,495,511
"Шина ""N"" нулевая 8х12мм комб с изол ""Стойка"" ШНИ 14 КС IEK (20)",шт,130200124_,305,204,268,294,404,344,374,490,199,14,634,456,13,,,,1418,1249,1011,841,532,447,501,397,248,382,320,358,466,429,296,458,352,305
"Шина N ""ноль"" на DIN-изол тип ""Стойка"" ШНИ-6х9-14-С-С IEK !!!",шт,ярп5605,,,,,,20,20,20,18,18,18,18,18,18,18,18,18,117,117,117,116,114,114,104,101,101,101,101,59,59,59,59,29,
Шина АД 31Т 8х60 L4000 IEK,м,яярп6001,,,,,,,,,,,,,,,,,,,,,,,,,,,,,,,,,,
"Шина РЕ ""земля"" в комб DIN-изол ""Стойка"" ШНИ-8х12-8-КС-Ж IEK",шт,130200409_,60,79,49,57,48,40,27,40,1,29,35,62,61,,50,90,136,178,163,141,151,170,45,49,80,179,176,133,147,169,144,70,202,60
Шина соединительная PIN (штырь) 1ф 63А (1м) IEK (40),м,130200012_,319,204,181,355,345,371,214,,,702,553,390,411,447,333,293,344,297,777,690,650,446,345,354,302,249,324,283,275,290,277,225,279,319
Шина соединительная PIN (штырь) 2ф 63А (1м) IEK ,м,ст-9950070,,,,,,,,,,,,,,,,,,,,,,,,,,,,,,,,,,
Шина соединительная PIN (штырь) 3ф  63А (1м) IEK (10),м,130200015_,615,522,407,331,309,304,256,131,9,324,114,357,366,323,300,342,315,319,374,286,253,228,233,200,200,186.7,215.2,215.2,167.2,263.2,187.2,155.2,43.2,615
Шина соединительная PIN (штырь) 3ф  63А (22см) IEK (10),шт,130200154_,40,6,60,58,70,39,34,32,1,54,96,61,52,82,50,44,76,93,74,68,62,26,25,28,57,52,24,28,62,57,48,71,15,40
Шина соединительная PIN (штырь) 3ф 100А (1м) IEK (10),м,130200013_,26,35,28,55,58,38,42,54,16,1,37,47,38,75,56,52,59,57,19,10,5,68,60,50,47,38,28,22,36,44,34,43,29,26
Шнур УШ-01РВ (оранж с кругл  вилк и розеткой 5м) IEK,шт,290100029_,13,13,13,11,10,3,7,5,2,2,7,2,10,5,5,5,5,9,9,14,10,8,8,5,4,,10,10,10,10,8,8,7,13
"Шнур УШ-1КВ ( с плоск вилк и выкл 2x0,75/2метр) IEK",шт,290100101_,16,44,50,66,66,66,17,37,46,55,71,43,,,18,5,30,30,80,79,26,33,87,72,68,50,68,64,59,54,42,62,51,16
Шпилька резьбовая М6х1000 DIN 975 IEK,шт,CLW10-TM-06-1-R,,,,,,,,,,,,,,,,,,,,,,,,,,,,,,,,,,
Шпилька резьбовая М8х1000 DIN 975 IEK,шт,CLW10-TM-08-1-R,,,,,,,,,,,,,,,,,,,,,,,,,,,,,,,,,,
Шпилька резьбовая М8х2000 DIN 975 IEK,шт,CLW10-TM-08-2-R,,,,,,,,,,,,,,,,,,,,,,,,,,,,,,,,,,
ЩМП  300х300х150 IP66  TITAN 5 IEK,шт,251400092_,,,,,,,,,,,,5,2,7,7,4,6,19,,40,39,33,32,12,20,16,20,17,18,18,17,17,17,
ЩМП  300х300х200 IP66  TITAN 5 IEK,шт,251400093_,,,,,,,,,,,,20,18,16,15,14,11,7,14,13,10,11,10,16,16,14,12,12,17,17,14,13,12,
ЩМП  300х400х150 IP66  TITAN 5 IEK,шт,251400094_,,,,,,,,,,,,,,2,2,2,1,1,1,1,1,1,1,1,1,1,1,1,1,1,1,1,1,
ЩМП  300х400х200 IP66  TITAN 5 IEK,шт,251400095_,,,,,,,,,,,,2,2,4,4,4,4,4,4,3,3,1,1,2,2,3,3,3,3,,1,3,3,
ЩМП  400х300х150 IP66  TITAN 5 IEK,шт,251400096_,,,,,,,,,,,,10,10,15,15,15,15,13,12,11,10,15,15,13,11,11,3,3,13,13,17,17,16,
ЩМП  400х300х200 IP66  TITAN 5 IEK,шт,250600290_,,,,,,,,,,,,30,29,57,56,55,53,53,50,44,35,34,30,9,12,14,19,19,11,4,17,13,18,
ЩМП  400х400х150 IP66  TITAN 5 IEK,шт,251400097_,,,,,,,,,,,,9,9,18,18,18,18,18,18,17,16,13,13,2,3,3,3,3,3,3,3,3,3,
ЩМП  400х400х200 IP66  TITAN 5 IEK,шт,251400098_,,,,,,,,,,,,20,18,18,18,18,17,15,12,11,8,8,8,5,9,9,8,9,8,7,6,8,8,
ЩМП  400х400х250 IP66  TITAN 5 IEK,шт,251400099_,,,,,,,,,,,,5,5,10,10,10,8,8,8,8,8,8,6,2,3,3,3,3,3,3,3,3,3,
ЩМП  400х600х150 IP66  TITAN 5 IEK,шт,251400100_,,,,,,,,,,,,2,2,4,4,4,3,,4,4,4,4,4,2,2,2,2,2,2,1,1,1,1,
ЩМП  400х600х200 IP66  TITAN 5 IEK,шт,251400101_,,,,,,,,,,,,2,2,3,2,2,2,2,2,2,2,2,2,2,2,2,2,2,2,2,2,2,1,
ЩМП  400х600х250 IP66  TITAN 5 IEK,шт,251400102_,,,,,,,,,,,,3,3,6,5,5,5,4,4,4,4,4,4,2,2,2,1,1,1,1,1,1,,
ЩМП  500х300х150 IP66  TITAN 5 IEK,шт,251400103_,,,,,,,,,,,,1,1,3,3,3,1,6,6,6,6,6,6,2,2,2,2,2,2,2,2,2,2,
ЩМП  500х300х200 IP66  TITAN 5 IEK,шт,251400104_,,,,,,,,,,,,,2,4,4,4,4,4,3,2,2,2,2,2,1,1,2,2,2,1,1,2,2,
ЩМП  500х400х150 IP66  TITAN 5 IEK,шт,251400105_,,,,,,,,,,,,5,5,10,10,9,9,8,7,7,7,6,6,2,2,2,2,2,2,2,2,2,1,
ЩМП  500х400х200 IP66  TITAN 5 IEK,шт,251400106_,,,,,,,,,,,,25,23,47,47,47,44,44,42,39,33,32,31,5,9,5,,15,20,18,17,17,13,
ЩМП  500х400х250 IP66  TITAN 5 IEK,шт,250600291_,,,,,,,,,,,,,,10,9,9,9,9,8,8,8,8,4,,2,1,1,3,1,1,3,,,
ЩМП  500х500х200 IP66  TITAN 5 IEK,шт,251400107_,,,,,,,,,,,,,2,4,4,4,2,1,1,3,3,3,2,1,1,1,3,3,4,4,4,3,2,
ЩМП  500х500х300 IP66  TITAN 5 IEK,шт,251400108_,,,,,,,,,,,,2,2,4,4,4,4,3,2,3,3,1,1,2,1,1,2,2,2,2,,2,,
ЩМП  500х600х200 IP66  TITAN 5 IEK,шт,251400109_,,,,,,,,,,,,2,2,4,4,4,4,4,4,3,2,2,2,2,2,2,1,1,2,2,1,2,,
ЩМП  500х600х300 IP66  TITAN 5 IEK,шт,251400110_,,,,,,,,,,,,,2,2,2,2,2,2,2,1,1,1,1,1,1,1,1,1,1,1,1,1,1,
ЩМП  600х400х200 IP66  TITAN 5 IEK,шт,251400111_,,,,,,,,,,,,3,3,6,6,6,4,4,4,4,3,1,1,,1,4,4,4,3,3,1,2,1,
ЩМП  600х400х250 IP66  TITAN 5 IEK,шт,251400112_,,,,,,,,,,,,2,2,4,2,2,1,3,3,3,3,2,1,,1,1,1,3,2,1,3,3,2,
ЩМП  600х400х400 IP66  TITAN 5 IEK,шт,251400113_,,,,,,,,,,,,3,3,6,6,6,6,6,6,6,6,6,6,,,,,,,,,,,
ЩМП  600х500х150 IP66  TITAN 5 IEK,шт,251400114_,,,,,,,,,,,,3,3,6,6,5,5,4,4,4,4,2,2,1,,2,2,2,2,2,4,3,3,
ЩМП  600х500х200 IP66  TITAN 5 IEK,шт,250600292_,,,,,,,,,,,,25,25,48,47,47,47,45,45,45,44,43,43,3,5,5,4,4,5,5,1,6,5,
ЩМП  600х500х250 IP66  TITAN 5 IEK,шт,251400115_,,,,,,,,,,,,20,20,40,36,35,35,35,34,34,34,34,30,3,5,4,6,6,6,6,6,6,5,
ЩМП  600х600х250 IP66  TITAN 5 IEK,шт,251400116_,,,,,,,,,,,,3,3,6,6,6,6,6,6,3,3,2,2,2,3,3,3,3,3,3,3,3,1,
ЩМП  600х600х400 IP66  TITAN 5 IEK,шт,251400117_,,,,,,,,,,,,3,3,6,6,6,5,5,5,5,5,5,5,,,,,,,,,,,
ЩМП  700х500х200 IP66  TITAN 5 IEK,шт,251400118_,,,,,,,,,,,,35,35,70,70,70,66,60,55,44,44,39,38,18,12,14,14,14,12,14,14,13,12,
ЩМП  700х500х250 IP66  TITAN 5 IEK,шт,251400119_,,,,,,,,,,,,3,3,6,6,6,5,5,,1,,,3,1,2,5,,,6,6,5,4,4,
ЩМП  800х600х200 IP66  TITAN 5 IEK,шт,251400120_,,,,,,,,,,,,3,3,6,6,6,6,6,4,4,3,3,3,3,2,2,2,2,2,2,1,2,2,
ЩМП  800х600х250 IP66  TITAN 5 IEK,шт,250600293_,,,,,,,,,,,,25,25,25,21,20,20,18,19,19,1,1,7,12,17,16,15,17,12,3,18,19,19,
ЩМП  800х600х300 IP66  TITAN 5 IEK,шт,251400121_,,,,,,,,,,,,25,25,25,25,24,24,22,21,18,16,13,,,9,8,11,11,11,11,11,10,7,
ЩМП  800х600х400 IP66  TITAN 5 IEK,шт,251400122_,,,,,,,,,,,,,3,6,6,6,6,6,6,6,6,6,6,,,,,,,,,,,
ЩМП  800х800х200 IP66  TITAN 5 IEK,шт,251400123_,,,,,,,,,,,,2,2,4,4,4,4,2,2,2,1,1,1,1,1,1,1,1,1,,,1,1,
ЩМП  800х800х300 IP66  TITAN 5 IEK,шт,251400124_,,,,,,,,,,,,2,2,4,4,4,4,4,4,4,4,2,2,1,1,2,2,2,2,1,1,2,2,
ЩМП  800х800х400 IP66  TITAN 5 IEK,шт,251400125_,,,,,,,,,,,,2,2,4,4,4,4,4,4,4,4,4,2,,,,,,,,,,,
ЩМП 1000х600х200 IP66  TITAN 5 IEK,шт,251400126_,,,,,,,,,,,,1,1,3,3,3,3,3,3,2,2,2,2,1,1,1,1,1,1,1,1,1,1,
ЩМП 1000х600х250 IP66  TITAN 5 IEK,шт,250600294_,,,,,,,,,,,,2,2,4,4,2,1,1,1,1,1,1,1,,,,,,,,,,,
ЩМП 1000х600х300 IP66  TITAN 5 IEK,шт,251400127_,,,,,,,,,,,,20,20,18,18,18,18,16,15,11,5,4,6,6,8,8,6,6,8,5,5,2,9,
ЩМП 1000х600х400 IP66  TITAN 5 IEK,шт,251400128_,,,,,,,,,,,,2,1,3,3,3,3,3,3,3,2,2,2,2,2,2,2,2,2,2,2,,,
ЩМП 1000х800х300 IP66  TITAN 5 IEK,шт,251400129_,,,,,,,,,,,,20,20,20,19,18,18,17,17,15,15,15,14,3,3,1,3,4,4,4,4,3,2,
ЩМП 1000х800х400 IP66  TITAN 5 IEK,шт,250600271_,,,,,,,,,,,,,1,1,3,3,3,3,3,3,3,3,3,,,,,,,,,,,
ЩМП 1200х600х200 IP66  TITAN 5 IEK,шт,251400130_,,,,,,,,,,,,2,2,4,4,4,3,3,2,2,2,2,2,2,2,2,2,2,2,1,,1,1,
ЩМП 1200х600х300 IP66  TITAN 5 IEK,шт,251400131_,,,,,,,,,,,,22,22,44,44,43,43,43,42,42,42,42,42,1,2,1,2,2,2,2,1,3,3,
ЩМП 1200х600х400 IP66  TITAN 5 IEK,шт,251400132_,,,,,,,,,,,,2,3,6,6,6,6,6,5,5,5,5,5,,,,,,,,,,,
ЩМП 1200х800х300 IP66  TITAN 5 IEK,шт,251400133_,,,,,,,,,,,,20,20,20,20,17,17,15,14,11,4,9,7,7,7,7,7,7,7,7,7,6,5,
ЩМП 1200х800х400 IP66  TITAN 5 IEK,шт,251400134_,,,,,,,,,,,,5,5,5,5,5,5,4,4,4,,2,,,3,2,2,2,3,3,3,4,4,
ЩМП 1400х600х300 IP66  TITAN 5 IEK,шт,251400135_,,,,,,,,,,,,5,5,10,10,10,10,10,10,10,9,9,9,2,2,2,1,1,1,1,1,1,1,
ЩМП 1400х800х300 IP66  TITAN 5 IEK,шт,251400136_,,,,,,,,,,,,2,2,4,3,2,1,3,3,3,3,3,3,1,1,2,2,2,1,,2,,,
ЩМП- 1 IP 31 (395х310х220) GENERICA,шт,280300590_,60,58,58,56,56,56,56,56,56,55,73,68,53,53,51,50,6,6,6,6,6,6,6,6,,,,,,,,,,60
ЩМП- 2 IP 31 (500х400х220) GENERICA,шт,280300591_,84,83,80,76,74,65,65,52,45,27,16,1,1,1,1,1,1,1,1,1,1,1,,,,,,,,,,,,84
ЩМП- 3 IP 31 (650х500х220) GENERICA,шт,280300592_,110,104,103,94,90,83,81,78,59,26,,,,,,,,,,,,,,,,,,,,,,,,110
ЩМП-1 IP65 GARANT (395х310х220) IEK,шт,250600053_,,,,1,,,,,,,1,,,,,,,,,,,,,,,,,,,,,,,
ЩМП-2 IP65 GARANT (500х400х220) IEK,шт,250600054_,,3,1,1,1,,,,,,,,,,,,,,,,,,,,,,,,,,,,,
ЩМП-3 IP 31 (650х500х150) LIGHT IEK !,шт,250600063_,,,,,,,,,,,5,5,5,5,5,5,5,5,5,5,5,5,4,3,1,1,1,1,1,,,,,
ЩМП-3 IP65 GARANT (650х500х220) IEK ,шт,250600055_,1,,,7,1,,,,,,,,,,,,,,,,,,,,,,,,,,,,,1
ЩМП-4 IP65 GARANT (800х650х250) IEK,шт,250600056_,,2,,6,4,2,1,1,1,,1,,,,,,,,,,,,,,,,,,,,,,,
ЩМП-5 IP65 GARANT (1000х650х275) IEK,шт,250600057_,7,3,2,1,4,,,,,,,,,,,,,,,,,,,,,,,,,,,,,7
ЩМП-6 IP65 GARANT (1200х650х275) IEK,шт,250600058_,,3,2,1,1,3,1,2,1,2,1,,,,,,,,,,,,,,,,,,,,,,,
ЩМП-7 IP65 GARANT (1400х650х275) IEK,шт,250600059_,,,,,,,,,,,,,,,,,,,,,,,,,,,,,,,,,,
ЩМПп 300х200х130мм прозр. IP66 TETRA IEK,шт,250600309_,,,,,,,,,,,,,,,,,,,,,,,,,,,8,10,9,8,8,7,7,
ЩМПп 300х200х130мм серый. IP66 TETRA IEK,шт,250600314_,,,,,,,,,,,,,,,,,,,,,,,,,,,10,10,10,9,7,6,5,
ЩМПп 350х250х150мм прозр. IP66 TETRA IEK,шт,250600310_,,,,,,,,,,,,,,,,,,,,,,,,,,,10,10,8,6,5,5,5,
ЩМПп 350х250х150мм серый. IP66 TETRA IEK,шт,250600315_,,,,,,,,,,,,,,,,,,,,,,,,,,,10,1,9,7,6,10,11,
ЩМПп 400х300х170мм прозр. IP66 TETRA IEK,шт,250600311_,,,,,,,,,,,,,,,,,,,,,,,,,,,10,9,8,7,6,6,6,
ЩМПп 400х300х170мм серый. IP66 TETRA IEK,шт,250600316_,,,,,,,,,,,,,,,,,,,,,,,,,,,10,10,10,9,9,8,8,
ЩМПп 400х300х220мм прозр. IP66 TETRA IEK,шт,250600312_,,,,,,,,,,,,,,,,,,,,,,,,,,,6,8,8,7,7,7,7,
ЩМПп 400х300х220мм серый. IP66 TETRA IEK,шт,250600317_,,,,,,,,,,,,,,,,,,,,,,,,,,,10,10,10,9,9,9,9,
ЩМПп 500х400х180мм прозр. IP66 TETRA IEK,шт,250600313_,,,,,,,,,,,,,,,,,,,,,,,,,,,10,10,10,9,9,8,8,
ЩМПп 500х400х180мм серый. IP66 TETRA IEK,шт,250600318_,,,,,,,,,,,,,,,,,,,,,,,,,,,10,10,10,9,7,7,6,
ЩРВ  12 (1х12мод) 380х365х130 IP31 TITAN 5 IEK,шт,251400074_,,,,,,,,,,,,10,10,10,10,10,10,10,9,9,9,9,9,2,2,2,2,2,2,2,2,1,1,
ЩРВ  12 (275x320x120) IP30 TITAN 3 IEK      ,шт,250200010_,16,16,16,16,34,26,9,11,,,,,,4,2,7,9,,5,4,3,7,7,1,1,5,5,5,5,5,5,5,,16
ЩРВ  18 (275x450x120) IP30 TITAN 3 IEK      ,шт,250200044_,14,14,13,13,30,28,16,4,1,,1,13,22,17,11,6,1,11,9,2,4,9,8,8,8,8,8,8,7,7,7,7,2,14
ЩРВ  24 (1х24мод) 505х365х130 IP31 TITAN 5 IEK,шт,251400075_,,,,,,,,,,,,,,10,9,8,8,7,7,6,6,6,6,2,2,2,2,2,2,2,1,,3,
ЩРВ  24 (405x320x120) IP30 TITAN 3 IEK   ,шт,250200011_,23,15,12,21,6,36,16,4,,25,2,,,26,,2,35,,,21,9,15,35,24,25,25,20,20,19,19,19,19,11,23
ЩРВ  36 (1х36мод) 630х365х130 IP31 TITAN 5 IEK,шт,251400076_,,,,,,,,,,,,,,10,9,9,9,7,7,7,7,7,6,2,2,2,2,2,2,2,2,2,2,
ЩРВ  36 (550x320x120) IP30 TITAN 3 IEK   ,шт,250200012_,3,8,8,7,9,7,,4,2,2,,,,,,,8,8,7,2,1,2,2,1,,1,,,,,3,2,,3
ЩРВ  48 (1х48мод) 755х365х130 IP31 TITAN 5 IEK,шт,251400077_,,,,,,,,,,,,,,,3,3,3,2,1,1,,2,2,1,1,3,3,3,3,3,3,2,2,
ЩРВ  48 (2х24мод) 505х625х130 IP31 TITAN 5 IEK,шт,251400081_,,,,,,,,,,,,3,3,6,6,6,6,6,5,5,4,4,4,2,,2,2,2,2,2,2,2,2,
ЩРВ  48 (630x320x120) IP30 TITAN 3 IEK   ,шт,250200047_,9,8,2,4,9,5,3,4,2,1,2,1,1,1,2,12,10,8,8,6,4,2,3,3,,,1,,4,4,4,3,1,9
ЩРВ  54 (550x450x120) IP30 TITAN 3 IEK   ,шт,250200052_,2,2,2,1,1,8,9,7,2,4,5,4,4,1,,5,1,5,2,11,11,10,4,8,8,8,8,8,8,8,6,6,4,2
ЩРВ  60 (1х60мод) 880х365х130 IP31 TITAN 5 IEK,шт,251400078_,,,,,,,,,,,,,,3,2,2,1,3,3,3,,3,2,,,4,4,3,3,3,2,3,3,
ЩРВ  72 (1х72мод) 1005х365х130 IP31 TITAN 5 IEK,шт,251400079_,,,,,,,,,,,,,3,5,4,4,2,2,3,3,2,1,2,1,2,2,4,3,3,2,2,2,2,
ЩРВ  72 (2х36мод) 630х625х130 IP31 TITAN 5 IEK,шт,251400082_,,,,,,,,,,,,,,,,,,,,3,3,3,3,2,2,2,2,1,1,1,1,1,1,
ЩРВ  72 (540x600x120) IP30 TITAN 3 IEK   ,шт,251000053_,4,4,4,4,3,5,9,7,6,6,3,1,1,1,1,3,3,8,8,6,6,4,3,5,4,3,4,1,1,1,3,5,1,4
ЩРВ  84 (1х84мод) 1130х365х130 IP31 TITAN 5 IEK,шт,251400080_,,,,,,,,,,,,,1,4,3,3,,3,2,6,6,6,4,1,3,4,4,4,4,4,4,4,3,
ЩРВ  96 (2х48мод) 755х625х130 IP31 TITAN 5 IEK,шт,251400083_,,,,,,,,,,,,,3,5,5,2,2,3,3,7,6,6,3,3,,,4,2,4,4,3,4,2,
ЩРВ 108 (3х36мод) 630х885х130 IP31 TITAN 5 IEK,шт,251400087_,,,,,,,,,,,,,,3,3,1,4,9,9,8,8,8,8,2,2,2,2,2,2,2,2,2,2,
ЩРВ 120 (2х60мод) 880х625х130 IP31 TITAN 5 IEK,шт,251400084_,,,,,,,,,,,,,,1,2,,,3,5,4,4,4,4,4,2,1,3,3,2,1,1,2,2,
ЩРВ 144 (2х72мод) 1005х625х130 IP31 TITAN 5 IEK,шт,251400085_,,,,,,,,,,,,,3,6,6,5,5,5,5,5,5,5,5,2,1,1,1,1,1,1,,,,
ЩРВ 144 (3х48мод) 755х885х130 IP31 TITAN 5 IEK,шт,251400088_,,,,,,,,,,,,,3,6,6,6,6,6,6,6,6,5,5,1,1,1,1,1,1,1,1,1,1,
ЩРВ 168 (2х84мод) 1130х625х130 IP31 TITAN 5 IEK,шт,251400086_,,,,,,,,,,,,,3,6,6,5,4,4,,2,1,4,3,3,3,4,4,4,4,4,4,4,4,
ЩРВ 180 (3х60мод) 880х885х130 IP31 TITAN 5 IEK,шт,251400089_,,,,,,,,,,,,,,3,3,3,3,2,2,2,2,2,,1,1,1,1,1,1,1,1,1,1,
ЩРВ 216 (3х72мод) 1005х885х130 IP31 TITAN 5 IEK,шт,251400090_,,,,,,,,,,,,3,3,5,5,5,4,3,3,3,3,3,3,1,1,1,1,1,1,1,,1,1,
ЩРВ 252 (3х84мод) 1130х885х130 IP31 TITAN 5 IEK,шт,251400091_,,,,,,,,,,,,3,2,2,2,2,2,2,2,4,4,4,3,1,1,1,1,,2,2,,1,1,
"ЩРВ-2х36зк-1 36 IP31 ""UNIVERSAL"" !!!",шт,яярп4610,1,1,1,1,3,3,3,3,3,3,1,1,1,1,1,1,1,1,1,1,1,1,1,1,1,1,1,1,1,1,1,1,1,1
ЩРВ-П  4 IEK (20) MKP12-V-04-04-41,шт,250600020_,14,12,4,3,20,13,12,2,1,20,1,21,16,15,5,1,21,19,19,4,4,24,24,24,24,23,23,23,23,9,9,9,15,14
ЩРВ-П  4 модуля встр. пластик IP41 GENERICA (20),шт,250600180_,20,20,21,21,21,10,12,12,2,2,23,18,18,18,18,20,20,19,19,19,9,4,4,4,4,4,4,4,4,4,4,4,4,20
ЩРВ-П  6  черн. пр. дв. IP41 UNION Compact IEK,шт,251400053_,,,,,,,,,,,,50,50,99,99,99,98,98,94,91,91,90,90,5,5,5,5,5,5,5,4,4,3,
ЩРВ-П  6 IEK (20) MKP12-V-04-06-41,шт,250600005_,3,12,45,53,65,61,33,69,34,6,3,60,133,14,8,38,41,90,90,67,66,83,78,77,76,75,75,64,44,46,44,44,42,3
ЩРВ-П  6 IEK черный IP41,шт,ярп40244,9,9,9,8,6,2,2,2,2,2,2,2,4,4,4,6,5,5,4,4,4,4,3,3,3,3,3,3,3,3,3,3,3,9
ЩРВ-П  6 модулей встр. пластик IP41 GENERICA (20),шт,250600181_,28,6,42,34,29,52,50,38,31,15,37,34,34,18,15,5,,,,,,,,,,,,,,,,,,28
ЩРВ-П  8  бел. дв. IP41 UNION Compact IEK,шт,251400062_,,,,,,,,,,,,50,50,49,49,49,49,49,49,48,47,45,44,9,9,9,8,7,7,7,7,7,7,
ЩРВ-П  8  черн. пр. дв. IP41 UNION Compact IEK,шт,251400054_,,,,,,,,,,,,56,56,105,105,105,103,101,101,101,101,101,101,10,10,9,9,9,9,9,8,8,8,
ЩРВ-П  8 IEK (20) MKP12-V-04-08-41,шт,250600006_,138,143,97,119,126,81,156,47,43,144,225,193,170,166,86,79,135,150,116,122,109,102,82,79,77,76,74,73,72,65,43,40,40,138
ЩРВ-П  8 IEK черный IP41 !!!,шт,ярп40245,,,,,,,,,,,,,,,,1,1,1,1,1,1,1,1,1,1,1,1,1,1,1,1,1,1,
ЩРВ-П  8 бел. дверь IP41 TEKFOR IEK,шт,251400034_,,,,,,,,,,,,,,,,,20,20,19,19,19,19,19,,,,,,,,,,,
ЩРВ-П  8 модулей встр. пластик IP41 GENERICA (20),шт,250600182_,18,,,7,9,53,71,65,19,,54,52,52,43,43,45,45,44,44,40,40,40,39,47,47,47,27,27,27,27,27,27,27,18
ЩРВ-П  8 черн. прозр. дверь IP41 TEKFOR IEK,шт,251400039_,,,,,,,,,,,,30,30,58,57,58,57,56,56,51,51,51,51,6,6,6,6,6,5,5,1,5,5,
ЩРВ-П 12  бел. дв. IP41 UNION Compact IEK,шт,251400063_,,,,,,,,,,,,50,50,38,38,38,38,38,37,31,31,30,30,10,9,9,8,8,7,7,5,12,12,
ЩРВ-П 12  черн. пр. дв. IP41 UNION Compact IEK,шт,251400055_,,,,,,,,,,,,50,50,99,99,99,94,90,86,82,80,80,79,10,9,8,14,14,14,14,14,14,12,
ЩРВ-П 12 IEK (10) MKP12-V-04-12-41,шт,250600001_,189,201,126,149,201,180,,233,88,194,174,145,226,188,156,124,173,167,138,88,49,115,113,146,110,138,136,130,101,85,109,109,96,189
ЩРВ-П 12 IEK черный IP41,шт,ярп40246,1,1,1,2,2,2,2,2,2,2,2,,,,,,,,,,,,,,,,,,,,,,,1
ЩРВ-П 12 бел. дверь IP41 TEKFOR IEK,шт,251400035_,,,,,,,,,,,,,4,1,1,1,4,3,2,3,2,3,2,4,4,4,4,4,2,3,1,3,2,
ЩРВ-П 12 модулей встр. пластик IP41 GENERICA (10),шт,250600183_,6,76,122,138,394,174,64,140,26,196,287,272,332,317,275,262,258,192,190,183,183,181,176,178,175,174,104,103,100,93,93,93,93,6
ЩРВ-П 12 черн. прозр. дверь IP41 TEKFOR IEK,шт,251400017_,,,,,,,,,,,,,30,28,28,25,20,20,18,10,7,8,10,7,7,3,9,7,16,14,11,10,8,
ЩРВ-П 12 черный прозрачная дв. IP41 IEK,шт,250600244_,3,3,3,2,2,,,,,,,,,,,,,,,,,,,,,,,,,,,,,3
ЩРВ-П 18  бел. дв. IP41 UNION Compact IEK,шт,251400064_,,,,,,,,,,,,40,40,39,36,36,36,19,18,25,19,19,18,18,18,18,18,17,17,17,17,17,15,
ЩРВ-П 18 IEK (10) MKP12-V-04-18-41,шт,250600002_,148,125,131,104,189,217,208,180,79,135,148,183,153,127,97,95,123,119,105,114,29,84,62,67,61,66,48,6,7,6,62,51,72,148
ЩРВ-П 18 модулей встр. пластик IP41 GENERICA (10),шт,250600184_,49,42,,22,98,60,35,18,6,20,9,42,87,80,79,77,76,76,68,62,,,,,,,,,,,,,,49
ЩРВ-П 18 черн. пр. дв.   IP41 UNION Compact IEK,шт,251400056_,,,,,,,,,,,,60,60,84,81,79,52,25,74,99,96,86,81,79,76,69,61,60,59,58,57,52,48,
ЩРВ-П 24 IEK (10) MKP12-V-04-24-41,шт,250600003_,132,128,107,51,118,112,132,140,85,105,112,169,134,113,89,70,88,118,94,84,62,75,85,80,90,84,82,73,67,17,25,60,50,132
ЩРВ-П 24 бел. дверь IP41 TEKFOR IEK,шт,251400036_,,,,,,,,,,,,29,26,54,49,47,45,45,44,41,40,35,31,18,18,16,13,11,9,,9,13,9,
ЩРВ-П 24 белая дверь IP40 KREPTA 5 IEK,шт,251400142_,,,,,,,,,,,,10,10,19,18,17,17,16,16,16,14,14,14,,,,,,,,,,,
ЩРВ-П 24 модуля встр. пластик IP41 GENERICA (10),шт,250600185_,75,73,46,22,130,2,87,77,,100,154,145,131,69,62,37,14,13,21,14,13,12,13,13,11,10,10,10,10,10,,,,75
ЩРВ-П 24 прозр. дверь IP40 KREPTA 5 IEK,шт,251400139_,,,,,,,,,,,,,10,19,19,19,19,19,19,19,19,18,18,,,,,,,,,,,
ЩРВ-П 24 черн. прозр. дверь IP41 TEKFOR IEK,шт,251400019_,,,,,,,,,,,,50,46,89,85,72,67,51,41,32,18,47,46,43,35,49,29,36,39,26,31,22,42,
ЩРВ-П 36 IEK (5) MKP12-V-04-36-41,шт,250600004_,47,51,58,33,9,27,78,74,21,27,19,89,72,50,41,53,76,73,62,44,25,63,53,35,39,29,20,21,24,13,21,11,31,47
ЩРВ-П 36 IP41 KREPTA 3 черный IEK E-PRO,шт,250600287_,41,41,41,41,41,40,37,35,30,29,21,18,15,15,15,15,15,14,15,15,15,15,12,11,9,9,9,6,6,6,6,6,6,41
ЩРВ-П 36 бел. дверь IP41 TEKFOR IEK,шт,251400037_,,,,,,,,,,,,20,20,37,29,26,22,20,12,31,27,18,16,15,15,12,11,9,18,16,15,26,20,
ЩРВ-П 36 модулей встр. пластик IP41 GENERICA (5),шт,250600186_,31,26,33,30,,17,16,26,11,15,30,17,15,17,16,4,,,,,,,,,,,,,,,,,,31
ЩРВ-П 36 черн. прозр. дверь IP41 TEKFOR IEK,шт,251400020_,,,,,,,,,,,,20,20,35,33,18,11,25,1,10,8,55,,40,19,,,,,,124,107,90,
ЩРВ-П 54 бел. дверь IP41 TEKFOR IEK,шт,251400038_,,,,,,,,,,,,,5,,,,20,2,30,34,30,25,19,25,21,11,16,22,25,13,27,13,8,
ЩРВ-П 54 черн. прозр. дверь IP41 TEKFOR IEK,шт,251400030_,,,,,,,,,,,,,,,,,45,28,12,13,2,32,31,36,20,37,38,21,33,26,50,36,29,
ЩРН   9 (325x280x135) IP31 TITAN 3 IEK   ,шт,250200020_,37,31,29,18,34,30,15,32,22,3,3,2,2,27,16,2,,10,10,9,6,8,13,11,11,11,10,10,9,6,5,7,7,37
ЩРН  12 (1х12мод) 335х310х140 IP54 TITAN 5 IEK,шт,251400065_,,,,,,,,,,,,,3,12,11,10,10,5,,19,17,,18,17,17,15,17,20,18,11,8,17,17,
ЩРН  12 (265x310x120) IP31 TITAN 3 IEK   ,шт,250200014_,6,1,48,16,14,10,37,48,28,,21,,,,,36,55,43,27,35,35,23,16,21,23,21,11,20,33,30,34,31,30,6
ЩРН  18 (265x440x120) IP31 TITAN 3 IEK   ,шт,250200015_,51,41,26,20,22,6,10,7,,2,38,11,1,1,,40,47,41,47,34,30,37,37,36,33,31,30,30,30,30,29,25,25,51
ЩРН  24 (1х24мод) 460х310х140 IP54 TITAN 5 IEK,шт,250600289_,,,,,,,,,,,,,5,24,23,20,16,9,11,26,23,8,2,23,20,20,25,25,24,24,16,21,21,
ЩРН  24 (395x210x120) IP31 TITAN 3 IEK      ,шт,250200016_,18,14,29,24,28,39,,,,2,3,1,11,5,6,7,19,36,32,13,12,16,31,26,25,19,9,17,16,13,13,23,2,18
ЩРН  36 (1х36мод) 585х310х140 IP54 TITAN 5 IEK,шт,250600275_,,,,,,,,,,,,,,15,14,13,10,8,13,14,6,2,10,11,11,15,9,12,13,11,20,19,18,
ЩРН  36 (540x310x120) IP31 TITAN 3 IEK   ,шт,250200017_,27,32,31,37,35,31,1,,,6,2,52,41,34,19,7,2,28,24,28,30,16,28,32,30,29,25,17,23,22,19,19,14,27
ЩРН  48 (1х48мод) 710х310х140 IP54 TITAN 5 IEK,шт,251400066_,,,,,,,,,,,,,,,,,5,4,4,4,1,3,2,4,4,4,4,4,3,4,4,4,4,
ЩРН  48 (2х24мод) 460х570х140 IP54 TITAN 5 IEK,шт,250600276_,,,,,,,,,,,,,3,6,6,5,3,3,3,3,3,1,1,3,3,3,3,3,3,3,3,3,2,
ЩРН  48 (620x310x120) IP31 TITAN 3 IEK   ,шт,250200018_,18,16,16,11,11,7,13,1,,2,1,43,38,36,36,8,,2,29,26,26,14,21,13,17,18,14,18,21,21,17,18,14,18
ЩРН  54 (540x440x120)  IP31 TITAN 3 IEK   ,шт,250200019_,7,7,6,4,6,5,3,7,4,1,1,9,5,3,3,7,,5,7,7,5,2,6,8,8,8,8,8,8,8,7,2,4,7
ЩРН  60 (1х60мод) 835х310х140 IP54 TITAN 5 IEK,шт,251400067_,,,,,,,,,,,,,,3,1,,,2,1,5,5,6,6,6,5,5,4,4,4,4,4,3,3,
ЩРН  72 (1х72мод) 960х310х140 IP54 TITAN 5 IEK,шт,251400068_,,,,,,,,,,,,,,3,3,3,3,,3,1,1,3,2,3,2,3,1,1,3,3,4,3,3,
ЩРН  72 (2х36мод) 585х570х140 IP54 TITAN 5 IEK,шт,250600277_,,,,,,,,,,,,,,,2,1,1,,1,3,2,2,3,2,3,3,4,3,3,3,6,6,4,
ЩРН  72з (540x600x120)  IP31 TITAN 3 IEK   ,шт,250200077_,5,5,4,3,1,,,,,1,5,1,1,,,3,5,8,8,5,,2,7,6,2,3,5,4,7,5,8,7,7,5
ЩРН  84 (1х84мод) 1085х310х140 IP54 TITAN 5 IEK,шт,251400069_,,,,,,,,,,,,,3,4,4,3,3,4,4,3,2,2,,3,3,3,3,3,3,3,2,2,2,
ЩРН  96 (2х48мод) 710х570х140 IP54 TITAN 5 IEK,шт,251400070_,,,,,,,,,,,,,10,8,7,5,5,9,6,13,11,,1,3,7,11,13,10,10,9,10,6,10,
ЩРН 12  (240х330х120) IP54 TITAN 3 IEK      ,шт,251400143_,,,,,,,,,,,,8,,50,49,46,43,25,25,35,25,19,9,10,19,35,34,11,41,31,33,40,29,
ЩРН 120 (2х60мод) 835х570х140 IP54 TITAN 5 IEK,шт,250600278_,,,,,,,,,,,,,,,3,3,,3,5,8,7,3,5,3,6,9,7,7,7,5,6,8,7,
ЩРН 144 (2х72мод) 960х570х140 IP54 TITAN 5 IEK,шт,250600279_,,,,,,,,,,,,,,,3,3,3,3,,4,4,3,3,2,4,4,3,1,3,1,2,3,3,
ЩРН 168 (2х84мод) 1085х570х140 IP54 TITAN 5 IEK,шт,251400071_,,,,,,,,,,,,,,3,1,3,1,3,3,2,2,3,1,2,2,3,3,2,1,1,4,3,2,
ЩРН 18  (240х440х120) IP54 TITAN 3 IEK,шт,150101140_,,,,,,,,,,,,,5,8,6,5,,13,,24,23,10,15,8,10,24,22,8,26,25,22,23,18,
ЩРН 180 (3х60мод) 835х830х140 IP54 TITAN 5 IEK,шт,251400072_,,,,,,,,,,,,,2,4,5,4,4,3,6,10,10,9,10,4,4,4,4,4,4,4,4,4,4,
ЩРН 216 (3х72мод) 960х830х140 IP54 TITAN 5 IEK,шт,251400073_,,,,,,,,,,,,,,3,3,2,2,2,2,2,2,2,1,,1,2,2,,1,1,1,1,1,
ЩРН 24  (410х330х120) IP54 TITAN 3 IEK,шт,251400144_,,,,,,,,,,,,,,29,29,25,3,2,16,31,22,8,15,4,,37,33,21,24,14,13,32,27,
ЩРН 36 (540х330х120) IP54 TITAN 3 IEK,шт,251400145_,,,,,,6,3,3,3,2,2,2,2,12,10,7,,,,,5,4,2,5,2,7,7,5,1,,,5,4,
ЩРН 48 (670х330х120) IP54 TITAN 3 IEK,шт,251400146_,1,1,1,1,1,6,6,1,1,1,1,1,2,12,9,7,1,,20,17,4,16,7,,,,25,21,24,24,19,24,20,1
ЩРН 54 (540х440х120) IP54 TITAN 3 IEK,шт,251400147_,,,,,,2,2,2,2,,,,,,3,3,1,1,1,5,3,3,,5,4,2,5,7,7,6,6,4,5,
ЩРН 72 (540х660х120) IP54 TITAN 3 IEK,шт,251400148_,,,,,,4,4,3,3,3,3,3,4,4,3,,3,5,,10,10,9,2,2,,,8,8,6,6,4,10,3,
ЩРН- 12 (265x310x120) GENERICA,шт,280300589_,30,50,1,18,55,115,114,11,7,,10,,,,,,,,,,,,,,,,,,,,,,,30
ЩРН-12з-1 38 IP31 MKM13-N-12-31-Z EK !!!,шт,ст-9953087,,,,,,15,15,15,15,14,,,,,,,,,,,,,,,,,,,,,,,,
ЩРн-12з-1 IP54 TITAN 3 PRO IEK,шт,щт-0001636,,,,,3,3,3,2,2,1,3,3,3,,,,,,,,,,,,,,,,,,,,,
ЩРН-48 IP54  IEK,шт,нов1932,,,,,,,,,,,,,,,,,,,,,,,,,,,,,,,,,,
ЩРН-П  4  бел. дв. IP41 UNION Compact IEK,шт,251400057_,,,,,,,,,,,,15,15,14,14,14,14,14,14,13,12,11,11,2,2,2,2,2,2,2,1,9,9,
ЩРН-П  4  черн. пр. дв. IP41 UNION Compact IEK,шт,251400048_,,,,,,,,,,,,50,50,49,49,46,45,39,34,34,34,31,30,13,13,13,13,13,13,7,7,7,6,
ЩРН-П  4 IEK (20) MKP12-N-04-04-41,шт,250600021_,87,224,260,307,329,247,243,326,251,266,186,205,171,152,117,184,130,137,182,88,86,175,164,142,122,121,116,103,100,97,73,85,81,87
ЩРН-П  4 модуля навесн. пластик IP41 GENERICA (20),шт,250600173_,202,193,126,194,143,248,274,318,291,142,78,192,312,311,309,284,284,284,282,279,270,270,264,250,208,202,82,81,81,81,81,81,69,202
ЩРН-П  6  бел. дв. IP41 UNION Compact IEK,шт,251400058_,,,,,,,,,,,,40,40,39,38,37,35,35,34,30,30,30,29,9,8,7,7,7,9,9,6,13,13,
ЩРН-П  6  черн. пр. дв. IP41 UNION Compact IEK,шт,251400049_,,,,,,,,,,,,50,50,99,97,94,94,93,92,88,88,85,85,12,11,11,9,8,7,11,11,9,8,
ЩРН-П  6 IEK (20) MKP12-N-04-06-41,шт,250600010_,842,755,676,636,558,47,420,473,8,6,3,783,1197,1102,928,945,918,905,894,881,868,852,746,700,692,675,213,205,188,175,126,119,108,842
ЩРН-П  6 PRIME IEK (20) !!!,шт,250600115_,14,13,13,13,13,13,13,12,11,11,11,8,8,8,8,9,1,1,1,1,1,1,1,1,1,1,1,1,1,1,1,1,1,14
ЩРН-П  6 модулей навесн. пластик IP41 GENERICA (20),шт,250600174_,58,43,1,,,204,235,332,283,227,126,127,122,97,91,58,14,13,12,6,6,5,5,11,11,9,7,6,6,6,6,5,3,58
ЩРН-П  8  бел. дв. IP41 UNION Compact IEK,шт,251400059_,,,,,,,,,,,,56,56,55,53,53,52,51,50,49,46,45,45,5,10,10,10,10,10,10,10,9,9,
ЩРН-П  8  бел. дверь IP41 TEKFOR IEK,шт,251400031_,,,,,,,,,,,,,,,,,20,20,19,19,18,18,16,,,,,1,1,1,1,1,1,
ЩРН-П  8  черн. пр. дв. IP41 UNION Compact IEK,шт,251400050_,,,,,,,,,,,,50,49,98,98,95,95,92,92,92,92,89,88,8,5,1,9,6,6,9,7,6,2,
ЩРН-П  8  черн. прозр. дверь IP41 TEKFOR IEK,шт,251400040_,,,,,,,,,,,,30,30,11,13,12,100,146,144,139,124,116,108,106,101,98,93,93,83,82,81,79,77,
ЩРН-П  8 IEK (20) MKP12-N-04-08-41,шт,250600011_,164,238,220,219,263,316,329,171,14,208,163,122,225,172,145,141,350,415,402,351,321,309,294,280,274,227,164,158,154,152,134,125,110,164
ЩРН-П  8 модулей навесн. пластик IP41 GENERICA (20),шт,250600175_,127,168,112,200,204,159,139,139,70,120,205,211,204,174,155,151,144,126,109,91,82,71,61,59,54,48,43,43,33,33,33,33,30,127
ЩРН-П  9 PRIME IEK (20) !!!,шт,250600116_,,,,,,,,,,,6,6,6,6,6,6,6,6,6,6,6,6,5,4,4,4,3,3,,,,,,
ЩРН-П 12  IEK !!!,шт,250600007,14,14,14,14,14,14,,,,,,,,,,,,,,,,,,,,,,,,,,,,14
ЩРН-П 12  бел. дв. IP41 UNION Compact IEK,шт,251400060_,,,,,,,,,,,,70,70,139,139,139,138,137,134,133,132,129,129,4,2,10,8,8,7,7,8,5,5,
ЩРН-П 12  черн. пр. дв. IP41 UNION Compact IEK,шт,251400051_,,,,,,,,,,,,70,70,71,62,115,107,90,113,143,139,117,112,2,38,37,18,18,77,71,94,85,81,
ЩРН-П 12 IEK (10) MKP12-N-04-12-41,шт,250600007_,658,205,607,595,877,664,172,350,173,681,655,768,788,726,653,221,48,176,446,295,335,348,174,352,186,92,208,446,482,344,227,404,334,658
ЩРН-П 12 IEK черный IP41 !!!,шт,ярп40239,,,,,,,,,,,,,,,,2,2,2,2,2,2,2,2,2,2,2,2,2,2,2,2,2,2,
ЩРН-П 12 IEK черный прозрачная дв. IP41,шт,250600250_,16,12,10,9,14,3,3,3,2,2,,,,,,,,,,,,,,,,,,,,,,,,16
ЩРН-П 12 PRIME IEK (10) !!!,шт,250600117_,2,2,2,2,2,2,2,2,2,,2,2,2,2,2,2,,,,,,,,,,,,,,,,,,2
ЩРН-П 12 бел. дверь IP41 TEKFOR IEK,шт,251400032_,,,,,,,,,,,,20,16,12,12,11,7,11,17,28,21,17,12,11,,1,19,17,16,15,14,9,4,
ЩРН-П 12 белая дверь IP40 KREPTA 5 IEK,шт,251400140_,,,,,,,,,,,,20,20,38,38,38,38,35,35,34,34,34,34,,,,,,,,,,,
ЩРН-П 12 модулей навесн. пластик IP41 GENERICA (10),шт,250600176_,273,665,555,502,600,548,444,255,199,457,490,92,76,62,23,2,2,2,2,2,2,,,,,,,,,,,,,273
ЩРН-П 12 прозр. дверь IP40 KREPTA 5 IEK,шт,251400137_,,,,,,,,,,,,20,19,38,38,38,38,37,37,37,35,35,34,,,,,,,,,,,
ЩРН-П 12 черн. прозр. дверь IP41 TEKFOR IEK,шт,251400041_,,,,,,,,,,,,,,27,23,18,16,8,16,11,3,,10,9,3,,27,23,23,17,19,25,22,
ЩРН-П 18  бел. дв. IP41 UNION Compact IEK,шт,251400061_,,,,,,,,,,,,40,40,39,39,38,38,38,37,34,33,33,33,3,3,3,2,2,2,2,,,,
ЩРН-П 18  черн. пр. дв. IP41 UNION Compact IEK,шт,251400052_,,,,,,,,,,,,50,50,96,93,91,84,79,79,75,68,64,61,19,17,17,21,17,20,3,8,9,,
ЩРН-П 18 IEK (10) MKP12-N-04-18-41,шт,250600008_,147,150,173,148,226,177,269,250,82,53,8,188,301,277,260,244,229,222,202,199,178,171,146,124,120,102,85,39,38,19,65,57,40,147
ЩРН-П 18 IEK черный IP41,шт,ярп40240,1,1,1,,,,,,,,,,,,,,,,,,,,,,,,,,,,,,,1
ЩРН-П 18 модулей навесн. пластик IP41 GENERICA (10),шт,250600177_,1,29,3,614,560,531,520,518,436,425,296,268,207,194,162,157,140,137,114,107,102,91,83,43,40,29,24,14,13,8,2,2,1,1
ЩРН-П 24 IEK (10) MKP12-N-04-24-41,шт,250600009_,9,29,92,161,122,92,117,98,65,115,69,160,249,208,192,170,153,121,111,79,62,66,78,27,10,65,61,65,64,51,58,70,43,9
ЩРН-П 24 бел. дверь IP41 TEKFOR IEK,шт,251400028_,,,,,,,,,,,,30,25,53,53,50,49,48,46,44,44,41,39,7,9,6,1,15,14,12,10,11,10,
ЩРН-П 24 белая дверь IP40 KREPTA 5 IEK,шт,251400141_,,,,,,,,,,,,,6,15,15,15,15,14,14,13,13,13,13,,,,,,,,,,,
ЩРН-П 24 модуля навесн. пластик IP41 GENERICA (10),шт,250600178_,92,80,34,110,160,146,131,125,109,85,79,59,51,37,37,26,21,19,18,12,12,6,6,8,8,5,3,1,1,,,,,92
ЩРН-П 24 прозр. дверь IP40 KREPTA 5 IEK,шт,251400138_,,,,,,,,,,,,10,10,18,17,17,17,15,12,11,9,9,9,,,,,,,,,,,
ЩРН-П 24 черн. прозр. дверь IP41 TEKFOR IEK,шт,251400042_,,,,,,,,,,,,50,45,90,88,82,76,68,52,45,40,28,16,16,3,,32,29,22,19,31,16,17,
ЩРН-П 36 IEK (5) MKP12-N-04-36-41,шт,250600012_,1,,,29,36,36,38,25,5,24,42,31,39,24,13,4,41,32,28,28,22,38,25,40,36,33,52,45,41,38,27,19,21,1
ЩРН-П 36 IEK черный IP41,шт,ярп40242,2,2,2,2,2,2,2,1,,,,,,,,,,,,,,,,,,,,,,,,,,2
ЩРН-П 36 бел. дверь IP41 TEKFOR IEK,шт,251400029_,,,,,,,,,,,,20,19,38,36,34,31,30,27,26,26,23,19,5,8,5,10,8,11,10,3,12,10,
ЩРН-П 36 модулей навесн. пластик IP41 GENERICA (5),шт,250600179_,7,5,4,5,5,,17,21,16,7,26,17,17,17,16,14,12,11,11,3,2,1,1,1,1,1,,,,,,,,7
ЩРН-П 36 черн. прозр. дверь IP41 TEKFOR IEK,шт,251400043_,,,,,,,,,,,,20,18,37,33,29,24,16,22,23,18,21,15,12,3,7,11,10,17,12,6,14,10,
ЩРН-П 54 бел. дверь IP41 TEKFOR IEK,шт,251400033_,,,,,,,,,,,,10,9,,1,,8,8,14,17,11,7,12,11,5,5,5,,25,9,,23,17,
ЩРН-П 54 черн. прозр. дверь IP41 TEKFOR IEK,шт,251400044_,,,,,,,,,,,,3,3,,,,,,,2,1,6,2,8,,4,,14,4,,3,,12,
ЩУ-1ф/1-0 IP54 1дверь (310x300x150) IEK,шт,250200031_,11,1,15,15,15,13,9,6,4,6,3,3,2,2,2,2,,5,6,6,3,3,4,4,4,5,5,5,4,4,4,2,2,11
ЩУ-1ф/1-1 IP54 2двери (310x300x150) IEK,шт,250200060_,19,,15,14,15,16,16,4,15,10,10,8,24,24,23,23,22,22,22,21,21,20,19,19,19,19,9,3,1,2,1,1,,19
ЩУ-3ф/1-1 74 IP66 2двери (445x400x150) IEK,шт,250200061_,31,24,36,34,52,38,24,3,2,37,58,45,30,29,24,41,38,42,37,36,27,32,32,28,27,27,24,24,22,20,16,12,11,31
ЩУРв-3-30зо (550x500x165) IEK,шт,250200023_,,,,,,,,1,1,1,1,1,1,1,1,1,1,1,1,1,1,1,1,1,1,1,1,,1,1,1,1,1,
ЩУРн-1-12зо (395x310x165) IEK,шт,250200025_,28,24,18,22,27,21,8,1,,27,25,25,25,22,18,15,11,6,9,13,9,6,1,10,8,10,11,13,12,11,10,12,11,28
ЩУРн-3-12зо (550x320x175) IEK,шт,250200026_,33,28,26,40,37,35,24,30,7,3,,,,22,1,,53,51,47,41,27,31,22,20,20,15,15,14,14,13,13,11,10,33
ЩУРн-3-30зо (540x490x165) IEK,шт,250200027_,12,10,15,7,16,15,7,15,2,14,7,4,18,17,11,5,5,10,13,10,10,9,15,16,14,13,14,14,13,12,9,11,11,12
ЩУРн-3-48зо (600x540x165) IEK,шт,250200028_,,,7,4,8,6,5,12,9,5,1,16,11,9,4,1,10,13,8,14,12,3,6,3,16,14,9,8,9,8,13,17,15,
ЩУРн-П 1/8 IP66 PC IEK NEW (1/10),шт,250600150_,,,,,,,,,,2,2,2,,,,,,,,,,,,,,,,,,,,,,
ЩУРн-П 3/10 IP55 (345х270х105) IEK,шт,250600039_,2,5,4,3,4,4,2,2,3,2,2,2,,,,,,,,,,,,,,,,,,,,,,2
ЩУРн-П 3/6 IP66 KREPTA 5 PC IEK E-PRO,шт,250600152_,,,1,,,,,2,4,,,,,,,,,,,,,,,,,,,,,,,,,
ЩУРн-П 3/8 IP55  IEK,шт,ст-9949953,,,,,,,,,,,,,,,,,,,,,,,,,,,,,1,1,1,1,1,
ЩУРн-П 3/8 IP55 (365х225х120) IEK,шт,250600041_,278,272,271,271,278,286,273,296,289,279,272,261,257,237,231,228,137,112,103,90,87,82,76,31,37,33,31,26,23,21,21,16,23,278
ЩЭ 2 (1000х960х155) IP31 IEK *,шт,250200106_,2,2,2,2,2,2,,,,,,,,,,,,,,,,,,,,,,,,,,,,2
ЩЭ 2 36 УХЛ3 (без окон) IP31 LIGHT IEK !!!,шт,MKM42-02-31-WW-L,3,3,3,3,3,3,3,3,3,3,3,3,3,3,3,2,2,2,2,2,2,2,2,2,2,2,2,2,2,2,2,2,2,3
ЩЭ 3 (1010x970x155) IP31 IEK,шт,250200078_,23,23,23,23,23,23,23,23,23,23,15,15,15,15,15,15,15,15,15,15,15,15,15,14,14,14,14,14,14,14,14,14,14,23
ЩЭ 4 (1000х960х155) IP31 IEK,шт,250200005_,5,,,5,5,5,5,5,5,5,9,10,10,10,10,10,10,10,10,5,5,5,5,5,5,5,5,5,5,5,,,,5
ЩЭ 5-1 36 УХЛ3 IP31 !!!,шт,ярп6182,34,34,34,34,34,34,34,34,32,20,16,16,16,16,16,11,1,1,1,1,1,1,1,1,1,1,1,1,1,1,1,1,1,34
ЩЭ 6 (1275х960х155) P31 IEK ,шт,290100110_,14,14,8,9,9,8,8,6,6,11,12,6,6,5,5,2,2,1,3,3,3,2,3,3,3,4,4,3,3,3,3,3,3,14
Электропривод ЭП-32/33 230В IEK (1/16),шт,010800036_,1,1,1,1,1,8,8,8,8,8,8,8,8,8,8,8,7,7,7,7,7,7,7,7,7,7,7,7,7,7,7,7,6,1
Электропривод ЭП-35/37 230В IEK (1/12) !!!,шт,010800037_,,,,,,3,3,,,,,,,,,,,,,,,,,,,,,,,,,,,
Электропривод ЭП-40 230В IEK (1/4) !!!,шт,010800038_,,,,,,2,,,,,,,,,,,,,,,,,,,,,,,,,,,,
Электропривод ЭП-43 230В IEK (1/4) !!!,шт,010800039_,,,,,,5,5,2,2,2,2,2,2,2,,,,,,,,,,,,,,,,,,,,
Элемент дренажный УКД D=50мм IP66 IEK (100) NEW,шт,270300307_,20,20,20,20,20,20,20,20,20,20,25,25,25,10,10,10,10,,,,,,,,,,,,,,,,,20
Ящик  ЯТП(укп) 230/12 IP54 IEK (1),шт,270300253_,3,4,4,4,4,2,2,1,1,1,1,1,7,5,5,7,7,7,7,6,6,3,1,1,1,2,2,,,,,2,2,3
Ящик  ЯТП(укп) 230/24 IP54 IEK (1),шт,270300251_,1,2,2,2,2,2,2,2,2,1,1,1,1,1,1,1,1,1,1,,,1,2,,,1,1,,,1,1,1,1,1
Ящик  ЯТП(укп) 230/36 IP54 IEK (1),шт,270300254_,1,1,1,1,1,1,1,1,1,,10,9,17,16,16,19,16,16,11,3,1,5,7,5,13,13,13,11,11,11,11,11,9,1
Ящик управления ЯУ 7,шт,щт-0001952,,,,,,,,,,,,,,,,,,,,,,,,,,,,,,,,,,
Итого,,,592937,524061,520106,620440,763325.5,679432.5,660500.1,515595.1,535952.1,586296.1,735945.1,677244.1,747516.1,632019.1,611609.1,571733.1,725361.1,599659.1,636428.1,677742.1,511906,635695,598894,577590,548603,569307.7,604623.2,559505.2,562043.2,537007.2,471295.2,510732.2,459383.2,592937
