Код 1с,Артикул ИЭК, Наименование,РФ УТ-7583 от 31 августа 2026 г. (поступление до 10.10.2026),РФ УТ-7974 от 10 сентября 2026 г. (поступление до 15.10.2026),ПП УТ-7848 от 7 сентября 2026 г. (поступление до 01.10.2026),УТ-8231 от 18 сентября 2026 г. (поступление до 30.09.2026),УТ-8233 от 18 сентября 2026 г.  (поступление до 30.09.2026),УТ-8234 от 18 сентября 2026 г.  (поступление до 30.09.2026)
200400085_,LC1-C5E04-311,"F/UTP (24 AWG), кат.5Е экран, 4 пары, серый  305м ITK ЗАКУПАЮТСЯ БУХТАМИ, САДЯТСЯ МЕТРАЖОМ",,,,,,
200400250_,LC3-C5E04-339,"F/UTP (24 AWG), кат.5Е экран, 4 пары, LDPE внеш.черный 305м ITK NEW ЗАКУПАЮТСЯ БУХТАМИ, САДЯТСЯ МЕТРАЖОМ",,,,,,
200400166_,LC3-C5E04-139,"U/UTP, кат.5Е 4х2х0,51 solid, LDPE внеш.черный 305м ITK NEW ЗАКУПАЮТСЯ БУХТАМИ, САДЯТСЯ МЕТРАЖОМ",,,,,,
200400048_,LC1-C5E04-111,"U/UTP, кат.5Е 4х2х0,51 solid, серый 305м ITK ЗАКУПАЮТСЯ БУХТАМИ, САДЯТСЯ МЕТРАЖОМ",,,,,,
200400104_,LC1-C604-111,"U/UTP, кат.6  4х2х23 solid, 305м ITK ЗАКУПАЮТСЯ БУХТАМИ, САДЯТСЯ МЕТРАЖОМ",,,,,,
200400259_,TM1-B11V,Инструмент обжим. RJ-45/12 с храп. мех. верт. обжим ITK,,,,,,
200400264_,TM1-B11H,Инструмент обжим. RJ-45/12/11 с храп. мех. ITK,,,,,,
280200252_,CS3-1C5EU,Разъём RJ-45 UTP для кабеля кат.5Е ITK,,,,,,3000
151000059_,LNPP0-1101-1-100-K01,НПП 1101-100  бел/круг ИЭК(8) ,,,,,,
151000061_,LNPP0-1102-1-100-K01,НПП 1102-100  бел/круг с реш. ИЭК(8),,,,,,
151000082_,LNPP0-1401-1-060-K01,НПП 1401-60  бел/овал IP54 ИЭК(12) ,,,,,,
010500137_,MVA25-1-006-C,ВА47-29 (1ф)   6А GENERICA (12/144)***,,,,,,
010500138_,MVA25-1-010-C,ВА47-29 (1ф)  10А GENERICA (12/144)***,,,,,,
010500139_,MVA25-1-016-C,ВА47-29 (1ф)  16А GENERICA (12/144)***,,,,,,
010500140_,MVA25-1-020-C,ВА47-29 (1ф)  20А GENERICA (12/144)***,,,,,,
010500141_,MVA25-1-025-C,ВА47-29 (1ф)  25А GENERICA (12/144)***,,,,,,
010500142_,MVA25-1-032-C,ВА47-29 (1ф)  32А GENERICA (12/144)***,,,,,,
010500143_,MVA25-1-040-C,ВА47-29 (1ф)  40А GENERICA (12/144)***,,,,,,
010500144_,MVA25-1-050-C,ВА47-29 (1ф)  50А GENERICA (12/144)***,,,,,,
010500145_,MVA25-1-063-C,ВА47-29 (1ф)  63А GENERICA (12/144)***,,,,,,
010500147_,MVA25-2-010-C,ВА47-29 (2ф)  10А GENERICA (6/72)***,,,,,,
010500148_,MVA25-2-016-C,ВА47-29 (2ф)  16А GENERICA (72)***,,,,,,
010500149_,MVA25-2-020-C,ВА47-29 (2ф)  20А GENERICA (6/72)***,,,,,,
010500150_,MVA25-2-025-C,ВА47-29 (2ф)  25А GENERICA (6/72)***,,,,,,
010500151_,MVA25-2-032-C,ВА47-29 (2ф)  32А GENERICA (6/72)***,,,,,,
010500152_,MVA25-2-040-C,ВА47-29 (2ф)  40А GENERICA (6/72)***,,,,,,
010500153_,MVA25-2-050-C,ВА47-29 (2ф)  50А GENERICA (6/72)***,,,,,,
010500154_,MVA25-2-063-C,ВА47-29 (2ф)  63А GENERICA (6/72)***,,,,,,
010500156_,MVA25-3-010-C,ВА47-29 (3ф)  10А GENERICA (4/48)***,,,,,,
010500157_,MVA25-3-016-C,ВА47-29 (3ф)  16А GENERICA (4/48)***,,,,,,
010500158_,MVA25-3-020-C,ВА47-29 (3ф)  20А GENERICA (4/48)***,,,,,,
010500159_,MVA25-3-025-C,ВА47-29 (3ф)  25А GENERICA (4/48)***,,,,,,
010500160_,MVA25-3-032-C,ВА47-29 (3ф)  32А GENERICA (4/48)***,,,,,,
010500161_,MVA25-3-040-C,ВА47-29 (3ф)  40А GENERICA (4/48)***,,,,,,
010500162_,MVA25-3-050-C,ВА47-29 (3ф)  50А GENERICA (4/48)***,,,,,,
010500163_,MVA25-3-063-C,ВА47-29 (3ф)  63А GENERICA (4/48)***,,,,,,
010300159_,MAD15-2-010-C-030, УЗО АД 12  (2ф) 10А GENERICA (5/40)***,,,,,,
010300156_,MAD15-2-016-C-030, УЗО АД 12  (2ф) 16А GENERICA (5/40)***,,,,,,
010300160_,MAD15-2-020-C-030, УЗО АД 12  (2ф) 20А GENERICA (5/40***,,,,,,
010300157_,MAD15-2-025-C-030, УЗО АД 12  (2ф) 25А GENERICA (5/40)***,,,,,,
010300161_,MAD15-2-032-C-030, УЗО АД 12  (2ф) 32А GENERICA (5/40)***,,,,,,
010300162_,MAD15-2-040-C-030, УЗО АД 12  (2ф) 40А GENERICA (5/40)***,,,,,,
010300163_,MAD15-2-050-C-030, УЗО АД 12  (2ф) 50А GENERICA (5/40)***,,,,,,
010300164_,MAD15-2-063-C-030, УЗО АД 12  (2ф) 63А GENERICA (5/40)***,,,,,,
010300165_,MAD25-5-006-C-30, УЗО АВДТ 32   6А GENERICA (6/60)***,,,,,,
010300166_,MAD25-5-010-C-30, УЗО АВДТ 32  10А GENERICA (6/60)***,,,,,,
010300167_,MAD25-5-016-C-30, УЗО АВДТ 32  16А GENERICA (6/60)***,,,,,,
010300168_,MAD25-5-020-C-30, УЗО АВДТ 32  20А GENERICA (6/60)***,,,,,,
010300169_,MAD25-5-025-C-30, УЗО АВДТ 32  25А GENERICA (6/60)***,,,,,,
010300170_,MAD25-5-032-C-30, УЗО АВДТ 32  32А GENERICA (6/60)***,,,,,,
010300171_,MAD25-5-040-C-30, УЗО АВДТ 32  40А GENERICA (6/60)***,,,,,,
151000175_,WSP20-10-K09, Переноска УП-1Р 10м. плоск. вилка IEK,,,,,,
151000137_,WSP20-05-K09, Переноска УП-1Р 5м (плоск. вилка) ИЭК,,,,,,
010500001_,MVA20-1-001-C,ВА47-29 (1ф)   1А IEK (12/144) ,,,,,,
010500003_,MVA20-1-002-C,ВА47-29 (1ф)   2А IEK (12/144) ,,,,,48,
010500068_,MVA20-1-003-C,ВА47-29 (1ф)  3А IEK (12/144) ,12,,,,,
010500044_,MVA20-1-004-C,ВА47-29 (1ф)  4А IEK (12/144) ,,,,,,
010500054_,MVA20-1-005-C,ВА47-29 (1ф)  5А IEK (12/144) ,,,,,,
010500004_,MVA20-1-006-C,ВА47-29 (1ф)  6А IEK (12/144) ,,,1200,,,
010500005_,MVA20-1-010-C,ВА47-29 (1ф) 10А IEK (12/144) ,,,1800,,,
010500006_,MVA20-1-016-C,ВА47-29 (1ф) 16А IEK (12/144) ,,,18000,,12000,
010500007_,MVA20-1-020-C,ВА47-29 (1ф) 20А IEK (12/144) ,,,,,600,
010500008_,MVA20-1-025-C,ВА47-29 (1ф) 25А IEK (12/144),,,,,12000,
010500009_,MVA20-1-032-C,ВА47-29 (1ф) 32А IEK (12/144) ,,,,,2400,
010500010_,MVA20-1-040-C,ВА47-29 (1ф) 40А IEK (12/144) ,,,,,2100,
010500011_,MVA20-1-050-C,ВА47-29 (1ф) 50А IEK (12/144) ,,,,,288,
010500012_,MVA20-1-063-C,ВА47-29 (1ф) 63А IEK (12/144) ,,,,,600,
010500103_,MVA20-2-006-C,ВА47-29 (2ф)  6А IEK (6/72) ,,,,,480,
010500018_,MVA20-2-010-C,ВА47-29 (2ф)  10А IEK (6/72) ,,,,,,
010500019_,MVA20-2-016-C,ВА47-29 (2ф) 16А IEK (6/72),,,,,1440,
010500020_,MVA20-2-020-C,ВА47-29 (2ф) 20А IEK (6/72) ,,,60,,,
010500021_,MVA20-2-025-C,ВА47-29 (2ф) 25А IEK (6/72),,,,,2400,
010500022_,MVA20-2-032-C,ВА47-29 (2ф) 32А IEK (6/72) ,,,,,720,
010500023_,MVA20-2-040-C,ВА47-29 (2ф) 40А IEK (6/72) ,,,,,,
010500024_,MVA20-2-050-C,ВА47-29 (2ф) 50А IEK (6/72) ,,,,,144,
010500025_,MVA20-2-063-C,ВА47-29 (2ф) 63А IEK (6/72),,,,,480,
010500045_,MVA20-3-001-C,ВА47-29 (3ф)  1А IEK (4/48)*,,,,,,
010500046_,MVA20-3-002-C,ВА47-29 (3ф)  2А IEK (4/48),,,,,,
010500053_,MVA20-3-003-C,ВА47-29 (3ф)  3А IEK (4/48),,,,,,
010500047_,MVA20-3-004-C,ВА47-29 (3ф)  4А IEK (4/48),,,,,,
010500048_,MVA20-3-006-C,ВА47-29 (3ф)  6А IEK (4/48),,,,,48,
010500032_,MVA20-3-010-C,ВА47-29 (3ф) 10А IEK (4/48),,,,,96,
010500033_,MVA20-3-016-C,ВА47-29 (3ф) 16А IEK (4/48),,,,,960,
010500034_,MVA20-3-020-C,ВА47-29 (3ф) 20А IEK (4/48),,,,,,
010500035_,MVA20-3-025-C,ВА47-29 (3ф) 25А IEK (4/48),,,,,,
010500036_,MVA20-3-032-C,ВА47-29 (3ф) 32А IEK (4/48),,,,,960,
010500037_,MVA20-3-040-C,ВА47-29 (3ф) 40А IEK (4/48),,,,,960,
010500038_,MVA20-3-050-C,ВА47-29 (3ф) 50А IEK (4/48),,,,,240,
010500039_,MVA20-3-063-C,ВА47-29 (3ф) 63А IEK (4/48),,,,,960,
010500110_,MVA20-4-010-C,ВА47-29 (4ф) 10А IEK (3/36) ***,,,,,,
010500090_,MVA20-4-016-C,ВА47-29 (4ф) 16А IEK (3/36),,,,,12,
010500091_,MVA20-4-020-C,ВА47-29 (4ф) 20А IEK (3/36),,,,,,
010500092_,MVA20-4-025-C,ВА47-29 (4ф) 25А IEK (3/36),,,,,,
010500093_,MVA20-4-032-C,ВА47-29 (4ф) 32А IEK (3/36),,,,,,
010500094_,MVA20-4-040-C,ВА47-29 (4ф) 40А IEK (3/36),,,,,15,
010500063_,MVA20-4-050-C,ВА47-29 (4ф) 50A IEK (3/36),,,,,,
010500095_,MVA20-4-063-C,ВА47-29 (4ф) 63А IEK (3/36),,,,,,
010700029_,MVA40-3-025-C, BA 47-100 (3ф)  25А IEK (4/40),,,,,,
010700030_,MVA40-3-032-C, BA 47-100 (3ф)  32А IEK (4/40),,,,,,
010700031_,MVA40-3-040-C, BA 47-100 (3ф)  40А IEK (4/40),,,,,,
010700032_,MVA40-3-050-C, BA 47-100 (3ф)  50А IEK (4/40),,,,,,
010700001_,MVA40-3-063-C, BA 47-100 (3ф)  63А IEK (4/40),,,,,40,
010700003_,MVA40-3-080-C, BA 47-100 (3ф)  80А IEK (4/40),,,,,120,
010700002_,MVA40-3-100-C, BA 47-100 (3ф) 100А IEK (4/40),,,,,320,
010700103_,MVA50-3-100-C, BA 47-150 (3ф) 100А IEK (4/40) ,,,,,4,
010700102_,MVA50-3-125-C, BA 47-150 (3ф) 125А IEK (4/40),,,,,,
010800009_,SVA10-3-0016,ВА 88-32 (3ф)  16А IEK (1/20),,,,,3,
010800018_,SVA10-3-0025,ВА 88-32 (3ф)  25А IEK (1/20),,,,,40,
010800010_,SVA10-3-0032,ВА 88-32 (3ф)  32А IEK (1/20),,,,,50,
010800011_,SVA10-3-0040,ВА 88-32 (3ф)  40А IEK (1/20),,,,,50,
010800015_,SVA10-3-0050,ВА 88-32 (3ф)  50А IEK (1/20),,,,,40,
010800016_,SVA10-3-0063,ВА 88-32 (3ф)  63А IEK (1/20),,,,,30,
010800017_,SVA10-3-0080,ВА 88-32 (3ф)  80А IEK (1/20),,,,,20,
010800001_,SVA10-3-0100,ВА 88-32 (3ф) 100А IEK (1/20),,,,,50,
010800002_,SVA10-3-0125,ВА 88-32 (3ф) 125А IEK (1/20),,,,,40,
290100036_,SVA20-3-0032,ВА 88-33 (3ф)  32А IEK (1/16)*,,,,,,
010800033_,SVA20-3-0080,ВА 88-33 (3ф)  80А IEK (1/16),,,,,8,
010800027_,SVA20-3-0100,ВА 88-33 (3ф) 100А IEK (1/16),,,,,16,
010800028_,SVA20-3-0125,ВА 88-33 (3ф) 125А IEK (1/16),,,,,,
010800003_,SVA20-3-0160,ВА 88-33 (3ф) 160А IEK (1/16),,,,,48,
010800034_,SVA30-3-0125,ВА 88-35 (3ф) 125А IEK (1/6),,,,,,
010800035_,SVA30-3-0160,ВА 88-35 (3ф) 160А IEK (1/6),,,,,30,
010800012_,SVA30-3-0200,ВА 88-35 (3ф) 200А IEK (1/6),,,,,18,
010800004_,SVA30-3-0250,ВА 88-35 (3ф) 250А IEK (1/6),,,,,30,
010800029_,SVA40-3-0315,ВА 88-37 (3ф) 315А IEK (1/4) ,,,,,,
010800005_,SVA40-3-0400,ВА 88-37 (3ф) 400А IEK (1/4),,,,,24,
010800030_,SVA50-3-0500,ВА 88-40 (3ф) 500А IEK (1/2),,,,,,
010800006_,SVA50-3-0630,ВА 88-40 (3ф) 630А IEK (1/2),,,,,,
010800031_,SVA50-3-0800,ВА 88-40 (3ф) 800А IEK (1/2),,,,,,
010800044_,SVA61-3-1000,ВА 88-43 (3ф) 1000А 50кА с эл расц МР 211 IEK (1),,,,,,
010800045_,SVA61-3-1250,ВА 88-43 (3ф) 1250А 50кА с эл расц МР 211 IEK (1) ,,,,,,
010800046_,SVA61-3-1600,ВА 88-43 (3ф) 1600А 50 кА с эл расц МР 211 IEK (1),,,,,,
010700055_,SVA4410-3-0080,ВА 44-33 (3ф)  80А IEK (1/20) ,,,,,,
010700057_,SVA4410-3-0125,ВА 44-33 (3ф) 125А IEK (1/20) ***,,,,,,
010700058_,SVA4410-3-0160,ВА 44-33 (3ф) 160А IEK (1/20) *,,,,,,
010700059_,SVA4410-3-0200,ВА 44-35 (3ф) 200А IEK (1/6) ,,,,,,
010800139_,SVA4410-3-0250,ВА 44-35 (3ф) 250А IEK (1/6) ,,,,,,
010300094_,MAD22-5-006-C-30, УЗО АВДТ 32   6А IEK  (6/60),,,,,,
010300074_,MAD22-5-010-C-30, УЗО АВДТ 32  10А IEK  (6/60),,,,,,
010300075_,MAD22-5-016-C-30, УЗО АВДТ 32  16А IEK  (6/60),,,600,,,
010300095_,MAD22-5-020-C-30, УЗО АВДТ 32  20А IEK  (6/60),,,360,,,
010300053_,MAD22-5-025-C-30, УЗО АВДТ 32  25А IEK  (6/60),,,,,,
010300121_,MAD22-5-032-C-30, УЗО АВДТ 32  32А IEK  (6/60),,,,,,
010300096_,MAD22-5-040-C-30, УЗО АВДТ 32  40А IEK  (6/60),,,,,,
010300001_,MAD10-2-010-C-030, УЗО АД 12  (2ф) 10А IEK (5/40),,,,,10,
010300002_,MAD10-2-016-C-030, УЗО АД 12  (2ф) 16А IEK (5/40),,,,,,
010300123_,MAD10-2-020-C-030, УЗО АД 12  (2ф) 20А IEK (5/40),,,,,10,
010300003_,MAD10-2-025-C-030, УЗО АД 12  (2ф) 25А IEK (5/40),,,,,,
010300004_,MAD10-2-032-C-030, УЗО АД 12  (2ф) 32А IEK (5/40),,,,,,
010300005_,MAD10-2-040-C-030, УЗО АД 12  (2ф) 40А IEK (4/32),,,,,,
010300006_,MAD10-2-050-C-030, УЗО АД 12  (2ф) 50А IEK (4/32),,,,,,
010300007_,MAD10-2-063-C-030, УЗО АД 12  (2ф) 63А IEK (4/32),,,,,32,
010300124_,MAD10-4-010-C-030, УЗО АД 14  (4ф) 10А IEK (3/24),,,,,3,
010300008_,MAD10-4-016-C-030, УЗО АД 14  (4ф) 16А IEK (3/24),,,,,,
010300009_,MAD10-4-025-C-030, УЗО АД 14  (4ф) 25А IEK (3/24),,,,,24,
010300010_,MAD10-4-032-C-030, УЗО АД 14  (4ф) 32А IEK (3/24),,,,,,
010300153_,MAD10-4-040-C-100, УЗО АД 14  (4ф) 40А (100мА) IEK (3/24) ***,,,,,,
010300011_,MAD10-4-040-C-030, УЗО АД 14  (4ф) 40А IEK (3/24),,,,,24,
010300012_,MAD10-4-050-C-030, УЗО АД 14  (4ф) 50А IEK (3/24),,,,,,
010300013_,MAD10-4-063-C-030, УЗО АД 14  (4ф) 63А IEK (3/24),,,,,,
010300066_,MAD12-2-016-C-030, УЗО АД12М  (2ф) 16А IEK (5/40)*,,,,,,
010300068_,MAD12-2-025-C-030, УЗО АД12М  (2ф) 25А IEK (5/40),,,,,,
010300069_,MAD12-2-032-C-030, УЗО АД12М  (2ф) 32А IEK (5/40),,,,,,
010300014_,MDV10-2-016-030, УЗО ВД1 63 (2ф) 16А IEK  (1/48),,,96,,,
010300015_,MDV10-2-025-030, УЗО ВД1 63 (2ф) 25А 30мА IEK  (1/48),,,192,,,
010300016_,MDV10-2-032-030, УЗО ВД1 63 (2ф) 32А 30мА IEK  (1/48),,,,,,
010300017_,MDV10-2-040-030, УЗО ВД1 63 (2ф) 40А 30мА  IEK  (1/48),,,,,,
010300018_,MDV10-2-050-030, УЗО ВД1 63 (2ф) 50А 30мА IEK  (1/48),,,,,,
010300057_,MDV10-2-063-030, УЗО ВД1 63 (2ф) 63А 30мА IEK  (1/48),,,144,,,
010300052_,MDV10-4-016-030, УЗО ВД1-63 (4ф) 16А 30мА IEK  (1/24),,,,,,
010300019_,MDV10-4-025-030, УЗО ВД1-63 (4ф) 25А 30мА IEK  (1/24),,,,,,
010300020_,MDV10-4-032-030, УЗО ВД1-63 (4ф) 32А 30мА IEK  (1/24),,,,,,
010300023_,MDV10-4-040-030, УЗО ВД1-63 (4ф) 40А 30мА IEK  (1/24),,,,,,
010300024_,MDV10-4-050-030, УЗО ВД1-63 (4ф) 50А 30мА IEK  (1/24),,,,,,
010300021_,MDV10-4-063-030, УЗО ВД1-63 (4ф) 63А 30мА IEK  (1/24),,,,,,
010500102_,MNV10-3-032,Выкл. нагрузки ВН-32 (3ф)  32А IEK (4/80),,,,,,
010500041_,MNV10-3-040,Выкл. нагрузки ВН-32 (3ф)  40А IEK (4/80),,,,,,
010500042_,MNV10-3-063,Выкл. нагрузки ВН-32 (3ф)  63А IEK (4/80),,,,,,
010500040_,MNV10-3-100,Выкл. нагрузки ВН-32 (3ф) 100А IEK (4/80),,,,,,
010500111_,MNV10-3-020,Выкл. нагрузки ВН-32 (3ф) 20А IEK (4/80),,,,,,
200400050_,KMM11-006-230-10,  Миниконтактор МКИ-10610 6А 230В IEK (1/100),,,,,,
120100001_,KKM11-009-230-10, Контактор КМИ-10910  9А  220В (1вел) IEK (1/50),,,,,,100
120100032_,KKM11-009-400-10, Контактор КМИ-10910  9А  380В (1вел) IEK (1/50),,,,,,
120100002_,KKM11-012-230-10, Контактор КМИ-11210 12А 220В (1вел) IEK (1/50),,,,,,
120100033_,KKM11-012-400-10, Контактор КМИ-11210 12А 380В (1вел) IEK (1/50),,,,,,20
120100004_,KKM11-018-230-10, Контактор КМИ-11810 18А 230В (1вел) IEK (1/50),,,,,,100
120100034_,KKM11-018-400-10, Контактор КМИ-11810 18А 380В (1вел) IEK (1/50),,,,,,
120100006_,KKM21-025-230-10, Контактор КМИ-22510 25А 220В (2вел) IEK (1/50),,,,,,
120100035_,KKM21-025-400-10, Контактор КМИ-22510 25А 380В (2вел) IEK (1/50),,,,,,
120100030_,KKM21-032-230-10, Контактор КМИ-23210 32А 220В (2вел) IEK (1/50),,,100,,,
120100036_,KKM21-032-400-10, Контактор КМИ-23210 32А 380В (2вел) IEK (1/50),,,,,,
120100009_,KKM21-032-400-01, Контактор КМИ-23211 32А 400В (2вел) IEK (1/50)*,,,,,,
120100011_,KKM31-040-230-11, Контактор КМИ-34012 40А 220В (3вел) IEK (1/20),,,,,,
120100037_,KKM31-040-400-11, Контактор КМИ-34012 40А 380В (3вел) IEK (1/20),,,,,,
120100013_,KKM31-050-230-11, Контактор КМИ-35012 50А 230В (3вел) IEK (1/20),,,,,,20
120100038_,KKM31-050-400-11, Контактор КМИ-35012 50А 380В (3вел) IEK (1/20),,,,,,
120100118_,KKM41-065-230-11, Контактор КМИ-46512 65А 230В (4вел) IEK (1/20),,,,,,3
120100119_,KKM41-065-400-11, Контактор КМИ-46512 65А 380В (4вел) IEK (1/20),,,,,,
120100041_,KKM41-080-230-11, Контактор КМИ-48012 80А 230В (4вел) IEK (1/16),,,,,,
120100042_,KKM41-080-400-11, Контактор КМИ-48012 80А 380В (4вел) IEK (1/16),,,,,,
120100016_,KKM41-095-230-11, Контактор КМИ-49512 95А 230В (4вел) IEK (1/16),,,,,,20
120100081_,KKM41-095-400-11, Контактор КМИ-49512 95А 380В (4вел) IEK (1/16),,,,,,16
130300103_,KPK10-11,Приставка ПКИ 11 1з+1р IEK (1/250),,,,,,50
130300152_,KPK10-22,Приставка ПКИ 22 2з+2р IEK (1/250),,,,,,50
120100055_,KKM16-009-220-00,Контактор  КМИ-10960 9А 220В  IP54  (1вел в корпусе) IEK (1/20),,,,,,30
120100045_,KKM16-009-380-00,Контактор  КМИ-10960 9А 380В  IP54 (1вел в корпусе) IEK (1/20),,,,,,2
120100056_,KKM16-012-220-00,Контактор  КМИ-11260 12А 220В  IP54 (1вел в корпусе) IEK (1/20),,,,,,
120100003_,KKM16-012-380-00,Контактор  КМИ-11260 12А 380В  IP54 (1вел в корпусе) IEK (1/20),,,,,,
120100057_,KKM16-018-220-00,Контактор  КМИ-11860 18А 220В  IP54 (1вел в корпусе) IEK (1/20),,,,,,10
120100005_,KKM16-018-380-00,Контактор  КМИ-11860 18А 380В  IP54 (1вел в корпусе) IEK (1/20),,,,,,
120100058_,KKM26-025-220-00,Контактор  КМИ-22560 25А 220В  IP54 (2вел в корпусе) IEK (1/16),,,,,,
120100008_,KKM26-025-380-00,Контактор  КМИ-22560 25А 380В  IP54 (2вел в корпусе) IEK (1/16),,,,,,
120100059_,KKM26-032-220-00,Контактор  КМИ-23260 32А 220В  IP54 (2вел в корпусе) IEK (1/16),,,,,,
120100010_,KKM26-032-380-00,Контактор  КМИ-23260 32А 380В  IP54 (2вел в корпусе) IEK (1/16),,,,,,2
120100080_,KKM36-040-220-00,Контактор  КМИ-34062 40А 220В  IP54 (3вел в корпусе) IEK (1/6),,,,,,
120100012_,KKM36-040-380-00,Контактор  КМИ-34062 40А 380В  IP54 (3вел в корпусе) IEK (1/6),,,,,,
120100060_,KKM36-050-220-00,Контактор  КМИ-35062 50А 220В  IP54 (3вел в корпусе) IEK (1/6),,,,,,
120100018_,KKM36-050-380-00,Контактор  КМИ-35062 50А 380В  IP54 (3вел в корпусе) IEK (1/6)*,,,,,,
120100122_,KKM46-065-380-00,Контактор  КМИ-46562 65А 380В  IP54 (3вел в корпусе) IEK (1/6),,,1,,,
120300008_,KKT50-115-230-10,Контактор  КТИ 5115  115А 220В IEK (1/4) ,,,,,,
120300023_,KKT50-115-400-10,Контактор  КТИ 5115  115А 400В IEK (1/4) ,,,,,,
120100043_,KKT50-150-230-10,Контактор  КТИ 5150  150А 220В IEK (1/4) ,,,4,,,
120100044_,KKT50-150-400-10,Контактор  КТИ 5150  150А 400В IEK (1/4) ,,,,,,
120100085_,KKT50-185-230-10,Контактор  КТИ 5185  185А 220В IEK (1/4) ,4,,,,,
120100088_,KKT50-185-400-10,Контактор  КТИ 5185  185А 400В IEK (1/4) ,,,2,,,
120100047_,KKT50-225-230-10,Контактор  КТИ 5225  225А 220В IEK (1/2) ,,,4,,,
120100046_,KKT50-225-400-10,Контактор  КТИ 5225  225А 400В IEK (1/2),,,,,,
120100086_,KKT50-265-230-10,Контактор  КТИ 5265  265А 220В IEK (1/2) ,2,,,,,
120100089_,KKT50-265-400-10,Контактор  КТИ 5265  265А 400В IEK (1/2) ,,3,,,,
120100049_,KKT50-330-400-10,Контактор  КТИ 5330  330А 400В IEK (1/2) ,,,,,,
120100087_,KKT60-400-230-10,Контактор КТИ 6400  400А 220В IEK (1/4) ,,,,,,
120100050_,KKT60-400-400-10,Контактор КТИ 6400  400А 400В IEK (1/2) ,,1,,,,
120100074_,MKK10-20-20, Контактор КМ20-20 АС/DC IEK (8/120),,,,,,
120100306_,MKK11-20-20,Контактор модульный КМ20-20М AC IEK,,,,,,
120100075_,MKK20-25-40, Контактор КМ25-40 АС/DC IEK (4/60),,,,,,
120100076_,MKK20-40-40, Контактор КМ40-40 АС/DC IEK (4/60),,,,,,
120100077_,MKK20-63-40, Контактор КМ63-40 АС/DC IEK (4/60),,,,,,
120100221_,MKK10-20-11,Контактор КМ 20-11 АС IEK (8/120) NEW,,,,,,
120100178_,MKK20-20-22,Контактор КМ 20-22 АС IEK (6/90) NEW,,,,,,
120100188_,MKK20-25-22,Контактор КМ 25-22 АС IEK (6/90) NEW,,,,,,
120100219_,MKK10-63-11,Контактор КМ 63-11 АС IEK (6/90) NEW,,,,,,
120100231_,MKK11-63-11,Контактор КМ 63-11M AC IEK,,,,,,
120100065_,DMS11-001,"  Пускатель ПРК32 0,4-0,63А 660В IEK (1) ***",,,,,,
120100069_,DMS11-D63,"  Пускатель ПРК32-6,3 In=6,3A Ir=4-6,3A Ue 660В IEK (1/50)",,,,,,
120100070_,DMS11-010, Пускатель ПРК32-10 In=10A Ir=6-10A Ue 660В IEK (1/50),,,,,,
120100071_,DMS11-014, Пускатель ПРК32-14 In=14A Ir=9-14A Ue 660В IEK (1/50),,,,,,
120100072_,DMS11-018, Пускатель ПРК32-18 In=18A Ir=13-18A Ue 660В IEK (1/50),,,4,,,
120100073_,DMS11-025, Пускатель ПРК32-25 In=25A Ir=20-25A Ue 660В IEK (1/50),,,,,,
080800070_,BLS10-ADDS-230-K05,Индикатор AD-22DS (LED) Ø22мм (желтый) IEK (10/600),,,,,,
080800071_,BLS10-ADDS-230-K06,Индикатор AD-22DS (LED) Ø22мм (зеленый) IEK (10/600),,,,,,100
080800072_,BLS10-ADDS-230-K04,Индикатор AD-22DS (LED) Ø22мм (красный) IEK (10/600),,,,,,100
080800023_,BLS30-ALTE-K05,Индикатор AL-22TE Ø22мм (желтый неон) IEK (10/300)***,,,,,,
080800024_,BLS30-ALTE-K06,Индикатор AL-22TE Ø22мм (зеленый неон) IEK (10/300),,,,,,
130200019_,MIF10-400,Свет. индикатор фаз (3-х фазн. на DIN-рейку) IEK (24/480),,,,,,
080800062_,MLS10-230-K05,Сиг. лампа ЛС-47 (желтый неон) IEK (12/240),,,,,,
080800030_,MLS10-230-K06,Сиг. лампа ЛС-47 (зеленый неон) IEK (12/240),,,,,,
080800031_,MLS10-230-K04,Сиг. лампа ЛС-47 (красный неон) IEK (12/240),,,,,,
080800063_,MLS10-230-K07,Сиг. лампа ЛС-47 (синий неон) IEK (12/240)***,,,,,,
130900014_,KVK10-06-3, ВКИ-211 3Р 6А 230\400В IP40 IEK (10/120),,,,,,
130900013_,KVK20-10-3, ВКИ-216 3Р 10А 230\400В IP40 IEK (10/120),,,,,,
130900001_,KVK30-16-3, ВКИ-230 3Р 16А 230\400В IP40 IEK (10/100),,,,,,20
130200085_,MBD10-11-K51, Кнопка управления модульная КМУ-11 IEK (12/144),,,,,,
130300021_,BBT30-ABLFS-K06,Кнопка ABLFS-22 (зеленый неон) IEK (10/200),,,,,,
130300022_,BBT30-ABLFS-K04,Кнопка ABLFS-22 (красный неон) IEK (10/200),,,,,,
130900065_,BBG30-AEA-K04,"Кнопка AEA-22  (грибок, красный)  IEK  (10/200)",,,,,,
130900033_,BBG30-AEA-K07,"Кнопка AEA-22  (грибок, синий)  IEK (10/200)",,,,,,
130900017_,BBG60-AEAL-K04,Кнопка AEAL-22 (грибок с фиксац.красн) IEK (10/200),,,,,,
130900031_,BBG20-AELA-K06,Кнопка AELA-22 (грибок зеленый неон) IEK (10/200),,,10,,,
130900030_,BBG20-AELA-K04,Кнопка AELA-22 (грибок красный неон) IEK (10/200),,,,,,
130900008_,BSW10-ALCLR-3-K02,Кнопка ALCLR-22 (черный.на 3 полож) IEK (10/200),,,,,,10
130900009_,BBG40-ANE-K04,Кнопка ANE-22 (грибок с фиксац.красн.неон) IEK (10/200),,,,,,
130300154_,BBD11-APBB-K51,"Кнопка APBB-22N ""ПУСК-СТОП"" Ø22мм IEK(10/200)",,,,,,80
130300080_,BBD21-PPBB-K51,"Кнопка PPВВ-30N ""ПУСК-СТОП"" Ø30мм IEK (10/200)",,,,,,
130900020_,BBT40-SB7-K06,"Кнопка SB-7 ""ПУСК"" (зеленая Ø22мм) IEK (10/500)",,,,,,100
130900019_,BBT40-SB7-K04,"Кнопка SB-7 ""СТОП"" (красная Ø22мм) IEK (10/500)",,,,,,100
130300101_,BSW10-AKS-2-K02,Переключатель AKS-22  (черный с ключом на 2 фикс.полож.) IEK (10/200),,,,,,
130900012_,BSW10-ANC-2-K06,Переключатель ANC-22-2 (зеленый неон на 2 полож)  IEK (10/200),,,,,,
130900010_,BSW10-ANC-2-K04,Переключатель ANC-22-2 (красный неон на 2 полож)  IEK (10/200),,,,,,
130900006_,BSW10-ANCLR-3-K06,Переключатель ANCLR 22-3 (зеленый неон на 3 полож.) IEK (10/200),,,,,,10
130900007_,BSW10-ANCLR-3-K04,Переключатель ANCLR 22-3 (красный неон на 3 полож.) IEK (10/200),,,,,,
250600030_,BKP10-1-K01,Пост кноп (корпус) КП-101 (1 мест.бел.) IEK (10/100),,,,,,
250600013_,BKP10-2-K01,Пост кноп (корпус) КП-102 (2 мест.бел.) IEK (10/100),,,,,,
250600014_,BKP10-3-K01,Пост кноп (корпус) КП-103 (3 мест.бел.) IEK (10/100),,,,,,
250600015_,BKP10-4-K01,Пост кноп (корпус) КП-104 (4 мест.бел.) IEK (10/50),,,,,,
130300204_,BPU10-2,Пост тельф.ПКТ-61 (на 2 кноп.) IP54 IEK (5/60),,,,,,
130300004_,BPU10-4,Пост тельф.ПКТ-62 (на 4 кноп.) IP54 IEK (5/40),,,,,,
130300003_,BPU10-6,Пост тельф.ПКТ-63 (на 6 кноп.) IP54 IEK (5/30),,,,,,
130600128_,ORT-M2-ACDC12-240V, Реле времени  ORT многофункц. 2 конт. 12-240V AC/DC IEK NEW (1/200),6,,,,,
130300084_,MZD10-230,Звонок ЗД-47 на DIN-рейку IEK (12/240),,,,,,
130600136_,ORF-03-220-460VAC,Реле фаз ORF 03. 3ф 220-460V IEK NEW (1/200),,,,,,
130600137_,ORF-05-220-460VAC,Реле фаз ORF 05. 3ф 220-460V IEK NEW (1/200),,,,,,20
130600138_,ORF-06-220-460VAC,Реле фаз ORF 06. 3ф 220-460V IEK NEW (1/200),,,,,,6
130600063_,RRP10D-RRM-4,Разъем РРМ77/4(PTF14A) для РЭК77/4(LY4) модульный IEK (10/400),,,,,,
130600068_,RRP10-4-10-220A,Реле РЭК77/4(LY4) 10A 220B IEK (20/300),,,,,,100
130300555_,RRP10-3-10-220A,Реле РЭК77/3(LY3)  10А 230В АC IEK,,,,,,20
130600078_,DRT10-D004-C063,"Тепловое реле РТИ-1304 (0,4-0,63А) IEK (1/100)",,,,,,
130600079_,DRT10-C063-0001,"Тепловое реле РТИ-1305 (0,63-1,0А) IEK (1/100)",,,,,,4
130600080_,DRT10-0001-D016,"Тепловое реле РТИ-1306 (1-1,6А) IEK (1/100)",,,,,,
130600031_,DRT10-D016-D025,"Тепловое реле РТИ-1307 (1,6-2,5А) IEK (1/100)",,,,,,15
130600052_,DRT10-D025-0004,"Тепловое реле РТИ-1308 (2,5-4,0А) IEK (1/100)",,,,,,
130600032_,DRT10-0004-0006,Тепловое реле РТИ-1310 (4-6А) IEK (1/100),,,,,,
130600086_,DRT10-D055-0008,"Тепловое реле РТИ-1312  (5,5-8А) IEK (1/100)",,,,,,
130600021_,DRT10-0007-0010,Тепловое реле РТИ-1314 (7-10А) IEK (1/100),,,,,,
130600022_,DRT10-0009-0013,Тепловое реле РТИ-1316 (9-13А) IEK (1/100),,,,,,
130600053_,DRT10-0012-0018,Тепловое реле РТИ-1321 (12-18А) IEK (1/100),,,,,,
130600023_,DRT10-0017-0025,Тепловое реле РТИ-1322 (17-25А) IEK (1/100),,,,,,40
130600024_,DRT20-0028-0036,Тепловое реле РТИ-2355 (28-36А) IEK (60),,,,,,
130600066_,DRT30-0023-0032,Тепловое реле РТИ-3353 (23-32А) IEK (50),,,,,,
130600025_,DRT30-0030-0040,Тепловое реле РТИ-3355 (30-40А) IEK (50),,,,,,
130600051_,DRT30-0037-0050,Тепловое реле РТИ-3357 (37-50А) IEK (50),,,,,,
130600067_,DRT30-0055-0070,Тепловое реле РТИ-3361 (55-70А) IEK (50),,,,,,
130600064_,DRT30-0063-0080,Тепловое реле РТИ-3363 (63-80А) IEK (50),,,,,,
130300287_,LDD10-008-1100-001,"Датчик движения ДД 008 белый,до 1100 Вт,дальность 12 м IP44 IEK (48) поддерживаем склад на 1 месяц",,,,,,
130300288_,LDD10-010-1100-001,"Датчик движения ДД 010 белый,до 1100 Вт,дальность 10 м IP44 IEK (48) поддерживаем склад на 1 месяц",,,,,,
130200128_,LDD11-024-1100-001,"Датчик движения ДД 024 белый,до 1100 Вт,дальность 6 м IP33 IEK (60)  поддерживаем склад на 1 месяц",,,,,,40
130300220_,LFR20-601-2200-003,"Фотореле ФР 601 серый, 2200 Вт IP44 IEK (120)  поддерживаем склад на 1 месяц",,,,,,60
130300221_,LFR20-602-4400-003,"Фотореле ФР 602 серый, 5500 Вт IP44 IEK (120)  поддерживаем склад на 1 месяц",,,,,,20
114001010_,TMD-1S-182,Мультиметр цифровой Compact M182 IEK (100),,,,,,3
130200185_,TMD-3L-830,Мультиметр цифровой Master MAS830L IEK (40),,,,,,
130200184_,TMD-3L-838,Мультиметр цифровой Master MAS838L IEK (40),,,,,,
114001002_,TMD-2B-830,Мультиметр цифровой Universal M830B IEK (60),,,,,,
020300085_,CCE-1R1-1-01-1, Счетчик STAR 101/1R1 (1ф) 1 тариф.5 (60А) М IEK (24) ,,,,,,
130200131_,IVS10-1-00500,"Стабилизатор СНИ  0,5 кВА (1ф) IEK (1)",,,,,,
011100064_,IVS10-1-01000,Стабилизатор СНИ  1 кВА (1ф) IEK (1),,,,,,
011100063_,IVS10-1-02000,Стабилизатор СНИ  2 кВА (1ф) IEK (1),,,,,,
011100062_,IVS10-1-03000,Стабилизатор СНИ  3 кВА (1ф) IEK (1),,,,,,
011100067_,IVS10-3-03000,Стабилизатор СНИ  3 кВА (3ф) IEK (1),,,,,,
011100065_,IVS10-1-05000,Стабилизатор СНИ  5 кВА (1ф) IEK (1),,,,,,
011100071_,IVS10-1-10000,Стабилизатор СНИ 10 кВА (1ф) IEK (1),,,,,,
011100068_,IVS10-3-15000,Стабилизатор СНИ 15 кВА (3ф) IEK (1),,,,,,
011100069_,IVS10-3-20000,Стабилизатор СНИ 20 кВА (3ф) IEK (1),,,,,,
011100098_,IVS20-1-01500," Стаб электрон СНР 1-0-1,5 кВА (1ф) стационарный IEK (4)",,,,,,
011100253_,IVS20-1-03000, Стаб электрон СНР 1-0-3 кВА (1ф) переносной IEK (1),,,,,,
011100249_,IVS20-1-05000, Стаб электрон СНР 1-0-5 кВА (1ф) IEK (1),,,,,,
011100251_,IVS20-1-08000, Стаб электрон СНР 1-0-8 кВА (1ф) IEK (1),,,,,,
130300020_,MVA01D-RN,Расцепитель независимый РН47 на DIN-рейку НОВЫЕ IEK (12/240),,,,,,
270300001_,MTT12-012-0250,Ящик  ЯТП(укп) 220/12 IEK (1),,,4,,,
270300002_,MTT12-024-0250,Ящик  ЯТП(укп) 220/24 IEK  (1),,,,,,
270300003_,MTT12-036-0250,Ящик  ЯТП(укп) 220/36 IEK  (1),,,,,,
270300004_,MTT12-042-0250,Ящик  ЯТП(укп) 220/42 IEK (1),,,,,,
270300005_,MTT21-012-0250,Ящик  ЯТП(укп) 380/12 IEK (1)***,,,,,,
270300007_,MTT21-036-0250,Ящик  ЯТП(укп) 380/36 IEK (1),,,,,,
200400001_,EVK10-K01-10-DM,I1  выкл. 1кл. 10А КВАРТА ВС 10-1-0-КБ (200) поддерживаем склад на 1 мес,,,,,,
200400015_,EAK10-K01-DM,I10 розетка TV КВАРТА РТВ 10-КБ (200) поддерживаем склад на 1 мес,,,,,,
200400011_,ETK10-K01-DM,I11 розетка тел. КВАРТА РТ10-КБ (10/200) поддерживаем склад на 1 мес,,,,,,
280300231_,EDK10-K01-03-DM,I12 диммер КВАРТА ВСР 10-1-0-КБ (160) поддерживаем склад на 1 мес,,,,,,
280300147_,EKK10-K01-DM,I13 роз. комп КВАРТА РК10-КБ (200) поддерживаем склад на 1 мес,,,,,,
200400014_,EIK10-K01-DM,I14 роз. 2-я комп+тел КВАРТА РК/Т12-КБ (200) поддерживаем склад на 1 мес,,,,,,
200400016_,EMK20-K01-DM,I15 Рамка 2-я КВАРТА (760) поддерживаем склад на 1 мес,,,,,,
200400017_,EMK30-K01-DM,I16 Рамка 3-я КВАРТА (500) поддерживаем склад на 1 мес,,,,,,
200400018_,EMK40-K01-DM,I17 Рамка 4-я КВАРТА (380) поддерживаем склад на 1 мес,,,,,,
200400003_,EVK20-K01-10-DM,I2  выкл. 2кл. 10А КВАРТА ВС 10-2-0-КБ (200) поддерживаем склад на 1 мес,,,,,,
200400002_,EVK11-K01-10-DM,I3  выкл. 1кл. с инд. 10А КВАРТА ВС 10-1-1-КБ (200) поддерживаем склад на 1 мес,,,,,,
200400004_,EVK21-K01-10-DM,I4  выкл. 2кл. с инд.10А КВАРТА ВС 10-2-1-КБ (200) поддерживаем склад на 1 мес,,,,,,
280300145_,ERK13-K01-10-DM,I5 роз. с/у  10А КВАРТА РС 10-2-КБ (200) поддерживаем склад на 1 мес,,,,,,
200400101_,ERK14-K01-16-DM,I6 роз. с/у з/к 16А КВАРТА РС 10-3-КБ (200) поддерживаем склад на 1 мес,,,,,,
200400007_,ERK11-K01-16-DM,I6А роз. с/у з/к с/ш 16А КВАРТА РСш 10-3-КБ (200) ,,,,,,
280300229_,ERK23-K01-10-DM,I7  роз. 2-я с/у  10А КВАРТА РС 12-2-КБ (180) поддерживаем склад на 1 мес,,,,,,
280300146_,ERK24-K01-16-DM,I8  роз. 2-я с/у з/к  16А)КВАРТА РС 12-3-КБ (160) поддерживаем склад на 1 мес,,,,,,
200400249_,ERK15-K01-16-DM,I9 роз. с/у з/к 16А IP44 КВАРТА РСб 10-3-КБ (160) поддерживаем склад на 1 мес,,,,,,
200400019_,EVO10-K01-10-DC,I18 выкл. 1кл. о/у 10А ОКТАВА ВС 20-1-0-ОБ (36/432) поддерживаем склад на 1 мес,,,,,,
200400021_,EVO20-K01-10-DC,I19 выкл. 2кл. о/у 10А ОКТАВА ВС 20-2-0-ОБ (36/432) поддерживаем склад на 1 мес,,,,,,
200400020_,EVO11-K01-10-DC,I20выкл. 1кл. с инд. о/у 10А ОКТАВА ВС 20-1-1-ОБ (36/432) поддерживаем склад на 1 мес,,,,,,
200400022_,EVO21-K01-10-DC,I21 выкл. 2кл. с инд. о/у 10А ОКТАВА ВС 20-2-1-ОБ (36/432) поддерживаем склад на 1 мес,,,,,,
200400023_,ERO10-K01-10-DC,I22 роз. о/у 10А ОКТАВА РС 20-2-0-ОБ (36/432) поддерживаем склад на 1 мес,,,,,,
200400024_,ERO11-K01-16-DC,I23 роз. о/у з/к 16А ОКТАВА РС 20-3-0-ОБ (30/360) поддерживаем склад на 1 мес,,,,,,
200400025_,ERO20-K01-10-DC,I24 роз. 2-я о/у 10А ОКТАВА РС 22-2-0-ОБ (24/288) поддерживаем склад на 1 мес,,,,,,
200400026_,ERO21-K01-16-DC,I25 роз. 2-я о/у з/к 16А ОКТАВА РС 22-3-0-ОБ (18/216) поддерживаем склад на 1 мес,,,720,,,
200400029_,EVMP10-K01-10-54-EC,I26 выкл 1кл о/у белый IP54 ГЕРМЕС IEK ВС20-1-0-ГПБ  (10/100)  поддерживаем склад на 1 мес,,,,,,
200400030_,EVMP20-K01-10-54-EC,I27 выкл 2кл о/у белый IP54 ГЕРМЕС IEK ВС20-2-0-ГПБ  (10/100)  поддерживаем склад на 1 мес,,,10,,,
200400027_,ERMP12-K03-16-54-EC,I28 роз з/к о/у дымчатый IP54 ГЕРМЕС IEK РСб20-3-ГПБд  (10/100) поддерживаем склад на 1 мес,,,250,,,
200400028_,ERMP22-K03-16-54-EC,I29 роз 2-я з/к о/у дымчатый IP54 ГЕРМЕС IEK РСб22-3-ГПБд  (5/50)  поддерживаем склад на 1 мес,,,100,,,
280300232_,EVS10-K03-10-54-DC,I30 Выкл 1кл о/у серый IP54 ФОРС IEK ВС20-1-0-ФСр NEW (10/100),,,,,,
280300235_,EVS20-K03-10-54-DC,I31 Выкл 2кл о/у серый IP54 ФОРС IEK ВС20-2-0-ФСр NEW (10/100) ,,,,,,
280300236_,ERS12-K03-16-54-DC,I32 Роз з/к о/у серый IP54 ФОРС IEK РСб20-3-ФСр NEW (10/100),,,,,,
280300237_,ERS22-K03-16-54-DC,I33 Роз 2-я з/к о/у серый IP54 ФОРС IEK РСб22-3-ФСр NEW (5/60),,,,,,
130300775_,EVP10-32-01-K01,Вилка для плиты ВПпл10-01-Ст з/к 32А белая IEK,,,,,,
130300774_,ERP10-32-01-K01,Розетка для плиты РПпл10-01-Ст з/к о/у 32А белая IEK,,,,,,
130300773_,ERP11-32-01-K01,Розетка для плиты РПпл11-01-Ст з/к c/у 32А белая IEK ,,,,,,
280300396_,UKT11-092-092-040,"КМ41001 распаячн. для твердых стен 92x92x45 (с саморезами, с крышкой) IEK (126) NEW",,,,,,
280300397_,UKT11-172-096-045,"КМ41006 распаячн. для твердых стен 172x96x45 (с саморезами, с крышкой) IEK (70) NEW",,,,,,
280300179_,UKG01-080-040-000-M,"КМ41024 распаячн. d80х40 для полых стен (мет. лапками, с крышкой ) IEK (175) NEW",,,,,,
280300399_,UKG11-172-096-045-P,"КМ41026 распаячн. 172х96x45 для полых стен (с саморезами, пласт. лапки, с крышкой) IEK (70) NEW",,,,,,
280300401_,UKO11-085-085-040-K41-44,КМ41235 распаячн. для о/п 85х85х40 мм IP44 (6 гермовводов) IEK (60) NEW,,,,,,
280300403_,UKOZ11-070-070-040-K41-44,"КМ41236 распаячн. для о/п 70х70х40 IP44 (4 гермоввода, с крышкой) IEK (84) NEW",,,,,,
280300180_,UKO11-075-040-000-K41-44,КМ41237 распаячн. для о/п d75х40 мм IP44 (4 гермоввода) IEK (60) NEW,,,,,,
280300181_,UKO10-150-110-070-K41-44,КМ41241 распаячн. для о/п 150х110х70  IP44 (10 гермовводов) IEK (30) NEW,,,,,,
280300182_,UKO10-150-110-070-K41-55,КМ41242 распаячн. для о/п 150х110х70 IP55 (10 гермовводов) IEK (30) NEW,,,,,,
280300402_,UKO11-190-140-070-K41-55,КМ41244 распаячн. для о/п 190х140х70 мм IP55 (10 гермовводов IEK (20) NEW,,,,,,
280300404_,UKOZ11-100-100-050-K41-44,"КМ41255 распаячн. для о/п 100х100х50 IP44 (6 гермовводов, с крышкой) IEK (48) NEW",,,,,,
280300176_,UKG10-065-040-000-P,КМ40022 уст. d65х45 для полых стен (с саморезами и пласт. лапками) IEK (100) NEW,,,,,,
280300398_,UKA-1,Канал-соединитель КМ43002 (для КМ40022) IEK (25) NEW,,,,,,
280300395_,UKT10-065-040-000,КМ40002 уст. для твердых стен d65x40 (с саморезами) IEK (300) NEW,,,,,,
280300175_,UKG10-065-040-000-M,КМ40021 уст. d65х45 для полых стен (с саморезами и мет. лапками) IEK (250) NEW,,,,,,
280300400_,UKG20-141-070-045-M,КМ40023 уст. 2 места d141х70x45 для полых стен (с саморезами и мет. лапками) IEK (100) NEW,,,,,,
250600087_,MKP31-N-02-30-252,Бокс КМПн 1/2 для 1-2-х авт.выкл н/у IEK NEW,,,,,,
280300295_,MKP31-N-04-30-135,Бокс КМПн 1/4 для 4-х авт.выкл н/у IEK NEW,,,,,,
020100001_,PSR01-016-3,Переносная вилка 013- 2р+е 16А 220В IEK,,,,,,
020100002_,PSR02-016-4,Переносная вилка 014 3р+ре 16А 380В IEK,,,,,,
020100003_,PSR02-016-5,Переносная вилка 015 3р+ре+n 16А 380В IP 44 IEK,,,,,,
020100004_,PSR01-032-3,Переносная вилка 023 2р+ре 32А 220В IEK,,,20,,,
020100005_,PSR02-032-4,Переносная вилка 024 3р+ре 32А 380В IEK,,,,,,
020100006_,PSR02-032-5,Переносная вилка 025 3р+ре+n 32А 380В IEK,,,60,,,
020100007_,PSR02-063-4,Переносная вилка 034 3р+ре 63А 380В IP 54 IEK,,,,,,
020100044_,PSR02-063-5,Переносная вилка 035 3р+ре+n63А 380В IP 54 IEK,,,,,,
020100008_,PSR21-016-3,Переносная розетка  213 2р+е 16А 220В  IEK,,,,,,
020100009_,PSR22-016-4,Переносная розетка  214 3р+ре 16А 380В IP44 IEK,,,,,,
020100010_,PSR22-016-5,Переносная розетка  215 3р+ре+n 16А 380В  IEK,,,,,,
020100011_,PSR21-032-3,Переносная розетка  223 2р+ре 32А 220В  IEK,,,,,,
020100012_,PSR22-032-4,Переносная розетка  224 3р+ре 32А 380В IP44 IEK,,,,,,40
020100013_,PSR22-032-5,Переносная розетка  225 3р+ре+n 32А 380В IEK,,,,,,
020100015_,PSR11-016-3,Стационарная розетка  113 2р+ре 16А 220В IEK,,,,,,
020100017_,PSR12-016-4,Стационарная розетка  114 3р+е 16А 380В IP 44 IEK,,,,,,
020100018_,PSR12-016-5,Стационарная розетка  115 3р+ре+n 16А 380В IP 44 IEK,,,,,,
020100019_,PSR11-032-3,Стационарная розетка  123 2р+е 32А 220В IEK,,,,,,
020100020_,PSR12-032-4,Стационарная розетка  124 3р+ре 32А 380В IP 44 IEK,,,,,,30
020100021_,PSR12-032-5,Стационарная розетка  125 3р+ре+n 32А 380В IP 44 IEK,,,,,,
020100022_,PSR12-063-4,Стационарная розетка  134 3р+ре 63А 380В IP 54 IEK,,,,,,
020100045_,PSR12-063-5,Стационарная розетка  135 3р+ре+n 63А 380В IP 54 IEK,,,,,,
020100023_,PSR42-016-4,Стационарная розетка  414 скрытая 3р+ре 16А 380В IP44 IEK,,,,,,
290100009_,WYP10-16-03-03-Z-N,У03 (3места 2р+ре.3метра) IEK,,,,,,
290100002_,WYP10-16-03-05-Z-N,У03 (3места 2р+ре.5метров) IEK,,,,,,
290100003_,WYP10-16-03-03-ZK-N,У03К-выкл (3места/3метра ) IEK,,,,,,
290100010_,WYP10-16-03-05-ZK-N,У03К-выкл (3места/5метров ) IEK,,,,,,
290100005_,WYP10-16-04-03-Z-N,У04 (4места 2р+ре.3метра) IEK,,,,,,
290100011_,WYP10-16-04-05-Z-N,У04 (4места 2р+ре.5метров) IEK,,,,,,
290100012_,WYP10-16-04-05-44-N,У04 В (4места 2р+ре.5метра з/ш) IEK ***,,,,,,
290100013_,WYP10-16-04-03-ZK-N,У04К-выкл (4места  .3метра ) IEK,,,,,,
290100014_,WYP10-16-04-05-ZK-N,У04К-выкл (4места  .5метра ) IEK,,,,,,
290100015_,WYP10-16-05-03-Z-N,У05 (5мест 2р+ре.3метра) IEK,,,,,,
290100016_,WYP10-16-05-05-Z-N,У05 (5мест 2р+ре.5метра) IEK,,,,,,
290100017_,WYP10-16-05-03-ZK-N,У05К-выкл (5места 3метра) IEK,,,,,,
290100018_,WYP10-16-05-05-ZK-N,У05К-выкл (5места 5метра) IEK,,,,,,
290100019_,WYP10-06-03-03-N,У3 (3места 2р 3метра 6А) IEK,,,,,,
290100020_,WYP10-06-03-05-N,У3 (3места 2р 5метра 6А) IEK,,,,,,
290100022_,WYP10-06-03-05-K-N,У3К-выкл (3места  5метра 6А) IEK*,,,,,,
290100107_,WYP10-06-05-03-N,У5  (5мест 3метра) IEK*,,,,,,
290100041_,WYP10-06-05-05-K-N,У5К-выкл (5мест 5метров) IEK*,,,,,,
290100004_,WKP15-16-04-10,УК10 Катушка (10м) IEK,,,10,,,
290200005_,WKP15-16-04-20,УК20 Катушка (20м) IEK,,,,,,
290200008_,WKP15-16-04-30,УК30 Катушка (30м) IEK,,,,,,
290200009_,WKP15-16-04-40,УК40 Катушка (40м) IEK,,,,,,
290200006_,WKP15-16-04-50,УК50 Катушка (50м) IEK,,,,,,2
290100029_,WUP10-05-K09-N,Шнур УШ-01РВ (оранж с кругл  вилк и розеткой 5м) IEK,,,,,,
290100101_,WUP20-02-K01,"Шнур УШ-1КВ ( с плоск вилк и выкл 2x0,75/2метр) IEK",,,,,,
280100162_,CKK11-040-040-1-K01-024,Кабель-канал  40х40 Ecoline IEK (24) ***,,,,,,
280100179_,CKK11-060-060-1-K01,Кабель-канал  60х60  Ecoline IEK NEW (12),,,,,,
280100180_,CKK11-080-060-1-K01-008,Кабель-канал  80х60 Ecoline IEK NEW (8),,,,,,
280100003_,CKK10-012-012-1-K01,Кабель-канал   12х12 IEK (120),,,,,,
280100006_,CKK10-015-010-1-K01,Кабель-канал   15х10 IEK (144) ,,,,,,
280100004_,CKK10-016-016-1-K01,Кабель-канал   16х16 IEK (84),,,,,,
280100005_,CKK10-020-010-1-K01,Кабель-канал   20х10 IEK (96),,,,,,
280100007_,CKK10-025-016-1-K01,Кабель-канал   25х16 IEK (50),,,500,,,
280100016_,CKK10-025-025-1-K01,Кабель-канал   25х25 IEK (32) ,,,,,,
280100009_,CKK10-040-016-1-K01,Кабель-канал   40х16 IEK (30),,,,,,
280100010_,CKK10-040-025-1-K01,Кабель-канал   40х25 IEK (24),,,,,,
280100011_,CKK10-040-040-1-K01-024,Кабель-канал   40х40 IEK (24),,,72,,,
280100012_,CKK10-060-040-1-K01-018,Кабель-канал   60х40 IEK (18),,,540,,,
280100013_,CKK10-060-060-1-K01,Кабель-канал   60х60 IEK (12),,,12,,,
280100014_,CKK10-080-040-1-K01-010,Кабель-канал   80х40 IEK (10),,,,,,
280100015_,CKK10-080-060-1-K01-008,Кабель-канал   80х60 IEK (8),,,,,,
280100001_,CKK10-100-040-1-K01,Кабель-канал  100х40 IEK (8),,,32,,,
280100002_,CKK10-100-060-1-K01,Кабель-канал  100х60 IEK (8),,,360,,,
270300078_,CKM50-025-025-1-K03,Кабель.канал перф. 25х25 IEK (100),,,,,,
270300079_,CKM50-025-040-1-K03,Кабель.канал перф. 25х40 IEK (60),,,,,,
280100020_,CKM50-040-040-1-K03,Кабель.канал перф. 40х40 IEK (36),,,180,,,
280200033_,CKMP10D-N-015-010-K01,"Внешний угол КМН  15х10 IEK (4) ЗАКУПАЮТСЯ УПАКОВКАМИ, САДЯТСЯ ШТУКАМИ",,,,,,
280200034_,CKMP10D-N-016-016-K01,"Внешний угол КМН  16х16 IEK (4) ЗАКУПАЮТСЯ УПАКОВКАМИ, САДЯТСЯ ШТУКАМИ",,,,,,
280200035_,CKMP10D-N-020-010-K01,"Внешний угол КМН  20х10 IEK (4) ЗАКУПАЮТСЯ УПАКОВКАМИ, САДЯТСЯ ШТУКАМИ",,,,,,
280200087_,CKMP10D-N-025-016-K01,"Внешний угол КМН  25х16 IEK (4) ЗАКУПАЮТСЯ УПАКОВКАМИ, САДЯТСЯ ШТУКАМИ",,,5,,,
280200088_,CKMP10D-N-040-016-K01,"Внешний угол КМН  40х16 IEK (4) ЗАКУПАЮТСЯ УПАКОВКАМИ, САДЯТСЯ ШТУКАМИ ",,,,,,
280200108_,CKMP10D-N-040-025-K01,"Внешний угол КМН  40х25 IEK (4) ЗАКУПАЮТСЯ УПАКОВКАМИ, САДЯТСЯ ШТУКАМИ",,,10,,,
280200036_,CKMP10D-N-060-040-K01,"Внешний угол КМН  60х40 IEK (4) ЗАКУПАЮТСЯ УПАКОВКАМИ, САДЯТСЯ ШТУКАМИ",,,,,,
280200031_,CKMP10D-N-100-040-K01,"Внешний угол КМН 100х40 IEK (2) ЗАКУПАЮТСЯ УПАКОВКАМИ, САДЯТСЯ ШТУКАМИ",,,,,,
280200032_,CKMP10D-N-100-060-K01,"Внешний угол КМН 100х60 IEK (2) ЗАКУПАЮТСЯ УПАКОВКАМИ, САДЯТСЯ ШТУКАМИ",,,,,,
280200085_,CKMP10D-V-015-010-K01,"Внутренний угол КМВ  15х10 IEK (4) ЗАКУПАЮТСЯ УПАКОВКАМИ, САДЯТСЯ ШТУКАМИ",,,5,,,
280200038_,CKMP10D-V-016-016-K01,"Внутренний угол КМВ  16х16 IEK (4) ЗАКУПАЮТСЯ УПАКОВКАМИ, САДЯТСЯ ШТУКАМИ ",,,,,,
280200039_,CKMP10D-V-020-010-K01,"Внутренний угол КМВ  20х10 IEK (4) ЗАКУПАЮТСЯ УПАКОВКАМИ, САДЯТСЯ ШТУКАМИ",,,,,,
280200086_,CKMP10D-V-025-016-K01,"Внутренний угол КМВ  25х16 IEK (4) ЗАКУПАЮТСЯ УПАКОВКАМИ, САДЯТСЯ ШТУКАМИ",,,,,,
280200040_,CKMP10D-V-040-016-K01,"Внутренний угол КМВ  40х16 IEK (4) ЗАКУПАЮТСЯ УПАКОВКАМИ, САДЯТСЯ ШТУКАМИ",,,,,,
280200041_,CKMP10D-V-040-025-K01,"Внутренний угол КМВ  40х25 IEK (4) ЗАКУПАЮТСЯ УПАКОВКАМИ, САДЯТСЯ ШТУКАМИ",,,,,,
280200042_,CKMP10D-V-060-040-K01,"Внутренний угол КМВ  60х40 IEK (4) ЗАКУПАЮТСЯ УПАКОВКАМИ, САДЯТСЯ ШТУКАМИ",,,20,,,
280200109_,CKMP10D-V-100-040-K01,"Внутренний угол КМВ 100х40 IEK (2) ЗАКУПАЮТСЯ УПАКОВКАМИ, САДЯТСЯ ШТУКАМИ",,,16,,,
280200037_,CKMP10D-V-100-060-K01,"Внутренний угол КМВ 100х60 IEK (2) ЗАКУПАЮТСЯ УПАКОВКАМИ, САДЯТСЯ ШТУКАМИ",20,10,,,,
280200045_,CKMP10D-Z-015-010-K01,"Заглушка КМЗ  15х10 IEK (4) ЗАКУПАЮТСЯ УПАКОВКАМИ, САДЯТСЯ ШТУКАМИ",,,,,,
280200046_,CKMP10D-Z-016-016-K01,"Заглушка КМЗ  16х16 IEK (4) ЗАКУПАЮТСЯ УПАКОВКАМИ, САДЯТСЯ ШТУКАМИ",,,,,,
280200047_,CKMP10D-Z-020-010-K01,"Заглушка КМЗ  20х10 IEK (4) ЗАКУПАЮТСЯ УПАКОВКАМИ, САДЯТСЯ ШТУКАМИ",,,,,,
280200080_,CKMP10D-Z-025-016-K01,"Заглушка КМЗ  25х16 IEK (4) ЗАКУПАЮТСЯ УПАКОВКАМИ, САДЯТСЯ ШТУКАМИ",,,,,,
280200048_,CKMP10D-Z-040-016-K01,"Заглушка КМЗ  40х16 IEK (4) ЗАКУПАЮТСЯ УПАКОВКАМИ, САДЯТСЯ ШТУКАМИ ",,,,,,
280200081_,CKMP10D-Z-040-025-K01,"Заглушка КМЗ  40х25 IEK (4) ЗАКУПАЮТСЯ УПАКОВКАМИ, САДЯТСЯ ШТУКАМИ",,,,,,
280200049_,CKMP10D-Z-060-040-K01,"Заглушка КМЗ  60х40 IEK (4) ЗАКУПАЮТСЯ УПАКОВКАМИ, САДЯТСЯ ШТУКАМИ ",,,15,,,
280200043_,CKMP10D-Z-100-040-K01,"Заглушка КМЗ 100х40 IEK (2) ЗАКУПАЮТСЯ УПАКОВКАМИ, САДЯТСЯ ШТУКАМИ",,,,,,
280200044_,CKMP10D-Z-100-060-K01,"Заглушка КМЗ 100х60 IEK (2) ЗАКУПАЮТСЯ УПАКОВКАМИ, САДЯТСЯ ШТУКАМИ",,,,,,
280200052_,CKMP10D-P-015-010-K01,"Поворот 90° КМП  15х10 IEK (4) ЗАКУПАЮТСЯ УПАКОВКАМИ, САДЯТСЯ ШТУКАМИ ",,,,,,
280200053_,CKMP10D-P-016-016-K01,"Поворот 90° КМП  16х16 IEK (4) ЗАКУПАЮТСЯ УПАКОВКАМИ, САДЯТСЯ ШТУКАМИ",,,,,,
280200082_,CKMP10D-P-020-010-K01,"Поворот 90° КМП  20х10 IEK (4) ЗАКУПАЮТСЯ УПАКОВКАМИ, САДЯТСЯ ШТУКАМИ ",,,,,,
280200054_,CKMP10D-P-025-016-K01,"Поворот 90° КМП  25х16 IEK (4) ЗАКУПАЮТСЯ УПАКОВКАМИ, САДЯТСЯ ШТУКАМИ",,20,,,,
280200055_,CKMP10D-P-040-016-K01,"Поворот 90° КМП  40х16 IEK (4) ЗАКУПАЮТСЯ УПАКОВКАМИ, САДЯТСЯ ШТУКАМИ",,,,,,
280200056_,CKMP10D-P-040-025-K01,"Поворот 90° КМП  40х25 IEK (4) ЗАКУПАЮТСЯ УПАКОВКАМИ, САДЯТСЯ ШТУКАМИ",,,,,,
280200057_,CKMP10D-P-060-040-K01,"Поворот 90° КМП  60х40 IEK (4) ЗАКУПАЮТСЯ УПАКОВКАМИ, САДЯТСЯ ШТУКАМИ",,,15,,,
280200050_,CKMP10D-P-100-040-K01,"Поворот 90° КМП 100х40 IEK (2) ЗАКУПАЮТСЯ УПАКОВКАМИ, САДЯТСЯ ШТУКАМИ",,,,,,
280200051_,CKMP10D-P-100-060-K01,"Поворот 90° КМП 100х60 IEK (2) ЗАКУПАЮТСЯ УПАКОВКАМИ, САДЯТСЯ ШТУКАМИ",,,,,,
280200060_,CKMP10D-S-015-010-K01,"Соединитель на стык КМС  15х10 IEK (4) ЗАКУПАЮТСЯ УПАКОВКАМИ, САДЯТСЯ ШТУКАМИ",,,,,,
280200061_,CKMP10D-S-016-016-K01,"Соединитель на стык КМС  16х16 IEK (4) ЗАКУПАЮТСЯ УПАКОВКАМИ, САДЯТСЯ ШТУКАМИ",,,,,,
280200062_,CKMP10D-S-020-010-K01,"Соединитель на стык КМС  20х10 IEK (4) ЗАКУПАЮТСЯ УПАКОВКАМИ, САДЯТСЯ ШТУКАМИ",,,,,,
280200083_,CKMP10D-S-025-016-K01,"Соединитель на стык КМС  25х16 IEK (4) ЗАКУПАЮТСЯ УПАКОВКАМИ, САДЯТСЯ ШТУКАМИ",,,25,,,
280200063_,CKMP10D-S-040-016-K01,"Соединитель на стык КМС  40х16 IEK (4) ЗАКУПАЮТСЯ УПАКОВКАМИ, САДЯТСЯ ШТУКАМИ",,,,,,
280200064_,CKMP10D-S-040-025-K01,"Соединитель на стык КМС  40х25 IEK (4) ЗАКУПАЮТСЯ УПАКОВКАМИ, САДЯТСЯ ШТУКАМИ",,,,,,
280200065_,CKMP10D-S-060-040-K01,"Соединитель на стык КМС  60х40 IEK (4) ЗАКУПАЮТСЯ УПАКОВКАМИ, САДЯТСЯ ШТУКАМИ",,,30,,,
280200058_,CKMP10D-S-100-040-K01,"Соединитель на стык КМС 100х40 IEK (2) ЗАКУПАЮТСЯ УПАКОВКАМИ, САДЯТСЯ ШТУКАМИ",,,,,,
280200059_,CKMP10D-S-100-060-K01,"Соединитель на стык КМС 100х60 IEK (2) ЗАКУПАЮТСЯ УПАКОВКАМИ, САДЯТСЯ ШТУКАМИ",,,52,,,
280200068_,CKMP10D-T-015-010-K01,"Т-образный угол КМТ  15х10 IEK (4) ЗАКУПАЮТСЯ УПАКОВКАМИ, САДЯТСЯ ШТУКАМИ",,,,,,
280200069_,CKMP10D-T-016-016-K01,"Т-образный угол КМТ  16х16 IEK (4) ЗАКУПАЮТСЯ УПАКОВКАМИ, САДЯТСЯ ШТУКАМИ",,,,,,
280200070_,CKMP10D-T-020-010-K01,"Т-образный угол КМТ  20х10 IEK (4) ЗАКУПАЮТСЯ УПАКОВКАМИ, САДЯТСЯ ШТУКАМИ",,,,,,
280200084_,CKMP10D-T-025-016-K01,"Т-образный угол КМТ  25х16 IEK (4)  ЗАКУПАЮТСЯ УПАКОВКАМИ, САДЯТСЯ ШТУКАМИ",,15,,,,
280200071_,CKMP10D-T-040-016-K01,"Т-образный угол КМТ  40х16 IEK (4) ЗАКУПАЮТСЯ УПАКОВКАМИ, САДЯТСЯ ШТУКАМИ",,,,,,
280200072_,CKMP10D-T-040-025-K01,"Т-образный угол КМТ  40х25 (4) ЗАКУПАЮТСЯ УПАКОВКАМИ, САДЯТСЯ ШТУКАМИ",,,,,,
280200073_,CKMP10D-T-060-040-K01,"Т-образный угол КМТ  60х40 IEK (4) ЗАКУПАЮТСЯ УПАКОВКАМИ, САДЯТСЯ ШТУКАМИ",,,,,,
280200066_,CKMP10D-T-100-040-K01,"Т-образный угол КМТ 100х40 IEK (2) ЗАКУПАЮТСЯ УПАКОВКАМИ, САДЯТСЯ ШТУКАМИ",,,,,,
280200067_,CKMP10D-T-100-060-K01,"Т-образный угол КМТ 100х60 IEK (2) ЗАКУПАЮТСЯ УПАКОВКАМИ, САДЯТСЯ ШТУКАМИ",,,,,,
130300791_,CTG12-040-K04-050-R, Трубы гибкая двустенная (с протяжкой)   Ø40 IEK (50) ,,,,,,
130300792_,CTG12-050-K04-050-R, Трубы гибкая двустенная (с протяжкой)   Ø50 IEK (50) ,,,,,,
130300779_,CTG12-063-K04-050-R, Трубы гибкая двустенная (с протяжкой)   Ø63 IEK (50) ,,,2000,,,
130300771_,CTG12-075-K04-050-R, Трубы гибкая двустенная (с протяжкой)   Ø75 IEK (50) ,,,1500,,,
130300772_,CTG12-090-K04-050-R, Трубы гибкая двустенная (с протяжкой)   Ø90 IEK (50),,,,,,
130300780_,CTG12-110-K04-050-R, Трубы гибкая двустенная (с протяжкой)  Ø110  IEK (50),,,,,,
130301111_,CTG20-16-K02-100-1,Труба гофр.ПНД d 16 с зондом (100 м) черный NEW,,,,,,
130301112_,CTG20-20-K02-100-1,Труба гофр.ПНД d 20 с зондом (100 м) черный NEW,,,,,,
130301113_,CTG20-25-K02-050-1,Труба гофр.ПНД d 25 с зондом (50м) черный NEW,,,,,,
130301114_,CTG20-32-K02-025-1,Труба гофр.ПНД d 32 с зондом (25м) черный NEW,,,,,,
130301115_,CTG20-40-K02-015-1,Труба гофр.ПНД d 40 с зондом (25м) черный NEW,,,,,,
130301116_,CTG20-50-K02-015-1,Труба гофр.ПНД d 50 с зондом (15м) черный NEW,,,,,,
280300111_,LLK1-100-200,Лоток лестничный (100х200х3000) IEK (6)*,,,,,,
280300107_,LLK1-050-200,Лоток лестничный (50х200х3000) IEK (6),,,,,,
280300139_,LLK1-050-300,Лоток лестничный (50х300х3000) IEK (6),,,,,,
280300034_,CLP10-100-200-3,Лоток перфорированный (100х200х3000) IEK (6),,,,,,
280300035_,CLP10-100-300-3,Лоток перфорированный (100х300х3000) IEK (6),,,,,,
280300036_,CLP10-100-400-3,Лоток перфорированный (100х400х3000) IEK (6),,,,,,
280300012_,CLP10-050-100-3,Лоток перфорированный (50х100х3000) IEK (6),,,,,,
280300013_,CLP10-050-200-3,Лоток перфорированный (50х200х3000) IEK (6),,,252,,,
280300030_,CLP10-050-300-3,Лоток перфорированный (50х300х3000) IEK (6),,,180,,,
280300031_,CLP10-050-400-3,Лоток перфорированный (50х400х3000) IEK (6),,,,,,
280300028_,CLP10-050-500-3,Лоток перфорированный (50х500х3000) IEK (6),,,,,,
280300086_,CLP10-050-050-3,Лоток перфорированный (50 х50х3000) IEK (6),,,,,,
280300032_,CLP10-080-400-3,Лоток перфорированный (80х400х3000) IEK (6),,,,,,
280300084_,CLWG10-060-100-3,Лоток проволочный (60х100х3000) IEK (6),,,180,,,
280300085_,CLWG10-060-200-3,Лоток проволочный (60х200х3000) IEK (6),,,,,,
280300088_,CLWG10-060-300-3,Лоток проволочный (60х300х3000) IEK (6),,,,,,
280300083_,CLWG10-060-060-3,Лоток проволочный (50х80х3000) IEK (6),,,,,,
280300092_,CLW10-VH-200,Держатель горизонтальный VH200 IEK (20),,,,,,
010800070_,CLW10-DR,Держатель потолочный DR IEK (50),,,,,,
280300024_,CLP1Q-050,Скоба потолочная IEK (40),,,,,,
280300003_,CLP1CW-100-1,Кронштейн настенный осн.100мм. IEK (4),,,,,,
280300004_,CLP1CW-200-1,Кронштейн настенный осн.200мм. IEK (4),,,,,,
280300082_,CLP1CW-300-1,Кронштейн настенный осн.300мм IEK,,,,,,
280300122_,CLP1CW-400-1,Кронштейн настенный осн.400мм. IEK (4),,,,,,
280300011_,CLP1K-050-1,Крышка на лоток осн.  50мм. IEK (6),,,,,,
280300005_,CLP1K-100-1,Крышка на лоток осн. 100мм. IEK (6),,,,,,
280300007_,CLP1K-200-1,Крышка на лоток осн. 200мм. IEK (6),,,,,,
280300037_,CLP1K-300-1,Крышка на лоток осн. 300мм. IEK (6),,,,,,
280300009_,CLP1K-400-3,Крышка на лоток осн. 400мм. IEK (6),,,,,,
280300038_,CLP1K-500-3,Крышка на лоток осн. 500мм. IEK (6),,,,,,
280300017_,CLP1S-050,Пластина соединительная  h 50 IEK (2),,,,,,
280300018_,CLP1S-080,Пластина соединительная  h 80 IEK (2)*,,,,,,
280300048_,CLP1S-100,Пластина соединительная h 100 IEK (2),,,,,,
280300104_,CLW10-CR,Площадка фиксаторная CR IEK (200),,,,,,
280300250_,CLP1F-080-2,Разделительная перегородка h 80 IEK,,,,,,
130200313_,CLP1H-100-200,Переходник Н100х200 IEK ***,,,,,,
130200314_,CLP1H-100-400,Переходник Н100х400 IEK ***,,,,,,
280300071_,CLP2P-050-050,Поворот 90º   50х50 IEK,,,,,,
280300072_,CLP2P-050-100,Поворот 90º  50х100 IEK,,,,,,
280300073_,CLP2P-050-200,Поворот 90º  50х200 IEK,,,,,,
280300078_,CLP2P-100-200,Поворот 90º 100х200 IEK,,,,,,
280300039_,CLP1N-050-050,Поворот 90º вертикальный внешний   50х50 IEK,,,,,,
280300020_,CLP1N-050-100,Поворот 90º вертикальный внешний  50х100 IEK,,,,,,
280300040_,CLP1N-050-200,Поворот 90º вертикальный внешний  50х200 IEK,,,,,,
280300045_,CLP1N-100-200,Поворот 90º вертикальный внешний 100х200 IEK,,,,,,
280300055_,CLP1V-050-050,Поворот 90º вертикальный внутренний  50х50 IEK,,,,,,
280300056_,CLP1V-050-100,Поворот 90º вертикальный внутренний  50х100 IEK,,,,,,
280300057_,CLP1V-050-200,Поворот 90º вертикальный внутренний  50х200 IEK,,,,,,
280300023_,CLP1T-050-050,Разветвитель Т-образный   50х50 IEK,,,,,,
280300021_,CLP1T-050-100,Разветвитель Т-образный  50х100 IEK,,,,,,
280300022_,CLP1T-050-200,Разветвитель Т-образный  50х200 IEK,,,,,,
280300049_,CLP1T-050-300,Разветвитель Т-образный  50х300 IEK,,,,,,
280300081_,CLP1T-100-200,Разветвитель Т-образный 100х200 IEK,,,,,,
250600043_,KNU-12-PA-9011,Коробка напольная ONFLOOR 12 мод. IEK ***,,,,,,
250600044_,KNU-80-16-PA-9011,Коробка напольная ONFLOOR 16 мод. IEK ***,,,,,,
250600045_,KNP-80-16-PA-7012,Коробка приборная ONFLOOR IEK ***,,,,,,
250600047_,KNL-80-16-7012,Лючок ONFLOOR 16 мод. IEK ***,,,,,,
250600042_,KNK-SN-9011,Нивелирующий комплект ONFLOOR IEK ***,,,,,,
250600050_,KNR-80-00-7012,Приборная заглушка ONFLOOR 80/0 IEK ***,,,,,,
250600051_,KNR-80-03-7012,Приборная рамка ONFLOOR 80/3 IEK ***,,,,,,
250600052_,KNR-80-45-7012,Приборная рамка ONFLOOR 80/45 IEK ***,,,,,,
280100103_,CKK30-070-016-3-K03,Кабель-канал напольный 70х16  ЭЛЕКОР (42м),,,546,,,
130301079_,UIZ-20-10-K52,"Изолента 0,18х19 мм желто-зеленая 20 метровIEK (10) (200)",,,,,,
130200134_,YND10-2-07-100,"Шина ""N"" нулевая 2х 7 групп на DIN-рейку в корпусе  IEK (10)",,,60,,,
130200133_,YND10-2-15-125,"Шина ""N"" нулевая 2х15 групп на DIN-рейку в корпусе  IEK (10)",,,,,,
130200136_,YND10-4-07-100,"Шина ""N"" нулевая 4х 7 групп на DIN-рейку в корпусе IEK (10)",,,40,,,
130200135_,YND10-4-11-125,"Шина ""N"" нулевая 4х11 групп на DIN-рейку в корпусе IEK (10)",,,40,,,
130200074_,YNN10-08-100,"Шина ""N"" нулевая 6х9мм  8/1 (крепеж по центру) IEK (10/960)",,,,,,
130200075_,YNN11-08-100,"Шина ""N"" нулевая 6х9мм  8/2 (крепеж по краям) IEK (10/960)",,,,,,
130200006_,YNN10-14-100,"Шина ""N"" нулевая 6х9мм 14/1 (крепеж по центру) IEK (10)",,,,,,
130200007_,YNN11-14-100,"Шина ""N"" нулевая 6х9мм 14/2 (крепеж по краям) IEK (10)",,,,,,
130200125_,YNN10-69-12P-K07,"Шина ""N"" нулевая 6х9мм комб с изол ""Стойка"" ШНИ 12С IEK (20)",,,20,,,
130200126_,YNN10-69-14P-K07,"Шина ""N"" нулевая 6х9мм комб с изол ""Стойка"" ШНИ 14С IEK (20)",,,10,,,
130200127_,YNN10-69-12KD-K06,"Шина ""N"" нулевая 6х9мм на DIN-рейку в корпусном изоляторе ШНИ 12К IEK (10)",,,,,,
130200089_,YNN10-69-12D-K07,"Шина ""N"" нулевая 6х9мм с изол  12-Д-С IEK (20)",,,60,,,
130200008_,YNN20-14-100,"Шина ""N"" нулевая 8х12мм 14/1 (крепеж по центру) IEK (10)",,,,,,
130200063_,YNN21-14-100,"Шина ""N"" нулевая 8х12мм 14/2 (крепеж по краям) IEK (10)",,,,,,
130200120_,YNN10-812-6DP-K07,"Шина ""N"" нулевая 8х12мм комб с изол ""Стойка"" ШНИ  6 КС IEK (20)",,,80,,,
130200121_,YNN10-812-8DP-K07,"Шина ""N"" нулевая 8х12мм комб с изол ""Стойка"" ШНИ  8 КС IEK (20)",,,,,,
130200122_,YNN10-812-10DP-K07,"Шина ""N"" нулевая 8х12мм комб с изол ""Стойка"" ШНИ 10 КС IEK (20)",,,120,,,
130200123_,YNN10-812-12DP-K07,"Шина ""N"" нулевая 8х12мм комб с изол ""Стойка"" ШНИ 12 КС IEK (20)",,,260,,,
130200124_,YNN10-812-14DP-K07,"Шина ""N"" нулевая 8х12мм комб с изол ""Стойка"" ШНИ 14 КС IEK (20)",,,160,,,
130200012_,YNS21-1-063,Шина соединительная PIN (штырь) 1ф 63А (1м) IEK (40),,,,,,
130200015_,YNS21-3-063,Шина соединительная PIN (штырь) 3ф  63А (1м) IEK (10),,,80,,,
130200154_,YNS21-3-063-22-12,Шина соединительная PIN (штырь) 3ф  63А (22см) IEK (10),,,,,,
130200013_,YNS21-3-100,Шина соединительная PIN (штырь) 3ф 100А (1м) IEK (10),,,5,,,
130300325_,USC-10-3-100,"Сизы-1 (1,0-3,0)  жел/сер IEK (100) ",,,,,,
130300271_,USC-10-4-100,"Сизы-1 (1,5-3,5) синий IEK (100)",,,,,,
130300089_,USC-10-5-100,"Сизы-1 (2,0-4,0) оранжевый P7-3 IEK (100)",,,,,,
130300090_,USC-10-6-100,"Сизы-1 (2,5-4,5) желтый P7-4 IEK (100)",,,,,,
130300091_,USC-10-7-100,"Сизы-1 (4,0-11,0) красный P7-5 IEK (100)",,,,,,
130300275_,USC-10-8-100,Сизы-1 (9-25мм) серый IEK (100),,,,,,
130300143_,YZN10D-ZGL-010-K03,Заглушка для ЗНИ-10мм ² серый IEK *** (1000),,,,,,
130300368_,YZN10D-ZGL-016-K07,Заглушка для ЗНИ-16мм ² синий IEK*** (500),,,,,,
130300107_,UZV3-003-04,"ЗВИ   3 ПВХ (1,0-2,5мм ² 3А) 12 пар IEK (10)",,,,,,
130300037_,UZV3-005-04,"ЗВИ   5 ПВХ (1,5-4мм ² 5А) 12 пар IEK (10)",,,,,,
130300605_,UZV4-010-06-2,"ЗВИ  10 ПВХ (2,5-6мм ² 10А) 12 пар IEK (10)",,,,,,
130300108_,UZV1-015-06,ЗВИ  15 ПВХ (4-10мм ² 15А) 12 пар IEK (10),,,,,,
130300363_,UZV3-020-06,ЗВИ  20 ПВХ (4-10мм ² 15А) 12 пар IEK,,,,,,
130300036_,UZV1-030-10,ЗВИ  30 ПВХ (6-16мм ² 30А) 12 пар IEK (10),,,,,,
130300038_,UZV1-060-16,ЗВИ  60 ПВХ (6-16мм ² 60А) 12 пар IEK (10),,,,,,
130300105_,UZV3-150-35,ЗВИ 150 ПВХ (16-35мм ² 150А) 12 пар IEK (10),,,,,,
130300223_,YZN10-002-K03,ЗНИ  2.5мм ² (24А) серый  IEK (50),,,,,,
130300041_,YZN10-004-K03,ЗНИ  4мм ² (35А) серый IEK(60),,,,,,
130300042_,YZN10-006-K03,ЗНИ  6мм ²  серый IEK (20),,,,,,
130300039_,YZN10-010-K03,ЗНИ 10мм ² (70А) серый  IEK (40),,,,,,
130300233_,YZN10-010-K07,ЗНИ 10мм ² (70А) синий  IEK (40),,,,,,
130300169_,YZN10-016-K07,ЗНИ 16мм ² (100А) синий  IEK (30),,,,,,
130300040_,YZN10-035-K03,ЗНИ 35мм ² (125) серый  IEK (30),,,,,,
130300290_,YZN10-070-K07,ЗНИ 70мм ² (250А) синий  IEK (8),,,,,,
030300478_,UKZ-001-412,"222-412 Клемма (0,08-2,5мм 32А) IEK (50)",,,,,,
030300479_,UKZ-001-413,"222-413 Клемма (0,08-2,5мм 32А) IEK (50)",,,,,,
030300480_,UKZ-001-415,"222-415 Клемма (0,08-2,5мм 32А) IEK (50)",,,,,,
130500006_,YSA20-06-07-54-K41,Сальник PG  7 (5-6мм) IEK (20),,,,,,
130500007_,YSA20-08-09-54-K41,Сальник PG  9 (6-7мм) IEK (20),,,,,,
130500008_,YSA20-10-11-54-K41,Сальник PG 11 (7-9мм) IEK (20),,,,,,
130500009_,YSA20-12-13-54-K41,"Сальник PG 13,5 (7-11мм) IEK (20)",,,,,,
130500010_,YSA20-14-16-54-K41,Сальник PG 16 (9-13мм) IEK (20),,,,,,
130500011_,YSA20-18-21-54-K41,Сальник PG 21 (15-18мм) IEK (20),,,,,,
130500012_,YSA20-25-29-54-K41,Сальник PG 29 (18-24мм) IEK (20),,,,,,
130500013_,YSA20-32-36-54-K41,Сальник PG 36 (24-32мм) IEK (20),,,,,,
130500014_,YSA20-40-42-54-K41,Сальник PG 42 (30-40мм) IEK (20),,,,,,
130500015_,YSA20-44-48-54-K41,Сальник PG 48 (36-44мм) IEK (20),,,,,,
130500051_,YSA30-40-42-54-K41,Сальник PGL 42 (35-39мм) IEK (20) ***,,,,,,
130200080_,YDN10-00100,DIN-рейка  (10 см) IEK (50),,,,,,
130200082_,YDN10-0020,DIN-рейка  (20 см) IEK (50),,,,,,
130200315_,YDN10-0025,DIN-рейка  (25 см) IEK (50),,,,,,
130200035_,YDN10-0030,DIN-рейка  (30 см) IEK (50),,,,,,
130200034_,YDN10-0060,DIN-рейка  (60см) IEK (20),,,,,,
130200036_,YDN10-0125,DIN-рейка (125cм) IEK (20),,,500,,,
010800054_,MVA01D-KS-1,Контакт состояния КС47 на DIN-рейку  НОВЫЕ IEK (320) ***,,,,,,
130200016_,YXD10,Ограничитель на DIN-рейку (металл) IEK (900),,,,,,
130200032_,MRD10-16,Розетка на дин-рейку РАр10-3-ОП с заземлением IEK NEW,,,,,,
240300035_,UMK00-0,"Маркер МК0-1,5мм символ ""0"" 1000шт\ролл IEK",,,,,,4
240300027_,UMK00-1,"Маркер МК0-1,5мм символ ""1"" 1000шт\ролл IEK",,,,,,4
240300033_,UMK00-2,"Маркер МК0-1,5мм символ ""2"" 1000шт\ролл IEK",,,,,,4
240300050_,UMK00-3,"Маркер МК0-1,5мм символ ""3"" 1000шт\ролл IEK",,,,,,
240300051_,UMK00-4,"Маркер МК0-1,5мм символ ""4"" 1000шт\ролл IEK",,,,,,4
240300034_,UMK00-5,"Маркер МК0-1,5мм символ ""5"" 1000шт\ролл IEK",,,,,,5
240300052_,UMK00-6,"Маркер МК0-1,5мм символ ""6"" 1000шт\ролл IEK",4,,,,,
240300053_,UMK00-7,"Маркер МК0-1,5мм символ ""7"" 1000шт\ролл IEK",,,,,,
240300054_,UMK00-8,"Маркер МК0-1,5мм символ ""8"" 1000шт\ролл IEK",,,,,,3
240300055_,UMK00-9,"Маркер МК0-1,5мм символ ""9"" 1000шт\ролл IEK",,,,,,5
240300057_,UMK00-A,"Маркер МК0-1,5мм символ ""A"" 1000шт\ролл IEK",,,,,,1
240300058_,UMK00-B,"Маркер МК0-1,5мм символ ""B"" 1000шт\ролл IEK ***",,,,,,
240300059_,UMK00-C,"Маркер МК0-1,5мм символ ""C"" 1000шт\ролл IEK ",,,2,,,
240300056_,UMK00-N,"Маркер МК0-1,5мм символ ""N"" 1000шт\ролл IEK ",,,,,,1
240300013_,UMK10-0,"Маркер МК1-2,5мм символ ""0"" 1000шт\ролл IEK",,,,,,
240300014_,UMK10-1,"Маркер МК1-2,5мм символ ""1"" 1000шт\ролл IEK ",,,,,,3
240300015_,UMK10-2,"Маркер МК1-2,5мм символ ""2"" 1000шт\ролл IEK",,,,,,4
240300016_,UMK10-3,"Маркер МК1-2,5мм символ ""3"" 1000шт\ролл IEK",,,,,,
240300017_,UMK10-4,"Маркер МК1-2,5мм символ ""4"" 1000шт\ролл IEK",,,,,,
240300018_,UMK10-5,"Маркер МК1-2,5мм символ ""5"" 1000шт\ролл IEK",,,,,,2
240300019_,UMK10-6,"Маркер МК1-2,5мм символ ""6"" 1000шт\ролл IEK",,,,,,
240300020_,UMK10-7,"Маркер МК1-2,5мм символ ""7"" 1000шт\ролл IEK",,,,,,
240300021_,UMK10-8,"Маркер МК1-2,5мм символ ""8"" 1000шт\ролл IEK ***",,,,,,
240300022_,UMK10-9,"Маркер МК1-2,5мм символ ""9"" 1000шт\ролл IEK***",,,,,,
240300024_,UMK10-A,"Маркер МК1-2,5мм символ ""A"" 1000шт\ролл IEK ***",,,,,,
240300025_,UMK10-B,"Маркер МК1-2,5мм символ ""B"" 1000шт\ролл IEK ***",,,,,,
240300026_,UMK10-C,"Маркер МК1-2,5мм символ ""C"" 1000шт\ролл IEK ***",,,,,,
240300023_,UMK10-N,"Маркер МК1-2,5мм символ ""N"" 1000шт\ролл IEK ***",,,,,,
150100854_,UDRS-D2-1-K02,ТУТ  2/1 черная IEK (1)  NEW,,,,,,
150100997_,UDRS-D4-1-K02,ТУТ  4/2 черная IEK (1)  NEW,,,,,,
150100961_,UDRS-D6-100-K02,"ТУТ  6/3 черная IEK (200) ЗАКУПАЕМ УПАКОВКАМИ, САДИМ МЕТРАЖЕМ",,,,,,
150100723_,UDRS-D8-100-K02,"ТУТ  8/4 черная IEK (100) ЗАКУПАЕМ УПАКОВКАМИ, САДИМ МЕТРАЖЕМ",,,,,,
150100666_,UDRS-D12-100-K02,"ТУТ 12/6 черная IEK (100) ЗАКУПАЕМ УПАКОВКАМИ, САДИМ МЕТРАЖЕМ",,,,,,
150100954_,UDRS-D16-100-K04,"ТУТ 16/8  красная IEK (100) ЗАКУПАЕМ УПАКОВКАМИ, САДИМ МЕТРАЖЕМ",,,,,,
150100853_,UDRS-D16-100-K02,"ТУТ 16/8  черная IEK (100) ЗАКУПАЕМ УПАКОВКАМИ, САДИМ МЕТРАЖЕМ",,,,,,
150100953_,UDRS-D16-100-K05,"ТУТ 16/8 желтая IEK (100) ЗАКУПАЕМ УПАКОВКАМИ, САДИМ МЕТРАЖЕМ",,,,,,
150101008_,UDRS-D16-100-K06,"ТУТ 16/8 зеленая IEK (100) ЗАКУПАЕМ УПАКОВКАМИ, САДИМ МЕТРАЖЕМ",,,,,,
150100955_,UDRS-D20-100-K02,"ТУТ 20/10  черная IEK (100) ЗАКУПАЕМ УПАКОВКАМИ, САДИМ МЕТРАЖЕМ",,,,,,
150100667_,UDRS-D20-100-K05,"ТУТ 20/10 желтая IEK (100) ЗАКУПАЕМ УПАКОВКАМИ, САДИМ МЕТРАЖЕМ",,,,,,
150100720_,UDRS-D20-100-K06,"ТУТ 20/10 зеленая IEK (100) ЗАКУПАЕМ УПАКОВКАМИ, САДИМ МЕТРАЖЕМ",,,,,,
150100855_,UDRS-D20-100-K04,"ТУТ 20/10 красная IEK (100) ЗАКУПАЕМ УПАКОВКАМИ, САДИМ МЕТРАЖЕМ",,,,,,
150101102_,UDRS-D20-100-K07,"ТУТ 20/10 синяя IEK (100) NEW ЗАКУПАЕМ УПАКОВКАМИ, САДИМ МЕТРАЖЕМ",,,,,,
150100996_,UDRS-D30-50-K02,"ТУТ 30/15  черная IEK (50) ЗАКУПАЕМ УПАКОВКАМИ, САДИМ МЕТРАЖЕМ",,,,,,
150100956_,UDRS-D30-50-K05,"ТУТ 30/15 желтая IEK (50) ЗАКУПАЕМ УПАКОВКАМИ, САДИМ МЕТРАЖЕМ",,,,,,
150101000_,UDRS-D30-50-K06,"ТУТ 30/15 зеленая IEK (50) ЗАКУПАЕМ УПАКОВКАМИ, САДИМ МЕТРАЖЕМ",,,,,,
150100957_,UDRS-D30-50-K04,"ТУТ 30/15 красная IEK (50) ЗАКУПАЕМ УПАКОВКАМИ, САДИМ МЕТРАЖЕМ",,,,,,
150101103_,UDRS-D30-50-K07,"ТУТ 30/15 синяя IEK (50) NEW ЗАКУПАЕМ УПАКОВКАМИ, САДИМ МЕТРАЖЕМ",,,,,,
150100959_,UDRS-D40-50-K02,"ТУТ 40/20  черная IEK (50) ЗАКУПАЕМ УПАКОВКАМИ, САДИМ МЕТРАЖЕМ",,,,,,
150101010_,UDRS-D40-50-K05,"ТУТ 40/20 желтая  IEK (50) ЗАКУПАЕМ УПАКОВКАМИ, САДИМ МЕТРАЖЕМ",,,,,,
150100958_,UDRS-D40-50-K06,"ТУТ 40/20 зеленая IEK (50) ЗАКУПАЕМ УПАКОВКАМИ, САДИМ МЕТРАЖЕМ",,,,,,
150101009_,UDRS-D40-50-K04,"ТУТ 40/20 красная IEK (50) ЗАКУПАЕМ УПАКОВКАМИ, САДИМ МЕТРАЖЕМ",,,,,,
150101104_,UDRS-D40-50-K07,"ТУТ 40/20 синяя IEK (50) ЗАКУПАЕМ УПАКОВКАМИ, САДИМ МЕТРАЖЕМ",,,,,,
150100863_,UDRS-D50-25-K02,"ТУТ 50/25 черная IEK (25) ЗАКУПАЕМ УПАКОВКАМИ, САДИМ МЕТРАЖЕМ",,,,,,
150100864_,UDRS-D60-25-K02,"ТУТ 60/30 черная IEK (25) ЗАКУПАЕМ УПАКОВКАМИ, САДИМ МЕТРАЖЕМ",,,,,,
260100138_,UNP40-006-04-04,Наконечник медно-луженный JG -   6  IEK (600),,,,,,
260100153_,UNP40-010-06-06,Наконечник медно-луженный JG -  10  IEK (400),,,1600,,,
260100165_,UNP40-016-06-08,Наконечник медно-луженный JG -  16  IEK (200),,,6600,,,
260100167_,UNP40-025-07-08,Наконечник медно-луженный JG -  25  IEK (200),,,3600,,,
260100158_,UNP40-035-08-08,Наконечник медно-луженный JG -  35  IEK (100),1100,,4000,,,
260100168_,UNP40-050-10-10,Наконечник медно-луженный JG -  50  IEK (100),,,3000,,,
260100169_,UNP40-070-11-12,Наконечник медно-луженный JG -  70  IEK (50),,,,,,
260100140_,UNP40-095-13-12,Наконечник медно-луженный JG -  95  IEK (50),,,1950,,,
260100157_,UNP40-120-15-14,Наконечник медно-луженный JG - 120  IEK (30),,,1200,,,
260100155_,UNP40-150-17-14,Наконечник медно-луженный JG - 150  IEK (25),,,900,,,
260100172_,UNP40-185-18-16,Наконечник медно-луженный JG - 185 IEK (20),,660,140,,,
260100154_,UNP40-240-20-16,Наконечник медно-луженный JG - 240  IEK (20),,,600,,,
260100161_,UNL11-L23-A19,"НкИш 0,5-1,5 красный (100шт) IEK ***",,,,,,
260100162_,UNL11-L23-A27,"НкИш 1,5-2,5 синий (100шт) IEK ***",,,,,,
130300518_,UZA-23-D16,Гильза изолир. фазная ГИФ 16 IEK  (10)(200),,,10,,,
130300519_,UZA-23-D25,Гильза изолир. фазная ГИФ 25 IEK  (10)(200) ,,,10,,,
130300520_,UZA-23-D35,Гильза изолир. фазная ГИФ 35 IEK  (10)(200),,,,,,
130300521_,UZA-23-D50,Гильза изолир. фазная ГИФ 50 IEK  (10)(200) ,,,,,,
130300524_,UZA-14-D10-D35,Зажим анкерный ЗАБу 4х10-35 IEK (30),,,40,,,
130300532_,UZA-14-D16-D50-14400,Зажим анкерный ЗАС 4х16-50/14400 (HEL-5506) IEK (15),,,,,,30
130300533_,UZA-14-D70-D95-27400,Зажим анкерный ЗАС 4х70-95/27400 (HEL-5507) IEK (8),,,,,,10
130301073_,UZA-14-D16-D25-M,Зажим анкерый ЗАБ 16-25/35 IEK (100),120,,,,,
130300534_,UZP-11-S06-S095,Зажим плашечный ЗП 6-95/6-95 (SL37.27) IEK (21),,,,,,
130300538_,UZA-15-D25-D120-30-60-18,Зажим промеж. ЗПС 2х25-4х120/1800/30 (SO130.02) IEK (40),,,,,,
130300537_,UZA-15-D25-D120-90-12,Зажим промеж. ЗПС 2х25/120/1200/30 (SO140.02) IEK (40),,80,,,,
130300608_,UZA-11-D01-D10,"ЗОИ 16-70/1,5-10 IEK (35) (140)",,,,,,
130301101_,UZA-11-D02-D35-ECLN,"ЗОИ 16-95/2,5-35 IEK (18) (72)",,,350,,,
130301100_,UZA-11-D25-D95-ECLN,ЗОИ 25-95/25-95 IEK (18),,,,,,
130300526_,UZA-11-D35-D150-1,ЗОИ 35-150/35-150 IEK  (36),,,560,,,
130300527_,UZA-11-D06-D150,ЗОИ 35-150/6-35 IEK (144),,,,,,288
130301128_,UKA-12-1500-1500-ECLN,Кронштейн для анкерного зажима КАМ-1500 IEK (10),,,,,,
130300535_,UKK-12-3-1800,Крюк КМ-1800 IEK (25),,,,,,40
130300536_,UKK-12-3-2800,Крюк КМ-2800 IEK (25),,,,,,
130300883_,UZA-LB-ECO,Лента бандажная ЛМ-50 IEK (5),,,10,,,
130300531_,UZA-42-1700-1,Раскаточный ролик РОР 1700 IEK ***,,,,,,
130300471_,UZA-50-100,Скрепа СГ-20 IEK (100),,,,,,4
130300449_,UZA-51-100,Скрепа СУ-20 IEK (100) ,,,,,,
130300528_,UKA-32-12-471,Фасадное крепление КФК12-47.1 IEK (50) (150),,,,,,
130300529_,UKA-32-15-576-ECLN,Фасадное крепление КФК15-57.6 IEK (50) (150),,,50,,,
130500001_,YIS11-25-06,Изолятор SM25 IEK (10),,,,,,
130500002_,YIS11-30-08,Изолятор SM30 IEK (10),,,,,,
130500027_,YIS11-35-10,Изолятор SM35 IEK (10),,,,,,
130500003_,YIS11-40-12,Изолятор SM40 IEK (10),,,,,,
130500004_,YIS11-51-15,Изолятор SM51 IEK (10),,,,,,
130500005_,YIS11-76-25,Изолятор SM76 IEK (10),,,,,,
240100028_,UHH31-D025-100-100," Хомут 2,5х100 IEK (100)",,,,,,
240100091_,UHH32-D025-100-100," Хомут 2,5х100 черные IEK (100)",,,,,,
240100001_,UHH31-D025-120-100," Хомут 2,5х120 IEK (100)",,,,,,
240100002_,UHH31-D025-150-100," Хомут 2,5х150 IEK (100)",,,,,,
240100029_,UHH31-D025-200-100," Хомут 2,5х200 IEK (100)",,,,,,
240100003_,UHH31-D036-100-100," Хомут 3,6х100 IEK (100)",,,,,,
240100004_,UHH31-D036-150-100," Хомут 3,6х150 IEK (100)",,,,,,
240100005_,UHH31-D036-200-100," Хомут 3,6х200 IEK (100)",,,,,,200
240100053_,UHH32-D036-200-100," Хомут 3,6х200 черные IEK (100)",,507,293,,,
240100006_,UHH31-D036-300-100," Хомут 3,6х300 IEK (100)",,,,,,100
240100007_,UHH31-D036-350-100," Хомут 3,6х350 IEK (100)",,,,,,
240100093_,UHH32-D036-350-100," Хомут 3,6х350 черные IEK (100)",,,,,,
240100045_,UHH31-D048-120-100," Хомут 4,8х120 IEK (100)",,,,,,
240100009_,UHH31-D048-160-100," Хомут 4,8х160 IEK (100)*",,,,,,
240100010_,UHH31-D048-180-100," Хомут 4,8х180 IEK (100)",,,,,,
240100185_,UHH31-D048-200-100," Хомут 4,8х200 IEK (100)",,,,,,
240100026_,UHH31-D048-250-100," Хомут 4,8х250 IEK (100)",,,,,,
240100027_,UHH31-D048-300-100," Хомут 4,8х300 IEK (100)",,,,,,
240100094_,UHH32-D048-300-100," Хомут 4,8х300 черные IEK (100)",,,300,,,
240100106_,UHH31-D048-350-100," Хомут 4,8х350 IEK (100)",,,,,,
240100011_,UHH31-D048-450-100," Хомут 4,8х450 IEK (100)",,,,,,
240100012_,UHH31-D048-500-100," Хомут 4,8х500 IEK (100)",,,,,,
240100107_,UHH31-D076-300-100," Хомут 7,6х300 IEK (100)",,,,,,
240100013_,UHH31-D076-500-100," Хомут 7,6х500 IEK (100)",,,,,,
240100090_,UHH35-19-25-100,Дюбель-хомут 19-25мм нейлон бел. IEK (100) ,,,,,,
240100089_,UHH35-5-8-100,Дюбель-хомут 5-8мм нейлон бел. IEK (100) ,,,,,,
240100015_,UHP30-20-100,Площадка (самоклеющаяся) 20х20 IEK (100),,,,,,
240100016_,UHP30-25-100,Площадка (самоклеющаяся) 25х25 IEK (100),,,,,,
240100020_,UHP30-30-100,Площадка (самоклеющаяся) 30х30 IEK (100),,,,,,
240100025_,UHP30-40-100,Площадка (самоклеющаяся) 40х40 IEK (100),,,,,,
240100189_,UHP33-22-16-4-100-K01,Площадка ПМ 22х16х4мм под винт белая IEK (100) NEW,,,,,,
240100190_,UHP33-22-16-6-100-K01,Площадка ПМ 22х16х6мм под винт белая IEK (100) NEW,,,,,,
240200033_,USK11-04-100,Круглая скоба  4мм IEK (100),,,,,,
240200065_,USK11-04-020,Круглая скоба  4мм ИЭК (20шт) ***,,,,,,
240200050_,USK11-05-100,Круглая скоба  5мм IEK (100)*,,,,,,
240200003_,USK11-06-100,Круглая скоба  6мм IEK (100),,,,,,
240200005_,USK11-07-100,Круглая скоба  7мм IEK (100),,,,,,
240200007_,USK11-08-100,Круглая скоба  8мм IEK (100),,,,,,
240200009_,USK11-09-100,Круглая скоба  9мм IEK (100),,,,,,
240200011_,USK11-10-100,Круглая скоба 10мм IEK (100),,,,,,
240200014_,USK11-12-100,Круглая скоба 12мм IEK (100),,,,,,
240200015_,USK11-14-100,Круглая скоба 14мм IEK (100)*,,,,,,
240200017_,USK11-16-100,Круглая скоба 16мм IEK (100),,,,,,
240200034_,USK21-04-100,Плоская скоба  4мм IEK (100)*,,,,,,
240200031_,USK21-06-100,Плоская скоба  6мм IEK (100),,,,,,
240200006_,USK21-07-100,Плоская скоба  7 мм IEK (100),,,,,,
240200008_,USK21-08-100,Плоская скоба  8мм IEK (100),,,,,,
240200010_,USK21-09-100,Плоская скоба  9мм IEK (100),,,,,,
240200012_,USK21-10-100,Плоская скоба 10мм IEK (100),,,,,,
240200029_,USK21-12-100,Плоская скоба 12мм IEK (100),,,,,,
240200032_,USK21-14-100,Плоская скоба 14мм IEK (100),,,,,,
130300546_,TKL10-D15-006,"Клещи обжимн КО-01 1,5-6мм IEK (40)",,,,,,
130300544_,TKL10-D4,"Клещи обжимн КО-04Е 0,5-6мм(квадрат) IEK (40)",,,,,,
130300147_,TKL20-010-035,Клещи обжимн КО-07Е 10-35мм IEK (40) ,,,,,,
130300545_,TKL10-D6,"Клещи обжимн КО-08Е0,5-6мм (шестиграннник) IEK (40)",,,,,,
130300032_,TKL20-D05-006,"Клещи обжимн КО-5Е 0,5-6мм IEK (40) ",,,,,,
130300033_,TKL20-006-016,Клещи обжимн КО-6Е 6-16мм IEK (40),,,,,,
200400034_,TCM-1S-266,Токоизмерительные клещи Expert 266 IEK (20),,,,,,
130200183_,TCM-1C-266,Токоизмерительные клещи Expert 266С IEK (20),,,,,,2
130300293_,TFS-D3,"Автоматический стриппер АС 0,018-2,5 IEK",,,,,,
130300291_,TLK10-240,Ножницы (секторные)  для резки кабеля НС-240 (до 240мм) IEK,,,,,,
130301099_,TLK10-765,Ножницы (секторные) для резки кабеля  НС-765 (до 400мм) IEK NEW,,,,,,
130300292_,TLK10-250,Ножницы (секторные) для резки кабеля НК-250 IEK (240мм) NEW,,,,,,5
130300596_,TLK10-300,Ножницы (секторные) для резки кабеля НС-300 (до 300мм) IEK,,,,,,
130300005_,TPR10, Отвертка пробник ОП-1 IEK (120) ,,,,,,
130300006_,TPR20, Отвертка пробник ОП-2Э IEK (120),,,,,,
151000734_,TSC-1SL-375,Отвертка Master 3х75мм IEK (12) NEW,,,,,,
151000606_,TSC-1SL-4100,Отвертка Master 4х100мм IEK (12) NEW,,,,,,
151000735_,TSC-1SL-638,Отвертка Master 6 х 38мм IEK (12) NEW,,,,,,
151000555_,TSC-1SL-6125,Отвертка Master 6х125мм IEK (12) NEW,,,,,,
151000556_,TSC-1SL-6150,Отвертка Master 6х150мм IEK (12) NEW,,,,,,
151000557_,TSC-1SL-8150,Отвертка Master 8х150мм IEK (12) NEW,,,,,,
151000732_,TSC-1PH-075,Отвертка крест.Master Ph0х75мм IEK (6) NEW,,,,,,
151000733_,TSC-1PH-238,Отвертка крест.Master Ph2 х 38мм IEK (6) NEW,,,,,,
151000552_,TSC-1PH-2100,Отвертка крест.Master Ph2х100мм IEK (6) NEW,,,,,,
151000601_,TSC-1PH-2150,Отвертка крест.Master Ph2х150мм IEK (6) NEW,,,,,,
151000553_,TSC-1PH-3150,Отвертка крест.Master Ph3х150мм IEK (6) NEW,,,,,,
130200343_,TCP-2-160,Кусачки боковые Expert 1000 В 160мм IEK NEW,,,,,,
130200339_,TPL-2-160,Пассатижи Expert 160мм IEK NEW,,,,,,
130200340_,TPL-2-180,Пассатижи Expert 180мм IEK NEW,,,,,,
130200285_,TPL-2-200,Пассатижи Expert 200мм IEK,,,,,,
130200341_,TPL-3-180,Пассатижи Profi 180мм IEK NEW,,,,,,
130200342_,TPL-3-200,Пассатижи Profi 200мм IEK NEW,,,,,,
130301096_,TKL10-001,Пресс гидравл. ПГР- 70 IEK NEW,,,,,,
130301097_,TKL10-004,Пресс гидравл. ПГР-300 IEK NEW,,,5,,,
130301098_,TKL10-015,Пресс мех.ручной ПМР-6-50 IEK NEW,,,,,,
081100276_,LLE-A60-7-230-40-E27," LED A60 ""ECO""  7w 230v 4000K E27 IEK (1) NEW",,,,,,
081100277_,LLE-A60-11-230-30-E27," LED A60 ""ECO"" 11w 230v 3000K E27 IEK(1) NEW",,,,,,
081100278_,LLE-A60-11-230-40-E27," LED A60 ""ECO"" 11w 230v 4000K E27 IEK(1) NEW",,,,,,
081100391_,LLE-T8-10-230-65-G13,LED Лампа T8  10w 230v 6500K G13  IEK (20),,,,,,
081100392_,LLE-T8-18-230-40-G13,LED Лампа T8  18w 230v 4000K G13  IEK (20),,,,,,
081100393_,LLE-T8-18-230-65-G13,LED Лампа T8  18w 230v 6500K G13 IEK (20),,,,,,
081100279_,LLE-C35-5-230-30-E14,"LED C35 ""Свеча"" 5w 230v 3000K E14 IEK (1) NEW",,,,,,
081100281_,LLE-C35-5-230-30-E27,"LED C35 ""Свеча"" 5w 230v 3000K E27 IEK (1) NEW",,,,,,
081100280_,LLE-C35-5-230-40-E14,"LED C35 ""Свеча"" 5w 230v 4000K E14 IEK (1) NEW*",,,,,,
081100282_,LLE-CB35-5-230-30-E14,"LED CB35 ""Свеча на ветру"" 5w 230v 3000K E14 IEK (1) ***",,,,,,
081100283_,LLE-G45-5-230-30-E14,LED G45  5w 230v 3000K E14  IEK (1)NEW,,,,,,
081100284_,LLE-G45-5-230-40-E14,LED G45  5w 230v 4000K E14  IEK (1) NEW,,,,,,
081100285_,LLE-G45-5-230-40-E27,LED G45  5w 230v 4000K E27  IEK (1)NEW,,,,,,
081100286_,LLE-PAR16-5-230-30-GU10,LED PAR16 5w 230v 3000K GU10  IEK (1) NEW,,,,,,
081100287_,LLE-PAR16-5-230-40-GU10,LED PAR16 5w 230v 4000K GU10  IEK (1) NEW,,,,,,
081100288_,LLE-R50-5-230-30-E14,"LED R50 ""ECO"" 5w 230v 3000K E14 IEK (1) NEW",,,,,,
081100289_,LLE-R50-5-230-40-E14,"LED R50 ""ECO"" 5w 230v 4000K E14 IEK (1) NEW",,,,,,
081100290_,LLE-R63-5-230-30-E27," LED R63 ""ECO"" 5w 230v 3000K E27 IEK (1) NEW* ",,,,,,
080400061_,HPSL-70-E27-T,ДНАТ   70W Е27 (IEK) (50)  ***,,,,,,
080400062_,HPSL-150-E40-T,ДНАТ  150W Е40 (IEK) (25) ***,,,,,,
080400064_,HPSL-400-E40-T,ДНАТ 400W Е40 (IEK) (25) ,,,,,,
080400060_,MHL-400-4500-E40,ДРИ 400W E40 IEK (25) ,,,,,,
151000558_,LLVPOD-EPK-58-1H,"Блок ав-го питания БАП58-1,0 IEK (5) ",,,,,,
130300769_,EPR13-01-01-K01,Переходник Е27-Е40  ПР27-40-К02 IEK (50) ,,,,,,
130300770_,EPR31-01-01-K01,Переходник Е40-Е27  ПР40-27-К02 IEK (50),,,,,,
151000369_,LDD10-008-1100-002,"Датчик движения ДД 008 черный,до 1100 Вт,дальность 12 м IP44 IEK NEW (48)",,,10,,,
151000691_,LDD10-009-1100-002,"Датчик движения ДД 009 черный,до 1100 Вт,дальность 12 м IP44 IEK NEW (48)",,,,,,10
151000692_,LDD10-010-1100-002,"Датчик движения ДД 010 черный,до 1100 Вт,дальность 10 м IP44 IEK NEW (48)",,,,,,
151000693_,LDD10-012-1100-002,"Датчик движения ДД 012 черный,до 1100 Вт,дальность 10 м IP44 IEK NEW (48)",,,,,,
130200298_,LDD10-013-1100-001,"Датчик движения ДД 013 белый,до 1200 Вт,дальность 12 м IP65 IEK NEW (50)",,,,,,
130200299_,LDD11-016-800-001,"Датчик движения ДД 016 угловой белый,до 800 Вт,дальность 12 м IP44  IEK NEW (50)",,,,,,
130200300_,LDD11-026-2000-001,"Датчик движения ДД 026 белый,до 2000 Вт,дальность 6 м IP20 IEK NEW  (50)",,,,,,
130200301_,LDD10-045-60-001,"Датчик движения ДД 045 белый E27,до 60 Вт,дальность 6 м IP20 IEK NEW  (50)",,,,,,
130200302_,LDD11-401-800-001,"Датчик движения ДД 401 белый,до 800 Вт,дальность 8 м IP20 IEK NEW  (50)",,,,,,
130300764_,LDD11-301MB-1200-001,"Датчик движения МВ 301 белый,1200 Вт, 360гр. дальность 8 м IP20 IEK (50) ",,,,,,
130300765_,LDD11-401MB-500-001,"Датчик движения МВ 401 белый, 500 Вт, 360гр. дальность 8 м IP20 IEK (100)",,,,,,
130300102_,MTA10-16,Таймер ТЭ15 цифровой 16А 230В на DIN-рейку IEK (100),,,20,,,
130300302_,MTA20-16,Таймер ТЭМ 181 аналоговый 16А 230В на DIN-рейку IEK (100),,,,,,
203000056_,DRV100-L2-005-5-3020,Эл.Двиг.3ф.АИР 100L2 380В 5.5кВт 3000об/мин 2081 DRIVE IEK (1) ***,,,,,,
203000053_,DRV080-A2-001-5-3020,"Эл.Двиг.3ф.АИР 80A2 380В 1,5кВт 3000об/мин 2081 DRIVE IEK (1) ***",,,,,,
203000079_,DRV080-B6-001-1-1020,"Эл.Двиг.3ф.АИР 80B6 380В 1,1кВт 1000об/мин 2081 DRIVE IEK (1) ***",,,,,,
203000051_,DRV090-L4-002-2-1520,Эл.Двиг.3ф.АИР 90L4 380В 2.2кВт 1500об/мин 2081 DRIVE IEK (1) ***,,,,,,
250200010_,MKM14-V-12-30-T,ЩРВ-12 (275x320x120) IEK,,,4,,,
250200044_,MKM14-V-18-30-T,ЩРВ-18 (275x450x120) IEK,,,2,,,
250200011_,MKM14-V-24-30-T,ЩРВ-24 (405x320x120) IEK,,,,,,
250200012_,MKM14-V-36-30-T,ЩРВ-36 (550x320x120) IEK,,,3,,,
250200047_,MKM14-V-48-30-T,ЩРВ-48 (630x320x120) IEK,,,3,,,
250200052_,MKM14-V-54-30-T,ЩРВ-54 (550x450x120) IEK,,,6,,,
251000053_,MKM14-V-72-30-T,ЩРВ-72 (540x600x120) IEK,,,,,,
250200020_,MKM14-N-09-31-Z,ЩРН- 9 (250x250x120) IEK,,,,,,
250200014_,MKM14-N-12-31-Z,ЩРН-12 (265x310x120) IEK,,,,,,
250200015_,MKM14-N-18-31-Z,ЩРН-18 (265x440x120) IEK,,,,,,
250200016_,MKM14-N-24-31-Z,ЩРН-24 (395x210x120) IEK,,,,,,
250200017_,MKM14-N-36-31-Z,ЩРН-36 (540x310x120) IEK,,,5,,,
250200018_,MKM14-N-48-31-Z,ЩРН-48 (620x310x120) IEK,,,7,,,
250200019_,MKM14-N-54-31-Z,ЩРН-54 (540x440x120) IEK,,,5,,,
250200077_,MKM14-N-72-31-Z,ЩРН-72з (540x600x120) IEK,,,,,,
250200031_,MKM51-N-01-54,ЩУ-1ф/1-0 IP54 1дверь (310x300x150) IEK,,,1,,,
250200060_,MKM51-N-04-54,ЩУ-1ф/1-1 IP54 2двери (310x300x150) IEK,,,,,,
250200032_,MKM51-N-03-54,ЩУ-3ф/1-0  IP54 1дверь (395x310x150) IEK,,,,,,
250200061_,MKM51-N-09-54,ЩУ-3ф/1-1 74 IP54 2двери (445x400x150) IEK,,,,,,
250200021_,MKM25-V-12-31-ZO,ЩУРв-1-12зо (480x320x165) IEK,,,,,,
250200022_,MKM35-V-12-31-ZO,ЩУРв-3-12зо (550x320x165) IEK,,,,,,
250200023_,MKM35-V-30-31-1-ZO,ЩУРв-3-30зо (550x500x165) IEK,,,,,,
250200025_,MKM25-N-12-31-ZO,ЩУРн-1-12зо (395x310x165) IEK,,,,,,
250200026_,MKM35-N-12-31-ZO,ЩУРн-3-12зо (550x320x175) IEK,,,,,,
250200027_,MKM35-N-30-1-31-ZO,ЩУРн-3-30зо (540x490x165) IEK,,,4,,,
250200028_,MKM35-N-48-31-ZO,ЩУРн-3-48зо (600x540x165) IEK,,,,,,
250600061_,YKM41-01-31-L,ЩМП -1 IP 31 (395х310х150) LIGHT IEK,,,,,,
250600062_,YKM41-02-31-L,ЩМП- 2 IP 31 (500х400х150) LIGHT IEK,,,,,,
250600063_,YKM41-03-31-L,ЩМП- 3 IP 31 (650х500х150) LIGHT IEK,,,,,,
250200001_,YKM40-01-31,ЩМП- 1 IP 31 (395х310х220) IEK,,,,,,
250200002_,YKM40-01-54,ЩМП- 1 IP 54 (395х310х220) IEK,,,,,,
250200003_,YKM40-02-31,ЩМП- 2 IP 31 (500х400х220) IEK,,,,,,
250200004_,YKM40-02-54,ЩМП- 2 IP 54 (500х400х220) IEK,,,,,,
250200006_,YKM40-03-31,ЩМП- 3 IP 31 (650х500х220) IEK,,,10,,,
250200007_,YKM40-03-54,ЩМП- 3 IP 54 (650х500х220) IEK,,,,,,
250200008_,YKM40-04-31,ЩМП- 4 IP 31 (800х650х250) IEK,,,,,,
250200009_,YKM40-04-54,ЩМП- 4 IP 54 (800х650х250) IEK,,,,,,
250200041_,YKM40-05-31,ЩМП- 5 IP 31 (1000х650х300) IEK,,,,,,
250200042_,YKM40-05-54,ЩМП- 5 IP 54 (1000х650х300) IEK,,,,,,
250200050_,YKM40-06-31,ЩМП- 6 IP 31 (1200х750х300) IEK,,,,,,
250200051_,YKM40-06-54,ЩМП- 6 IP 54 (1200х750х300) IEK,,,,,,
250200037_,YKM40-07-31,ЩМП- 7 IP 31 (1320х750х300) IEK,,,,,,
250200054_,YKM40-07-54,ЩМП- 7 IP 54 (1415х665х295) IEK,,,,,,
250600053_,YKM40-01-65,ЩМП-1 IP65 GARANT (395х310х220) IEK,,,,,,
250600054_,YKM40-02-65,ЩМП-2 IP65 GARANT (500х400х220) IEK,,,,,,
250600055_,YKM40-03-65,ЩМП-3 IP65 GARANT (650х500х220) IEK ,,,,,,
250600056_,YKM40-04-65,ЩМП-4 IP65 GARANT (800х650х250) IEK,,,,,,
250600057_,YKM40-05-65,ЩМП-5 IP65 GARANT (1000х650х275) IEK,,,,,,
250600058_,YKM40-06-65,ЩМП-6 IP65 GARANT (1200х650х275) IEK,,,,,,
250600059_,YKM40-07-65,ЩМП-7 IP65 GARANT (1400х650х275) IEK,,,,,,
250200106_,MKM42-02-31,ЩЭ 2 (1000х960х155) IP31 IEK *,,,,,,
250200078_,MKM42-03-31,ЩЭ 3 (1010x970x155) IP31 IEK,,,,,,
250200005_,MKM42-04-31,ЩЭ 4 (1000х960х155) IP31 IEK,,,,,,
290100110_,MKM42-06-1270-31,ЩЭ 6 (1000х960х157) P31 IEK ,,,,,,
250600121_,MKP82-V-04-41-20,ЩРВ-П- 4 PRIME IEK (20) NEW*,,,,,,
250600122_,MKP82-V-06-41-20,ЩРВ-П- 6 PRIME IEK (20) NEW,,,,,,
250600123_,MKP82-V-09-41-20,ЩРВ-П- 9 PRIME IEK (20) NEW,,,,,,
250600124_,MKP82-V-12-41-10,ЩРВ-П-12 PRIME IEK (10) NEW,,,,,,
250600125_,MKP82-V-18-41-10,ЩРВ-П-18 PRIME IEK (10) NEW,,,,,,
250600126_,MKP82-V-24-41-10,ЩРВ-П-24 PRIME IEK (10) NEW,,,,,,
250600127_,MKP82-V-36-41-05,ЩРВ-П-36 PRIME IEK (5) NEW,,,,,,
250600114_,MKP82-N-04-41-20,ЩРН-П- 4 PRIME IEK (20) NEW,,,,,,
250600115_,MKP82-N-06-41-20,ЩРН-П- 6 PRIME IEK (20) NEW,,,,,,
250600116_,MKP82-N-09-41-20,ЩРН-П- 9 PRIME IEK (20) NEW,,,,,,
250600117_,MKP82-N-12-41-10,ЩРН-П-12 PRIME IEK (10) NEW,,,,,,
250600118_,MKP82-N-18-41-10,ЩРН-П-18 PRIME IEK (10) NEW,,,,,,
250600119_,MKP82-N-24-41-10,ЩРН-П-24 PRIME IEK (10) NEW,,,,,,
250600120_,MKP82-N-36-41-05,ЩРН-П-36 PRIME IEK (10) NEW,,,,,,
250600020_,MKP12-V-04-40-20,ЩРВ-П  4 IEK (20),,,,,,
250600005_,MKP12-V-06-40-20,ЩРВ-П  6 IEK (20),,,,,,
250600006_,MKP12-V-08-40-20,ЩРВ-П  8 IEK (20),,,,,,
250600001_,MKP12-V-12-40-10,ЩРВ-П 12 IEK (10),,,,,,
250600002_,MKP12-V-18-40-10,ЩРВ-П 18 IEK (10),,,,,,
250600003_,MKP12-V-24-40-10,ЩРВ-П 24 IEK (10),,,10,,,
250600004_,MKP12-V-36-40-05,ЩРВ-П 36 IEK (5),,,,,,
250600021_,MKP12-N-04-40-20,ЩРН-П  4 IEK (20),,,,,,
250600010_,MKP12-N-06-40-20,ЩРН-П  6 IEK (20),,,,,,
250600011_,MKP12-N-08-40-20,ЩРН-П  8 IEK (20),,,,,,
250600007_,MKP12-N-12-40-10,ЩРН-П 12 IEK (10),,,,,,
250600008_,MKP12-N-18-40-10,ЩРН-П 18 IEK (10),,,10,,,
250600009_,MKP12-N-24-40-10,ЩРН-П 24 IEK (10),,,20,,,
250600012_,MKP12-N-36-40-05,ЩРН-П 36 IEK (5),,,,,,
250600180_,MKP12-V-04-41-G,Бокс ЩРВ-П  4 модуля встр. пластик IP41 GENERICA (20),,,,,,
250600181_,MKP12-V-06-41-G,Бокс ЩРВ-П  6 модулей встр. пластик IP41 GENERICA (20),,,,,,
250600182_,MKP12-V-08-41-G,Бокс ЩРВ-П  8 модулей встр. пластик IP41 GENERICA (20),,,,,,
250600183_,MKP12-V-12-41-G,Бокс ЩРВ-П 12 модулей встр. пластик IP41 GENERICA (10),,,,,,
250600184_,MKP12-V-18-41-G,Бокс ЩРВ-П 18 модулей встр. пластик IP41 GENERICA (10),,,,,,
250600185_,MKP12-V-24-41-G,Бокс ЩРВ-П 24 модуля встр. пластик IP41 GENERICA (10),,,,,,
250600186_,MKP12-V-36-41-G,Бокс ЩРВ-П 36 модулей встр. пластик IP41 GENERICA (5),,,,,,
250600173_,MKP12-N-04-41-G,Бокс ЩРН-П  4 модуля навесн. пластик IP41 GENERICA (20),,,,,,
250600174_,MKP12-N-06-41-G,Бокс ЩРН-П  6 модулей навесн. пластик IP41 GENERICA (20),,,,,,
250600175_,MKP12-N-08-41-G,Бокс ЩРН-П  8 модулей навесн. пластик IP41 GENERICA (20),,,,,,
250600176_,MKP12-N-12-41-G,Бокс ЩРН-П 12 модулей навесн. пластик IP41 GENERICA (10),,,,,,
250600177_,MKP12-N-18-41-G,Бокс ЩРН-П 18 модулей навесн. пластик IP41 GENERICA (10),,,,,,
250600178_,MKP12-N-24-41-G,Бокс ЩРН-П 24 модуля навесн. пластик IP41 GENERICA (10),,,,,,
250600179_,MKP12-N-36-41-G,Бокс ЩРН-П 36 модулей навесн. пластик IP41 GENERICA (5),,,,,,
250600129_,MKP93-N-403022-65,ЩМПп-1 (400х300х220) IP65 IEK NEW,,,,,,
250600130_,MKP93-N-504024-65,ЩМПп-2 (500х400х240)  IP65 IEK NEW,,,,,,
250600131_,MKP93-N-604020-65,ЩМПп-3 (600х400х200)  IP65 IEK NEW,,,6,,,
250600132_,MKP93-N-806026-65,ЩМПп-4 (800х600х260)  IP65 IEK NEW,,,,,,
250600039_,MSP310-3-55,ЩУРн-П 3/10 IP55 (345х270х105) IEK,,,,,,
250600040_,MSP306-3-55,ЩУРн-П 3/6 IP55 (400х350х125) IEK,,,,,,
250600041_,MSP308-3-55,ЩУРн-П 3/8 IP55 (365х225х120) IEK,,,,,,
130200020_,YZK10-18-18-34,Замок 18-18\34 IEK,,,,,,
130200021_,YZK10-18-20-40,Замок 18-20\40 IEK,,,,,,
130200022_,YZK10-20-22-40,Замок 20-22\40 IEK,,,,,,
130200023_,YZK11-20-22-45,Замок 20-22\45 IEK,,,,,,
280100116_,CKK-40D-W-080-040-K01,Внешний изменяемый угол  80х40  ПРАЙМЕР (108),,,,,,
280200166_,CKK-40D-W-100-040-K01,Внешний изменяемый угол 100х40  ПРАЙМЕР (108),,,,,,
280100117_,CKK-40D-X-080-040-K01,Внутренний изменяемый угол  80х40  ПРАЙМЕР (108),,,,,,
280200167_,CKK-40D-X-100-040-K01,Внутренний изменяемый угол 100х40  ПРАЙМЕР (108),,,,,,
280100120_,CKK-40D-VO2-K01,Выключатель 1-кл  на 2 модуля ВК0-21-00-П ПРАЙМЕР (100),,,,,,
280100119_,CKK-40D-VD2-K01,Выключатель 2-кл  на 2 модуля ВК1-22-00-П ПРАЙМЕР (100),,,,,,
280100118_,CKK-40D-Z-080-040-K01,Заглушка  80х40  ПРАЙМЕР (216),,,,,,
ст-9948468,CKK-40D-Z-100-040-K01,Заглушка 100х40  ПРАЙМЕР (216),,,24,,,
280100121_,CKK-40D-Z01-K01,Заглушка на 1 модуль  ПРАЙМЕР (100),,,,,,
280100141_,CKK-40D-P40-K01,Разделительная перегородка высотой 40мм ПРАЙМЕР (160),,,,,,
ст-9950851,CKK-40D-W-150-060-K01,Плоский изменяемый угол  150х60  ПРАЙМЕР (40) ***,,,,,,
280100125_,CKK-40D-P-080-040-K01,Плоский изменяемый угол  80х40  ПРАЙМЕР (96),,,,,,
280100124_,CKK-40D-P-100-040-K01,Плоский изменяемый угол 100х40  ПРАЙМЕР (96),,,,,,
280100126_,CKK-40D-RSU4-060-K01,Рамка и суппорт  на 4 модуля 60 мм ПРАЙМЕР (160),,,,,,
280100127_,CKK-40D-RSU4-075-K01,Рамка и суппорт  на 4 модуля 75 мм ПРАЙМЕР (160),,,,,,
280100139_,CKK-40D-RSU6-060-K01,Рамка и суппорт  на 6 модулей 60 мм ПРАЙМЕР (120),,,,,,
280100140_,CKK-40D-RSU6-075-K01,Рамка и суппорт  на 6 модулей 75 мм ПРАЙМЕР (120),,,,,,
280100128_,CKK-40D-RU2-K01,Рамка и суппорт  универсал. на 2 модуля  ПРАЙМЕР (180),,,,,,
280200168_,CKK-40D-RSK2-K01,Рамка и суппорт для коробок КМКУ на 2 модуля  ПРАЙМЕР (370),,,,,,
280100129_,CKK-40D-RI1-K01,"Розетка информационная RJ-45 UTP кат.5е,1 модуль РКИ-10-00-П ПРАЙМЕР (100)",,,,,,
280100130_,CKK-40D-RI2-K01,"Розетка информационная RJ-45 UTP кат.5е,2 модуль РКИ-20-00-П ПРАЙМЕР (100)",,,,,,
280100131_,CKK-40D-RSZB2-K01-K,"Розетка с з/к 2к, 2 модуля (белая) РКС-20-30-П ПРАЙМЕР (100)",,,,,,
280100132_,CKK-40D-RSZK2-K04-K,"Розетка с з/к 2к, 2 модуля (красная) РКС-20-32-П ПРАЙМЕР (10)",,,,,,
280100133_,CKK-40D-RT1-K01,"Розетка телеф RJ-11 кат.3, 1 модуль РКФ-10-00-П ПРАЙМЕР (100)",,,,,,
280100134_,CKK-40D-SB40-K01,Соединитель на стык боковой высотой 40 мм.  ПРАЙМЕР (1440),,,,,,
280100138_,CKK-40D-SL60-K01,Соеденитель на стык лицевой  для крышки 60 мм ПРАЙМЕР (720),,,,,,
280100137_,CKK-40D-SL75-K01,Соеденитель на стык лицевой  для крышки 75 мм ПРАЙМЕР (720),,,,,,
280100136_,CKK-40D-T-080-040-K01,Т-угол  80х40  ПРАЙМЕР (108),,,,,,
280100135_,CKK-40D-T-100-040-K01,Т-угол 100х40  ПРАЙМЕР (108),,,,,,
щт-0002132,CKK-40D-KR125-K01,"Крышка 125 мм для К.К.""Праймер"" 150х60 ***",,,,,,
280100123_,CKK40-080-040-1-K01,Кабель-канал  80х40 парапетный ПРАЙМЕР (24),,,72,,,
280100122_,CKK40-100-040-1-K01,Кабель-канал 100х40 парапетный  ПРАЙМЕР (16),,,,,,
200400218_,BC1-C5E04-111,"U/UTP ШПД, кат.5Е 4х2х0,48 solid, 305м ITK ЗАКУПАЮТСЯ БУХТАМИ, САДЯТСЯ МЕТРАЖОМ",,,,,,
081100336_,LDVO3-6560-36-6500-K01,LED ДВО 6560 ОПАЛ 36w 595x595x20 6500K IP20  IEK NEW,,,,,,
081100338_,LDVO3-6561-36-4500-K01,LED ДВО 6561 ОПАЛ 36w 595x595x20 4500K IP20  IEK NEW,,,,,,
081100340_,LDVO1-36-0-K01,Драйвер для LED ДВО IEK NEW,,,,,,
150700221_,LDSP0-4002-100-65-K23, LED ДСП 4002  100W 6500K 10000 Lm IP 65 IEK NEW,,,,,,
150700222_,LDSP0-4004-150-65-K23, LED ДСП 4004  150W 6500K 15000 Lm IP 65 IEK NEW,,,,,,
150700223_,LDSP0-4006-200-65-K23, LED ДСП 4006  200W 6500K 20000 Lm IP 65 IEK NEW,,,,,,
081100306_,LPDO503-20-K03, LED Прожектор  20w 4000K IP65 (СДО 05-20П)  IEK (Переносной) (1) ,,,,,,
081100310_,LPDO702-30-K03, LED Прожектор  30w 6500K Датчик IP44 (СДО07-30Д) IEK (1),,,,,,
151000071_,LNPP0-1301-1-060-K01,НПП 1301-60  бел/круг IP54 ИЭК(12) ,,,,,,
151000074_,LNPP0-1302-1-060-K02,НПП 1302-60  черн/круг с реш IP54 ИЭК(12) ***,,,,,,
151000080_,LNPP0-1308-1-060-K01,НПП 1308-60  бел/круг реш крупная IP54 ИЭК(12) ***,,,,,,
151000081_,LNPP0-1308-1-060-K02,НПП 1308-60  черн/круг решетка крупная IP54 ИЭК(12) ***,,,,,,
151000119_,LNPP0-1201-1-100-K01,НПП 1201-100  бел/овал IP54 ИЭК(8) ***  ,,,,,,
151000069_,LNPP0-1202-1-100-K01,НПП 1202-100  бел/овал с реш. IP54 ИЭК(8) ***,,,,,,
151000070_,LNPP0-1202-1-100-K02,НПП 1202-100  черн/овал с реш. IP54 ИЭК(8) ,,,,,,
151000083_,LNPP0-1402-1-060-K01,НПП 1402-60  бел/овал с реш. IP54 ИЭК(12) ,,,,,,
150300123_,LPHO04-400-01-K03,ГО  04-400Вт E40 (серый под м/г) IP65 IEK (1),,,,,,
151000214_,LPI01-1-0150-K02,ИО  150 (черн. под галоген.) IP54  IEK (1),,,,,,
151000053_,LPI01-1-0500-K02,ИО  500 (черн. под галоген.) IP54  IEK (1) ,,,,,,
151000132_,LPI01-1-1500-K01,ИО 1500 (бел. под галоген.) IP54  IEK (6) / SU-1500A,,,,,,
151000056_,LPI01-1-1500-K02,ИО 1500 (черн. под галоген.) IP54  IEK (6) ,,,,,,
130200159_,LSSA0-1001-003-K03, ССА1001 аварийный LED 3Вт Exit IEK (20),,,,,,
130200160_,LSSA0-1002-003-K03, ССА1002 аварийный LED 3Вт Запасной выход  IEK (20),,,,,,
010800202_,SAV10-3-0016-G,ВА 66-31 (3ф)  16А 18 кА GENERICA (1/18),,,,,,
010800203_,SAV10-3-0025-G,ВА 66-31 (3ф)  25А 18 кА GENERICA (1/18),,,,,,
010800204_,SAV10-3-0032-G,ВА 66-31 (3ф)  32А 18 кА GENERICA (1/18),,,,,,
010800205_,SAV10-3-0040-G,ВА 66-31 (3ф)  40А 18 кА GENERICA (1/18),,,,,,
010800206_,SAV10-3-0050-G,ВА 66-31 (3ф)  50А 18 кА GENERICA (1/18),,,,,,
010800207_,SAV10-3-0063-G,ВА 66-31 (3ф)  63А 18 кА GENERICA (1/18),,,,,,
010800208_,SAV10-3-0080-G,ВА 66-31 (3ф)  80А 18 кА GENERICA (1/18),,,,,,
010800209_,SAV10-3-0100-G,ВА 66-31 (3ф) 100А 18 кА GENERICA (1/18),,,,,,
010800210_,SAV20-3-0125-G,ВА 66-33 (3ф) 125А 20 кА GENERICA (1/12),,,,,,
010800211_,SAV20-3-0160-G,ВА 66-33 (3ф) 160А 20 кА GENERICA (1/12),,,,,,
010800212_,SAV30-3-0200-G,ВА 66-35 (3ф) 200А 25 кА GENERICA (1/12),,,,,,
010800213_,SAV30-3-0250-G,ВА 66-35 (3ф) 250А 25 кА GENERICA (1/12),,,,,,
010800036_,SVA10D-EP,Электропривод ЭП-32/33 230В IEK (1/16),,,,,,
010800037_,SVA30D-EP,Электропривод ЭП-35/37 230В IEK (1/12),,,,,,
010700081_,SVA4410-3-0050,ВА 44-33 (3ф)  50А IEK (1/20) ***,,,,,,
010700082_,SVA4410-3-0063,ВА 44-33 (3ф)  63А IEK (1/20) ***,,,,,,
010800061_,DMS11D-FA02,Аварийно-доп. контакт ДК/АК32-02 IEK*** (150),,,,,,
010800060_,DMS11D-FA11,Аварийно-доп. контакт ДК/АК32-11 IEK *** (150),,,,,,
010800062_,DMS11D-FA20,Аварийно-доп. контакт ДК/АК32-20 IEK *** (150),,,,,,
010800050_,SVA50D-DK-1,Доп. контакт ДК-630/800/1600 А IEK,,,,,,
010800058_,DMS11D-AU20,Доп. контакт ДК32-20 IEK *** (200),,,,,,
010800057_,DMS11D-AE11,Доп. контакт поперечный ДКП32-11 IEK *** (1000),,,,,,
010800056_,DMS11D-AE20,Доп. контакт поперечный ДКП32-20 IEK *** (1000),,,,,,
010800053_,SVA50D-RN,Расцепитель независимый РН-800/1600 IEK ***,,,,,,
010500014_,MNV10-1-025,Выкл. нагрузки ВН-32 (1ф)  25А IEK (240) ***,,,,,,
010500015_,MNV10-1-032,Выкл. нагрузки ВН-32 (1ф)  32А IEK (240) ***,,,,,,
010500017_,MNV10-1-063,Выкл. нагрузки ВН-32 (1ф)  63А IEK (240) ***,,,,,,
010500027_,MNV10-2-020,Выкл. нагрузки ВН-32 (2ф)  20А IEK (120) ***,,,,,,
010500028_,MNV10-2-025,Выкл. нагрузки ВН-32 (2ф)  25А IEK (120) ***,,,,,,
010500101_,MNV10-3-025,Выкл. нагрузки ВН-32 (3ф)  25А IEK (4/80) ***,,,,,,
130300215_,MOP20-1-C,ОПС1-С 1Р IEK *** (1),,,,,,
270200120_,DPP30-100,Предохранитель ППНИ-35  (100А) габарит 1 IEK (3/48) ***,,,,,,
270200056_,DPP30-125,Предохранитель ППНИ-35  (125А) габарит 1 IEK (3/48) ***,,,,,,
270200058_,DPP30-200,Предохранитель ППНИ-35  (200А) габарит 1 IEK (3/48) ***,,,,,,
130200028_,DPP00D-RS1,Рукоятка для съема РС-1 IEK (1/56),,,,,,
130300155_,MVA00D-RMM,Расцепитель независ  РН47 на DIN-рейку IEK (1) ***,,,,,,
010800051_,SVA10D-RN,Расцепитель независимый РМ-125/160 (PH-32/33) IEK (20/480) ***,,,,,,
280300063_,CLP1X-050-050,Крестовина   50х50 IEK,,,,,,
280300001_,CLP1X-050-100,Крестовина  50х100 IEK,,,,,,
280300002_,CLP1X-050-200,Крестовина  50х200 IEK ***,,,,,,
280300064_,CLP1X-050-300,Крестовина  50х300 IEK ***,,,,,,
280300065_,CLP1X-050-400,Крестовина  50х400 IEK,,,,,,
280300066_,CLP1X-080-400,Крестовина  80х400 IEK,,,,,,
280300068_,CLP1X-100-200,Крестовина 100х200 IEK,,,,,,
280300069_,CLP1X-100-300,Крестовина 100х300 IEK ***,,,,,,
280300070_,CLP1X-100-400,Крестовина 100х400 IEK,,,,,,
220400107_,UMR-A3-12-3-41-K02,ТТК  12/3 черная с клеем IEK (1)  NEW,,,,,,
220400108_,UMR-A3-13-4-41-K02,ТТК  13/4 черная с клеем IEK (1)  NEW,,,,,,
220400109_,UMR-A3-20-6-41-K02,ТТК 20/6 черная с клеем IEK (1) NEW,,,,,,
220400110_,UMR-A3-33-8-41-K02,ТТК 33/8 черная с клеем IEK (1) NEW,,,,,,
220400111_,UMR-A3-43-12-41-K02,ТТК 43/12 черная с клеем IEK (1) NEW,,,,,,
220400112_,UMR-A3-51-16-41-K02,ТТК 51/16 черная с клеем IEK (1) NEW,,,,,,
220400113_,UMR-A3-65-19-41-K02,ТТК  65/19 черная с клеем IEK (1)  NEW,,,,,,
220400107_,UMR-A3-12-3-41-K02,ТТК  12/3 черная с клеем IEK (1)  NEW,,,,,,
220400108_,UMR-A3-13-4-41-K02,ТТК  13/4 черная с клеем IEK (1)  NEW,,,,,,
220400109_,UMR-A3-20-6-41-K02,ТТК  20/6 черная с клеем IEK (1)  NEW,,,,,,
220400110_,UMR-A3-33-8-41-K02,ТТК  33/8 черная с клеем IEK (1)  NEW,,,,,,
220400111_,UMR-A3-43-12-41-K02,ТТК  43/12 черная с клеем IEK (1)  NEW,,,,,,
220400112_,UMR-A3-51-16-41-K02,ТТК  51/16 черная с клеем IEK (1)  NEW,,,,,,
220400113_,UMR-A3-65-19-41-K02,ТТК  65/19 черная с клеем IEK (1)  NEW,,,,,,
081100372_,LPDO601-10-65-K02,LED ПРОЖЕКТОР СДО 06-10  10W 800Lm 6500K IP65 IEK,,,,,,
081100373_,LPDO601-30-65-K02,LED ПРОЖЕКТОР СДО 06-10  30W 2400Lm 6500K IP65 IEK,,,,,,
081100374_,LPDO601-50-65-K02,LED ПРОЖЕКТОР СДО 06-10  50W 4000Lm 6500K IP65 IEK,,,,,,
081100375_,LPDO601-100-65-K02,LED ПРОЖЕКТОР СДО 06-10 100W 8000Lm 6500K IP65 IEK,,,,,,
081100604_,LPDO601-150-65-K02,LED ПРОЖЕКТОР СДО 06-10 150W 12000Lm 6500K IP65 IEK,,,,,,
130301232_,CTG12-160-K04-035-R,Труба гофр. двустенная ПНД d=160мм красная (35м) IEK,,,,,,
,НОВИНКИ,,,,,,,
130200409_,YNN10-812-8DP-K05,"Шина РЕ ""земля"" в комб DIN-изол ""Стойка"" ШНИ-8х12-8-КС-Ж ИЭК",,,,,,
151000774_,TIR10-1-008,Рулетка измерительная Universal 8м IEK,,,,,,
ярп40217,SVA10-3-0016-02,Выкл. авт. ВА88-32 3Р 16А 25кА MASTER IEK,,,,,,
ярп40218,SVA10-3-0025-02,Выкл. авт. ВА88-32 3Р 25А 25кА MASTER IEK,,,,,,
ярп40219,SVA10-3-0032-02,Выкл. авт. ВА88-32 3Р 32А 25кА MASTER IEK,,,,,,
ярп40220,SVA10-3-0040-02,Выкл. авт. ВА88-32 3Р 40А 25кА MASTER IEK,,,,,,
ярп40221,SVA10-3-0050-02,Выкл. авт. ВА88-32 3Р 50А 25кА MASTER IEK,,,,,,
ярп40222,SVA10-3-0063-02,Выкл. авт. ВА88-32 3Р 63А 25кА MASTER IEK,,,,,,
ярп40223,SVA10-3-0080-02,Выкл. авт. ВА88-32 3Р 80А 25кА MASTER IEK,,,,,,
010800257_,SVA10-3-0100-02,Выкл. авт. ВА88-32 3Р 100А 25кА MASTER IEK,,,,,,
ярп40225,SVA10-3-0125-02,Выкл. авт. ВА88-32 3Р 125А 25кА MASTER IEK,,,,,,
010800258_,SVA30-3-0160-02,Выкл. авт. ВА88-35 3Р 160А 35кА MASTER IEK,,,,,,
ярп40227,SVA30-3-0200-02,Выкл. авт. ВА88-35 3Р 200А 35кА MASTER IEK,,,,,,
ярп40228,SVA30-3-0250-02,Выкл. авт. ВА88-35 3Р 250А 35кА MASTER IEK,,,,,,
ярп40229,SVA40-3-0400-02,Выкл. авт. ВА88-37 3Р 400А 35кА MASTER IEK,,,,,,
ярп40230,SVA50-3-0500-02,Выкл. авт. ВА88-40 3Р 500А 35кА MASTER IEK,,,,,,
ярп40231,SVA50-3-0630-02,Выкл. авт. ВА88-40 3Р 630А 35кА MASTER IEK,,,,,,
ярп40232,SVA50-3-0800-02,Выкл. авт. ВА88-40 3Р 800А 35кА MASTER IEK,,,,,,
250600250_,MKP12-N-12-41-K02,Корпус модульный пл. нав. ЩРН-П-12 черный IP41 IEK,,,,,,
250600244_,MKP12-V-12-41-K02,Корпус модульный пл. встр. ЩРВ-П-12 черный IP41 IEK,,,,,,
ярп40236,MKP13-N-04-41-K02,Корпус модульный пл. нав. ЩРН-П-4 черный черн. дв. IP41 IEK,,,,,,
ярп40237,MKP13-N-06-41-K02,Корпус модульный пл. нав. ЩРН-П-6 черный черн. дв. IP41 IEK,,,,,,
ярп40238,MKP13-N-08-41-K02,Корпус модульный пл. нав. ЩРН-П-8 черный черн. дв. IP41 IEK,,,,,,
ярп40239,MKP13-N-12-41-K02,Корпус модульный пл. нав. ЩРН-П-12 черный черн. дв. IP41 IEK,,,,,,
ярп40240,MKP13-N-18-41-K02,Корпус модульный пл. нав. ЩРН-П-18 черный черн. дв. IP41 IEK,,,,,,
ярп40241,MKP13-N-24-41-K02,Корпус модульный пл. нав. ЩРН-П-24 черный черн. дв. IP41 IEK,,,,,,
ярп40242,MKP13-N-36-41-K02,Корпус модульный пл. нав. ЩРН-П-36 черный черн. дв. IP41 IEK,,,,,,
ярп40243,MKP13-V-04-41-K02,Корпус модульный пл. встр. ЩРВ-П-4 черный черн. дв. IP41 IEK,,,,,,
ярп40244,MKP13-V-06-41-K02,Корпус модульный пл. встр. ЩРВ-П-6 черный черн. дв. IP41 IEK,,,,,,
ярп40245,MKP13-V-08-41-K02,Корпус модульный пл. встр. ЩРВ-П-8 черный черн. дв. IP41 IEK,,,,,,
ярп40246,MKP13-V-12-41-K02,Корпус модульный пл. встр. ЩРВ-П-12 черный черн. дв IP41 IEK,,,,,,
ярп40247,MKP13-V-18-41-K02,Корпус модульный пл. встр. ЩРВ-П-18 черный черн. дв IP41 IEK,,,,,,
ярп40248,MKP13-V-24-41-K02,Корпус модульный пл. встр. ЩРВ-П-24 черный черн. дв IP41 IEK,,,,,,
ярп40249,MKP13-V-36-41-K02,Корпус модульный пл. встр. ЩРВ-П-36 черный черн. дв IP41 IEK,,,,,,
270300253_,MTT12-012-0251-54,"ЯТП-0,25 230/12-2 УХЛ2 IP54 IEK",,,,,,
270300251_,MTT12-024-0251-54,"ЯТП-0,25 230/24-2 УХЛ2 IP54 IEK",,,,,,
270300254_,MTT12-036-0251-54,"ЯТП-0,25 230/36-2 УХЛ2 IP54 IEK",,,,,,
ярп40255,ERA12-K03-16-54,РСш12-2-А Розетка 1-ая с з/к откр. уст. 16А IP54 AQUATIC IEK,,,,,,
ярп40256,ERA22-K03-16-54,РСш22-2-А Розетка 2-ая с з/к откр. уст. 16А IP54 AQUATIC IEK,,,,,,
ярп40257,EVA10-K03-10-54,ВС-20-1-0-А Выкл. 1 кл. откр. уст. 10А IP54 AQUATIC IEK,,,100,,,
280300645_,EVA12-K03-10-54,ВС-20-1-2-А Выкл. 1 кл. пр. откр. уст. 10А IP54 AQUATIC IEK,,,100,,,
280300644_,EVA14-K03-10-54,ВС-20-1-3-А Выкл. кнопочный откр. уст. 10А IP54 AQUATIC IEK,,,,,,
ярп40260,EVA20-K03-10-54,ВС-20-2-0-А Выкл. 2 кл. откр. уст. 10А IP54 AQUATIC IEK,,,,,,
151000784_,TIR21-3-040,Дальномер лазерный DM40 Professional IEK,,,,,,
151000783_,TIR21-3-060,Дальномер лазерный DM60 Professional IEK,,,,,,
151000785_,TIR21-4-030,Дальномер лазерный DM30 Compact IEK,,,,,,
ярп40265,LSSA1-01-2-012-52-BASE,Оповещатель охр-пож. световой 12 (база) 12В IP52 IEK,,,,,,
ярп40266,LSSA1-01-2-024-52-BASE,Оповещатель охр-пож. световой 24 (база) 24В IP52 IEK,,,,,,
ярп40267,LSSA1-01-2-220-52-BASE,Оповещатель охр-пож. световой 220 (база) 220В IP52 IEK,,,,,,
ярп40268,LSSA1-01-2-012-52-VYHD,"Оповещатель охр-пож. световой 12 ""Выход"" 12В IP52 IEK",,,,,,
ярп40269,LSSA1-01-2-024-52-VYHD,"Оповещатель охр-пож. световой 24 ""Выход"" 24В IP52 IEK",,,,,,
ярп40270,LSSA1-01-2-220-52-VYHD,"Оповещатель охр-пож. световой 220 ""Выход"" 220В IP52 IEK",,,,,,
ярп40271,LSSA2-01-2-220-52-VYHD,"Оповещатель охр-пож. световой 220-РИП ""Выход"" 220В IP52 IEK",,,,,,
200400105_,BC1-C5E04-111-305-G,Каб. в. п. U/UTP кат. 5E 4 пары PVC 1м сер. GENERICA,,,,,,
ярп40273,EBVMP20-K03-31-54-EC,"БВб-22-31-ГПБд блок ""выкл 1кл + розетка 1м с з/к"" о/у  IP54 ГЕРМЕС PLUS (кл.бел./кр.дым)",,,,,,
ярп40274,EBVMP20-K03-32-54-EC,"БВб-22-32-ГПБд блок ""выкл 2кл + розетка 1м с з/к"" о/у  IP54 ГЕРМЕС PLUS (кл.бел./кр.дым.)",,,,,,
200400012_,ETK20-K01-DM,РТ12-КБ Розетка 2местн. телефонная КВАРТА (белый)!!!,,,,,,
ярп40276,UHH20-D025-150-050,"Хомут 2,5х150мм нейлон (50шт) ИЭК",,,,,,
ярп40277,UHH31-D025-080-100,"Хомут 2,5х80мм нейлон (100шт) ИЭК",,,,,,
081100339_,LDVO2-6561-36-4500-K01,"Светильник светодиодный ДВО 6561-25-P eco,36Вт,4500К,25мм,призма IEK",,,,,,
ярп40280,LDVO0-6565-36-0-4500-K01,"Светильник светодиодный ДВО 6565 eco,36Вт, 4500К IEK",,,,,,
ярп40281,LDVO0-6566-36-6500-K00,"Светодиодная панель ДВО 6566 eco, 595x595х10, 36Вт, 6500К IEK",,,,,,
ярп40282,CTG12-110-K04-006-R,Труба гофр. двустенная ПНД d=110мм красная жесткая (6м) IEK,,,,,,
,1,,,,,,,
010700084_,YKM80-311-54,Распределительное устройство  РУСп – 3х16/3+1х16/5+1х32/5 У1 IP44,,,,,,
010700175_,YKM80-320-54,Распределительное устройство  РУСп – 3х16/3+2х16/5 У1 IP44,,,,,,
130301257_,TFS10-1-10,"Стриппер автоматический MASTER АС 0,03-10 IEK ",,,5,,,
130301258_,TFS10-3-06,Стриппер автоматический PROFI СИ-6м IEK ,,,,,,
,1,,,,,,,
130200073_,YZK21-00,"Замок-защелка с трехгранным ключом IP54 (22-25/44)	, шт",,,,,,
270300105_,CKM50-040-060-1-K03,"Кабель канал перфорированный 40х60 ""ИМПАКТ"", м",,,,,,
240100054_,UHH32-D036-300-100,"Хомут 3,6х300мм нейлон черные (100шт) ИЭК	, упак",,,600,,,
130600126_,ORT-M1-ACDC12-240V,"Реле времени ORT многофункциональное 1 конт. 12-240 В AC/DC IEK, шт",,,,,,
130600061_,RRP20-4-03-220A,"Реле РЭК78/4(MY4)  3А  220В АC ИЭК, шт",,,,,,40
280300289_,CLP1K-150-1,"Крышка на лоток осн. 150мм IEK, м",,,,,,
,1,,,,,,,
270300021_,ITT30-2-05-0300,"Трансформатор тока ТТИ-40  300/5А  5ВА  класс 0,5  ИЭК",,,,,,
270300025_,ITT30-2-05-0400,"Трансформатор тока ТТИ-40  400/5А  5ВА  класс 0,5  ИЭК",,,,,,
270300099_,ITT10-2-05-0100,"Трансформатор тока ТТИ-А  100/5А  5ВА  класс 0,5  ИЭК",,,,,,
270300100_,ITT10-2-05-0150,"Трансформатор тока ТТИ-А  150/5А  5ВА  класс 0,5  ИЭК",,,,,,
270300101_,ITT10-2-05-0200,"Трансформатор тока ТТИ-А  200/5А  5ВА  класс 0,5  ИЭК",,,,10,,
270300132_,ITT10-2-05-0250,"Трансформатор тока ТТИ-А  250/5А  5ВА  класс 0,5  ИЭК",,,,,,
270300112_,ITT10-2-05-0050,"Трансформатор тока ТТИ-А  50/5А  5ВА  класс 0,5  ИЭК",,,,,,
270300098_,ITT10-2-05-0075,"Трансформатор тока ТТИ-А  75/5А  5ВА  класс 0,5  ИЭК",,,,,,
010800055_,SVA40-3-0250,"Авт. выкл. ВА88-37  3Р  250А  35кА  ИЭК	, ",,,,,,
130301000_,IPA20-6-0200-E,"Амперметр Э47  200/5А кл. точн. 1,5 96х96 IEK (1/60)",,,,,,
130300982_,IPA10-6-0100-E,"Амперметр Э47 100/5А кл. точн. 1,5 72х72мм, ",,,,,,
130300963_,IPA10-6-1000-E,"Амперметр Э47 1000/5А кл. точн. 1,5 72х72мм, ",,,,,,
130300962_,IPA10-6-0200-E,"Амперметр Э47 200/5А кл. точн. 1,5 72х72мм, ",,,,,,
130300985_,IPA10-6-0400-E,"Амперметр Э47 400/5А кл. точн. 1,5 72х72мм, ",,,,,,
130300986_,IPA10-6-0600-E,"Амперметр Э47 600/5А кл. точн. 1,5 72х72мм, ",,,,,,
010500124_,BSW60-BD-2-K02,"Переключатель LAY5-BD25 2 положения ""I-0"" стандарт ручка ИЭК, ",,,,,,
010500122_,BSW60-BD-3-K02,"Переключатель LAY5-BD33 3 положения ""I-0-II"" стандарт ручка ИЭК, ",,,,,,40
240100052_,UHH32-D036-150-100,"Хомут 3,6х150мм нейлон черные (100) ИЭК	, упак",,,,,,
240100208_,UHH32-D048-200-100,"Хомут 4,8х200мм нейлон черные (100) ИЭК	, упак",,,150,,,
240100111_,UHH35-11-18-100,"Дюбель хомут 11-18мм нейлон белый (100) ИЭК, упак",,,,,,
130600098_,RRP10D-RRM-3,"Разъем РРМ77/3(PTF11A) для РЭК77/3(LY3) модульный ИЭК, ",,,,,,
130301016_,IPV10-6-0500-E,"Вольтметр Э47 500В кл. точн. 1,5 72х72мм, ",,,,,,
280300103_,CLP10-050-150-3,"Лоток перфорированный 50х150х3000 ИЭК, м",,,216,,,
270300134_,BCS13-025-2,"Переключатель кулачковый ПКП25-33 /О 25А""1-0-2""3Р/400В  ИЭК, ",,,,,,
130600027_,RRP20-3-05-220A,"Реле РЭК78/3(MY3)  5А  220В АC ИЭК, ",,,,,,
280300128_,CLP10-100-100-3,"Лоток перфорированный 100х100х3000 ИЭК, м",,,,,,
240100095_,UHP31-20-100,Площадка самоклеящаяся 20х20 черная под хомуты (100) ИЭК,,,,,,10
240100096_,UHP31-25-100,Площадка самоклеящаяся 25х25 черная под хомуты (100) ИЭК,,,,,,
240100097_,UHP31-30-100,Площадка самоклеящаяся 30х30 черная под хомуты (100) ИЭК,,,,,,
240100209_,UHP31-40-100,Площадка самоклеящаяся 40х40 черная под хомуты (100) ИЭК,,,,,,
280300590_,YKM40-01-31-G,ЩМП-1 IP 31 (395х310х220) GENERICA,,,,,,
280300591_,YKM40-02-31-G,ЩМП-2 IP 31 (500х400х220) GENERICA,,,,,,
280300592_,YKM40-03-31-G,ЩМП-3 IP 31 (650х500х220) GENERICA,,,,,,
280300589_,MKM14-N-12-31-Z-G,ЩРН- 12 (265x310x120) GENERICA,,,,,,
280300588_,MKM14-N-24-31-Z-G,ЩРН- 24 (395x310x120) GENERICA,,,,,,
,1,,,,,,,
240100112_,UHH36-5-8-100,Дюбель хомут 5-8мм нейлон черный (100шт) ИЭК,,,400,,,
240100110_,UHH36-11-18-100,Дюбель хомут 11-18мм нейлон черный (100шт) ИЭК,,60,,,,
240100109_,UHH36-19-25-100,Дюбель хомут 19-25мм нейлон черный (100шт) ИЭК,,,,,,
,1,,,,,,,
130600062_,RRP20D-RRM-4,Разъем РРМ78/4 для РЭК78/4(MY4) модульный IEK (20/500),,,,,,40
,1,,,,,,,
081100706_,LLF-A60-9-230-30-E27-CLG,Лампа филаментная LED A60 шар золото  9Вт 230В 2700К E27 серия 360° IEK,,,,,,
081100707_,LLF-A60-9-230-40-E27-CL,Лампа филаментная LED A60 шар прозр.  9Вт 230В 4000К E27 серия 360° IEK,,,,,,
081100708_,LLF-A60-9-230-65-E27-CL,Лампа филаментная LED A60 шар прозр.  9Вт 230В 6500К E27 серия 360° IEK,,,,,,
081100702_,LLF-A60-11-230-30-E27-CLG,Лампа филаментная LED A60 шар золото 11Вт 230В 2700К E27 серия 360° IEK,,,,,,
081100703_,LLF-A60-7-230-30-E27-CL,Лампа филаментная LED A60 шар прозр.  7Вт 230В 3000К E27 серия 360° IEK,,,80,,,
081100704_,LLF-A60-7-230-40-E27-CL,Лампа филаментная LED A60 шар прозр.  7Вт 230В 4000К E27 серия 360° IEK,,,,,,
081100705_,LLF-A60-7-230-65-E27-CL,Лампа филаментная LED A60 шар прозр.  7Вт 230В 6500К E27 серия 360° IEK,,,,,,
081100641_,LLF-A60-11-230-40-E27-CL,Лампа филаментная LED A60 шар прозр. 11Вт 230В 4000К E27 серия 360° IEK,,,,,,
151300040_,LLF-A60-11-230-65-E27-CL,Лампа филаментная LED A60 шар прозр. 11Вт 230В 6500К E27 серия 360° IEK,,,,,,
081100709_,LLF-C35-5-230-30-E14-CLG,Лампа филаментная LED C35 свеча золото 5Вт 230В 2700К E14 серия 360° IEK,,,,,,
081100712_,LLF-C35-7-230-30-E14-CLG,Лампа филаментная LED C35 свеча золото 7Вт 230В 2700К E14 серия 360° IEK,,,,,,
081100710_,LLF-C35-5-230-40-E14-CL,Лампа филаментная LED C35 свеча прозр. 5Вт 230В 4000К E14 серия 360° IEK,,,80,,,
081100711_,LLF-C35-5-230-40-E27-CL,Лампа филаментная LED C35 свеча прозр. 5Вт 230В 4000К E27 серия 360° IEK,,,,,,
081100713_,LLF-C35-7-230-30-E27-CL,Лампа филаментная LED C35 свеча прозр. 7Вт 230В 3000К E14 серия 360° IEK,,,,,,
151300041_,LLF-C35-7-230-40-E14-CL,Лампа филаментная LED C35 свеча прозр. 7Вт 230В 4000К E14 серия 360° IEK,,,,,,
081100714_,LLF-C35-7-230-40-E27-CL,Лампа филаментная LED C35 свеча прозр. 7Вт 230В 4000К E27 серия 360° IEK,,,,,,
081100715_,LLF-CT35-5-230-30-E14-CL,Лампа филаментная LED CT35 свеча вит. 5Вт 230В 3000К E14 серия 360° IEK,,,,,,
081100716_,LLF-CT35-5-230-30-E27-CL,Лампа филаментная LED CT35 свеча вит. 5Вт 230В 3000К E27 серия 360° IEK,,,,,,
081100717_,LLF-CT35-5-230-40-E14-CL,Лампа филаментная LED CT35 свеча вит. 5Вт 230В 4000К E14 серия 360° IEK,,,,,,
081100718_,LLF-CT35-5-230-40-E27-CL,Лампа филаментная LED CT35 свеча вит. 5Вт 230В 4000К E27 серия 360° IEK,,,,,,
081100719_,LLF-CT35-7-230-30-E14-CL,Лампа филаментная LED CT35 свеча вит. 7Вт 230В 3000К E14 серия 360° IEK,,,,,,
081100720_,LLF-CT35-7-230-30-E27-CL,Лампа филаментная LED CT35 свеча вит. 7Вт 230В 3000К E27 серия 360° IEK,,,,,,
081100721_,LLF-CT35-7-230-40-E14-CL,Лампа филаментная LED CT35 свеча вит. 7Вт 230В 4000К E14 серия 360° IEK,,,,,,
081100722_,LLF-CT35-7-230-40-E27-CL,Лампа филаментная LED CT35 свеча вит. 7Вт 230В 4000К E27 серия 360° IEK,,,,,,
081100723_,LLF-G95-6-230-30-E27-CLG,Лампа филаментная LED G95 шар золото 6Вт 230В 2700К E27 серия 360° IEK,,,,,,
081100642_,LLF-G95-8-230-30-E27-CLG,Лампа филаментная LED G95 шар золото 8Вт 230В 2700К E27 серия 360° IEK,,,,,,
081100724_,LLF-ST64-6-230-30-E27-CLG,Лампа филаментная LED ST64 золото 6Вт 230В 2700К E27 серия 360° IEK,,,,,,
081100643_,LLF-ST64-8-230-30-E27-CLG,Лампа филаментная LED ST64 золото 8Вт 230В 2700К E27 серия 360° IEK,,,,,,
,1,,,,,,,
030201031_,BR-R16-16-44-K47,BRITE Розетка 1-я с/з с/щ и крышкой 16А IP44 РСбш10-3-44-БрА алюминий IEK,,,,,,
BR-VK10-0-K10,BR-VK10-0-K10,BRITE Вывод кабеля МВ10-БрКр бежевый IEK,,,,,,
BR-R16-16-K10,BR-R16-16-K10,BRITE Розетка 1-местная с заземлением с защитными шторками и крышкой 16А IP20 бежевый IEK,,,,,,
BR-RT11-K10,BR-RT11-K10,BRITE Термостат электронный с инд. ТС10-1-БрКр беж. IEK,,,,,,
030201012_,BR-R16-16-44-K53,BRITE Розетка 1-местная с заземлением с защитными шторками и крышкой 16А IP44 РСбш10-3-44-БрГ графит,,,,,,
BR-VK10-0-K36,BR-VK10-0-K36,BRITE Вывод кабеля МВ10-БрЖ жемчуг IEK,,,,,,
BR-R16-16-44-K46,BR-R16-16-44-K46,BRITE Розетка 1-местная с заземлением с защитными шторками и крышкой 16А IP44 РСбш10-3-44-БрС сталь,,,,,,
BR-R26-16-44-K46-F,BR-R26-16-44-K46-F,BRITE Розетка 2-местная с заземлением с защитными шторками и крышкой 16А в сборе IP44 сталь IEK,,,,,,
BR-VK10-0-K45,BR-VK10-0-K45,BRITE Вывод кабеля МВ10-БрТБ темная бронза IEK,,,,,,
030201049_,BR-V13-0-10-K45,BRITE Выключатель 1-клавишный перекрестный 10А ВС10-1-3-БрТБ темная бронза IEK,,,,,,
030201032_,BR-M52-K45,BRITE Рамка 5-местная РУ-5-БрТБ темная бронза IEK,,,,,,
030201152_,BR-R16-16-K45,BRITE Розетка 1-местная с заземлением с защитными шторками и крышкой 16А IP20 бронза IEK,,,,,,
BR-R16-16-44-K45,BR-R16-16-44-K45,BRITE Розетка 1-местная с заземлением с защитными шторками и крышкой 16А IP44 бронза IEK,,,,,,
BR-R26-16-44-K45-F,BR-R26-16-44-K45-F,BRITE Розетка 2-местная с/з с защитными шторками и крышкой 16А в сборе IP44 темная бронза IEK,,,,,,
BR-KT20-O-1-K45,BR-KT20-O-1-K45,BRITE Розетка двойная RJ11+RJ45 кат.5E РК/Т12-БрТБ темная бронза IEK,,,,,,
BR-K20-1-K45,BR-K20-1-K45,BRITE Розетка компьютерная двойная RJ45 кат.5E РК10-2-БрТБ темная бронза IEK,,,,,,
BR-R16-16-44-K02_,BR-R16-16-44-K02,BRITE Розетка 1-местная с заземлением с защитными шторками и крышкой 16А IP44 РСбш10-3-44-БрЧ черный,,,,,,
BR-R26-16-44-K02-F,BR-R26-16-44-K02-F,BRITE Розетка 2-местная с заземлением с защитными шторками и крышкой 16А в сборе IP44 РСбш12-3-44-Бр,,,,,,
BR-VK10-0-K37,BR-VK10-0-K37,BRITE Вывод кабеля МВ10-БрШ шампань IEK,,,,,,
BR-MS10-N-150-05-K37,BR-MS10-N-150-05-K37,BRITE Датчик движения ДС10-1-БрШ шампань IEK,,,,,,
BR-R16-16-K37,BR-R16-16-K37,BRITE Розетка 1-местная с заземлением с защитными шторками и крышкой 16А IP20 шампань IEK,,,,,,
BR-R16-16-44-K37,BR-R16-16-44-K37,BRITE Розетка 1-я с/з с/ш и крышкой 16А IP44 РСбш10-3-44-БрШ шампань IEK,,,,,,
BR-R26-16-44-K37-F,BR-R26-16-44-K37-F,BRITE Розетка 2-местная с заземлением с защитными шторками и крышкой 16А в сборе IP44 РСбш12-3-44-Бр,,,,,,
BR-U21-D31-K37,BR-U21-D31-K37,"BRITE Розетка USB A+A 5В 3,1А РЮ10-1-БрШ шампань IEK",,,,,,
030200528_,BR-R11-16-K47,"Роз. с з/к без з/ш 16А б/рамки ""BRITE""  алюминий  (1/100)",,,,,,
030200406_,BR-R14-16-K47,"Роз. с з/к/ш 16А ""BRITE"" алюминий (1/100)",,,,,,
030200408_,BR-V10-1-10-K47,"Выкл 1-кл. с инд. 10А ВС10-1-1-БрА ""BRITE"" алюминий (1/100)",,,,,,
030200410_,BR-V20-1-10-K47,"Выкл 2-кл. с инд. 10А ВС10-2-1-БрА ""BRITE"" алюминий (1/100)",,,,,,
030200411_,BR-K10-1-K47,"Роз. комп. RJ45 кат.5E ""BRITE"" алюминий (1/100)",,,,,,
030200412_,BR-V12-0-10-K47,"Выкл 1-кл. прох. 10А ВС10-1-6-БрА ""BRITE"" алюминий (1/100)",,,,,,
030200413_,BR-R21-16-K47-F,"Роз. 2-я с з/к без з/ш 16А в сб. ""BRITE"" алюминий (1/100)",,,,,,
030200414_,BR-R24-16-K47-F,"Роз. 2-я с з/к/ш 16А в сб. ""BRITE"" алюминий (1/100)",,,,,,
030200415_,BR-M12-K47,"Рамка 1-мест. ""BRITE"" алюминий (1/100)",,,,,,
030200416_,BR-M22-K47,"Рамка 2-мест. ""BRITE"" алюминий (1/100)",,,,,,
030200417_,BR-M32-K47,"Рамка 3-мест. ""BRITE"" алюминий (1/100)",,,,,,
030200418_,BR-M42-K47,"Рамка 4-мест. ""BRITE"" алюминий (1/100)",,,,,,
030200419_,BR-V22-0-10-K47,"Выкл 2-кл. прох. 10А ВС10-2-6-БрА ""BRITE"" алюминий (1/100)",,,,,,
030200420_,BR-V10-0-10-K36,"Выкл 1-кл. 10А ВС10-1-0-БрЖ ""BRITE"" жемчуг (1/100)",,,,,,
030200421_,BR-V10-1-10-K36,"Выкл 1-кл. с инд. 10А ""BRITE"" жемчуг (1/100)",,,,,,
030200422_,BR-V20-0-10-K36,"Выкл 2-кл. 10А ""BRITE"" жемчуг (1/100)",,,,,,
030200423_,BR-V20-1-10-K36,"Выкл 2-кл. с инд. 10А ""BRITE"" жемчуг (1/100)",,,,,,
030200424_,BR-K10-1-K36,"Роз. комп. RJ45 кат.5E ""BRITE"" жемчуг (1/100)",,,,,,
030200425_,BR-V12-0-10-K36,"Выкл 1-кл. прох. 10А ""BRITE"" жемчуг (1/100)",,,,,,
030200426_,BR-R21-16-K36-F,"Роз. 2-я с з/к без з/ш 16А в сб. ""BRITE"" жемчуг (1/100)",,,,,,
030200427_,BR-R24-16-K36-F,"Роз. 2-я с з/к/ш 16А в сб. ""BRITE"" жемчуг (1/100)",,,,,,
030200428_,BR-R14-16-K36,"Роз. с з/к/ш 16А ""BRITE"" жемчуг (1/100)",,,,,,
030200429_,BR-M12-K36,"Рамка 1-мест. ""BRITE"" жемчуг (1/100)",,,,,,
030200430_,BR-M22-K36,"Рамка 2-мест. ""BRITE"" жемчуг (1/100)",,,,,,
030200431_,BR-M32-K36,"Рамка 3-мест. ""BRITE"" жемчуг (1/100)",,,,,,
030200432_,BR-M42-K36,"Рамка 4-мест. ""BRITE"" жемчуг (1/100)",,,,,,
030200433_,BR-V22-0-10-K36,"Выкл 2-кл. прох. 10А ""BRITE"" жемчуг (1/100)",,,,,,
030200525_,BR-R11-16-K37,"Роз. с з/к без з/ш 16А б/рамки ""BRITE""  шампань (1/100)",,,,,,
030200434_,BR-R14-16-K37,"Роз. с з/к/ш 16А ""BRITE"" шампань (1/100)",,,,,,
030200435_,BR-V10-0-10-K37,"Выкл 1-кл. 10А ""BRITE"" шампань (1/100)",,,,,,
030200436_,BR-V10-1-10-K37,"Выкл 1-кл. с инд. 10А ""BRITE"" шампань (1/100)",,,,,,
030200437_,BR-V20-0-10-K37,"Выкл 2-кл. 10А ""BRITE"" шампань (1/100)",,,,,,
030200438_,BR-V20-1-10-K37,"Выкл 2-кл. с инд. 10А ""BRITE"" шампань (1/100)",,,,,,
030200439_,BR-K10-1-K37,"Роз. комп. RJ45 кат.5E ""BRITE"" шампань (1/100)",,,,,,
030200440_,BR-V12-0-10-K37,"Выкл 1-кл. прох. 10А ""BRITE"" шампань (1/100)",,,,,,
030200441_,BR-R21-16-K37-F,"Роз. 2-я с з/к без з/ш 16А в сб. ""BRITE"" шампань (1/100)",,,,,,
030200442_,BR-R24-16-K37-F,"Роз. 2-я с з/к/ш 16А в сб. ""BRITE"" шампань (1/100)",,,,,,
030200443_,BR-M12-K37,"Рамка 1-мест. ""BRITE"" шампань (1/100)",,,,,,
030200444_,BR-M22-K37,"Рамка 2-мест. ""BRITE"" шампань (1/100)",,,,,,
030200445_,BR-M32-K37,"Рамка 3-мест. ""BRITE"" шампань (1/100)",,,,,,
030200446_,BR-M42-K37,"Рамка 4-мест. ""BRITE"" шампань (1/100)",,,,,,
030200755_,BR-M52-K37,BRITE Рамка 5-местная РУ-5-БрШ шампань IEK,,,,,,
030200447_,BR-V22-0-10-K37,"Выкл 2-кл. прох. 10А ""BRITE"" шампань (1/100)",,,,,,
030200448_,BR-V10-0-10-K01-F,"Выкл 1-кл. 10А в сб. ""BRITE"" белый (1/100)",,,,,,
030200449_,BR-V10-1-10-K01,"Выкл 1-кл. с инд. 10А ""BRITE"" белый (1/100)",,,,,,
030200450_,BR-V20-0-10-K01-F,"Выкл 2-кл. 10А в сб. ""BRITE"" белый (1/100)",,,,,,
030200451_,BR-V20-1-10-K01,"Выкл  2-кл. с инд. 10А ""BRITE"" белый (1/100)",,,,,,
030200452_,BR-V30-0-10-K01,"Выкл 3-кл. 10А ""BRITE"" белый (1/100)",,,,,,
030200453_,BR-K10-1-K01,"Роз. комп. RJ45 кат.5E ""BRITE"" белый (1/100)",,,,,,
030200454_,BR-V12-0-10-K01,"Выкл 1-кл. прох. 10А ""BRITE"" белый (1/100)",,,,,,
030200455_,BR-V12-1-10-K01,"Выкл 1-кл. прох. с инд. 10А ""BRITE"" белый (1/100)",,,,,,
030200456_,BR-V13-0-10-K01,"Выкл 1-клавишный перекр 10А ""BRITE"" белый (1/100)",,,,,,
030200457_,BR-R20-10-K01-F,"Роз. 2-я без з/к/ш 10А в сб. ""BRITE"" белый (1/100)",,,,,,
030200458_,BR-R24-16-K01-F,"Роз. 2-я с з/к/ш 16А в сб. ""BRITE"" белый (1/100)",,,,,,
030200459_,BR-K20-1-K01,"Роз. комп. 2-ая RJ45 кат.5E ""BRITE"" белый (1/100)",,,,,,
030200460_,BR-R11-16-K01,"Роз. с з/к без з/ш 16А ""BRITE"" белый (1/100)",,,,,,
030200461_,BR-R14-16-K01,"Роз. с з/к/ш 16А ""BRITE"" белый (1/100)",,,,,,
030200462_,BR-A10-O-K01,"Роз. TV оконечная ""BRITE"" белый (1/100)",,,,,,
030200463_,BR-M12-K01,"Рамка 1-мест. ""BRITE"" белый (1/100)",,,,,,
030200464_,BR-M22-K01,"Рамка 2-мест. ""BRITE"" белый (1/100)",,,,,,
030200465_,BR-M32-K01,"Рамка 3-мест. ""BRITE"" белый (1/100)",,200,,,,
030200466_,BR-M42-K01,"Рамка 4-мест. ""BRITE"" белый (1/100)",,,50,,,
030200467_,BR-R16-16-44-K01,"Роз. с з/к/ш с кр. 16А IP44 ""BRITE"" белый (1/100)",,,,,,
030200468_,BR-M12-44-K01,"Рамка 1-мест. IP44 ""BRITE"" белый (1/100)",,,,,,
030200469_,BR-M22-44-K01,"Рамка 2-мест. IP44 ""BRITE"" белый (1/100)",,,,,,
030200470_,BR-V22-0-10-K01,"Выкл 2-кл. прох. 10А ""BRITE"" белый (1/100)",,,,,,
030200534_,BR-R11-16-K53,"Роз. с з/к без з/ш 16А б/рамки ""BRITE""  графит  (1/100)",,,,,,
030200471_,BR-R14-16-K53,"Роз. с з/к/ш 16А ""BRITE"" графит (1/100)",,,,,,
030200472_,BR-V10-0-10-K53,"Выкл 1-кл. 10А ""BRITE"" графит (1/100)",,,,,,
030200473_,BR-V10-1-10-K53,"Выкл 1-кл. с инд. 10А ""BRITE"" графит (1/100)",,,,,,
030200474_,BR-V20-0-10-K53,"Выкл 2-кл. 10А ""BRITE"" графит (1/100)",,,,,,
030200475_,BR-V20-1-10-K53,"Выкл 2-кл. с инд. 10А ""BRITE"" графит (1/100)",,,,,,
030200476_,BR-K10-1-K53,"Роз. комп. RJ45 кат.5E ""BRITE"" графит (1/100)",,,,,,
030200477_,BR-V12-0-10-K53,"Выкл 1-кл. прох. 10А ""BRITE"" графит (1/100)",,,,,,
030200478_,BR-R21-16-K53-F,"Роз. 2-я с з/к без з/ш 16А в сб. ""BRITE"" графит (1/100)",,,,,,
030200479_,BR-R24-16-K53-F,"Роз. 2-я с з/к/ш 16А в сб. ""BRITE"" графит (1/100)",,,,,,
030200480_,BR-M12-K53,"Рамка 1-мест. ""BRITE"" графит (1/100)",,,,,,
030200481_,BR-M22-K53,"Рамка 2-мест. ""BRITE"" графит (1/100)",,,,,,
030200482_,BR-M32-K53,"Рамка 3-мест. ""BRITE"" графит (1/100)",,,,,,
030200483_,BR-M42-K53,"Рамка 4-мест. ""BRITE"" графит (1/100)",,,,,,
030200484_,BR-V22-0-10-K53,"Выкл 2-кл. прох. 10А ""BRITE"" графит (1/100)",,,,,,
030200485_,BR-R11-16-K02,"Роз. с з/к без з/ш 16А ""BRITE"" черный (1/100)",,,,,,
030200486_,BR-V10-0-10-K02,"Выкл 1-кл. 10А ""BRITE"" черный (1/100)",,,,,,
030200487_,BR-V10-1-10-K02,"Выкл 1-кл. с инд. 10А ""BRITE"" черный (1/100)",,,,,,
030200488_,BR-V20-0-10-K02,"Выкл 2-кл. 10А ""BRITE"" черный (1/100)",,,,,,
030200489_,BR-V20-1-10-K02,"Выкл 2-кл. с инд. 10А ""BRITE"" черный (1/100)",,,,,,
030200490_,BR-K10-1-K02,"Роз. комп. RJ45 кат.5E ""BRITE"" черный (1/100)",,,,,,
030200491_,BR-V12-0-10-K02,"Выкл 1-кл. прох. 10А ""BRITE"" черный (1/100)",,,,,,
030200492_,BR-R21-16-K02-F,"Роз. 2-я с з/к без з/ш 16А в сб. ""BRITE"" черный (1/100)",,,,,,
030200493_,BR-R24-16-K02-F,"Роз. 2-я с з/к/ш 16А в сб. ""BRITE"" черный (1/100)",,,,,,
030200494_,BR-M12-K02,"Рамка 1-мест. ""BRITE"" черный (1/100)",,,,,,
030200495_,BR-M22-K02,"Рамка 2-мест. ""BRITE"" черный (1/100)",,,,,,
030200496_,BR-M32-K02,"Рамка 3-мест. ""BRITE"" черный (1/100)",,,,,,
030200497_,BR-M42-K02,"Рамка 4-мест. ""BRITE"" черный (1/100)",,,,,,
030200498_,BR-V22-0-10-K02,"Выкл 2-кл. прох. 10А ""BRITE"" черный (1/100)",,,,,,
030200499_,BR-R14-16-K46,"Роз. с з/к/ш 16А ""BRITE"" сталь (1/100)",,,,,,
030200500_,BR-V10-0-10-K46,"Выкл 1-кл. 10А ""BRITE"" сталь (1/100)",,,,,,
030200501_,BR-V10-1-10-K46,"Выкл 1-кл. с инд. 10А ""BRITE"" сталь (1/100)",,,,,,
030200502_,BR-V20-0-10-K46,"Выкл 2-кл. 10А ""BRITE"" сталь (1/100)",,,,,,
030200503_,BR-V20-1-10-K46,"Выкл 2-кл. с инд. 10А ""BRITE"" сталь (1/100)",,,,,,
030200504_,BR-K10-1-K46,"Роз. комп. RJ45 кат.5E ""BRITE"" сталь (1/100)",,,,,,
030200505_,BR-V12-0-10-K46,"Выкл 1-кл. прох. 10А ""BRITE"" сталь (1/100)",,,,,,
030200506_,BR-R21-16-K46-F,"Роз. 2-я с з/к без з/ш 16А в сб. ""BRITE"" сталь (1/100)",,,,,,
030200507_,BR-R24-16-K46-F,"Роз. 2-я с з/к/ш 16А в сб. ""BRITE"" сталь (1/100)",,,,,,
030200508_,BR-M12-K46,"Рамка 1-мест. ""BRITE"" сталь (1/100)",,,,,,
030200509_,BR-M22-K46,"Рамка 2-мест. ""BRITE"" сталь (1/100)",,,,,,
030200510_,BR-M32-K46,"Рамка 3-мест. ""BRITE"" сталь (1/100)",,,,,,
030200511_,BR-M42-K46,"Рамка 4-мест. ""BRITE"" сталь (1/100)",,,,,,
030200512_,BR-V22-0-10-K46,"Выкл 2-кл. прох. 10А ""BRITE"" сталь (1/100)",,,,,,
081100743_,LLE-T80-6-230-40-GX53,Лампа LED T75 таблетка 6Вт 230В 4000К GX53 IEK,,,,,,
081100744_,LLE-T80-6-230-65-GX53,Лампа LED T75 таблетка 6Вт 230В 6500К GX53 IEK,,,,,,
081100745_,LLE-T80-10-230-40-GX53,Лампа LED T75 таблетка 10Вт 230В 4000К GX53 IEK,,,,,,
081100746_,LLE-T80-10-230-65-GX53,Лампа LED T75 таблетка 10Вт 230В 6500К GX53 IEK,,,,,,
081100747_,LLE-T80-15-230-40-GX53,Лампа LED T75 таблетка 15Вт 230В 4000К GX53 IEK,,,,,,
081100635_,LLE-T80-15-230-65-GX53,Лампа LED T75 таблетка 15Вт 230В 6500К GX53 IEK,,,,,,
150101155_,EPA12-04-02-K02,"Патрон подвесной E27 со шнуром 1,5м RETRO черный IEK",,,,,,
081100748_,EPA12-04-02-K22,"Патрон подвесной E27 со шнуром 1,5м RETRO золото IEK",,,,,,
150101158_,EPA12-04-02-K29,"Патрон подвесной E27 со шнуром 1,5м RETRO бронза IEK",,,,,,
081100749_,LUVB0-GX53-1-K01,Светильник встраиваемый под лампу GX53 белый IEK,,,,,,
081100750_,LUPB0-GX53-1-K01,Светильник накладной под лампу GX53 белый IEK,,,,,,
081100751_,LDNL0-2013-1-VV-5-K01,Светильник LED настол. 2013 9Вт ночник белый IEK,,,,,,
081100752_,LDNL0-2013-1-VV-5-K02,Светильник LED настол. 2013 9Вт ночник черный IEK,,,,,,
081100753_,LDNL2-2015-1-VV-08-K01,Светильник LED настол. 2015 8Вт белый IEK,,,,,,
081100754_,LDNL2-2015-1-VV-08-K02,Светильник LED настол. 2015 8Вт черный IEK,,,,,,
081100755_,LDNL3-2012-1-VV-5-K01,Светильник LED настол. 2012 5Вт карман белый IEK,,,,,,
081100756_,LNNL5-1005-2-VV-40-K01,Светильник настол. 1005 с кармашком Е27 белый IEK,,,,,,
081100757_,LNNL5-1005-2-VV-40-K02,Светильник настол. 1005 с кармашком Е27 черный IEK,,,,,,
081100758_,LDNN0-005-OV-P-00-S-K01,Светильник-ночник 005 овал 220В IEK,,,,,,
081100759_,LDNN1-002-OV-P-00-S-K01,Светильник-ночник 002 овал розетка 220В IEK,,,,,,
081100760_,LDNN5-001-SQ-P-00-S-K01,Светильник-ночник 001 круг USB датчик осв. 220В IEK,,,,,,
081100761_,LDNN8-018-SQ-P-00-S-K01,Светильник-ночник 018 квадрат датчик осв. 220В IEK,,,,,,
130200381_,LDBA0-3926-30-K01,Светильник ДБА 3926 аккумулятор 3ч 3Вт IEK,,,,,,
081100762_,LDBA0-3927-90-K01,Светильник ДБА 3927 аккумулятор 15ч 9Вт IEK,,,,,,30
130200378_,LDBA0-3928-60-K01,Светильник ДБА 3928 аккумулятор 15ч 12Вт IEK,,,120,,,
081100766_,LDRO1-2060-04-10-K02,Светильник LED переносной ДРО 2060 IP44 шнур 10м черный IEK,,,,,,4
081100767_,LDRO1-2061-09-10-K02,Светильник LED переносной ДРО 2061 IP54 шнур 10м черный IEK,,,,,,
081100768_,LDPA0-5030-1H-K01,"Светильник аварийный ДПА 5030-1, NI-CD, пост.,1ч,IP20, IEK",,,3,,,
081100769_,LDPA0-5030-3H-K01,"Светильник аварийный ДПА 5030-3, NI-CD, пост.,3ч,IP20, IEK",,,,,,
081100771_,LDD10-018B-1100-001,"Датчик движения ДД 018В белый, макс. нагрузка 1100Вт, угол обзора 270град., дальность 12м, IP44, ИЭК",,,,,,
081100772_,LDD11-022-2000-001,Датчик движения ДД 022 белый 2000Вт 360гр 4мх20м IP20 IEK,,,,,,
081100774_,LDD11-201-1200-001,"Датчик движения ДД 201 белый, 1200Вт, 360 гр.,6М,IP20,IEK",,,,,,
081100776_,LDD12-030-500-001,Датчик движения ДД 030 белый 500Вт 160гр 9м IP20 IEK,,,,,,
081100777_,LDD12-031-500-001,Датчик движения ДД 031 белый 500Вт 190гр 9м IP20 IEK,,,,,,
081100778_,LDD12-035-500-001,"Датчик движения ДД 035 белый, макс. нагрузка 500Вт, угол обзора 140град., дальность 12м, IP20, ИЭК",,,,,,
081100779_,LDD13-017-1100-001,"Датчик движения ДД 017 белый, макс. нагрузка 1100Вт, угол обзора 120град., дальность 12м, IP44, ИЭК",,,,,,
081100780_,LFR20-603-2200-K01,Фотореле ФР 603 макс. нагрузка 2200ВА IP66 белый IEK,,,,,,
081100781_,LFR20-604-3300-K01,Фотореле ФР 604 макс. нагрузка 3300ВА IP66 белый IEK,,,,,,
AR-M06N-4-C025,AR-M06N-4-C025,ARMAT Автоматический выключатель M06N 4P C 25А IEK,,,,,,
010700133_,AR-M06N-1-C006,ARMAT Авт. выкл. M06N 1P C 6А ИЭК,,,,,,
010700134_,AR-M06N-1-C010,ARMAT Авт. выкл. M06N 1P C 10А ИЭК,,,,,20,
010700135_,AR-M06N-1-C016,ARMAT Авт. выкл. M06N 1P C 16А ИЭК,,,,,40,
010700136_,AR-M06N-1-C020,ARMAT Авт. выкл. M06N 1P C 20А ИЭК,,,,,,
010700137_,AR-M06N-1-C025,ARMAT Авт. выкл. M06N 1P C 25А ИЭК,,,,,,
010700138_,AR-M06N-1-C032,ARMAT Авт. выкл. M06N 1P C 32А ИЭК,,,,,,
010700139_,AR-M06N-1-C040,ARMAT Авт. выкл. M06N 1P C 40А ИЭК,,,,,,
010700140_,AR-M06N-1-C050,ARMAT Авт. выкл. M06N 1P C 50А ИЭК,,,,,,
010700141_,AR-M06N-1-C063,ARMAT Авт. выкл. M06N 1P C 63А ИЭК,,,,,,
010700142_,AR-M06N-2-C006,ARMAT Авт. выкл. M06N 2P C 6А ИЭК,,,,,,
010700143_,AR-M06N-2-C010,ARMAT Авт. выкл. M06N 2P C 10А ИЭК,,,,,,
010700144_,AR-M06N-2-C016,ARMAT Авт. выкл. M06N 2P C 16А ИЭК,,,,,,
010700145_,AR-M06N-2-C020,ARMAT Авт. выкл. M06N 2P C 20А ИЭК,,,,,,
010700146_,AR-M06N-2-C025,ARMAT Авт. выкл. M06N 2P C 25А ИЭК,,,,,,
010700147_,AR-M06N-2-C032,ARMAT Авт. выкл. M06N 2P C 32А ИЭК,,,,,,
010700148_,AR-M06N-2-C040,ARMAT Авт. выкл. M06N 2P C 40А ИЭК,,,,,,
010700149_,AR-M06N-2-C050,ARMAT Авт. выкл. M06N 2P C 50А ИЭК,,,,,,
010700150_,AR-M06N-2-C063,ARMAT Авт. выкл. M06N 2P C 63А ИЭК,,,,,,
010700151_,AR-M06N-3-C006,ARMAT Авт. выкл. M06N 3P C 6А ИЭК,,,,,,
010700152_,AR-M06N-3-C010,ARMAT Авт. выкл. M06N 3P C 10А ИЭК,,,,,,
010700153_,AR-M06N-3-C016,ARMAT Авт. выкл. M06N 3P C 16А ИЭК,,,,,,
010700154_,AR-M06N-3-C020,ARMAT Авт. выкл. M06N 3P C 20А ИЭК,,,,,,
010700155_,AR-M06N-3-C025,ARMAT Авт. выкл. M06N 3P C 25А ИЭК,,,11,,,
010700156_,AR-M06N-3-C032,ARMAT Авт. выкл. M06N 3P C 32А ИЭК,,,,,,
010700158_,AR-M06N-3-C040,ARMAT Авт. выкл. M06N 3P C 40А ИЭК,,,,,,
010700159_,AR-M06N-3-C050,ARMAT Авт. выкл. M06N 3P C 50А ИЭК,,,,,,
010700160_,AR-M06N-3-C063,ARMAT Авт. выкл. M06N 3P C 63А ИЭК,,,,,,
010700161_,AR-R10N-2-025C030,ARMAT ВДТ R10N 2P 25А 30мА тип AC ИЭК,,,,,,
010700162_,AR-R10N-2-040C030,ARMAT ВДТ R10N 2P 40А 30мА тип AC ИЭК,,,,,,
010700163_,AR-R10N-2-063C030,ARMAT ВДТ R10N 2P 63А 30мА тип AC ИЭК,,,,,,
010700164_,AR-R10N-4-025C030,ARMAT ВДТ R10N 4P 25А 30мА тип AC ИЭК,,,,,,
010700165_,AR-R10N-4-040C030,ARMAT ВДТ R10N 4P 40А 30мА тип AC ИЭК,,,,,,
010700166_,AR-R10N-4-063A030,ARMAT ВДТ R10N 4P 63А 30мА тип A ИЭК,,,,,,
010700167_,AR-B06S-1N-C06C030,ARMAT АВДТ B06S 1P+NP C6 30мА тип AC (18мм) ИЭК,,,,,,
010700168_,AR-B06S-1N-C10C030,ARMAT АВДТ B06S 1P+NP C10 30мА тип AC (18мм) ИЭК,,,,,,
010700169_,AR-B06S-1N-C16C030,ARMAT АВДТ B06S 1P+NP C16 30мА тип AC (18мм) ИЭК,,,,,,
010700170_,AR-B06S-1N-C20C030,ARMAT АВДТ B06S 1P+NP C20 30мА тип AC (18мм) ИЭК,,,,,,
010700171_,AR-B06S-1N-C25C030,ARMAT АВДТ B06S 1P+NP C25 30мА тип AC (18мм) ИЭК,,,,,,
010700172_,AR-B06S-1N-C32C030,ARMAT АВДТ B06S 1P+NP C32 30мА тип AC (18мм) ИЭК,,,,,,
130200413_,A2L5-BG10-04-K02,ARMA2L 5 Сумка монтажника универсальная BG-04 ИЭК,,2,,,,
130200414_,A2L5-BG12-02-K02,ARMA2L 5 Сумка монтажника с пластиковым дном BG-02 ИЭК,,,,,,
130200415_,A2L5-BG12-03-K02,ARMA2L 5 Сумка монтажника с пластиковым дном BG-03 ИЭК,,,,,,
130200416_,A2L5-BG30-05-K02,ARMA2L 5 Сумка монтажника открытого типа BG-05 ИЭК,,,,,,
130200417_,A2L5-BO10-08-K02,ARMA2L 5 Вкладыш для инструмента BO-08 ИЭК,,,,,,
130200418_,A2L5-BP11-07-K02,ARMA2L 5 Рюкзак монтажника с резиновым дном BP-07 ИЭК,,,,,,
130200419_,A2L5-HC10-K4-180,ARMA2L 5 Бокорезы усиленные 180мм K4 ИЭК,,,,,,
130200420_,A2L5-LN10-K4-160,ARMA2L 5 Тонкогубцы 160мм K4 ИЭК,,,,,,
130200421_,A2L5-LN10-K4-200,ARMA2L 5 Тонкогубцы 200мм K4 ИЭК,,,,,,
130200422_,A2L5-PC10-K4-160,ARMA2L 5 Бокорезы 160мм K4 ИЭК,,,,,,
130200423_,A2L5-PC10-K4-180,ARMA2L 5 Бокорезы 180мм K4 ИЭК,,6,,,,
130200424_,A2L5-PL10-K4-160,ARMA2L 5 Пассатижи 160мм K4 ИЭК,,,,,,
130200425_,A2L5-PL10-K4-180,ARMA2L 5 Пассатижи 180мм K4 ИЭК,,,,,,
130200426_,A2L5-PL10-K4-200,ARMA2L 5 Пассатижи 200мм K4 ИЭК,,,2,,,
1,1,,,,,,,
030200516_,BR-R10-10-K01,"Роз. без з/к 10А б/рамки ""BRITE"" белый (1/100)",,,,,,
030200519_,BR-R26-16-44-K01-F,"Роз 2-я с кр. 16А в сб IP44 ""BRITE"" Белый",,,,,,
030200514_,BR-V10-0-10-K01,"Выкл 1-кл. 10А б/рамки ""BRITE"" белый (1/100)",,,,,,
030200515_,BR-V20-0-10-K01,"Выкл 2-кл. 10А б/рамки ""BRITE"" белый (1/100)",,,,,,
030200513_,BR-A10-O-K36,"Роз TV оконечная  б/рамки ""BRITE"" жемчуг (1/100)",,,,,,
030200522_,BR-R11-16-K36,"Роз. с з/к без з/ш 16А б/рамки ""BRITE"" жемчуг (1/100)",,,,,,
030200872_,BR-K20-1-K36,"Роз 2-ая комп. RJ45 кат.5E б/рамки ""BRITE"" жемчуг (1/100)",,,,,,
030200521_,BR-R10-10-K36,"Роз. без з/к 10А б/рамки ""BRITE"" жемчуг (1/100)",,,,,,
030200871_,BR-R26-16-44-K36-F,"Роз 2-я с кр. 16А в сб IP44 ""BRITE"" жемчуг (1/100)",,,,,,
030200870_,BR-V12-1-10-K36,"Выкл 1-кл. прох. с инд б/рамки 10А ""BRITE"" жемчуг (1/100)",,,,,,
030200775_,BR-V13-0-10-K36,"Выкл 1-кл перекрестный 10А б/рамки ""BRITE"" жемчуг (1/100)",,,,,,
030200739_,BR-V30-0-10-K36,"Выкл 3-кл. 10А  б/рамки ""BRITE"" жемчуг (1/100)",,,,,,
030200539_,BR-A10-O-K37,"Роз TV оконечная  б/рамки ""BRITE"" шампань (1/100)",,,,,,
030200751_,BR-K20-1-K37,"Роз 2-ая комп. RJ45  кат.5E ""BRITE"" шампань (1/100)",,,,,,
030200524_,BR-R10-10-K37,"Роз. без з/к 10А б/рамки ""BRITE"" шампань (1/100)",,,,,,
030200873_,BR-V12-1-10-K37,"Выкл 1-кл. прох. с инд. б/рамки 10А ""BRITE"" шампань (1/100)",,,,,,
030200776_,BR-V13-0-10-K37,"Выкл 1-кл перекрестный  10А б/рамки ""BRITE"" шампань (1/100)",,,,,,
030200752_,BR-V30-0-10-K37,"Выкл 3-кл. 10А  б/рамки ""BRITE"" шампань (1/100)",,,,,,
030200540_,BR-A10-O-K47,"Роз TV оконечная  б/рамки ""BRITE"" алюминий (1/100)",,,,,,
030200869_,BR-K20-1-K47,"Роз 2-ая комп. RJ45 кат.5E б/рамки ""BRITE"" алюминий (1/100)",,,,,,
030200527_,BR-R10-10-K47,"Роз. без з/к 10А б/рамки ""BRITE"" алюминий (1/100)",,,,,,
030200868_,BR-R26-16-44-K47-F,"Роз 2-я с кр.  16А в сб IP44 ""BRITE"" алюминий (1/100)",,,,,,
030200407_,BR-V10-0-10-K47,"Выкл 1-кл. 10А б/рамки ""BRITE"" алюминий (1/100)",,,,,,
030200867_,BR-V12-1-10-K47,"Выкл 1-кл. прох. с инд б/рамки 10А ""BRITE"" алюминий (1/100)",,,,,,
030200777_,BR-V13-0-10-K47,"Выкл 1-кл перекрестный  10А б/рамки ""BRITE"" алюминий (1/100)",,,,,,
030200409_,BR-V20-0-10-K47,"Выкл 2-кл. 10А б/рамки ""BRITE"" алюминий (1/100)",,,,,,
030200740_,BR-V30-0-10-K47,"Выкл 3-кл. 10А б/рамки ""BRITE"" алюминий (1/100)",,,,,,
030200541_,BR-A10-O-K46,"Роз TV оконечная  б/рамки ""BRITE"" сталь (1/100)",,,,,,
030200879_,BR-K20-1-K46,"Роз 2-ая комп. RJ45 кат.5E ""BRITE"" сталь (1/100)",,,,,,
030200530_,BR-R10-10-K46,"Роз. без з/к 10А б/рамки ""BRITE"" сталь (1/100)",,,,,,
030200878_,BR-V12-1-10-K46,"Выкл 1-кл. прох. с инд. 10А ""BRITE"" сталь (1/100)",,,,,,
030200778_,BR-V13-0-10-K46,"Выкл 1-кл перекрестный  б/рамки 10А ""BRITE"" сталь (1/100)",,,,,,
030200741_,BR-V30-0-10-K46,"Выкл 3-кл. 10А  б/рамки ""BRITE"" сталь (1/100)",,,,,,
030200542_,BR-A10-O-K53,"Роз TV оконечная  б/рамки ""BRITE"" графит (1/100)",,,,,,
030200533_,BR-R10-10-K53,"Роз. без з/к 10А б/рамки ""BRITE"" графит (1/100)",,,,,,
030200874_,BR-V12-1-10-K53,"Выкл 1-кл. прох. с инд.  10А ""BRITE"" графит (1/100)",,,,,,
030200779_,BR-V13-0-10-K53,"Выкл 1-кл перекрестный  б/рамки 10А ""BRITE"" графит (1/100)",,,,,,
030200743_,BR-V30-0-10-K53,"Выкл 3-кл. 10А 10А б/рамки ""BRITE"" графит (1/100)",,,,,,
030200543_,BR-A10-O-K02,"Роз TV оконечная  б/рамки ""BRITE"" чёрный (1/100)",,,,,,
030200877_,BR-K20-1-K02,"Роз 2-ая комп. RJ45 кат.5E ""BRITE"" чёрный (1/100)",,,,,,
030200536_,BR-R10-10-K02,"Роз. без з/к 10А б/рамки ""BRITE"" черный (1/100)",,,,,,
030200876_,BR-V12-1-10-K02,"Выкл 1-кл. прох. с инд.  10А ""BRITE"" чёрный (1/100)",,,,,,
030200780_,BR-V13-0-10-K02,"Выкл 1-кл перекрестный 10А б/рамки ""BRITE"" чёрный (1/100)",,,,,,
030200744_,BR-V30-0-10-K02,"Выкл 3-кл. 10А  б/рамки ""BRITE"" чёрный (1/100)",,,,,,
030200875_,BR-K20-1-K53,"Розетка 2-ая компьютерная RJ45 кат.5E ""BRITE"" графит (1/100)",,,,,,
,1,,,,,,,
280100408_,EL-KK10-012-012-1-K02,"Кабель-канал 12х12 ""ЭЛЕКОР"" черный (120м) IEK",,,,,,
280100409_,EL-KK10-015-010-1-K02,"Кабель-канал 15х10 ""ЭЛЕКОР"" черный (144м) IEK",,,,,,
280100336_,EL-KK10-016-016-1-K02,"Кабель-канал 16х16 ""ЭЛЕКОР"" черный (84м) IEK",,,,,,
280100410_,EL-KK10-020-010-1-K02,"Кабель-канал 20х10 ""ЭЛЕКОР"" черный (96м) IEK",,,,,,
280100337_,EL-KK10-025-016-1-K02,"Кабель-канал 25х16 ""ЭЛЕКОР"" черный (50м) IEK",,,,,,
280100411_,EL-KK10-025-025-1-K02,"Кабель-канал 25х25 ""ЭЛЕКОР"" черный (32м) IEK",,,,,,
280100412_,EL-KK10-040-016-1-K02,"Кабель-канал 40х16 ""ЭЛЕКОР"" черный (30м) IEK",,,,,,
280100338_,EL-KK10-040-025-1-K02,"Кабель-канал 40х25 ""ЭЛЕКОР"" черный (24м) IEK",,,,,,
280100413_,EL-KK10-040-040-1-K02,"Кабель-канал 40х40 ""ЭЛЕКОР"" черный (24м) IEK",,,,,,
280100414_,EL-KK10-060-040-1-K02,"Кабель-канал 60х40 ""ЭЛЕКОР"" черный (18м) IEK",,,,,,
280100415_,EL-KK10-060-060-1-K02,"Кабель-канал 60х60 ""ЭЛЕКОР"" черный (12м) IEK",,,,,,
280100416_,EL-KK10-080-040-1-K02,"Кабель-канал 80х40 ""ЭЛЕКОР"" черный (10м) IEK",,,,,,
280100417_,EL-KK10-080-060-1-K02,"Кабель-канал 80х60 ""ЭЛЕКОР"" черный (8м) IEK",,,,,,
280100418_,EL-KK10-100-040-1-K02,"Кабель-канал 100х40 ""ЭЛЕКОР"" черный (8м) IEK",,,,,,
280100419_,EL-KK10-100-060-1-K02,"Кабель-канал 100х60 ""ЭЛЕКОР"" черный (8м) IEK",,,,,,
280100373_,CKK10-012-012-1-K34,"Кабель-канал 12х12 ""ЭЛЕКОР"" сосна (120м) IEK",,,,,,
280100374_,CKK10-015-010-1-K34,"Кабель-канал 15х10 ""ЭЛЕКОР"" сосна (144м) IEK",,,,,,
280100375_,CKK10-016-016-1-K34,"Кабель-канал 16х16 ""ЭЛЕКОР"" сосна (84м) IEK",,,,,,
280100376_,CKK10-020-010-1-K34,"Кабель-канал 20х10 ""ЭЛЕКОР"" сосна (96м) IEK",,,,,,
280100377_,CKK10-025-016-1-K34,"Кабель-канал 25х16 ""ЭЛЕКОР"" сосна (50м) IEK",,,,,,
280100378_,CKK10-040-016-1-K34,"Кабель-канал 40х16 ""ЭЛЕКОР"" сосна (30м) IEK",,,,,,
280100379_,CKK10-040-025-1-K34,"Кабель-канал 40х25 ""ЭЛЕКОР"" сосна (18м) IEK",,,,,,
280100339_,CKK10-012-012-1-K24,"Кабель-канал 12х12 ""ЭЛЕКОР"" дуб (120м) IEK",,,,,,
280100340_,CKK10-015-010-1-K24,"Кабель-канал 15х10 ""ЭЛЕКОР"" дуб (144м) IEK",,,,,,
280100341_,CKK10-016-016-1-K24,"Кабель-канал 16х16 ""ЭЛЕКОР"" дуб (84м) IEK",,,,,,
280100342_,CKK10-020-010-1-K24,"Кабель-канал 20х10 ""ЭЛЕКОР"" дуб (96м) IEK",,,,,,
280100240_,CKK10-025-016-1-K24,"Кабель-канал 25х16 ""ЭЛЕКОР"" дуб (50м) IEK",,,,,,
280100343_,CKK10-040-016-1-K24,"Кабель-канал 40х16 ""ЭЛЕКОР"" дуб (30м) IEK",,,,,,
280100344_,CKK10-040-025-1-K24,"Кабель-канал 40х25 ""ЭЛЕКОР"" дуб (18м) IEK",,,,,,
280100401_,CKK10-012-012-1-K28,Кабель-канал 12х12 ЭЛЕКОР ольха (120м) IEK,,,,,,
280100402_,CKK10-015-010-1-K28,Кабель-канал 15х10 ЭЛЕКОР ольха (144м) IEK,,,,,,
280100403_,CKK10-016-016-1-K28,Кабель-канал 16х16 ЭЛЕКОР ольха (84м) IEK,,,,,,
280100404_,CKK10-020-010-1-K28,Кабель-канал 20х10 ЭЛЕКОР ольха (96м) IEK,,,,,,
280100405_,CKK10-025-016-1-K28,Кабель-канал 25х16 ЭЛЕКОР ольха (50м) IEK,,,,,,
280100406_,CKK10-040-016-1-K28,Кабель-канал 40х16 ЭЛЕКОР ольха (30м) IEK,,,,,,
280100407_,CKK10-040-025-1-K28,Кабель-канал 40х25 ЭЛЕКОР ольха (18м) IEK,,,,,,
280100294_,EL-KK10D-N-015-010-K34,ELECOR Угол внешний КМН 15х10 сосна (4шт/компл) IEK,,,,,,
280100380_,EL-KK10D-N-016-016-K34,ELECOR Угол внешний КМН 16х16 сосна (4шт/компл) IEK,,,,,,
280100295_,EL-KK10D-N-020-010-K34,ELECOR Угол внешний КМН 20х10 сосна (4шт/компл) IEK,,,,,,
280100381_,EL-KK10D-N-025-016-K34,ELECOR Угол внешний КМН 25х16 сосна (4шт/компл) IEK,,,,,,
280100382_,EL-KK10D-N-040-016-K34,ELECOR Угол внешний КМН 40х16 сосна (4шт/компл) IEK,,,,,,
280100383_,EL-KK10D-N-040-025-K34,ELECOR Угол внешний КМН 40х25 сосна (4шт/компл) IEK,,,,,,
280100300_,EL-KK10D-N-015-010-K11,ELECOR Угол внешний КМН 15х10 дуб (4шт/компл) IEK,,,,,,
280100345_,EL-KK10D-N-016-016-K11,ELECOR Угол внешний КМН 16х16 дуб (4шт/компл) IEK,,,,,,
280100301_,EL-KK10D-N-020-010-K11,ELECOR Угол внешний КМН 20х10 дуб (4шт/компл) IEK,,,,,,
280100346_,EL-KK10D-N-025-016-K11,ELECOR Угол внешний КМН 25х16 дуб (4шт/компл) IEK,,,,,,
280100347_,EL-KK10D-N-040-016-K11,ELECOR Угол внешний КМН 40х16 дуб (4шт/компл) IEK,,,,,,
280100348_,EL-KK10D-N-040-025-K11,ELECOR Угол внешний КМН 40х25 дуб (4шт/компл) IEK,,,,,,
280100420_,EL-KK10D-N-015-010-K02,ELECOR Угол внешний КМН 15х10 черный (4шт/компл) IEK,,,,,,
280100421_,EL-KK10D-N-016-016-K02,ELECOR Угол внешний КМН 16х16 черный (4шт/компл) IEK,,,,,,
280100422_,EL-KK10D-N-020-010-K02,ELECOR Угол внешний КМН 20х10 черный (4шт/компл) IEK,,,,,,
280100423_,EL-KK10D-N-025-016-K02,ELECOR Угол внешний КМН 25х16 черный (4шт/компл) IEK,,,,,,
280100424_,EL-KK10D-N-040-025-K02,ELECOR Угол внешний КМН 40х25 черный (4шт/компл) IEK,,,,,,
280100425_,EL-KK10D-N-060-040-K02,ELECOR Угол внешний КМН 60х40 черный (4шт/компл) IEK,,,,,,
280100426_,EL-KK10D-N-100-060-K02,ELECOR Угол внешний КМН 100х60 черный (2шт/компл) IEK,,,,,,
280100296_,EL-KK10D-V-015-010-K34,ELECOR Угол внутренний КМВ 15х10 сосна (4шт/компл) IEK,,,,,,
280100384_,EL-KK10D-V-016-016-K34,ELECOR Угол внутренний КМВ 16х16 сосна (4шт/компл) IEK,,,,,,
280100293_,EL-KK10D-V-020-010-K34,ELECOR Угол внутренний КМВ 20х10 сосна (4шт/компл) IEK,,,,,,
280100385_,EL-KK10D-V-025-016-K34,ELECOR Угол внутренний КМВ 25х16 сосна (4шт/компл) IEK,,,,,,
280100386_,EL-KK10D-V-040-016-K34,ELECOR Угол внутренний КМВ 40х16 сосна (4шт/компл) IEK,,,,,,
280100387_,EL-KK10D-V-040-025-K34,ELECOR Угол внутренний КМВ 40х25 сосна (4шт/компл) IEK,,,,,,
280100311_,EL-KK10D-V-015-010-K11,ELECOR Угол внутренний КМВ 15х10 дуб (4шт/компл) IEK,,,,,,
280100349_,EL-KK10D-V-016-016-K11,ELECOR Угол внутренний КМВ 16х16 дуб (4шт/компл) IEK,,,,,,
280100302_,EL-KK10D-V-020-010-K11,ELECOR Угол внутренний КМВ 20х10 дуб (4шт/компл) IEK,,,,,,
280100350_,EL-KK10D-V-025-016-K11,ELECOR Угол внутренний КМВ 25х16 дуб (4шт/компл) IEK,,,,,,
280100351_,EL-KK10D-V-040-016-K11,ELECOR Угол внутренний КМВ 40х16 дуб (4шт/компл) IEK,,,,,,
280100352_,EL-KK10D-V-040-025-K11,ELECOR Угол внутренний КМВ 40х25 дуб (4шт/компл) IEK,,,,,,
280100427_,EL-KK10D-V-015-010-K02,ELECOR Угол внутренний КМВ 15х10 черный (4шт/компл) IEK,,,,,,
280100428_,EL-KK10D-V-016-016-K02,ELECOR Угол внутренний КМВ 16х16 черный (4шт/компл) IEK,,,,,,
280100429_,EL-KK10D-V-020-010-K02,ELECOR Угол внутренний КМВ 20х10 черный (4шт/компл) IEK,,,,,,
280100430_,EL-KK10D-V-025-016-K02,ELECOR Угол внутренний КМВ 25х16 черный (4шт/компл) IEK,,,,,,
280100431_,EL-KK10D-V-040-025-K02,ELECOR Угол внутренний КМВ 40х25 черный (4шт/компл) IEK,,,,,,
280100432_,EL-KK10D-V-060-040-K02,ELECOR Угол внутренний КМВ 60х40 черный (4шт/компл) IEK,,,,,,
280100433_,EL-KK10D-V-100-060-K02,ELECOR Угол внутренний КМВ 100х60 черный (2шт/компл) IEK,,,,,,
280100388_,EL-KK10D-Z-015-010-K34,ELECOR Заглушка КМЗ 15х10 сосна (4шт/компл) IEK,,,,,,
280100389_,EL-KK10D-Z-016-016-K34,ELECOR Заглушка КМЗ 16х16 сосна (4шт/компл) IEK,,,,,,
280100312_,EL-KK10D-Z-020-010-K34,ELECOR Заглушка КМЗ 20х10 сосна (4шт/компл) IEK,,,,,,
280100390_,EL-KK10D-Z-025-016-K34,ELECOR Заглушка КМЗ 25х16 сосна (4шт/компл) IEK,,,,,,
280100391_,EL-KK10D-Z-040-016-K34,ELECOR Заглушка КМЗ 40х16 сосна (4шт/компл) IEK,,,,,,
280100392_,EL-KK10D-Z-040-025-K34,ELECOR Заглушка КМЗ 40х25 сосна (4шт/компл) IEK,,,,,,
280100309_,EL-KK10D-Z-015-010-K11,ELECOR Заглушка КМЗ 15х10 дуб (4шт/компл) IEK,,,,,,
280100353_,EL-KK10D-Z-016-016-K11,ELECOR Заглушка КМЗ 16х16 дуб (4шт/компл) IEK,,,,,,
280100310_,EL-KK10D-Z-020-010-K11,ELECOR Заглушка КМЗ 20х10 дуб (4шт/компл) IEK,,,,,,
280100354_,EL-KK10D-Z-025-016-K11,ELECOR Заглушка КМЗ 25х16 дуб (4шт/компл) IEK,,,,,,
280100355_,EL-KK10D-Z-040-016-K11,ELECOR Заглушка КМЗ 40х16 дуб (4шт/компл) IEK,,,,,,
280100356_,EL-KK10D-Z-040-025-K11,ELECOR Заглушка КМЗ 40х25 дуб (4шт/компл) IEK,,,,,,
280100434_,EL-KK10D-Z-015-010-K02,ELECOR Заглушка КМЗ 15х10 черный (4шт/компл) IEK,,,,,,
280100435_,EL-KK10D-Z-016-016-K02,ELECOR Заглушка КМЗ 16х16 черный (4шт/компл) IEK,,,,,,
280100436_,EL-KK10D-Z-020-010-K02,ELECOR Заглушка КМЗ 20х10 черный (4шт/компл) IEK,,,,,,
280100437_,EL-KK10D-Z-025-016-K02,ELECOR Заглушка КМЗ 25х16 черный (4шт/компл) IEK,,,,,,
280100438_,EL-KK10D-Z-040-025-K02,ELECOR Заглушка КМЗ 40х25 черный (4шт/компл) IEK,,,,,,
280100439_,EL-KK10D-Z-060-040-K02,ELECOR Заглушка КМЗ 60х40 черный (4шт/компл) IEK,,,,,,
280100440_,EL-KK10D-Z-100-060-K02,ELECOR Заглушка КМЗ 100х60 черный (2шт/компл) IEK,,,,,,
280200257_,EL-KK10D-P-015-010-K34,ELECOR Поворот 90град КМП 15х10 сосна (4шт/компл) IEK,,,,,,
280100393_,EL-KK10D-P-016-016-K34,ELECOR Поворот 90град КМП 16х16 сосна (4шт/компл) IEK,,,,,,
280100297_,EL-KK10D-P-020-010-K34,ELECOR Поворот 90град КМП 20х10 сосна (4шт/компл) IEK,,,,,,
280100394_,EL-KK10D-P-025-016-K34,ELECOR Поворот 90град КМП 25х16 сосна (4шт/компл) IEK,,,,,,
280100395_,EL-KK10D-P-040-016-K34,ELECOR Поворот 90град КМП 40х16 сосна (4шт/компл) IEK,,,,,,
280100396_,EL-KK10D-P-040-025-K34,ELECOR Поворот 90град КМП 40х25 сосна (4шт/компл) IEK,,,,,,
280100303_,EL-KK10D-P-015-010-K11,ELECOR Поворот 90град КМП 15х10 дуб (4шт/компл) IEK,,,,,,
280100357_,EL-KK10D-P-016-016-K11,ELECOR Поворот 90град КМП 16х16 дуб (4шт/компл) IEK,,,,,,
280100304_,EL-KK10D-P-020-010-K11,ELECOR Поворот 90град КМП 20х10 дуб (4шт/компл) IEK,,,,,,
280100358_,EL-KK10D-P-025-016-K11,ELECOR Поворот 90град КМП 25х16 дуб (4шт/компл) IEK,,,,,,
280100359_,EL-KK10D-P-040-016-K11,ELECOR Поворот 90град КМП 40х16 дуб (4шт/компл) IEK,,,,,,
280100360_,EL-KK10D-P-040-025-K11,ELECOR Поворот 90град КМП 40х25 дуб (4шт/компл) IEK,,,,,,
280100441_,EL-KK10D-P-015-010-K02,ELECOR Поворот 90град КМП 15х10 черный (4шт/компл) IEK,,,,,,
280100442_,EL-KK10D-P-016-016-K02,ELECOR Поворот 90град КМП 16х16 черный (4шт/компл) IEK,,,,,,
280100443_,EL-KK10D-P-020-010-K02,ELECOR Поворот 90град КМП 20х10 черный (4шт/компл) IEK,,,,,,
280100444_,EL-KK10D-P-025-016-K02,ELECOR Поворот 90град КМП 25х16 черный (4шт/компл) IEK,,,,,,
280100445_,EL-KK10D-P-040-025-K02,ELECOR Поворот 90град КМП 40х25 черный (4шт/компл) IEK,,,,,,
280100446_,EL-KK10D-P-060-040-K02,ELECOR Поворот 90град КМП 60х40 черный (4шт/компл) IEK,,,,,,
280100447_,EL-KK10D-P-100-060-K02,ELECOR Поворот 90град КМП 100х60 черный (2шт/компл) IEK,,,,,,
280100313_,EL-KK10D-S-015-010-K34,ELECOR Соединитель на стык КМС 15х10 сосна (4шт/компл) IEK,,,,,,
280100397_,EL-KK10D-S-016-016-K34,ELECOR Соединитель на стык КМС 16х16 сосна (4шт/компл) IEK,,,,,,
280100314_,EL-KK10D-S-020-010-K34,ELECOR Соединитель на стык КМС 20х10 сосна (4шт/компл) IEK,,,,,,
280100398_,EL-KK10D-S-025-016-K34,ELECOR Соединитель на стык КМС 25х16 сосна (4шт/компл) IEK,,,,,,
280100399_,EL-KK10D-S-040-016-K34,ELECOR Соединитель на стык КМС 40х16 сосна (4шт/компл) IEK,,,,,,
280100400_,EL-KK10D-S-040-025-K34,ELECOR Соединитель на стык КМС 40х25 сосна (4шт/компл) IEK,,,,,,
280100307_,EL-KK10D-S-015-010-K11,ELECOR Соединитель на стык КМС 15х10 дуб (4шт/компл) IEK,,,,,,
280100361_,EL-KK10D-S-016-016-K11,ELECOR Соединитель на стык КМС 16х16 дуб (4шт/компл) IEK,,,,,,
280100308_,EL-KK10D-S-020-010-K11,ELECOR Соединитель на стык КМС 20х10 дуб (4шт/компл) IEK,,,,,,
280100362_,EL-KK10D-S-025-016-K11,ELECOR Соединитель на стык КМС 25х16 дуб (4шт/компл) IEK,,,,,,
280100363_,EL-KK10D-S-040-016-K11,ELECOR Соединитель на стык КМС 40х16 дуб (4шт/компл) IEK,,,,,,
280100364_,EL-KK10D-S-040-025-K11,ELECOR Соединитель на стык КМС 40х25 дуб (4шт/компл) IEK,,,,,,
280100448_,EL-KK10D-S-015-010-K02,ELECOR Соединитель на стык КМС 15х10 черный (4шт/компл) IEK,,,,,,
280100449_,EL-KK10D-S-016-016-K02,ELECOR Соединитель на стык КМС 16х16 черный (4шт/компл) IEK,,,,,,
280100450_,EL-KK10D-S-020-010-K02,ELECOR Соединитель на стык КМС 20х10 черный (4шт/компл) IEK,,,,,,
280100451_,EL-KK10D-S-025-016-K02,ELECOR Соединитель на стык КМС 25х16 черный (4шт/компл) IEK,,,,,,
280100452_,EL-KK10D-S-040-025-K02,ELECOR Соединитель на стык КМС 40х25 черный (4шт/компл) IEK,,,,,,
280100453_,EL-KK10D-S-060-040-K02,ELECOR Соединитель на стык КМС 60х40 черный (4шт/компл) IEK,,,,,,
280100454_,EL-KK10D-S-100-060-K02,ELECOR Соединитель на стык КМС 100х60 черный (2шт/компл) IEK,,,,,,
280100298_,EL-KK10D-T-015-010-K34,ELECOR Угол Т-образный КМТ 15х10 сосна (4шт/компл) IEK,,,,,,
280100365_,EL-KK10D-T-016-016-K34,ELECOR Угол Т-образный КМТ 16х16 сосна (4шт/компл) IEK,,,,,,
280100299_,EL-KK10D-T-020-010-K34,ELECOR Угол Т-образный КМТ 20х10 сосна (4шт/компл) IEK,,,,,,
280100366_,EL-KK10D-T-025-016-K34,ELECOR Угол Т-образный КМТ 25х16 сосна (4шт/компл) IEK,,,,,,
280100367_,EL-KK10D-T-040-016-K34,ELECOR Угол Т-образный КМТ 40х16 сосна (4шт/компл) IEK,,,,,,
280100368_,EL-KK10D-T-040-025-K34,ELECOR Угол Т-образный КМТ 40х25 сосна (4шт/компл) IEK,,,,,,
280100305_,EL-KK10D-T-015-010-K11,ELECOR Угол Т-образный КМТ 15х10 дуб (4шт/компл) IEK,,,,,,
280100369_,EL-KK10D-T-016-016-K11,ELECOR Угол Т-образный КМТ 16х16 дуб (4шт/компл) IEK,,,,,,
280100306_,EL-KK10D-T-020-010-K11,ELECOR Угол Т-образный КМТ 20х10 дуб (4шт/компл) IEK,,,,,,
280100370_,EL-KK10D-T-025-016-K11,ELECOR Угол Т-образный КМТ 25х16 дуб (4шт/компл) IEK,,,,,,
280100371_,EL-KK10D-T-040-016-K11,ELECOR Угол Т-образный КМТ 40х16 дуб (4шт/компл) IEK,,,,,,
280100372_,EL-KK10D-T-040-025-K11,ELECOR Угол Т-образный КМТ 40х25 дуб (4шт/компл) IEK,,,,,,
280100455_,EL-KK10D-T-015-010-K02,ELECOR Угол Т-образный КМТ 15х10 черный (4шт/компл) IEK,,,,,,
280100456_,EL-KK10D-T-016-016-K02,ELECOR Угол Т-образный КМТ 16х16 черный (4шт/компл) IEK,,,,,,
280100457_,EL-KK10D-T-020-010-K02,ELECOR Угол Т-образный КМТ 20х10 черный (4шт/компл) IEK,,,,,,
280100458_,EL-KK10D-T-025-016-K02,ELECOR Угол Т-образный КМТ 25х16 черный (4шт/компл) IEK,,,,,,
280100459_,EL-KK10D-T-040-025-K02,ELECOR Угол Т-образный КМТ 40х25 черный (4шт/компл) IEK,,,,,,
280100460_,EL-KK10D-T-060-040-K02,ELECOR Угол Т-образный КМТ 60х40 черный (4шт/компл) IEK,,,,,,
280100461_,EL-KK10D-T-100-060-K02,ELECOR Угол Т-образный КМТ 100х60 черный (2шт/компл) IEK,,,,,,
080800128_,LSR1-1-060-20-1-05-S1,"Светодиодная лента ""Сделай сам"" LED 5м LSR-2835WW60-4,8-IP20-12В-3000K+драйвер+выключатель IEK",,,,,,
080800129_,LSR1-1-060-20-1-2XD12-S3,"Светодиодная лента ""Сделай сам"" LED 2х1,2м LSR-2835WW60-4,8-IP20-12В-3000K+драйвер+2 датч движ IEK",,,,,,
080800130_,LSR1-1-060-20-1-D12-S3,"Светодиодная лента ""Сделай сам"" LED 1,2м LSR-2835WW60-4,8-IP20-12В-3000K+драйвер+датч движ IEK",,,,,,
080800131_,LSR1-1-060-65-1-05-S1,"Светодиодная лента ""Сделай сам"" LED 5м LSR-2835WW60-4,8-IP65-12В-3000K+драйвер+выкл IEK",,,,,,
080800132_,LSR1-2-060-20-1-05-S1,"Светодиодная лента ""Сделай сам"" LED 5м LSR-2835W60-4,8-IP20-12В-6500K+драйвер+выкл IEK",,,,,,
080800133_,LSR1-2-060-65-1-05-S1,"Светодиодная лента ""Сделай сам"" LED 5м LSR-2835W60-4,8-IP65-12В-6500K+драйвер+выкл IEK",,,,,,
080800134_,LSR2-3-060-20-1-05-S2,"Светодиодная лента ""Сделай сам"" LED 5м LSR-5050RGB60-14,4-IP20-12В+драйвер+контр IEK",,,,,,
080800135_,LSR2-3-060-65-1-05-S2,"Светодиодная лента ""Сделай сам"" LED 5м LSR-5050RGB60-14,4-IP65-12В+драйвер+контр IEK",,,,,,
080800136_,LSR5-1-120-65-2-05-S0,"Светодиодная лента ""Неон"" LED 5м LSR5-2835WW120-8-IP65-220В-3000K+драйвер IEK",,,,,,
080800137_,LSR5-1-120-65-2-10-S0,"Светодиодная лента ""Неон"" (лента LED 10м LSR5-2835WW120-8-IP65-220В - 3000K+ драйвер) IEK",,,,,,
080800138_,LSR5-2-120-65-2-05-S0,"Светодиодная лента ""Неон"" LED 5м LSR5-2835W120-8-IP65-220В-6500K+драйвер IEK",,,,,,
080800139_,LSR5-2-120-65-2-10-S0,"Светодиодная лента ""Неон"" LED 10м LSR5-2835W120-8-IP65-220В-6500K+драйвер IEK",,,,,,
080800140_,LSR5-RGB-060-65-2-05-S0,"Светодиодная лента ""Неон"" LED 5м LSR5-5050RGB60-8-IP65-220В+драйвер IEK",,,,,,
080800141_,LSR5-RGB-060-65-2-10-S0,"Светодиодная лента ""Неон"" LED 10м LSR5-5050RGB60-8-IP65-220В+драйвер IEK",,,,,,1
270300200_,CKM50-060-040-1-K03,"Кабель-канал перфорированный 60х40 ""ИМПАКТ"" IEK",,,,,,
270300150_,CKM50-060-060-1-K03,"Кабель-канал перфорированный 60х60 ""ИМПАКТ"" IEK",,,,,,
240100117_,UHH31-D025-250-100,"Хомут 2,5х250мм нейлон (100шт) ИЭК",,,,,,
270300151_,CKM50-080-060-1-K03,"Кабель-канал перфорированный 80х60 ""ИМПАКТ"" IEK",,,,,,
270300153_,CKM50-100-060-1-K03,"Кабель-канал перфорированный 100х60 ""ИМПАКТ"" IEK",,,,,,
290100132_,WYP10-16-03-03-Z-K02,Удлинитель У03 3 места с/з 3м 3х1мм2 16А 250В чер. IEK,,,,,,
290100133_,WYP10-16-03-05-Z-K02,Удлинитель У03 3 места с/з 5м 3х1мм2 16А 250В чер. IEK,,,,,,
290100134_,WYP10-16-03-03-ZK-K02,Удлинитель У03К 3 места с/з 3м 3х1мм2 16А 250В чер. IEK,,,,,,
290100135_,WYP10-16-03-05-ZK-K02,Удлинитель У03К 3 места с/з 5м 3х1мм2 16А 250В чер. IEK,,,,,,
290100136_,WYP10-16-04-03-Z-K02,Удлинитель У04 4 места с/з 3м 3х1мм2 16А 250В чер. IEK,,,,,,
290100137_,WYP10-16-04-05-Z-K02,Удлинитель У04 4 места с/з 5м 3х1мм2 16А 250В чер. IEK,,,,,,
290100138_,WYP10-16-04-03-ZK-K02,Удлинитель У04К 4 места с/з 3м 3х1мм2 16А 250В чер. IEK,,,,,,2
290100139_,WYP10-16-04-05-ZK-K02,Удлинитель У04К 4 места с/з 5м 3х1мм2 16А 250В чер. IEK,,,,,,
290100140_,WYP10-16-05-03-Z-K02,Удлинитель У05 5 мест с/з 3м 3х1мм2 16А 250В чер. IEK,,,,,,
290100141_,WYP10-16-05-05-Z-K02,Удлинитель У05 5 мест с/з 5м 3х1мм2 16А 250В чер. IEK,,,,,,
290100142_,WYP10-16-05-03-ZK-K02,Удлинитель У05К 5 мест с/з 3м 3х1мм2 16А 250В чер. IEK,,,,,,
290100143_,WYP10-16-05-05-ZK-K02,Удлинитель У05К 5 мест с/з 5м 3х1мм2 16А 250В чер. IEK,,20,,,,
290100144_,WYP10-06-03-03-K02,"Удлинитель У3 3 места б/з 3м 2х0,75мм2 10А 250В чер. IEK",,,,,,
290100145_,WYP10-06-03-05-K02,"Удлинитель У3 3 места б/з 5м 2х0,75мм2 10А 250В чер. IEK",,,,,,
030200847_,BR-M12-M-K02,"Рамка 1-мест. ""BRITE"" металл черный (1/100) ",,,,,,
030200848_,BR-M12-M-K47,"Рамка 1-мест. ""BRITE"" металл алюминий (1/100) ",,,,,,
030200849_,BR-M22-M-K02,"Рамка 2-мест. ""BRITE"" металл черный (1/100) ",,,,,,
030200850_,BR-M22-M-K47,"Рамка 2-мест. ""BRITE"" металл алюминий (1/100) ",,,,,,
030200851_,BR-M32-M-K02,"Рамка 3-мест. ""BRITE"" металл черный (1/50) ",,,,,,
030200852_,BR-M32-M-K47,"Рамка 3-мест. ""BRITE"" металл алюминий (1/50) ",,,,,,
030200853_,BR-M42-M-K02,"Рамка 4-мест. ""BRITE"" металл черный (1/50) ",,,,,,
030200854_,BR-M42-M-K47,"Рамка 4-мест. ""BRITE"" металл алюминий (1/50) ",,,,,,
030200855_,BR-M12-G-K01,"Рамка 1-мест. ""BRITE"" стекло белый (1/100) ",,,,,,
030200856_,BR-M12-G-K02,"Рамка 1-мест. ""BRITE"" стекло черный (1/100) ",,,,,,
030200863_,BR-M12-G-K03,"Рамка 1-мест. ""BRITE"" стекло серый (1/100) ",,,,,,
030200864_,BR-M12-G-K10,"Рамка 1-мест. ""BRITE"" стекло ванильный (1/100) ",,,,,,
030200865_,BR-M12-G-K30,"Рамка 1-мест. ""BRITE"" стекло дымчатый (1/100) ",,,,,,
030200866_,BR-M12-G-K45,"Рамка 1-мест. ""BRITE"" стекло темная бронза (1/100) ",,,,,,
030200857_,BR-M22-G-K01,"Рамка 2-мест. ""BRITE"" стекло белый (1/100) ",,,,,,
030200858_,BR-M22-G-K02,"Рамка 2-мест. ""BRITE"" стекло черный (1/100) ",,,,,,
030200893_,BR-M22-G-K03,"Рамка 2-мест. ""BRITE"" стекло серый (1/100) ",,,,,,
030200894_,BR-M22-G-K10,"Рамка 2-мест. ""BRITE"" стекло ванильный (1/100) ",,,,,,
030200895_,BR-M22-G-K30,"Рамка 2-мест. ""BRITE"" стекло дымчатый (1/100) ",,,,,,
030200896_,BR-M22-G-K45,"Рамка 2-мест. ""BRITE"" стекло темная бронза (1/100) ",,,,,,
030200859_,BR-M32-G-K01,"Рамка 3-мест. ""BRITE"" стекло белый (1/50) ",,,,,,
030200860_,BR-M32-G-K02,"Рамка 3-мест. ""BRITE"" стекло черный (1/50) ",,,,,,
030200897_,BR-M32-G-K03,"Рамка 3-мест. ""BRITE"" стекло серый (1/50) ",,,,,,
030200898_,BR-M32-G-K10,"Рамка 3-мест. ""BRITE"" стекло ванильный (1/50) ",,,,,,
030200899_,BR-M32-G-K30,"Рамка 3-мест. ""BRITE"" стекло дымчатый (1/50) ",,,,,,
030200900_,BR-M32-G-K45,"Рамка 3-мест. ""BRITE"" стекло темная бронза (1/50) ",,,,,,
030200861_,BR-M42-G-K01,"Рамка 4-мест. ""BRITE"" стекло белый (1/50) ",,,,,,
030200862_,BR-M42-G-K02,"Рамка 4-мест. ""BRITE"" стекло черный (1/50) ",,,,,,
030200901_,BR-M42-G-K03,"Рамка 4-мест. ""BRITE"" стекло серый (1/50) ",,,,,,
030200902_,BR-M42-G-K10,"Рамка 4-мест. ""BRITE"" стекло ванильный (1/50) ",,,,,,
030200903_,BR-M42-G-K30,"Рамка 4-мест. ""BRITE"" стекло дымчатый (1/50) ",,,,,,
030200904_,BR-M42-G-K45,"Рамка 4-мест. ""BRITE"" стекло темная бронза (1/50) ",,,,,,
030200828_,BR-V10-0-10-K10,"Выкл 1-кл. 10А б/рамки ""BRITE"" Бежевый (1/100)       ",,,,,,
030200833_,BR-V12-0-10-K10,"Выкл 1-кл. прох. 10А б/рамки ""BRITE"" Бежевый (1/100)      ",,,,,,
030200829_,BR-V10-1-10-K10,"Выкл 1-кл. с инд. 10А б/рамки ""BRITE"" Бежевый (1/100)     ",,,,,,
030200830_,BR-V20-0-10-K10,"Выкл 2-кл. 10А   б/рамки ""BRITE"" Бежевый (1/100)     ",,,,,,
030200840_,BR-V22-0-10-K10,"Выкл 2-кл. прох. 10А б/рамки ""BRITE"" Бежевый (1/100)      ",,,,,,
030200831_,BR-V20-1-10-K10,"Выкл 2-кл. с инд. 10А б/рамки ""BRITE"" Бежевый (1/100)     ",,,,,,
030200841_,BR-V30-0-10-K10,"Выкл 3-кл. 10А б/рамки ""BRITE"" Бежевый (1/100)       ",,,,,,
030200846_,BR-V15-0-10-K10,"Выкл жалюзи 10А б/рамки ""BRITE"" Бежевый (1/100)       ",,,,,,
030201018_,BR-V13-0-10-K10,"Выкл 1-кл. перекр 10А б/рамки ""BRITE"" Бежевый (1/100)      ",,,,,,
030200836_,BR-M12-K10,"Рамка 1-мест. ""BRITE"" Бежевый (1/100)         ",,,,,,
030200837_,BR-M22-K10,"Рамка 2-мест. ""BRITE"" Бежевый (1/100)         ",,,,,,
030200838_,BR-M32-K10,"Рамка 3-мест. ""BRITE"" Бежевый (1/100)         ",,,,,,
030200839_,BR-M42-K10,"Рамка 4-мест. ""BRITE"" Бежевый (1/100)         ",,,,,,
030201019_,BR-M52-K10,"Рамка 5-мест. ""BRITE"" Бежевый (1/100)         ",,,,,,
030200835_,BR-R24-16-K10-F,"Роз. 2-я с з/к/ш 16А в сб. ""BRITE"" Бежевый (1/100)    ",,,,,,
030200842_,BR-R26-16-44-K10-F,"Роз. 2-я с кр. 16А в сб IP44 ""BRITE"" Бежевый (1/100)   ",,,,,,
030200845_,BR-H10-K10,"Роз. HDMI б/рамки ""BRITE"" Бежевый (1/100)        ",,,,,,
030200844_,BR-A10-O-K10,"Роз. TV окон б/рамки ""BRITE"" Бежевый (1/100)       ",,,,,,
030200843_,BR-K20-1-K10,"Роз. комп. 2-ая RJ45 кат.5E б/рамки ""BRITE"" Бежевый (1/100)     ",,,,,,
030200832_,BR-K10-1-K10,"Роз. комп. RJ45 кат.5E б/рамки ""BRITE"" Бежевый (1/100)      ",,,,,,
030200827_,BR-R14-16-K10,"Роз. с з/к/ш 16А б/рамки ""BRITE"" Бежевый (1/100)      ",,,,,,
030201017_,BR-R16-16-44-K10,"Роз. 1-мест. с з/к с з/ш 16А IP44 б/рамки ""BRITE"" Бежевый   ",,,,,,
030201020_,BR-R11-16-K10,"Роз. 1-мест. с з/к 16А б/рамки ""BRITE"" Бежевый (1/100)     ",,,,,,
030200834_,BR-R21-16-K10-F,"Роз. 2-мест. с з/к 16А в сборе ""BRITE"" ""BRITE"" Бежевый (1/100)   ",,,,,,
030200556_,BR-V12-0-10-K35,"Выкл 1-кл. прох. 10А б/рамки ""BRITE"" Маренго (1/100)      ",,,,,,
030200552_,BR-V10-1-10-K35,"Выкл 1-кл. с инд. 10А б/рамки ""BRITE"" Маренго (1/100)     ",,,,,,
030200563_,BR-V22-0-10-K35,"Выкл 2-кл. прох. 10А б/рамки ""BRITE"" Маренго (1/100)      ",,,,,,
030200554_,BR-V20-1-10-K35,"Выкл 2-кл. с инд. 10А б/рамки ""BRITE"" Маренго (1/100)     ",,,,,,
030200772_,BR-V30-0-10-K35,"Выкл 3-кл. 10А б/рамки ""BRITE"" Маренго (1/100)       ",,,,,,
030200551_,BR-V10-0-10-K35,"Выкл 1-кл. 10А б/рамки ""BRITE"" Маренго (1/100)       ",,,,,,
030200933_,BR-V13-0-10-K35,"Выкл 1-кл. перекр 10А б/рамки ""BRITE"" Маренго (1/100)      ",,,,,,
030200553_,BR-V20-0-10-K35,"Выкл 2-кл. 10А б/рамки ""BRITE"" Маренго (1/100)       ",,,,,,
030200559_,BR-M12-K35,"Рамка 1-мест. ""BRITE"" Маренго (1/100)         ",,,,,,
030200560_,BR-M22-K35,"Рамка 2-мест. ""BRITE"" Маренго (1/100)         ",,,,,,
030200561_,BR-M32-K35,"Рамка 3-мест. ""BRITE"" Маренго (1/100)         ",,,,,,
030200562_,BR-M42-K35,"Рамка 4-мест. ""BRITE"" Маренго (1/100)         ",,,,,,
030200789_,BR-M52-K35,"Рамка 5-мест. ""BRITE"" Маренго (1/100)         ",,,,,,
030200557_,BR-R21-16-K35-F,"Роз. 2-я с з/к   16А в сб. ""BRITE"" Маренго   ",,,,,,
030200558_,BR-R24-16-K35-F,"Роз. 2-я с з/к/ш 16А в сб. ""BRITE"" Маренго (1/100)    ",,,,,,
030200809_,BR-H10-K35,"Роз. HDMI б/рамки ""BRITE"" Маренго (1/100)        ",,,,,,
030200566_,BR-A10-O-K35,"Роз. TV окон б/рамки ""BRITE"" Маренго (1/100)       ",,,,,,
030200550_,BR-R14-16-K35,"Роз. с с/з 16А б/рамки ""BRITE"" Маренго (1/100)      ",,,,,,
030200931_,BR-R16-16-44-K35,"Роз. 1-мест. с заземлением с з/ш 16А IP44 б/рамки ""BRITE"" Маренго   ",,,,,,
030200565_,BR-R11-16-K35,"Роз. 1-мест. с/з   16А б/рамки ""BRITE"" Маренго (1/100)    ",,,,,,
030200555_,BR-K10-1-K35,"Роз. компьютерная RJ45 кат.5E б/рамки ""BRITE"" Маренго (1/100)      ",,,,,,
030200811_,BR-V10-0-10-K45,"Выкл 1-кл. 10А б/рамки ""BRITE"" Темная бронза (1/100)       ",,,,,,
030200816_,BR-V12-0-10-K45,"Выкл 1-кл. прох. 10А б/рамки ""BRITE"" Темная бронза (1/100)      ",,,,,,
030200812_,BR-V10-1-10-K45,"Выкл 1-кл. с инд. 10А б/рамки ""BRITE"" Темная бронза (1/100)     ",,,,,,
030200813_,BR-V20-0-10-K45,"Выкл 2-кл. 10А б/рамки ""BRITE"" Темная бронза (1/100)       ",,,,,,
030200823_,BR-V22-0-10-K45,"Выкл 2-кл. прох. 10А б/рамки ""BRITE"" Темная бронза (1/100)      ",,,,,,
030200814_,BR-V20-1-10-K45,"Выкл 2-кл. с инд. 10А б/рамки ""BRITE"" Темная бронза (1/100)     ",,,,,,
030200824_,BR-V30-0-10-K45,"Выкл 3-кл. 10А б/рамки ""BRITE"" Темная бронза (1/100)       ",,,,,,
030200819_,BR-M12-K45,"Рамка 1-мест. ""BRITE"" Темная бронза (1/100)         ",,,,,,
030200820_,BR-M22-K45,"Рамка 2-мест. ""BRITE"" Темная бронза (1/100)         ",,,,,,
030200821_,BR-M32-K45,"Рамка 3-мест. ""BRITE"" Темная бронза (1/100)         ",,,,,,
030200822_,BR-M42-K45,"Рамка 4-мест. ""BRITE"" Темная бронза (1/100)         ",,,,,,
030200817_,BR-R21-16-K45-F,"Роз. 2-я с з/к   16А в сб. ""BRITE"" Темная бронза   ",,,,,,
030200818_,BR-R24-16-K45-F,"Роз. 2-я с з/к 16А в сб. ""BRITE"" Темная бронза (1/100)    ",,,,,,
030200826_,BR-H10-K45,"Роз. HDMI б/рамки ""BRITE"" Темная бронза (1/100)        ",,,,,,
030200825_,BR-A10-O-K45,"Роз. TV окон б/рамки ""BRITE"" Темная бронза (1/100)       ",,,,,,
030200815_,BR-K10-1-K45,"Роз. комп. RJ45 кат.5E б/рамки ""BRITE"" Темная бронза (1/100)      ",,,,,,
030200810_,BR-R14-16-K45,"Роз. с з/к 16А б/рамки ""BRITE"" Темная бронза (1/100)      ",,,,,,
030201022_,BR-R11-16-K45,"Роз. 1-мест. с з/к 16А б/рамки ""BRITE"" Темная бронза (1/100)     ",,,,,,
,Расширение 3кв,,,,,,,
130301263_,MAT10-063,Устройство АВР модульное АВР-1 STANDARD 63А KARAT IEK,,,,,,
270100211_,PE-31120-0250,Разъединитель РЕ19-35-31120 250А IEK,,,,,,
270100212_,PE-31120-0400,Разъединитель РЕ19-37-31120 400А IEK,,,,,,
270100213_,PE-31120-0630,Разъединитель РЕ19-39-31120 630А IEK,,,,,,
270100214_,PE-31120-1000,Разъединитель РЕ19-41-31120 1000А IEK,,,,,,
270100215_,PE-31120-1600,Разъединитель РЕ19-43-31120 1600А IEK,,,,,,
270100216_,PE-31140-0250,Разъединитель РЕ19-35-31140 250А IEK,,,,,,
270100217_,PE-31140-0400,Разъединитель РЕ19-37-31140 400А IEK,,,,,,
270100218_,PE-31140-0630,Разъединитель РЕ19-39-31140 630А IEK,,,,,,
270100219_,PE-31140-1000,Разъединитель РЕ19-41-31140 1000А IEK,,,,,,
270100220_,PE-31140-1600,Разъединитель РЕ19-43-31140 1600А IEK,,,,,,
270100221_,PE-31160-0630,Разъединитель РЕ19-39-31160 630А IEK,,,,,,
270100222_,PE-31160-1000,Разъединитель РЕ19-41-31160 1000А IEK,,,,,,
270100223_,PE-31160-1600,Разъединитель РЕ19-43-31160 1600А IEK,,,,,,
270300266_,YCE-CS-050-20,Обогреватель на DIN-рейку в корпусе 50Вт IP20 IEK,,,,,,
270300265_,YCE-CS-100-20,Обогреватель на DIN-рейку в корпусе 100Вт IP20 IEK,,,,,,
270300222_,YCE-CS-150-20,Обогреватель на DIN-рейку в корпусе 150Вт IP20 IEK,,,,,,
270300267_,YCE-CSL-150-20,Обогреватель на DIN-рейку в корп.(встр.вент.) 150Вт IP20 IEK,,,,,,
270300268_,YCE-CSL-250-20,Обогреватель на DIN-рейку в корп.(встр.вент.) 250Вт IP20 IEK,,,,,,
270300269_,YCE-CSL-400-20,Обогреватель на DIN-рейку в корп.(встр.вент.) 400Вт IP20 IEK,,,,,,
270300261_,YCE-HG-015-20,Обогреватель на DIN-рейку 15Вт IP20 IEK,,,,,,
270300262_,YCE-HG-030-20,Обогреватель на DIN-рейку 30Вт IP20 IEK,,,,,,
270300263_,YCE-HG-045-20,Обогреватель на DIN-рейку 45Вт IP20 IEK,,,,,,
270300212_,YCE-HG-060-20,Обогреватель на DIN-рейку 60Вт IP20 IEK,,,,,,
270300264_,YCE-HG-075-20,Обогреватель на DIN-рейку 75Вт IP20 IEK,,,,,,
270300224_,YCE-HG-100-20,Обогреватель на DIN-рейку 100Вт IP20 IEK,,10,,,,
270300244_,YCE-HG-150-20,Обогреватель на DIN-рейку 150Вт IP20 IEK,,,,,,
270300221_,YCE-HGL-250-20,Обогреватель на DIN-рейку (встр. вентилятор) 250Вт IP20 IEK,,,,,,
270300259_,YCE-HGL-400-20,Обогреватель на DIN-рейку (встр. вентилятор) 400Вт IP20 IEK,,,,,,
270300260_,YCE-HVL-100-20,Обогреватель на DIN-рейку (встр. вентилятор) 100 Вт IP20 IEK,,,,,,
270300270_,YCE-HVL-150-20,Обогреватель (встр. вентилятор) 150 Вт IP20 IEK,,,,,,
270300271_,YCE-HVL-200-20,Обогреватель (встр. вентилятор) 200 Вт IP20 IEK,,,,,,
270300272_,YCE-HVL-300-20,Обогреватель (встр. вентилятор) 300 Вт IP20 IEK,,,,,,
270300273_,YCE-HVL-400-20,Обогреватель (встр. вентилятор) 400 Вт IP20 IEK,,,1,,,
270300274_,YCE-RC-08-20,Мини-обогреватель 8Вт IP54 IEK,,,,,,
270300275_,YCE-RC-10-20,Мини-обогреватель 10Вт IP54 IEK,,,,,,
270300276_,YCE-RC-13-20,Мини-обогреватель 13Вт IP54 IEK,,,,,,
270300277_,YOB30-0800-20,Обогреватель на DIN-рейку ОДР (вент.+терм.) 800Вт IP20 IEK,,,,,,
270300278_,YOB30-0900-20,Обогреватель на DIN-рейку ОДР (вент.+терм.) 900Вт IP20 IEK,,,,,,
270300279_,YOB30-1000-20,Обогреватель на DIN-рейку ОДР (вент.+терм.) 1000Вт IP20 IEK,,,,,,
270300280_,YOB30-1200-20,Обогреватель на DIN-рейку ОДР (вент.+терм.) 1200Вт IP20 IEK,,,,,,
270300281_,YCE-EF-021-55,Фильтр c защитным кожухом 97x97мм для вент-ра 21 м3/час IEK,,,,,,
270300282_,YCE-EF-055-55,Фильтр c защитным кожухом 125x125мм для вент-ра 55м3/час IEK,,,,,,
270300283_,YCE-EF-102-55,Фильтр c защитным кожухом 176x176мм для вен-ра 102м3/час IEK,,,,,,
270300231_,YCE-FF-021-55,Вентилятор с фильтром 21 куб.м./час IP55 IEK,,,,,,
270300284_,YCE-FF-055-55,Вентилятор с фильтром 55 куб.м./час IP55 IEK,,,,,,
270300285_,YCE-FF-102-55,Вентилятор с фильтром 102 куб.м./час IP55 IEK,,,,,,
270300286_,YVR10-024-55,Вентилятор с фильтром ВФИ 24 м3/час IP55 IEK,,,,,,
270300287_,YVR10-065-55,Вентилятор с фильтром ВФИ 65 м3/час IP55 IEK,,,25,,,
270300288_,YVR10-105-55,Вентилятор с фильтром ВФИ 105 м3/час IP55 IEK,,,,,,
270300289_,YVR10-200-55,Вентилятор с фильтром ВФИ 200 м3/час IP55 IEK,,,,,,
270300290_,YVR10-380-55,Вентилятор с фильтром ВФИ 380 м3/час IP55 IEK,,,,,,
270300291_,YVR10-480-55,Вентилятор с фильтром ВФИ 480 м3/час IP55 IEK,,,,,,
270300292_,YVR10-550-55,Вентилятор с фильтром ВФИ 550 м3/час IP55 IEK,,,,,,
270300293_,YVR10-700-55,Вентилятор с фильтром ВФИ 700 м3/час IP55 IEK,,,,,,
270300294_,YVR10D-EF-024-55,Фильтр c решеткой для вентилятора ВФИ 24 м3/час IEK,,,,,,
270300295_,YVR10D-EF-065-55,Фильтр c решеткой для вентилятора ВФИ 65-105 м3/час IEK,,,,,,
270300296_,YVR10D-EF-200-55,Фильтр c решеткой для вентилятора ВФИ 200 м3/час IEK,,,,,,
270300297_,YVR10D-EF-380-55,Фильтр c решеткой для вентилятора ВФИ 380 м3/час IEK,,,,,,
270300298_,YVR10D-EF-480-55,Фильтр c решеткой для вентилятора ВФИ 480-700 м3/час IEK,,,,,,
270300299_,YCE-DTNO-NC-60,Термостат двухканальный УККт от 0 до +60°C NO+NC IEK,,,,,,
270300300_,YCE-DTNO-NO-60,Термостат двухканальный от 0 до +60°C NO+NO IEK,,,,,,
270300301_,YCE-EH-40-90,Гигростат электронный УККг от 40 до 90% RH IEK,,,,,,
270300303_,YCE-HT-00-60-50-90,"Гигротерм от 0 до +60°C, от 50 до 90% RH IEK",,,,,,
270300302_,YCE-MH-35-95,Гигростат механический УККг от 35 до 95% RH IEK,,,,,,
130600145_,YCE-TNC-00-60,Термостат от 0 до +60 °C NC IEK,,,,,,
130600154_,YCE-TNO-00-60,Термостат от 0 до +60 °C NO IEK,,,,,,
270300304_,YTT21-00-60-NO-NC,Термостат УККт от -20 до +60°C NO/NC IEK,,,,,,
270300305_,YUK10-37-55,Устройство компенсации давления УКД D=37мм IP55 IEK,,,,,,
270300306_,YUK10-40-66,Устройство компенсации давления УКД D=40мм IP66 IEK,,,,,,
270300307_,YUK20-50-66,Элемент дренажный УКД D=50мм IP66 IEK,,,,,,
030200988_,BR-A10-P-K01,BRITE Роз. TV проходная РТВ10-0-БрБ бел. IEK,,,,,,
030200980_,BR-AF20-O-K01,BRITE Роз. двойная TV+SAT РТВ/РСп12-БрБ бел. IEK,,,,,,
030200520_,BR-AK20-1-K01,BRITE Роз. двойная TV+RJ45 кат.5E РТВ/РК12-БрБ бел. IEK,,,,,,
030200773_,BR-D20-0600-K01,BRITE Светорег. пов-наж. 600Вт СС10-1-0-БрБ бел. IEK,,,,,,
030200951_,BR-FL20-K01,BRITE Подсветка LED встраиваемая ПЛ20-БрБ бел. IEK,,,,,,
030200935_,BR-H10-K01,BRITE Роз. HDMI РHDMI-0-БрБ бел. IEK,,,,,,
030200990_,BR-K10-2-K01,BRITE Роз. комп. RJ45 кат.6 РК11-БрБ бел. IEK,,,,,,
030200782_,BR-KT20-O-1-K01,BRITE Роз. двойная RJ11+RJ45 кат.5E РК/Т12-БрБ бел. IEK,,,,,,
030200753_,BR-M52-K01,BRITE Рамка 5-мест. РУ-5-БрБ бел. IEK,,,,,,
030200961_,BR-MS10-N-150-05-K01,BRITE Датчик движения ДС10-1-БрБ бел. IEK,,,,,,
030200886_,BR-PL10-K01,"Заглушка с суппортом ""BRITE"" белый (1/200)",,,,,,
030200517_,BR-R14-16-K01-F,BRITE Роз. с з/к/ш 16А в сб. РСР14-1-0-БрБ бел. IEK,,,,,,
030200966_,BR-R14-16-U21-D21-K01,"BRITE Роз. с з/к/ш 16А с USB A+A 2,1А РЮш10-1-БрБ бел. IEK",,,,,,
030200759_,BR-R14-16-U21-D31-K01,"BRITE Роз. с з/к/ш 16А с USB A+A 3,1А РЮш10-2-БрБ бел. IEK",,,,,,
030200567_,BR-R14-16-U22-018-K01,BRITE Роз. с з/к/ш 16А с USB A+C 18Вт РЮш11-1-БрБ бел. IEK,,,,,,
030200920_,BR-R16-16-K01,BRITE Роз. с з/к/ш с кр. 16А IP20 РСбш10-3-БрБбел. IEK,,,,,,
030200518_,BR-R21-16-K01-F,BRITE Роз. 2-я с з/к без з/ш 16А в сб. РС12-3-БрБ бел. IEK,,,,,,
030200956_,BR-RT11-K01,BRITE Термостат электронный с инд. ТС10-1-БрБ бел. IEK,,,,,,
030200975_,BR-S40-K01,BRITE Аудиорозетка 4-мест. РА10-БрБ бел. IEK,,,,,,
030200912_,BR-U21-D31-K01,"BRITE Роз. USB A+A 3,1А РЮ10-1-БрБ бел. IEK",,,,,,
030200568_,BR-U22-018-K01,BRITE Роз. USB A+C 18Вт РЮ11-1-БрБ бел. IEK,,,,,,
030200970_,BR-V14-0-10-K01,BRITE Выключ. 1-кл. самовозвратн. 10А ВС10-1-4-БрБ бел. IEK,,,,,,
030200774_,BR-V15-0-10-K01,BRITE Выключ. жалюзи 10А ВС10-1-5-БрБ бел. IEK,,,,,,
030200905_,BR-VK10-0-K01,BRITE Вывод кабеля МВ10-БрБ бел. IEK,,,,,,
030200746_,BR-A10-P-K47,BRITE Роз. TV проходная РТВ10-0-БрА алюм. IEK,,,,,,
030200984_,BR-AF20-O-K47,BRITE Роз. двойная TV+SAT РТВ/РСп12-БрА алюм. IEK,,,,,,
030200529_,BR-AK20-1-K47,BRITE Роз. двойная TV+RJ45 кат.5E РТВ/РК12-БрА алюм. IEK,,,,,,
030200987_,BR-D20-0600-K47,BRITE Светорег. пов-наж. 600Вт СС10-1-0-БрА алюм. IEK,,,,,,
030200955_,BR-FL20-K47,BRITE Подсветка LED встраиваемая ПЛ20-БрА алюм. IEK,,,,,,
030200938_,BR-H10-K47,BRITE Роз. HDMI РHDMI-0-БрА алюм. IEK,,,,,,
030200784_,BR-KT20-O-1-K47,BRITE Роз. двойная RJ11+RJ45 кат.5E РК/Т12-БрА алюм. IEK,,,,,,
030200756_,BR-M52-K47,BRITE Рамка 5-мест. РУ-5-БрА алюм. IEK,,,,,,
030200965_,BR-MS10-N-150-05-K47,BRITE Датчик движения ДС10-1-БрА алюм. IEK,,,,,,
030200889_,BR-PL10-K47,BRITE Заглушка c суппортом МЗ10-БрА алюм. IEK,,,,,,
030200969_,BR-R14-16-U21-D21-K47,"BRITE Роз. с з/к/ш 16А с USB A+A 2,1А РЮш10-1-БрА алюм. IEK",,,,,,
030200764_,BR-R14-16-U21-D31-K47,"BRITE Роз. с з/к/ш 16А с USB A+A 3,1А РЮш10-2-БрА алюм. IEK",,,,,,
030200950_,BR-R14-16-U22-018-K47,BRITE Роз. с з/к/ш 16А с USB A+C 18Вт РЮш11-1-БрА алюм. IEK,,,,,,
030200923_,BR-R16-16-K47,BRITE Роз. с з/к/ш с кр. 16А IP20 РСбш10-3-БрА алюм. IEK,,,,,,
030200960_,BR-RT11-K47,BRITE Термостат электронный с инд. ТС10-1-БрА алюм. IEK,,,,,,
030200979_,BR-S40-K47,BRITE Аудиорозетка 4-мест. РА10-БрА алюм. IEK,,,,,,
030200915_,BR-U21-D31-K47,"BRITE Роз. USB A+A 3,1А РЮ10-1-БрА алюм. IEK",,,,,,
030200765_,BR-U22-018-K47,BRITE Роз. USB A+C 18Вт РЮ11-1-БрА алюм. IEK,,,,,,
030200974_,BR-V14-0-10-K47,BRITE Выключ. 1-кл. самовозвратн. 10А ВС10-1-4-БрА алюм. IEK,,,,,,
030200946_,BR-V15-0-10-K47,BRITE Выключ. жалюзи 10А ВС10-1-5-БрА алюм. IEK,,,,,,
030200908_,BR-VK10-0-K47,BRITE Вывод кабеля МВ10-БрА алюм. IEK,,,,,,
030200742_,BR-A10-P-K46,BRITE Роз. TV проходная РТВ10-0-БрС сталь IEK,,,,,,
030200983_,BR-AF20-O-K46,BRITE Роз. двойная TV+SAT РТВ/РСп12-БрС сталь IEK,,,,,,
030200532_,BR-AK20-1-K46,BRITE Роз. двойная TV+RJ45 кат.5E РТВ/РК12-БрС сталь IEK,,,,,,
030200986_,BR-D20-0600-K46,BRITE Светорег. пов-наж. 600Вт СС10-1-0-БрС сталь IEK,,,,,,
030200954_,BR-FL20-K46,BRITE Подсветка LED встраиваемая ПЛ20-БрС сталь IEK,,,,,,
030200939_,BR-H10-K46,BRITE Роз. HDMI РHDMI-0-БрС сталь IEK,,,,,,
030200989_,BR-KT20-O-1-K46,BRITE Роз. двойная RJ11+RJ45 кат.5E РК/Т12-БрС сталь IEK,,,,,,
030200757_,BR-M52-K46,BRITE Рамка 5-мест. РУ-5-БрС сталь IEK,,,,,,
030200964_,BR-MS10-N-150-05-K46,BRITE Датчик движения ДС10-1-БрС сталь IEK,,,,,,
030200890_,BR-PL10-K46,BRITE Заглушка c суппортом МЗ10-БрС сталь IEK,,,,,,
030200968_,BR-R14-16-U21-D21-K46,"BRITE Роз. с з/к/ш 16А с USB A+A 2,1А РЮш10-1-БрС сталь IEK",,,,,,
030200766_,BR-R14-16-U21-D31-K46,"BRITE Роз. с з/к/ш 16А с USB A+A 3,1А РЮш10-2-БрС сталь IEK",,,,,,
030200949_,BR-R14-16-U22-018-K46,BRITE Роз. с з/к/ш 16А с USB A+C 18Вт РЮш11-1-БрС сталь IEK,,,,,,
030200924_,BR-R16-16-K46,BRITE Роз. с з/к/ш с кр. 16А IP20 РСбш10-3-БрС сталь IEK,,,,,,
030200959_,BR-RT11-K46,BRITE Термостат электронный с инд. ТС10-1-БрС сталь IEK,,,,,,
030200978_,BR-S40-K46,BRITE Аудиорозетка 4-мест. РА10-БрС сталь IEK,,,,,,
030200916_,BR-U21-D31-K46,"BRITE Роз. USB A+A 3,1А РЮ10-1-БрС сталь IEK",,,,,,
030200767_,BR-U22-018-K46,BRITE Роз. USB A+C 18Вт РЮ11-1-БрС сталь IEK,,,,,,
030200973_,BR-V14-0-10-K46,BRITE Выключ. 1-кл. самовозвратн. 10А ВС10-1-4-БрС сталь IEK,,,,,,
030200945_,BR-V15-0-10-K46,BRITE Выключ. жалюзи 10А ВС10-1-5-БрС сталь IEK,,,,,,
030200909_,BR-VK10-0-K46,BRITE Вывод кабеля МВ10-БрС сталь IEK,,,,,,
030200747_,BR-A10-P-K53,BRITE Роз. TV проходная РТВ10-0-БрГ граф. IEK,,,,,,
030200982_,BR-AF20-O-K53,BRITE Роз. двойная TV+SAT РТВ/РСп12-БрГ граф. IEK,,,,,,
030200535_,BR-AK20-1-K53,BRITE Роз. двойная TV+RJ45 кат.5E РТВ/РК12-БрГ граф. IEK,,,,,,
030200985_,BR-D20-0600-K53,BRITE Светорег. пов-наж. 600Вт СС10-1-0-БрГ граф. IEK,,,,,,
030200953_,BR-FL20-K53,BRITE Подсветка LED встраиваемая ПЛ20-БрГ граф. IEK,,,,,,
030200940_,BR-H10-K53,BRITE Роз. HDMI РHDMI-0-БрГ граф. IEK,,,,,,
030200785_,BR-KT20-O-1-K53,BRITE Роз. двойная RJ11+RJ45 кат.5E РК/Т12-БрГ граф. IEK,,,,,,
030200748_,BR-M52-K53,BRITE Рамка 5-мест. РУ-5-БрГ граф. IEK,,,,,,
030200963_,BR-MS10-N-150-05-K53,BRITE Датчик движения ДС10-1-БрГ граф. IEK,,,,,,
030200891_,BR-PL10-K53,BRITE Заглушка c суппортом МЗ10-БрГ граф. IEK,,,,,,
030200781_,BR-R14-16-U21-D21-K53,"BRITE Роз. с з/к/ш 16А с USB A+A 2,1А РЮш10-1-БрГ граф. IEK",,,,,,
030200768_,BR-R14-16-U21-D31-K53,"BRITE Роз. с з/к/ш 16А с USB A+A 3,1А РЮш10-2-БрГ граф. IEK",,,,,,
030200948_,BR-R14-16-U22-018-K53,BRITE Роз. с з/к/ш 16А с USB A+C 18Вт РЮш11-1-БрГ граф. IEK,,,,,,
030200925_,BR-R16-16-K53,BRITE Роз. с з/к/ш с кр. 16А IP20 РСбш10-3-БрГ граф. IEK,,,,,,
030200958_,BR-RT11-K53,BRITE Термостат электронный с инд. ТС10-1-БрГ граф. IEK,,,,,,
030200977_,BR-S40-K53,BRITE Аудиорозетка 4-мест. РА10-БрГ граф. IEK,,,,,,
030200917_,BR-U21-D31-K53,"BRITE Роз. USB A+A 3,1А РЮ10-1-БрГ граф. IEK",,,,,,
030200769_,BR-U22-018-K53,BRITE Роз. USB A+C 18Вт РЮ11-1-БрГ граф. IEK,,,,,,
030200972_,BR-V14-0-10-K53,BRITE Выключ. 1-кл. самовозвратн. 10А ВС10-1-4-БрГ граф. IEK,,,,,,
030200944_,BR-V15-0-10-K53,BRITE Выключ. жалюзи 10А ВС10-1-5-БрГ граф. IEK,,,,,,
030200910_,BR-VK10-0-K53,BRITE Вывод кабеля МВ10-БрГ граф. IEK,,,,,,
030200745_,BR-A10-P-K02,BRITE Роз. TV проходная РТВ10-0-БрЧ черн. IEK,,,,,,
030200981_,BR-AF20-O-K02,BRITE Роз. двойная TV+SAT РТВ/РСп12-БрЧ черн. IEK,,,,,,
030200538_,BR-AK20-1-K02,BRITE Роз. двойная TV+RJ45 кат.5E РТВ/РК12-БрЧ черн. IEK,,,,,,
030200885_,BR-D20-0600-K02,BRITE Светорег. пов-наж. 600Вт СС10-1-0-БрЧ черн. IEK,,,,,,
030200952_,BR-FL20-K02,BRITE Подсветка LED встраиваемая ПЛ20-БрЧ черн. IEK,,,,,,
030200941_,BR-H10-K02,BRITE Роз. HDMI РHDMI-0-БрЧ черн. IEK,,,,,,
030200787_,BR-KT20-O-1-K02,BRITE Роз. двойная RJ11+RJ45 кат.5E РК/Т12-БрЧ черн. IEK,,,,,,
030200758_,BR-M52-K02,BRITE Рамка 5-мест. РУ-5-БрЧ черн. IEK,,,,,,
030200962_,BR-MS10-N-150-05-K02,BRITE Датчик движения ДС10-1-БрЧ черн. IEK,,,,,,
030200892_,BR-PL10-K02,BRITE Заглушка c суппортом МЗ10-БрЧ черн. IEK,,,,,,
030200967_,BR-R14-16-U21-D21-K02,"BRITE Роз. с з/к/ш 16А с USB A+A 2,1А РЮш10-1-БрЧ черн. IEK",,,,,,
030200770_,BR-R14-16-U21-D31-K02,"BRITE Роз. с з/к/ш 16А с USB A+A 3,1А РЮш10-2-БрЧ черн. IEK",,,,,,
030200947_,BR-R14-16-U22-018-K02,BRITE Роз. с з/к/ш 16А с USB A+C 18Вт РЮш11-1-БрЧ черн. IEK,,,,,,
030200926_,BR-R16-16-K02,BRITE Роз. с з/к/ш с кр. 16А IP20 РСбш10-3-БрЧ черн. IEK,,,,,,
030200957_,BR-RT11-K02,BRITE Термостат электронный с инд. ТС10-1-БрЧ черн. IEK,,,,,,
030200976_,BR-S40-K02,BRITE Аудиорозетка 4-мест. РА10-БрЧ черн. IEK,,,,,,
030200918_,BR-U21-D31-K02,"BRITE Роз. USB A+A 3,1А РЮ10-1-БрЧ черн. IEK",,,,,,
030200771_,BR-U22-018-K02,BRITE Роз. USB A+C 18Вт РЮ11-1-БрЧ черн. IEK,,,,,,
030200971_,BR-V14-0-10-K02,BRITE Выключ. 1-кл. самовозвратн. 10А ВС10-1-4-БрЧ черн. IEK,,,,,,
030200943_,BR-V15-0-10-K02,BRITE Выключ. жалюзи 10А ВС10-1-5-БрЧ черн. IEK,,,,,,
030200911_,BR-VK10-0-K02,BRITE Вывод кабеля МВ10-БрЧ черн. IEK,,,,,,
030200531_,BR-R11-16-K46,BRITE Роз. с з/к без з/ш 16А РС11-1-0-БрС сталь IEK,,,,,,
130200430_,A2L5-VD10-10,ARMA2L 5 Детектор напряжения бесконтактный VD10 IEK,,,,,,
130200431_,A2L5-DM11-01,ARMA2L 5 Мультиметр цифровой DM1A IEK,,,,,,
130200432_,A2L5-DM11-02,ARMA2L 5 Мультиметр цифровой DM2A IEK,,,,,,2
130200433_,A2L5-DM12-03,ARMA2L 5 Мультиметр цифровой DM3B IEK,,,,,,
130200434_,A2L5-DM13-03,ARMA2L 5 Мультиметр цифровой DM3C IEK,,,1,,,
130200435_,A2L5-DM15-01,ARMA2L 5 Мультиметр цифровой DM1E IEK,,,,,,
130200436_,A2L5-CM11-01,ARMA2L 5 Клещи токоизмерительные CM1A IEK,,,,,,
130200437_,A2L5-CM13-01,ARMA2L 5 Клещи токоизмерительные CM1C IEK,,,,,,
130200438_,A2L5-CM13-02,ARMA2L 5 Клещи токоизмерительные CM2C IEK,,,,,,
130200439_,A2L5-CM14-01,ARMA2L 5 Клещи токоизмерительные CM1D IEK,,,3,,,
130200440_,A2L5-DM10D-MT1,ARMA2L 5 Лента с магнитом для мультиметров MT10 IEK,,,,,,
130200441_,A2L5-DM10D-TL2-110-22,ARMA2L 5 Комплект щупов и крокодилов TL30 IEK,,,8,,,
130200442_,A2L5-IT11-01,ARMA2L 5 Пирометр инфракрасный IT1A IEK,,,,,,1
130200443_,A2L5-IT12-02,ARMA2L 5 Пирометр инфракрасный IT2B IEK,,,,,,
130200444_,A2L5-ST14-02,ARMA2L 5 Тестер розеток ST02D IEK,,,,,,1
130200445_,A2L5-ST14-03,ARMA2L 5 Тестер розеток ST03D IEK,,,,,,
130600259_,A150-33-11T,ПЧ A150 380В 3Ф 11кВт 25А встр. торм ONI,,,,,,
130600258_,A150-33-15NT,"ПЧ A150 380В 3Ф 1,5кВт 5А встр. торм ONI",,,,,,
130600257_,A150-33-15T,ПЧ A150 380В 3Ф 15кВт 32А встр. торм ONI,,,,,,
130600256_,A150-33-22NT,"ПЧ A150 380В 3Ф 2,2кВт 6А встр. торм ONI",,,,,,
130600255_,A150-33-37NT,"ПЧ A150 380В 3Ф 3,7кВт 10А встр. торм ONI",,,,,,
130600254_,A150-33-55NT,"ПЧ A150 380В 3Ф 5,5кВт 13А встр. торм ONI",,,,,,
130600253_,A150-33-75NT,"ПЧ A150 380В 3Ф 7,5кВт 17А встр. торм ONI",,,,,,
201000018_,CNT-A310D33V132-160TE,ПЧ CONTROL-A310 380В 3Ф 132-160кВт 253-300А IEK,,,,,,
201000017_,CNT-A310D33V15-18TELZ,"Преобразователь частоты CONTROL-A310 380В, 3Ф 15-18,5 kW 32-37A IEK",,,,,,
201000015_,CNT-A310D33V18-22TE,"Преобразователь частоты CONTROL-A310 380В, 3Ф 18-22 kW 37-45A IEK",,,,,,
201000019_,CNT-A310D33V185-200TE,ПЧ CONTROL-A310 380В 3Ф 185-200кВт 340-380А IEK,,,,,,
201000020_,CNT-A310D33V37-45TE,ПЧ CONTROL-A310 380В 3Ф 37-45кВт 75-90А IEK,,,,,,
201000021_,CNT-A310D33V45-55TE,ПЧ CONTROL-A310 380В 3Ф 45-55кВт 90-110А IEK,,,,,,
201000022_,CNT-A310D33V55-75TE,ПЧ CONTROL-A310 380В 3Ф 55-75кВт 110-152А IEK,,,,,,
,Расширение 1кв 24,,,,,,,
130301598_,ZPS10-11-040-042,Полоса 40х4мм (42м) оцинкованная сталь IEK,,,,,,
270300217_,ITT60-2-15-1000,"Трансформатор тока ТТИ-100 1000/5А 15ВА 0,5 IEK",,,,,,
280300487_,UKO11-100-100-050-K41-55,Коробка расп. КМ41234 о/п 100х100х50мм IP55 6 вв. серая IEK,,,,,,
311101233_,USWBK-D20-20,"Бандаж кабельный БК 20мм с ключом (2,0м/упак) IEK",,,,,,
280300269_,CLP1C-020-030,Профиль перфорированный C-образный IEK,,,,,,
311101234_,USWBK-D25-20,"Бандаж кабельный БК 25мм с ключом (2,0м/упак) IEK",,,,,,
280300279_,CLN10-050-100-3,ESCA Лоток неперфорированный 50х100х3000 IEK,,,,,,
270300035_,ITT30-2-05-0600,"Трансформатор тока ТТИ-40 600/5А 5ВА 0,5 IEK",,,,,,
280300696_,KYP11-16-06-00-ZK,Розетка переносная разб. с выкл. К06В 6 мест CLASSIC IEK,,,30,,,
250600187_,MKP93-N-352515-65,Корпус пласт. ЩМПп 350х250х150мм УХЛ1 IP65 IEK,,,10,,,
280300280_,CLN10-050-050-3,ESCA Лоток неперфорированный 50х50х3000 IEK,,,,,,
120100320_,MKK11-20-11,Контактор модульный КМ20-11М AC IEK,,,,,,
130301133_,BBG90-BS-K04,"Кнопка LAY5-BS542 ""Грибок"" аварийн. с фикс. поворот. IEK",,,,,,
280300950_,KYP11-16-04-00-Z,Розетка переносная разб. К04 4 места CLASSIC IEK,,64,,,,
270300234_,ITT30-2-05-0500,"Трансформатор тока ТТИ-40 500/5А 5ВА 0,5 IEK",,,,,,
030300499_,YZN12-050-K03,Клемма вводная силовая КВС 6-50 кв.мм. серая IEK,,,,,,
120100322_,MKK11-25-22,Контактор модульный КМ25-22М AC IEK,,,,,,
280300951_,KYP11-16-03-00-Z,Розетка переносная разб. К03 3 места CLASSIC IEK,,,,,,
130301120_,EVP12-16-01-K01,ВПу12-01-Ст Вилка разб. угловая з/к с кольцом 16А белая IEK,,,,,,
130301597_,EVP12-16-01-K02,ВПу12-02-Ст Вилка разб. угловая з/к с кольцом 16А черная IEK,,,,,,
151000698_,DM11X25,Держатель маркировки DM 11x25 IEK,,,,,,500
311101217_,AAK-NIMH-03-1100-L02,Аккумулятор GREEN Ni-MH AAA 1100мАч (2шт/блистер) IEK,,,,,,
311101218_,AAK-NIMH-03-1100-L04,Аккумулятор GREEN Ni-MH AAA 1100мАч (4шт/блистер) IEK,,,,,,
311101219_,AAK-NIMH-06-2700-L02,Аккумулятор GREEN Ni-MH AA 2700мАч (2шт/блистер) IEK,,,,,,
311101220_,AAK-NIMH-06-2700-L04,Аккумулятор GREEN Ni-MH AA 2700мАч (4шт/блистер) IEK,,,,,,
311101221_,ABT-6LR619V-OP-L01,Батарейка щелоч. Alkaline 6LR61 9V (1шт/блистер) IEK,,,,,,
311101222_,ABT-LR03-OP-B10,Батарейка щелоч. Alkaline LR03/AAA (10шт/бокс) IEK,,,,,,
311101224_,ABT-LR03-OP-L02,Батарейка щелоч. Alkaline LR03/AAA (2шт/блистер) IEK,,,,,,
311101235_,ABT-LR03-OP-L04,Батарейка щелоч. Alkaline LR03/AAA (4шт/блистер) IEK,,,,,,
311101225_,ABT-LR06-OP-B10,Батарейка щелоч. Alkaline LR06/AA (10шт/бокс) IEK,,,,,,
311101232_,ABT-LR06-OP-L02,Батарейка щелоч. Alkaline LR06/AA (2шт/блистер) IEK,,,,,,
311101236_,ABT-LR06-OP-L04,Батарейка щелоч. Alkaline LR06/AA (4шт/блистер) IEK,,,,,,
311101227_,ABT-LR14-OP-L02,Батарейка щелоч. Alkaline LR14/C (2шт/блистер) IEK,,,,,,
311101228_,ABT-LR20-OP-L02,Батарейка щелоч. Alkaline LR20/D (2шт/блистер) IEK,,,,,,
311101237_,ABT-LR03-ST-B12-G,Батарейка щелоч. Alkaline LR03/AAA (10+2шт) ПРОМО GENERICA,,,,,,
311101238_,ABT-LR06-ST-B12-G,Батарейка щелоч. Alkaline LR06/AA (10+2шт) ПРОМО GENERICA,,,,,,
,Расширение 2кв 24,,,,,,,
130301695_,YCT23-00-2-K03-001,"Колодка клеммная CP-ML 2 ур. 1,5мм2 серая ИЭК",,,,,,
130301608_,YCT10-00-K03-002,"Колодка клеммная CTS 2,5мм2 серая ИЭК",,,,,,
130301609_,YCT10-00-K07-002,"Колодка клеммная CTS 2,5мм2 синяя ИЭК",,,,,,
130301610_,YCT10-00-K03-004,Колодка клеммная CTS 4мм2 серая ИЭК,,,,,,
130301611_,YCT10-00-K07-004,Колодка клеммная CTS 4мм2 синяя ИЭК,,,,,,
130301612_,YCT10-00-K03-006,Колодка клеммная CTS 6мм2 серая ИЭК,,,,,,
130301613_,YCT10-00-K07-006,Колодка клеммная CTS 6мм2 синяя ИЭК,,,,,,
130301614_,YCT10-00-K03-010,Колодка клеммная CTS 10мм2 серая ИЭК,,,,,,
130301615_,YCT10-00-K07-010,Колодка клеммная CTS 10мм2 синяя ИЭК,,,,,,
130301616_,YCT10-00-K03-016,Колодка клеммная CTS 16мм2 серая ИЭК,,,,,,
130301617_,YCT10-00-K07-016,Колодка клеммная CTS 16мм2 синяя ИЭК,,,,,,
130301618_,YCT10-00-K03-025,Колодка клеммная CTS 25мм2 серая ИЭК,,,,,,
130301619_,YCT10-00-K07-025,Колодка клеммная CTS 25мм2 синяя ИЭК,,,,,,
130301620_,YCT10-00-K03-035,Колодка клеммная CTS 35мм2 серая ИЭК,,,,,,
130301621_,YCT10-01-K03-035,Колодка клеммная CTS с шестигранником 35мм2 серая ИЭК,,,,,,
130301622_,YCT10-00-K07-035,Колодка клеммная CTS 35мм2 синяя ИЭК,,,,,,
130301623_,YCT10-00-K03-070,Колодка клеммная CTS 70мм2 серая ИЭК,,,,,,
130301624_,YCT10-01-K03-070,Колодка клеммная CTS с шестигранником 70мм2 серая ИЭК,,,,,,
130301625_,YCT10-00-K07-070,Колодка клеммная CTS 70мм2 синяя ИЭК,,,,,,
130301626_,YCT11-00-K52-004,Колодка клеммная CTS-PEN земля 4мм2 желто-зеленая ИЭК,,,,,,
130301627_,YCT11-00-K52-006,Колодка клеммная CTS-PEN земля 6мм2 желто-зеленая ИЭК,,,,,,
130301628_,YCT11-00-K52-010,Колодка клеммная CTS-PEN земля 10мм2 желто-зеленая ИЭК,,,,,,
130301629_,YCT11-00-K52-016,Колодка клеммная CTS-PEN земля 16мм2 желто-зеленая ИЭК,,,,,,
130301630_,YCT11-02-K52-035,Колодка клеммная CTS-PEN земля монтаж неск. напр. 35мм2 ИЭК,,,,,,
130301631_,YCT13-00-2-K03-004,Колодка клеммная CTS-ML 2 ур. 4мм2 серая ИЭК,,,,,,
130301632_,YCT13-00-3-K03-002,"Колодка клеммная CTS-ML 3 ур. 2,5мм2 серая ИЭК",,,,,,
130301633_,YCT14-00-K03-004,Колодка клеммная CTS-F с предохранителем 4мм2 серая ИЭК,,,,,,
130301634_,YCT20-00-K03-001,"Колодка клеммная CP 1,5мм2 серая ИЭК",,,,,,
130301635_,YCT20-00-K03-002,"Колодка клеммная CP 2,5мм2 серая ИЭК",,,,,,
130301636_,YCT20-00-K03-004,Колодка клеммная CP 4мм2 серая ИЭК,,,,,,
130301637_,YCT22-00-3-K03-001,"Колодка клеммная CP-MC 3 вывода 1,5мм2 серая ИЭК",,,,,,
130301638_,YCT22-00-3-K03-002,"Колодка клеммная CP-MC 3 вывода 2,5мм2 серая ИЭК",,,,,,
130301639_,YCT22-00-4-K03-002,"Колодка клеммная CP-MC 4 вывода 2,5мм2 серая ИЭК",,,,,,
130301640_,YCT23-00-2-K03-002,"Колодка клеммная CP-ML 2 ур. 2,5мм2 серая ИЭК",,,50,,,
130301641_,YCT21-00-K52-002,"Колодка клеммная CP-PEN земля 2,5мм2 желто-зеленая ИЭК",,,,,,
130301642_,YCT22-03-3-K52-002,"Колодка клеммная CP-MC-PEN земля 3 вывода 2,5мм2 ИЭК",,,,,,
130301643_,YCT22-03-3-K52-010,Колодка клеммная CP-MC-PEN земля 3 вывода 10мм2 ИЭК,,,,,,
130301644_,YCT10-00-K03-002-ZGL,"Заглушка для CTS 2,5/4мм2 серая ИЭК",,,,,,
130301645_,YCT10-00-K07-002-ZGL,"Заглушка для CTS 2,5/4мм2 синяя ИЭК",,,,,,
130301646_,YCT10-00-K03-006-ZGL,Заглушка для CTS 6/10мм2 серая ИЭК,,,,,,
130301647_,YCT10-00-K03-002-PP,"Разделитель для CTS малый 2,5/4мм2 серый ИЭК",,,,,,
130301648_,YCT10-00-K03-002-SP,"Разделитель для CTS большой 2,5/4мм2 серый ИЭК",,,,,,
130301649_,YCT10-00-K03-006-PP,Разделитель для CTS малый 6/10мм2 серый ИЭК,,,,,,
270300314_,YVR10D-EF-065-55-K02,Фильтр с решеткой для вентил. ВФИ 65-105м3/час черный ИЭК,,,,,,
130301650_,YZN11-001-K04,"Клемма пружинная КПИ 2в-1,5 17,5А красный ИЭК",,,,,,
130301651_,YZN11-001-K05,"Клемма пружинная КПИ 2в-1,5 17,5А желтый ИЭК",,,,,,
130301652_,YZN11-001-K07,"Клемма пружинная КПИ 2в-1,5 17,5А синий ИЭК",,,,,,
130301653_,YZN11-002-K03,"Клемма пружинная КПИ 2в-2,5 31А серый ИЭК",,,,,,
130301654_,YZN11-002-K04,"Клемма пружинная КПИ 2в-2,5 31А красный ИЭК",,,,,,
130301655_,YZN11-002-K07,"Клемма пружинная КПИ 2в-2,5 31А синий ИЭК",,,,,,
130301656_,YZN11-002-K09,"Клемма пружинная КПИ 2в-2,5 31А оранжевый ИЭК",,,,,,
130301657_,YZN11-006-K03,Клемма пружинная КПИ 2в-6 57А серый ИЭК,,,,,,
130301658_,YZN11-006-K07,Клемма пружинная КПИ 2в-6 57А синий ИЭК,,,,,,
130301659_,YZN11-3-002-K07,"Клемма пружинная КПИ 3в-2,5 3 вывода 31А синий ИЭК",,,,,,
130301660_,YZN11D-3-ZGL-002-K07,"Заглушка для КПИ 3в-1,5/2,5 3 вывода синяя ИЭК",,,,,,
130301661_,YZN11FBS-002-10P,"Перемычка для КПИ-2,5мм2 10PIN ИЭК",,,,,,
130301662_,YZN11FBS-002-2P,"Перемычка для КПИ-2,5мм2 2PIN ИЭК",,,,,,
130301663_,YZN11FBS-002-3P,"Перемычка для КПИ-2,5мм2 3PIN ИЭК",,,,,,
130301664_,YZN11FBS-006-10P,Перемычка для КПИ-6мм2 10PIN ИЭК,,,,,,
130301665_,YZN12-095-K07,Клемма вводная силовая КВС 16-95 кв.мм. синяя ИЭК,,,,,,
130301666_,YZN12-150-K07,Клемма вводная силовая КВС 35-150 кв.мм. синяя ИЭК,,,,,,
130301667_,YZN12-240-K03,Клемма вводная силовая КВС 35-240 кв.мм. серая ИЭК,,,,,,
130301668_,YZN12-240-K07,Клемма вводная силовая КВС 35-240 кв.мм. синяя ИЭК,,,,,,
130301669_,YZN14-050-K03,Клемма вводная силовая КВС 6-50 кв.мм. 3-рядная серая ИЭК,,,,,,
130301670_,YZN22-050-K52,Клемма вводная силовая КВС 6-50 кв.мм. PE ИЭК,,,,,,
130301671_,YZN22-150-K52,Клемма вводная силовая КВС 35-150 кв.мм. PE ИЭК,,,,,,
130301672_,YZN22-240-K52,Клемма вводная силовая КВС 35-240 кв.мм. PE ИЭК,,,,,,
130301673_,YZN41-04-001-K02,"Блок зажимов БЗН ТВ-1504 1,5 мм2 15А 4 пары ИЭК",,,,,,
130301674_,YZN41-04-010-K02,Блок зажимов БЗН ТВ-1004 10 мм2 100А 4 пары ИЭК,,,,,,
130301675_,YZN41-06-001-K02,"Блок зажимов БЗН ТВ-1506 1,5 мм2 15А 6 пар ИЭК",,,,,,
130301676_,YZN41-06-002-K02,"Блок зажимов БЗН ТВ-2506 2,5 мм2 25А 6 пар ИЭК",,,,,,
130301677_,YZN41-06-004-K02,"Блок зажимов БЗН ТВ-4506 4,5 мм2 45А 6 пар ИЭК",,,,,,
130301678_,YZN41-12-002-K02,"Блок зажимов БЗН ТВ-2512 2,5 мм2 25А 12 пар ИЭК",,,,,,
130301679_,YZN41-12-004-K02,"Блок зажимов БЗН ТВ-4512 4,5 мм2 45А 12 пар ИЭК",,,,,,
130301680_,YZN42-03-300-K02,Блок зажимов БЗН TC-6003 300 мм2 600A 3 пары ИЭК,,,,,,
130301681_,YZN43-10-001-K02,"Блок зажимов БЗН TK-010 1,5 мм2 10А на DIN-рейку 10 пар ИЭК",,,,,,
130301682_,YZN43-10-002-K02,"Блок зажимов БЗН TK-020 2,5 мм2 20А на DIN-рейку 10 пар ИЭК",,,,,,
130301683_,YZN43-10-010-K02,Блок зажимов БЗН TK-060 10 мм2 60А на DIN-рейку 10 пар ИЭК,,,,,,
130400069_,YIS11-4-20-B,Изолятор ступенчатый ИС4-20 (М6) силовой с болтом ИЭК,,,,,,
130400151_,YIS11-4-30,Изолятор ступенчатый ИС4-30 (М8) силовой ИЭК,,,,,,
130400152_,YIS11-4-30-8-B,Изолятор ступенчатый ИСв4-30 (М8) силовой с болтом ИЭК,,,,,,
130400150_,YIS11-4-30-B,Изолятор ступенчатый ИС4-30 (М8) силовой с болтом ИЭК,,,,,,
130400153_,YIS11-4-40-8-B,Изолятор ступенчатый ИСв4-40 (М10) силовой с болтом ИЭК,,,,,,
130400154_,YIS11-4-40-B,Изолятор ступенчатый ИС4-40 (М8) силовой с болтом ИЭК,,,,,,
130400155_,YIS11-4-50-B,Изолятор ступенчатый ИС4-50 (М10) силовой с болтом ИЭК,,,,,,
130400156_,YIS40-1000,Изолятор соединительных шпилек 1000 мм для ИШП ИЭК,,,,,,
130301738_,YCT20-00-K03-004-EC-10P,Перемычка гребенчатая для CP 4мм2 10PIN ИЭК	,,,,,,
130301719_,YCT23-00-2-K03-001-ZGL,"Заглушка для CP-ML 2 ур. 1,5мм2 серая ИЭК",,,,,,
290200126_,TW-KP27-16-01-15-02,"Катушка УК15 1мест. 2P+PE/15м+2м 3х1,5мм2 автосм.TWIST ИЭК",,,,,,
290200127_,TW-KP27-16-01-25-02,"Катушка УК25 1мест. 2P+PE/25м+2м 3х1,5мм2 автосм. TWIST ИЭК",,,,,,
290200128_,TW-KP27-16-04-10,"Катушка УК10 4мест. 2P+PE/10м 3х1,5мм2 автосм. TWIST ИЭК",,,,,,
290200129_,TW-KP27-16-04-10-44,"Катушка УК10 2P+PE/10м 3х1,5мм2 КГ автосм. IP44 TWIST ИЭК",,,,,,
290200130_,TW-KP27-16-04-15-44,"Катушка УК15 2P+PE/15м 3х1,5мм2 КГ автосм. IP44 TWIST ИЭК",,,,,,
290200131_,TW-KP27-16-04-20,"Катушка УК20 4мест. 2P+PE/20м 3х1,5мм2 автосм. TWIST ИЭК",,,,,,
130301739_,YCT15-00-K03-006-SP,Вилка закорачивающая для CTS-DT 6мм2 2PIN ИЭК,,,,,,
130301725_,YCT10-00-K03-070-AUX,Дополнительная вводная клемма для CTS 70/120мм2 серая ИЭК,,,,,,
130301712_,YCT20-00-K03-004-ZGL,Заглушка для CP 4мм2 серая ИЭК,,,,,,
130301713_,YCT22-00-3-K03-001-ZGL,"Заглушка для CP-MC 3 вывода 1,5мм2 серая ИЭК",,,,,,
130301715_,YCT22-00-3-K03-002-ZGL,"Заглушка для CP-MC 3 вывода 2,5мм2 серая ИЭК",,,,,,
130301717_,YCT22-00-3-K03-004-ZGL,Заглушка для CP-MC 3 вывода 4мм2 серая ИЭК,,,,,,
130301714_,YCT22-00-4-K03-001-ZGL,"Заглушка для CP-MC 4 вывода 1,5мм2 серая ИЭК",,,,,,
130301716_,YCT22-00-4-K03-002-ZGL,"Заглушка для CP-MC 4 вывода 2,5мм2 серая ИЭК",,,,,,
130301718_,YCT22-00-4-K03-004-ZGL,Заглушка для CP-MC 4 вывода 4мм2 серая ИЭК,,,,,,
130301720_,YCT23-00-2-K03-002-ZGL,"Заглушка для CP-ML 2 ур. 2,5мм2 серая ИЭК",,,,,,
130301721_,YCT23-00-2-K03-004-ZGL,Заглушка для CP-ML 2 ур. 4мм2 серая ИЭК,,,,,,
130301706_,YCT10-00-K07-006-ZGL,Заглушка для CTS 6/10мм2 синяя ИЭК,,,,,,
130301711_,YCT15-04-K03-004-ZGL,Заглушка для CTS-DT 4мм2 серая ИЭК,,,,,,
130301709_,YCT12-00-3-K03-004-ZGL,Заглушка для CTS-MC 3 вывода 4мм2 серая ИЭК,,,,,,
130301710_,YCT12-00-4-K03-004-ZGL,Заглушка для CTS-MC 4 вывода 4мм2 серая ИЭК,,,,,,
130301708_,YCT13-00-2-K03-004-ZGL,Заглушка для CTS-ML 2 ур. 4мм2 серая ИЭК,,,,,,
130301707_,YCT13-00-3-K03-002-ZGL,"Заглушка для CTS-ML 3 ур. 2,5мм2 серая ИЭК",,,,,,
130301689_,YCT20-00-K03-010,Колодка клеммная CP 10мм2 серая ИЭК,,,,,,
130301704_,YCT25-04-K03-002,"Колодка клеммная CP-DT измерит. нож. разм. 2,5мм2 серая ИЭК",,,,,,
130301705_,YCT25-04-K03-004,Колодка клеммная CP-DT измерит. нож. разм. 4мм2 серая ИЭК,,,,,,
130301693_,YCT22-00-3-K03-010,Колодка клеммная CP-MC 3 вывода 10мм2 серая ИЭК,,,,,,
130301691_,YCT22-00-3-K03-004,Колодка клеммная CP-MC 3 вывода 4мм2 серая ИЭК,,,,,,
130301690_,YCT22-00-4-K03-001,"Колодка клеммная CP-MC 4 вывода 1,5мм2 серая ИЭК",,,,,,
130301692_,YCT22-00-4-K03-004,Колодка клеммная CP-MC 4 вывода 4мм2 серая ИЭК,,,,,,
130301698_,YCT22-03-3-K52-001,"Колодка клеммная CP-MC-PEN земля 3 вывода 1,5мм2 ИЭК",,,,,,
130301701_,YCT22-03-3-K52-004,Колодка клеммная CP-MC-PEN земля 3 вывода 4мм2 ИЭК,,,,,,
130301699_,YCT22-03-4-K52-001,"Колодка клеммная CP-MC-PEN земля 4 вывода 1,5мм2 ИЭК",,,,,,
130301700_,YCT22-03-4-K52-002,"Колодка клеммная CP-MC-PEN земля 4 вывода 2,5мм2 ИЭК",,,,,,
130301702_,YCT22-03-4-K52-004,Колодка клеммная CP-MC-PEN земля 4 вывода 4мм2 ИЭК,,,,,,
130301696_,YCT23-00-2-K03-004,Колодка клеммная CP-ML 2 ур. 4мм2 серая ИЭК,,,,,,
130301703_,YCT23-04-2-K03-002,"Колодка клеммная CP-ML 2 ур. нож. разм. 2,5мм2 серая ИЭК",,,,,,
130301694_,YCT23-03-2-K03-001,"Колодка клеммная CP-ML-PEN 2 ур. земля-низ 1,5мм2 серая ИЭК",,,,,,
130301697_,YCT21-00-K52-004,Колодка клеммная CP-PEN земля 4мм2 желто-зеленая ИЭК,,,,,,
130301685_,YCT10-00-K07-120,Колодка клеммная CTS 120мм2 синяя IEK,,,,,,
130301688_,YCT12-00-4-K03-004,Колодка клеммная CTS-MC 4 вывода 4мм2 серая ИЭК,,,,,,
130301686_,YCT12-03-4-K52-004,Колодка клеммная CTS-MC-PEN земля 4 вывода 4мм2 ИЭК,,,,,,
130301687_,YCT11-02-K52-070,Колодка клеммная CTS-PEN земля монтаж неск. напр. 70мм2 ИЭК,,,,,,
130301728_,YCT10-00-K03-035-A-4P,Перемычка в сборе для CTS 35мм2 4PIN ИЭК,,,,,,
130301727_,YCT10-00-K03-004-A-10P,Перемычка в сборе для CTS 4мм2 10PIN ИЭК,,,,,,
130301726_,YCT10-00-K03-004-A-4P,Перемычка в сборе для CTS 4мм2 4PIN ИЭК,,,,,,
130301729_,YCT10-00-K03-070-A-2P,Перемычка в сборе для CTS 70мм2 2PIN ИЭК,,,,,,
130301730_,YCT10-00-K03-070-A-3P,Перемычка в сборе для CTS 70мм2 3PIN ИЭК,,,,,,
130301734_,YCT20-00-K03-001-EC-3P,"Перемычка гребенчатая для CP 1,5мм2 3PIN ИЭК",,,,,,
130301735_,YCT20-00-K03-001-EC-4P,"Перемычка гребенчатая для CP 1,5мм2 4PIN ИЭК",,,,,,
130301736_,YCT20-00-K03-002-EC-3P,"Перемычка гребенчатая для CP 2,5мм2 3PIN ИЭК",,,,,,
130301737_,YCT20-00-K03-004-EC-2P,Перемычка гребенчатая для CP 4мм2 2PIN ИЭК,,,,,,
130301731_,YCT10-00-K03-016-EC-10P,Перемычка гребенчатая для CTS изолированная 16мм2 10PIN ИЭК,,,,,,
130301733_,YCT14-00-K03-004-EC-10P,Перемычка гребенчатая для CTS-F 4мм2 10PIN ИЭК,,,,,,
130301732_,YCT14-00-K03-004-EC-3P,Перемычка гребенчатая для CTS-F 4мм2 3PIN ИЭК,,,,,,
130301722_,YCT10-00-K03-006-SP,Разделитель для CTS большой 6/10мм2 серый ИЭК,,,,,,
130301723_,YCT10-00-K03-035-PP,Разделитель для CTS малый 35мм2 серый ИЭК,,,,,,
130301724_,YCT13-00-2-K03-004-SP,Разделитель для CTS-ML 2 ур. большой 4мм2 серый ИЭК,,,,,,
0,Расширение 3кв 24,,,,,,,
150101175_,LT-DBU0-5102-010-40-K02,Светильник уличный LED 5102 наст. 10Вт 4000К IP54 черный IEK,,,,,,
150101176_,LT-DBU0-5102-010-40-K03,Светильник уличный LED 5102 наст. 10Вт 4000К IP54 серый IEK,,,,,,
150101177_,LT-DBU0-5103-010-40-K02,Светильник уличный LED 5103 наст. 10Вт 4000К IP54 черный IEK,,,,,,
150101178_,LT-DBU0-5103-010-40-K03,Светильник уличный LED 5103 наст. 10Вт 4000К IP54 серый IEK,,,,,,
150101179_,LT-DBU0-5111-006-40-K01,Светильник уличный LED 5111 наст. 6Вт 4000К IP65 белый IEK,,,,,,
150101180_,LT-DBU0-5111-006-40-K02,Светильник уличный LED 5111 наст. 6Вт 4000К IP65 черный IEK,,,,,,
150101181_,LT-DBU0-5111-006-40-K03,Светильник уличный LED 5111 наст. 6Вт 4000К IP65 серый IEK,,,,,,
150101182_,LT-UBU0-5100-E27-1-K02,Светильник уличный 5100 настенный E27 IP54 черный IEK,,,,,,18
150101183_,LT-UBU0-5101-E27-2-K02,Светильник уличный 5101 настенный E27 IP54 черный IEK,,,,,,
150101188_,LT-UBU0-5107-GU10-1-K01,Светильник уличный 5107 настенный GU10 IP65 белый IEK,,,,,,
150101189_,LT-UBU0-5107-GU10-1-K02,Светильник уличный 5107 настенный GU10 IP65 черный IEK,,,,,,
150101190_,LT-UBU0-5107-GU10-1-K03,Светильник уличный 5107 настенный GU10 IP65 серый IEK,,,,,,
150101191_,LT-UBU0-5108-GU10-2-K01,Светильник уличный 5108 настенный 2хGU10 IP65 белый IEK,,,,,,
150101192_,LT-UBU0-5108-GU10-2-K02,Светильник уличный 5108 настенный 2хGU10 IP65 черный IEK,,,,,,
150101193_,LT-UBU0-5108-GU10-2-K03,Светильник уличный 5108 настенный 2хGU10 IP65 серый IEK,,,,,,
150101194_,LT-UBU0-5220-GU10-1-K01,Светильник уличный 5220 настенный GU10 IP65 белый IEK,,,,,,
150101195_,LT-UBU0-5220-GU10-1-K02,Светильник уличный 5220 настенный GU10 IP65 черный IEK,,,,,,
150101196_,LT-UBU0-5220-GU10-1-K03,Светильник уличный 5220 настенный GU10 IP65 серый IEK,,,,,,
150101197_,LT-UBU0-5221-GU10-2-K01,Светильник уличный 5221 настенный 2хGU10 IP65 белый IEK,,,,,,
150101198_,LT-UBU0-5221-GU10-2-K02,Светильник уличный 5221 настенный 2хGU10 IP65 черный IEK,,,,,,
150101199_,LT-UBU0-5221-GU10-2-K03,Светильник уличный 5221 настенный 2хGU10 IP65 серый IEK,,,,,,
150101200_,LT-UPU0-5104-GX53-1-K01,Светильник уличный 5104 потолочный GX53 IP65 белый IEK,,,,,,
150101201_,LT-UPU0-5104-GX53-1-K02,Светильник уличный 5104 потолочный GX53 IP65 черный IEK,,,,,,
150101202_,LT-UPU0-5104-GX53-1-K03,Светильник уличный 5104 потолочный GX53 IP65 серый IEK,,,4,,,
150101203_,LT-UPU0-5110-GU10-1-K01,Светильник уличный 5110 потолочный GU10 IP65 белый IEK,,,,,,
150101204_,LT-UPU0-5110-GU10-1-K02,Светильник уличный 5110 потолочный GU10 IP65 черный IEK,,,,,,
150101205_,LT-UPU0-5110-GU10-1-K03,Светильник уличный 5110 потолочный GU10 IP65 серый IEK,,,,,,
150101206_,LT-UPU0-5112-GU10-1-K02,Светильник уличный 5112 настенный GU10 IP65 черный IEK,,,,,,
150101207_,LT-UPU0-5112-GU10-1-K03,Светильник уличный 5112 настенный GU10 IP65 серый IEK,,,,,,
150101208_,LT-UPU0-5113-GU10-2-K02,Светильник уличный 5113 настенный 2хGU10 IP65 черный IEK,,,,,,
150101209_,LT-UPU0-5113-GU10-2-K03,Светильник уличный 5113 настенный 2хGU10 IP65 серый IEK,,,,,,
150101210_,LT-UPU0-5222-GU10-1-K01,Светильник уличный 5222 потолочный GU10 IP65 белый IEK,,,,,,
150101211_,LT-UPU0-5222-GU10-1-K02,Светильник уличный 5222 потолочный GU10 IP65 черный IEK,,,,,,
150101212_,LT-UPU0-5222-GU10-1-K03,Светильник уличный 5222 потолочный GU10 IP65 серый IEK,,,,,,
030201052_,BR-M12-12-K01," Рамка 1-мест. ""BRITE""  бел./бел.  IEK  (1/100)",,,,,,
030201055_,BR-M12-12-1-K10," Рамка 1-мест. ""BRITE""  беж./жемч.  IEK  (1/100)",,,,,,
030201063_,BR-M12-12-3-K10," Рамка 1-мест. ""BRITE""  беж./шамп.  IEK  (1/100)",,,,,,
030201064_,BR-M12-12-K47," Рамка 1-мест. ""BRITE""  алюм./алюм.  IEK  (1/100)",,,,,,
030201053_,BR-M22-12-K01," Рамка 2-мест. ""BRITE""  бел./бел.  IEK  (1/100)",,,,,,
030201065_,BR-M12-12-2-K23," Рамка 1-мест. ""BRITE""  хром/черн.  IEK  (1/100)",,,,,,
030201066_,BR-M12-51-K01," Рамка 1-мест. ""BRITE""  бел. рифленый  IEK  (1/100)",,,,,,
030201067_,BR-M12-51-K10," Рамка 1-мест. ""BRITE""  беж. рифленый  IEK  (1/100)",,,,,,
030201056_,BR-M22-12-1-K10," Рамка 2-мест. ""BRITE""  беж./жемч.  IEK  (1/100)",,,,,,
030201068_,BR-M22-12-3-K10," Рамка 2-мест. ""BRITE""  беж./шамп.  IEK  (1/100)",,,,,,
030201069_,BR-M22-12-K47," Рамка 2-мест. ""BRITE""  алюм./алюм.  IEK  (1/100)",,,,,,
030201054_,BR-M32-12-K01," Рамка 3-мест. ""BRITE""  бел./бел.  IEK  (1/100)",,,,,,
030201070_,BR-M32-12-K47," Рамка 3-мест. ""BRITE""  алюм./алюм.  IEK  (1/100)",,,,,,
030201071_,BR-M42-12-K47," Рамка 4-мест. ""BRITE""  алюм./алюм.  IEK  (1/100)",,,,,,
030201072_,BR-M12-12-4-K23," Рамка 1-мест. ""BRITE""  хром/никель  IEK  (1/100)",,,,,,
030201073_,BR-M22-12-2-K23," Рамка 2-мест. ""BRITE""  хром/черн.  IEK  (1/100)",,,,,,
030201074_,BR-M22-51-K01," Рамка 2-мест. ""BRITE""  бел. рифленый  IEK  (1/100)",,,,,,
030201075_,BR-M22-51-K10," Рамка 2-мест. ""BRITE""  беж. рифленый  IEK  (1/100)",,,,,,
030201057_,BR-M32-12-1-K10," Рамка 3-мест. ""BRITE""  беж./жемч.  IEK  (1/100)",,,,,,
030201076_,BR-M32-12-3-K10," Рамка 3-мест. ""BRITE""  беж./шамп.  IEK  (1/100)",,,,,,
030201077_,BR-M42-12-K01," Рамка 4-мест. ""BRITE""  бел./бел.  IEK  (1/100)",,,,,,
030201078_,BR-M22-12-4-K23," Рамка 2-мест. ""BRITE""  хром/никель  IEK  (1/100)",,,,,,
030201060_,BR-M42-12-1-K10," Рамка 4-мест. ""BRITE""  беж./жемч.  IEK  (1/100)",,,,,,
030201079_,BR-M42-12-3-K10," Рамка 4-мест. ""BRITE""  беж./шамп.  IEK  (1/100)",,,,,,
030201080_,BR-M32-12-4-K23," Рамка 3-мест. ""BRITE""  хром/никель  IEK  (1/100)",,,,,,
030201081_,BR-M32-12-2-K23," Рамка 3-мест. ""BRITE""  хром/черн.  IEK  (1/100)",,,,,,
030201082_,BR-M32-51-K01," Рамка 3-мест. ""BRITE""  бел. рифленый  IEK  (1/100)",,,,,,
030201083_,BR-M32-51-K10," Рамка 3-мест. ""BRITE""  беж. рифленый  IEK  (1/100)",,,,,,
030201084_,BR-M42-12-2-K23," Рамка 4-мест. ""BRITE""  хром/черн.  IEK  (1/100)",,,,,,
030201085_,BR-M42-51-K01," Рамка 4-мест. ""BRITE""  бел. рифленый  IEK  (1/100)",,,,,,
030201086_,BR-M42-51-K10," Рамка 4-мест. ""BRITE""  беж. рифленый  IEK  (1/100)",,,,,,
030201087_,BR-M12-G-31-K01," Рамка 1-мест. ""BRITE""  стекло бел. матовый  IEK  (1/100)",,,,,,
030201088_,BR-M12-G-31-K02," Рамка 1-мест. ""BRITE""  стекло черн. матовый  IEK  (1/100)",,,,,,
030201089_,BR-M12-G-31-K35," Рамка 1-мест. ""BRITE""  стекло маренго матовый  IEK  (1/100)",,,,,,
030201090_,BR-M12-G-41-K01," Рамка 1-мест. ""BRITE""  стекло бел. RE  IEK  (1/100)",,,,,,
030201091_,BR-M12-G-41-K02," Рамка 1-мест. ""BRITE""  стекло черн. RE  IEK  (1/100)",,,,,,
030201092_,BR-M12-G-41-K53," Рамка 1-мест. ""BRITE""  стекло графит RE  IEK  (1/100)",,,,,,
030201093_,BR-M12-G-41-K98," Рамка 1-мест. ""BRITE""  стекло песчаный RE  IEK  (1/100)",,,,,,
030201094_,BR-M12-M-01-K02," Рамка 1-мест. ""BRITE""  металл черн. RE  IEK  (1/100)",,,,,,
030201095_,BR-M12-M-01-K47," Рамка 1-мест. ""BRITE""  металл алюм. RE  IEK  (1/100)",,,,,,
030201096_,BR-M12-M-01-K48," Рамка 1-мест. ""BRITE""  металл титан RE  IEK  (1/100)",,,,,,
030201034_,BR-M12-M-01-K49," Рамка 1-мест. ""BRITE""  металл латунь RE  IEK  (1/100)",,,,,,
030201097_,BR-M12-M-21-K02," Рамка 1-мест. ""BRITE""  металл черн. RE AL  IEK  (1/100)",,,,,,
030201098_,BR-M12-M-21-K30," Рамка 1-мест. ""BRITE""  металл коричн. RE AL  IEK  (1/100)",,,,,,
030201099_,BR-M12-M-21-K37," Рамка 1-мест. ""BRITE""  металл шамп. RE AL  IEK  (1/100)",,,,,,
030201100_,BR-M12-M-21-K47," Рамка 1-мест. ""BRITE""  металл алюм. RE AL  IEK  (1/100)",,,,,,
030201101_,BR-M42-12-4-K23," Рамка 4-мест. ""BRITE""  хром/никель  IEK  (1/100)",,,,,,
030201102_,BR-M22-G-31-K01," Рамка 2-мест. ""BRITE""  стекло бел. матовый  IEK  (1/100)",,,,,,
030201103_,BR-M22-G-31-K02," Рамка 2-мест. ""BRITE""  стекло черн. матовый  IEK  (1/100)",,,,,,
030201104_,BR-M22-G-31-K35," Рамка 2-мест. ""BRITE""  стекло маренго матовый  IEK  (1/100)",,,,,,
030201105_,BR-M22-G-41-K01," Рамка 2-мест. ""BRITE""  стекло бел. RE  IEK  (1/100)",,,,,,
030201106_,BR-M22-G-41-K02," Рамка 2-мест. ""BRITE""  стекло черн. RE  IEK  (1/100)",,,,,,
030201107_,BR-M22-G-41-K53," Рамка 2-мест. ""BRITE""  стекло графит RE  IEK  (1/100)",,,,,,
030201108_,BR-M22-G-41-K98," Рамка 2-мест. ""BRITE""  стекло песчаный RE  IEK  (1/100)",,,,,,
030201109_,BR-M22-M-01-K02," Рамка 2-мест. ""BRITE""  металл черн. RE  IEK  (1/100)",,,,,,
030201110_,BR-M22-M-01-K47," Рамка 2-мест. ""BRITE""  металл алюм. RE  IEK  (1/100)",,,,,,
030201111_,BR-M22-M-01-K48," Рамка 2-мест. ""BRITE""  металл титан RE  IEK  (1/100)",,,,,,
030201035_,BR-M22-M-01-K49," Рамка 2-мест. ""BRITE""  металл латунь RE  IEK  (1/100)",,,,,,
030201112_,BR-M22-M-21-K02," Рамка 2-мест. ""BRITE""  металл черн. RE AL  IEK  (1/100)",,,,,,
030201113_,BR-M22-M-21-K30," Рамка 2-мест. ""BRITE""  металл коричн. RE AL  IEK  (1/100)",,,,,,
030201114_,BR-M22-M-21-K37," Рамка 2-мест. ""BRITE""  металл шамп. RE AL  IEK  (1/100)",,,,,,
030201115_,BR-M22-M-21-K47," Рамка 2-мест. ""BRITE""  металл алюм. RE AL  IEK  (1/100)",,,,,,
030201116_,BR-M32-G-31-K01," Рамка 3-мест. ""BRITE""  стекло бел. матовый  IEK  (1/50)",,,,,,
030201117_,BR-M32-G-31-K02," Рамка 3-мест. ""BRITE""  стекло черн. матовый  IEK  (1/50)",,,,,,
030201118_,BR-M32-G-31-K35," Рамка 3-мест. ""BRITE""  стекло маренго матовый  IEK  (1/50)",,,,,,
030201119_,BR-M32-G-41-K01," Рамка 3-мест. ""BRITE""  стекло бел. RE  IEK  (1/50)",,,,,,
030201120_,BR-M32-G-41-K02," Рамка 3-мест. ""BRITE""  стекло черн. RE  IEK  (1/50)",,,,,,
030201121_,BR-M32-G-41-K53," Рамка 3-мест. ""BRITE""  стекло графит RE  IEK  (1/50)",,,,,,
030201122_,BR-M32-G-41-K98," Рамка 3-мест. ""BRITE""  стекло песчаный RE  IEK  (1/50)",,,,,,
030201123_,BR-M32-M-01-K02," Рамка 3-мест. ""BRITE""  металл черн. RE  IEK  (1/50)",,,,,,
030201124_,BR-M32-M-01-K47," Рамка 3-мест. ""BRITE""  металл алюм. RE  IEK  (1/50)",,,,,,
030201125_,BR-M32-M-01-K48," Рамка 3-мест. ""BRITE""  металл титан RE  IEK  (1/50)",,,,,,
030201036_,BR-M32-M-01-K49," Рамка 3-мест. ""BRITE""  металл латунь RE  IEK  (1/50)",,,,,,
030201126_,BR-M32-M-21-K02," Рамка 3-мест. ""BRITE""  металл черн. RE AL  IEK  (1/50)",,,,,,
030201127_,BR-M32-M-21-K30," Рамка 3-мест. ""BRITE""  металл коричн. RE AL  IEK  (1/50)",,,,,,
030201128_,BR-M32-M-21-K37," Рамка 3-мест. ""BRITE""  металл шамп. RE AL  IEK  (1/50)",,,,,,
030201129_,BR-M32-M-21-K47," Рамка 3-мест. ""BRITE""  металл алюм. RE AL  IEK  (1/50)",,,,,,
030201130_,BR-M42-G-31-K01," Рамка 4-мест. ""BRITE""  стекло бел. матовый  IEK  (1/50)",,,,,,
030201131_,BR-M42-G-31-K02," Рамка 4-мест. ""BRITE""  стекло черн. матовый  IEK  (1/50)",,,,,,
030201132_,BR-M42-G-31-K35," Рамка 4-мест. ""BRITE""  стекло маренго матовый  IEK  (1/50)",,,,,,
030201133_,BR-M42-G-41-K01," Рамка 4-мест. ""BRITE""  стекло бел. RE  IEK  (1/50)",,,,,,
030201134_,BR-M42-G-41-K02," Рамка 4-мест. ""BRITE""  стекло черн. RE  IEK  (1/50)",,,,,,
030201135_,BR-M42-G-41-K53," Рамка 4-мест. ""BRITE""  стекло графит RE  IEK  (1/50)",,,,,,
030201136_,BR-M42-G-41-K98," Рамка 4-мест. ""BRITE""  стекло песчаный RE  IEK  (1/50)",,,,,,
030201137_,BR-M42-M-01-K02," Рамка 4-мест. ""BRITE""  металл черн. RE  IEK  (1/50)",,,,,,
030201138_,BR-M42-M-01-K47," Рамка 4-мест. ""BRITE""  металл алюм. RE  IEK  (1/50)",,,,,,
030201139_,BR-M42-M-01-K48," Рамка 4-мест. ""BRITE""  металл титан RE  IEK  (1/50)",,,,,,
030201037_,BR-M42-M-01-K49," Рамка 4-мест. ""BRITE""  металл латунь RE  IEK  (1/50)",,,,,,
030201140_,BR-M42-M-21-K02," Рамка 4-мест. ""BRITE""  металл черн. RE AL  IEK  (1/50)",,,,,,
030201141_,BR-M42-M-21-K30," Рамка 4-мест. ""BRITE""  металл коричн. RE AL  IEK  (1/50)",,,,,,
030201142_,BR-M42-M-21-K37," Рамка 4-мест. ""BRITE""  металл шамп. RE AL  IEK  (1/50)",,,,,,
030201143_,BR-M42-M-21-K47," Рамка 4-мест. ""BRITE""  металл алюм. RE AL  IEK  (1/50)",,,,,,
030201061_,BR-M52-12-1-K10," Рамка 5-мест. ""BRITE""  беж./жемч.  IEK  (1/100)",,,,,,
030201144_,BR-M52-12-2-K23," Рамка 5-мест. ""BRITE""  хром/черн.  IEK  (1/100)",,,,,,
030201145_,BR-M52-12-3-K10," Рамка 5-мест. ""BRITE""  беж./шамп.  IEK  (1/100)",,,,,,
030201146_,BR-M52-12-K01," Рамка 5-мест. ""BRITE""  бел./бел.  IEK  (1/100)",,,,,,
030201147_,BR-M52-12-K47," Рамка 5-мест. ""BRITE""  алюм./алюм.  IEK  (1/100)",,,,,,
030201148_,BR-M52-51-K01," Рамка 5-мест. ""BRITE""  бел. рифленый  IEK  (1/100)",,,,,,
030201149_,BR-M52-51-K10," Рамка 5-мест. ""BRITE""  беж. рифленый  IEK  (1/100)",,,,,,
030201150_,BR-M52-12-4-K23," Рамка 5-мест. ""BRITE""  хром/никель  IEK  (1/100)",,,,,,
,Расширение 3кв 24,,,,,,,
251400143_,MKM11-N-12-54-Z,Корпус метал. ЩРн-12 (240х330х120) IP54 TITAN 3 IEK,,,,,,
150101140_,MKM11-N-18-54-Z,Корпус метал. ЩРн-18 (240х440х120) IP54 TITAN 3 IEK,,,5,,,
251400144_,MKM11-N-24-54-Z,Корпус метал. ЩРн-24 (410х330х120) IP54 TITAN 3 IEK,,,5,,,
251400145_,MKM11-N-36-54-Z,Корпус метал. ЩРн-36 (540х330х120) IP54 TITAN 3 IEK,,,3,,,
251400146_,MKM11-N-48-54-Z,Корпус метал. ЩРн-48 (670х330х120) IP54 TITAN 3 IEK,,,,,,
251400147_,MKM11-N-54-54-Z,Корпус метал. ЩРн-54 (540х440х120) IP54 TITAN 3 IEK,,,,,,
251400148_,MKM11-N-72-54-Z,Корпус метал. ЩРн-72 (540х660х120) IP54 TITAN 3 IEK,,,6,,,
251400065_,TI5-50-N-012-54-7035,Корпус мет. ЩРн-12 (1х12) 335х310х140 IP54 сер TITAN 5 IEK,,,,,,
250600289_,TI5-50-N-024-54-7035,Корпус мет. ЩРн-24 (1х24) 460х310х140 IP54 сер TITAN 5 IEK,,,,,,
250600275_,TI5-50-N-036-54-7035,Корпус мет. ЩРн-36 (1х36) 585х310х140 IP54 сер TITAN 5 IEK,,,,,,
251400066_,TI5-50-N-048-54-7035,Корпус мет. ЩРн-48 (1х48) 710х310х140 IP54 сер TITAN 5 IEK,,,,,,
251400067_,TI5-50-N-060-54-7035,Корпус мет. ЩРн-60 (1х60) 835х310х140 IP54 сер TITAN 5 IEK,,,,,,
251400068_,TI5-50-N-072-54-7035,Корпус мет. ЩРн-72 (1х72) 960х310х140 IP54 сер TITAN 5 IEK,,,,,,
251400069_,TI5-50-N-084-54-7035,Корпус мет. ЩРн-84 (1х84) 1085х310х140 IP54 сер TITAN 5 IEK,,,,,,
250600276_,TI5-50-N-2X024-54-7035,Корпус мет. ЩРн-48 (2х24) 460х570х140 IP54 сер TITAN 5 IEK,,,,,,
250600277_,TI5-50-N-2X036-54-7035,Корпус мет. ЩРн-72 (2х36) 585х570х140 IP54 сер TITAN 5 IEK,,,,,,
251400070_,TI5-50-N-2X048-54-7035,Корпус мет. ЩРн-96 (2х48) 710х570х140 IP54 сер TITAN 5 IEK,,,,,,
250600278_,TI5-50-N-2X060-54-7035,Корпус мет. ЩРн-120 (2х60) 835х570х140 IP54 сер TITAN 5 IEK,,,,,,
250600279_,TI5-50-N-2X072-54-7035,Корпус мет. ЩРн-144 (2х72) 960х570х140 IP54 сер TITAN 5 IEK,,,,,,
251400071_,TI5-50-N-2X084-54-7035,Корпус мет. ЩРн-168 (2х84) 1085х570х140 IP54 сер TITAN 5 IEK,,,,,,
251400072_,TI5-50-N-3X060-54-7035,Корпус мет. ЩРн-180 (3х60) 835х830х140 IP54 сер TITAN 5 IEK,,,,,,
251400073_,TI5-50-N-3X072-54-7035,Корпус мет. ЩРн-216 (3х72) 960х830х140 IP54 сер TITAN 5 IEK,,,,,,
251400074_,TI5-50-V-012-31-7035,Корпус мет. ЩРв-12 (1х12) 380х365х130 IP31 сер TITAN 5 IEK,,,,,,
251400075_,TI5-50-V-024-31-7035,Корпус мет. ЩРв-24 (1х24) 505х365х130 IP31 сер TITAN 5 IEK,,,,,,
251400076_,TI5-50-V-036-31-7035,Корпус мет. ЩРв-36 (1х36) 630х365х130 IP31 сер TITAN 5 IEK,,,,,,
251400077_,TI5-50-V-048-31-7035,Корпус мет. ЩРв-48 (1х48) 755х365х130 IP31 сер TITAN 5 IEK,,,,,,
251400078_,TI5-50-V-060-31-7035,Корпус мет. ЩРв-60 (1х60) 880х365х130 IP31 сер TITAN 5 IEK,,,,,,
251400079_,TI5-50-V-072-31-7035,Корпус мет. ЩРв-72 (1х72) 1005х365х130 IP31 сер TITAN 5 IEK,,,,,,
251400080_,TI5-50-V-084-31-7035,Корпус мет. ЩРв-84 (1х84) 1130х365х130 IP31 сер TITAN 5 IEK,,,,,,
251400081_,TI5-50-V-2X024-31-7035,Корпус мет. ЩРв-48 (2х24) 505х625х130 IP31 сер TITAN 5 IEK,,,,,,
251400082_,TI5-50-V-2X036-31-7035,Корпус мет. ЩРв-72 (2х36) 630х625х130 IP31 сер TITAN 5 IEK,,,,,,
251400083_,TI5-50-V-2X048-31-7035,Корпус мет. ЩРв-96 (2х48) 755х625х130 IP31 сер TITAN 5 IEK,,,1,,,
251400084_,TI5-50-V-2X060-31-7035,Корпус мет. ЩРв-120 (2х60) 880х625х130 IP31 сер TITAN 5 IEK,,,1,,,
251400085_,TI5-50-V-2X072-31-7035,Корпус мет. ЩРв-144 (2х72) 1005х625х130 IP31 сер TITAN 5 IEK,,,,,,
251400086_,TI5-50-V-2X084-31-7035,Корпус мет. ЩРв-168 (2х84) 1130х625х130 IP31 сер TITAN 5 IEK,,,,,,
251400087_,TI5-50-V-3X036-31-7035,Корпус мет. ЩРв-108 (3х36) 630х885х130 IP31 сер TITAN 5 IEK,,,,,,
251400088_,TI5-50-V-3X048-31-7035,Корпус мет. ЩРв-144 (3х48) 755х885х130 IP31 сер TITAN 5 IEK,,,,,,
251400089_,TI5-50-V-3X060-31-7035,Корпус мет. ЩРв-180 (3х60) 880х885х130 IP31 сер TITAN 5 IEK,,,,,,
251400090_,TI5-50-V-3X072-31-7035,Корпус мет. ЩРв-216 (3х72) 1005х885х130 IP31 сер TITAN 5 IEK,,,,,,
251400091_,TI5-50-V-3X084-31-7035,Корпус мет. ЩРв-252 (3х84) 1130х885х130 IP31 сер TITAN 5 IEK,,,,,,
251400092_,TI5-10-N-030-030-015-66,Корпус металлический ЩМП-30.30.15 УХЛ1 IP66  TITAN 5 IEK,,,,,,
251400093_,TI5-10-N-030-030-020-66,Корпус металлический ЩМП-30.30.20 УХЛ1 IP66  TITAN 5 IEK,,,,,,
251400094_,TI5-10-N-030-040-015-66,Корпус металлический ЩМП-30.40.15 УХЛ1 IP66  TITAN 5 IEK,,,,,,
251400095_,TI5-10-N-030-040-020-66,Корпус металлический ЩМП-30.40.20 УХЛ1 IP66  TITAN 5 IEK,,,,,,
251400096_,TI5-10-N-040-030-015-66,Корпус металлический ЩМП-40.30.15 УХЛ1 IP66  TITAN 5 IEK,,,,,,
250600290_,TI5-10-N-040-030-020-66,Корпус металлический ЩМП-40.30.20 УХЛ1 IP66  TITAN 5 IEK,,,,,,
251400097_,TI5-10-N-040-040-015-66,Корпус металлический ЩМП-40.40.15 УХЛ1 IP66  TITAN 5 IEK,,,,,,
251400098_,TI5-10-N-040-040-020-66,Корпус металлический ЩМП-40.40.20 УХЛ1 IP66  TITAN 5 IEK,,,,,,
251400099_,TI5-10-N-040-040-025-66,Корпус металлический ЩМП-40.40.25 УХЛ1 IP66  TITAN 5 IEK,,,,,,
251400100_,TI5-10-N-040-060-015-66,Корпус металлический ЩМП-40.60.15 УХЛ1 IP66  TITAN 5 IEK,,,,,,
251400101_,TI5-10-N-040-060-020-66,Корпус металлический ЩМП-40.60.20 УХЛ1 IP66  TITAN 5 IEK,,,,,,
251400102_,TI5-10-N-040-060-025-66,Корпус металлический ЩМП-40.60.25 УХЛ1 IP66  TITAN 5 IEK,,,1,,,
251400103_,TI5-10-N-050-030-015-66,Корпус металлический ЩМП-50.30.15 УХЛ1 IP66  TITAN 5 IEK,,,,,,
251400104_,TI5-10-N-050-030-020-66,Корпус металлический ЩМП-50.30.20 УХЛ1 IP66  TITAN 5 IEK,,,,,,
251400105_,TI5-10-N-050-040-015-66,Корпус металлический ЩМП-50.40.15 УХЛ1 IP66  TITAN 5 IEK,,,,,,
251400106_,TI5-10-N-050-040-020-66,Корпус металлический ЩМП-50.40.20 УХЛ1 IP66  TITAN 5 IEK,,,,,,
250600291_,TI5-10-N-050-040-025-66,Корпус металлический ЩМП-50.40.25 УХЛ1 IP66  TITAN 5 IEK,,,,,,
251400107_,TI5-10-N-050-050-020-66,Корпус металлический ЩМП-50.50.20 УХЛ1 IP66  TITAN 5 IEK,,,,,,
251400108_,TI5-10-N-050-050-030-66,Корпус металлический ЩМП-50.50.30 УХЛ1 IP66  TITAN 5 IEK,,,2,,,
251400109_,TI5-10-N-050-060-020-66,Корпус металлический ЩМП-50.60.20 УХЛ1 IP66  TITAN 5 IEK,,,,,,
251400110_,TI5-10-N-050-060-030-66,Корпус металлический ЩМП-50.60.30 УХЛ1 IP66  TITAN 5 IEK,,,,,,
251400111_,TI5-10-N-060-040-020-66,Корпус металлический ЩМП-60.40.20 УХЛ1 IP66  TITAN 5 IEK,,,,,,
251400112_,TI5-10-N-060-040-025-66,Корпус металлический ЩМП-60.40.25 УХЛ1 IP66  TITAN 5 IEK,,,,,,
251400113_,TI5-10-N-060-040-040-66,Корпус металлический ЩМП-60.40.40 УХЛ1 IP66  TITAN 5 IEK,,,,,,
251400114_,TI5-10-N-060-050-015-66,Корпус металлический ЩМП-60.50.15 УХЛ1 IP66  TITAN 5 IEK,,,,,,
250600292_,TI5-10-N-060-050-020-66,Корпус металлический ЩМП-60.50.20 УХЛ1 IP66  TITAN 5 IEK,,,,,,
251400115_,TI5-10-N-060-050-025-66,Корпус металлический ЩМП-60.50.25 УХЛ1 IP66  TITAN 5 IEK,,,,,,
251400116_,TI5-10-N-060-060-025-66,Корпус металлический ЩМП-60.60.25 УХЛ1 IP66  TITAN 5 IEK,,,1,,,
251400117_,TI5-10-N-060-060-040-66,Корпус металлический ЩМП-60.60.40 УХЛ1 IP66  TITAN 5 IEK,,,,,,
251400118_,TI5-10-N-070-050-020-66,Корпус металлический ЩМП-70.50.20 УХЛ1 IP66  TITAN 5 IEK,,,,,,
251400119_,TI5-10-N-070-050-025-66,Корпус металлический ЩМП-70.50.25 УХЛ1 IP66  TITAN 5 IEK,,,,,,
251400120_,TI5-10-N-080-060-020-66,Корпус металлический ЩМП-80.60.20 УХЛ1 IP66  TITAN 5 IEK,,,,,,
250600293_,TI5-10-N-080-060-025-66,Корпус металлический ЩМП-80.60.25 УХЛ1 IP66  TITAN 5 IEK,,,,,,
251400121_,TI5-10-N-080-060-030-66,Корпус металлический ЩМП-80.60.30 УХЛ1 IP66  TITAN 5 IEK,,,,,,
251400122_,TI5-10-N-080-060-040-66,Корпус металлический ЩМП-80.60.40 УХЛ1 IP66  TITAN 5 IEK,,,,,,
251400123_,TI5-10-N-080-080-020-66,Корпус металлический ЩМП-80.80.20 УХЛ1 IP66  TITAN 5 IEK,,,,,,
251400124_,TI5-10-N-080-080-030-66,Корпус металлический ЩМП-80.80.30 УХЛ1 IP66  TITAN 5 IEK,,,,,,
251400125_,TI5-10-N-080-080-040-66,Корпус металлический ЩМП-80.80.40 УХЛ1 IP66  TITAN 5 IEK,,,,,,
251400126_,TI5-10-N-100-060-020-66,Корпус металлический ЩМП-100.60.20 УХЛ1 IP66  TITAN 5 IEK,,,,,,
250600294_,TI5-10-N-100-060-025-66,Корпус металлический ЩМП-100.60.25 УХЛ1 IP66  TITAN 5 IEK,,,,,,
251400127_,TI5-10-N-100-060-030-66,Корпус металлический ЩМП-100.60.30 УХЛ1 IP66  TITAN 5 IEK,,,2,,,
251400128_,TI5-10-N-100-060-040-66,Корпус металлический ЩМП-100.60.40 УХЛ1 IP66  TITAN 5 IEK,,,,,,
251400129_,TI5-10-N-100-080-030-66,Корпус металлический ЩМП-100.80.30 УХЛ1 IP66  TITAN 5 IEK,,,,,,
250600271_,TI5-10-N-100-080-040-66,Корпус металлический ЩМП-100.80.40 УХЛ1 IP66  TITAN 5 IEK,,,,,,
251400130_,TI5-10-N-120-060-020-66,Корпус металлический ЩМП-120.60.20 УХЛ1 IP66  TITAN 5 IEK,,,,,,
251400131_,TI5-10-N-120-060-030-66,Корпус металлический ЩМП-120.60.30 УХЛ1 IP66  TITAN 5 IEK,,,,,,
251400132_,TI5-10-N-120-060-040-66,Корпус металлический ЩМП-120.60.40 УХЛ1 IP66  TITAN 5 IEK,,,,,,
251400133_,TI5-10-N-120-080-030-66,Корпус металлический ЩМП-120.80.30 УХЛ1 IP66  TITAN 5 IEK,,,,,,
251400134_,TI5-10-N-120-080-040-66,Корпус металлический ЩМП-120.80.40 УХЛ1 IP66  TITAN 5 IEK,,,,,,
251400135_,TI5-10-N-140-060-030-66,Корпус металлический ЩМП-140.60.30 УХЛ1 IP66  TITAN 5 IEK,,,,,,
251400136_,TI5-10-N-140-080-030-66,Корпус металлический ЩМП-140.80.30 УХЛ1 IP66  TITAN 5 IEK,,,,,,
251400137_,KR5-KP12-N-12-41,Корпус пластиковый ЩРН-П 12 IP40 KREPTA 5 IEK,,,,,,
251400138_,KR5-KP12-N-24-41,Корпус пластиковый ЩРН-П 24 IP40 KREPTA 5 IEK,,,,,,
251400139_,KR5-KP12-V-24-41,Корпус пластиковый ЩРВ-П 24 IP40 KREPTA 5 IEK,,,,,,
251400140_,KR5-KP13-N-12-41,Корпус пластиковый ЩРН-П 12 белая дверь IP40 KREPTA 5 IEK,,,,,,
251400141_,KR5-KP13-N-24-41,Корпус пластиковый ЩРН-П 24 белая дверь IP40 KREPTA 5 IEK,,,,,,
251400142_,KR5-KP13-V-24-41,Корпус пластиковый ЩРВ-П 24 белая дверь IP40 KREPTA 5 IEK,,,,,,
251400045_,TFM-KP73-N-02-41-K01-K01,Корпус пласт. КМПн-2 IP41 белый TEKFOR Mini  IEK,,,,,,
251400046_,TFM-KP73-N-04-41-K01-K01,Корпус пласт. КМПн-4 IP41 белый TEKFOR Mini  IEK,,,,,,
251400047_,TFM-KP73-N-06-41-K01-K01,Корпус пласт. КМПн-6 IP41 белый TEKFOR Mini  IEK,,,,,,
251400040_,TF5-KP12-N-08-41-K01-K03,Корпус пласт. ЩРН-П 8 IP41 черн. прозр. дверь TEKFOR IEK,,,,,,
251400041_,TF5-KP12-N-12-41-K01-K03,Корпус пласт. ЩРН-П 12 IP41 черн. прозр. дверь TEKFOR IEK,,,,,,
251400042_,TF5-KP12-N-24-41-K01-K03,Корпус пласт. ЩРН-П 24 IP41 черн. прозр. дверь TEKFOR IEK,10,,,,,
251400043_,TF5-KP12-N-36-41-K01-K03,Корпус пласт. ЩРН-П 36 IP41 черн. прозр. дверь TEKFOR IEK,,,,,,
251400044_,TF5-KP12-N-54-41-K01-K03,Корпус пласт. ЩРН-П 54 IP41 черн. прозр. дверь TEKFOR IEK,,,,,,
251400039_,TF5-KP12-V-08-41-K01-K03,Корпус пласт. ЩРВ-П 8 IP41 черн. прозр. дверь TEKFOR IEK,,,,,,
251400017_,TF5-KP12-V-12-41-K01-K03,Корпус пласт. ЩРВ-П 12 IP41 черн. прозр. дверь TEKFOR IEK,,,,,,
251400019_,TF5-KP12-V-24-41-K01-K03,Корпус пласт. ЩРВ-П 24 IP41 черн. прозр. дверь TEKFOR IEK,,,,,,
251400020_,TF5-KP12-V-36-41-K01-K03,Корпус пласт. ЩРВ-П 36 IP41 черн. прозр. дверь TEKFOR IEK,,,,,,
251400030_,TF5-KP12-V-54-41-K01-K03,Корпус пласт. ЩРВ-П 54 IP41 черн. прозр. дверь TEKFOR IEK,,,20,,,
251400031_,TF5-KP13-N-08-41-K01-K01,Корпус пласт. ЩРН-П 8 IP41 бел. дверь TEKFOR IEK,,,,,,
251400032_,TF5-KP13-N-12-41-K01-K01,Корпус пласт. ЩРН-П 12 IP41 бел. дверь TEKFOR IEK,,,,,,
251400028_,TF5-KP13-N-24-41-K01-K01,Корпус пласт. ЩРН-П 24 IP41 бел. дверь TEKFOR IEK,,,12,,,
251400029_,TF5-KP13-N-36-41-K01-K01,Корпус пласт. ЩРН-П 36 IP41 бел. дверь TEKFOR IEK,,,2,,,
251400033_,TF5-KP13-N-54-41-K01-K01,Корпус пласт. ЩРН-П 54 IP41 бел. дверь TEKFOR IEK,,,,,,
251400034_,TF5-KP13-V-08-41-K01-K01,Корпус пласт. ЩРВ-П 8 IP41 бел. дверь TEKFOR IEK,,,,,,
251400035_,TF5-KP13-V-12-41-K01-K01,Корпус пласт. ЩРВ-П 12 IP41 бел. дверь TEKFOR IEK,,,,,,
251400036_,TF5-KP13-V-24-41-K01-K01,Корпус пласт. ЩРВ-П 24 IP41 бел. дверь TEKFOR IEK,,,14,,,
251400037_,TF5-KP13-V-36-41-K01-K01,Корпус пласт. ЩРВ-П 36 IP41 бел. дверь TEKFOR IEK,,,,,,
251400038_,TF5-KP13-V-54-41-K01-K01,Корпус пласт. ЩРВ-П 54 IP41 бел. дверь TEKFOR IEK,,,,,,
251400021_,TF5-KP72-N-06-65-K03-K02,Корпус пласт. КМПн-6 IP65 черн. прозр. дверь TEKFOR IEK,,,,,,
251400022_,TF5-KP72-N-08-65-K03-K02,Корпус пласт. КМПн-8 IP65 черн. прозр. дверь TEKFOR IEK,,,,,,
251400023_,TF5-KP72-N-12-65-K03-K02,Корпус пласт. КМПн-12 IP65 черн. прозр. дверь TEKFOR IEK,,,,,,
251400024_,TF5-KP72-N-18-65-K03-K02,Корпус пласт. КМПн-18 IP65 черн. прозр. дверь TEKFOR IEK,,,,,,
251400025_,TF5-KP72-N-24-65-K03-K02,Корпус пласт. КМПн-24 IP65 черн. прозр. дверь TEKFOR IEK,,,,,,
251400026_,TF5-KP72-N-36-65-K03-K02,Корпус пласт. КМПн-36 IP65 черн. прозр. дверь TEKFOR IEK,,,,,,
251400027_,TF5-KP72-N-54-65-K03-K02,Корпус пласт. КМПн-54 IP65 черн. прозр. дверь TEKFOR IEK,,,,,,
251400048_,UIC-KP12-N-04-41-K01,Корпус пласт. ЩРН-П 4 IP41 черн. пр. дв. UNION Compact IEK,,,,,,
251400049_,UIC-KP12-N-06-41-K01,Корпус пласт. ЩРН-П 6 IP41 черн. пр. дв. UNION Compact IEK,,,,,,
251400050_,UIC-KP12-N-08-41-K01,Корпус пласт. ЩРН-П 8 IP41 черн. пр. дв. UNION Compact IEK,,,,,,
251400051_,UIC-KP12-N-12-41-K01,Корпус пласт. ЩРН-П 12 IP41 черн. пр. дв. UNION Compact IEK,,,,,,
251400052_,UIC-KP12-N-18-41-K01,Корпус пласт. ЩРН-П 18 IP41 черн. пр. дв. UNION Compact IEK,,,,,,
251400053_,UIC-KP12-V-06-41-K01,Корпус пласт. ЩРВ-П 6 IP41 черн. пр. дв. UNION Compact IEK,,,,,,
251400054_,UIC-KP12-V-08-41-K01,Корпус пласт. ЩРВ-П 8 IP41 черн. пр. дв. UNION Compact IEK,,,,,,
251400055_,UIC-KP12-V-12-41-K01,Корпус пласт. ЩРВ-П 12 IP41 черн. пр. дв. UNION Compact IEK,,,,,,
251400056_,UIC-KP12-V-18-41-K01,Корпус пласт. ЩРВ-П 18 IP41 черн. пр. дв. UNION Compact IEK,,,,,,
251400057_,UIC-KP13-N-04-41-K01,Корпус пласт. ЩРН-П 4 IP41 бел. дв. UNION Compact IEK,,,,,,
251400058_,UIC-KP13-N-06-41-K01,Корпус пласт. ЩРН-П 6 IP41 бел. дв. UNION Compact IEK,,,,,,
251400059_,UIC-KP13-N-08-41-K01,Корпус пласт. ЩРН-П 8 IP41 бел. дв. UNION Compact IEK,,,,,,
251400060_,UIC-KP13-N-12-41-K01,Корпус пласт. ЩРН-П 12 IP41 бел. дв. UNION Compact IEK,,,,,,
251400061_,UIC-KP13-N-18-41-K01,Корпус пласт. ЩРН-П 18 IP41 бел. дв. UNION Compact IEK,,,,,,
251400062_,UIC-KP13-V-08-41-K01,Корпус пласт. ЩРВ-П 8 IP41 бел. дв. UNION Compact IEK,,,,,,
251400063_,UIC-KP13-V-12-41-K01,Корпус пласт. ЩРВ-П 12 IP41 бел. дв. UNION Compact IEK,,,,,,
251400064_,UIC-KP13-V-18-41-K01,Корпус пласт. ЩРВ-П 18 IP41 бел. дв. UNION Compact IEK,,,,,,
,Е-про,,,,,,,
MKK11-20-22,MKK11-20-22,Контактор КМ 20-22М AC IEK E-PRO,,,10,,,
120100307_,MKK11-20-40,Контактор КМ 20-40М AC IEK E-PRO,,,11,,,
MKK11-40-11,MKK11-40-11,Контактор КМ 40-11М AC IEK E-PRO,,10,,,,
120100325_,MKK11-40-20,Контактор КМ 40-20М AC IEK E-PRO,,,,,,
120100308_,MKK21-40-40,Контактор КМ 40-40М AC/DC IEK E-PRO,,,,,,
MKK11-63-20,MKK11-63-20,Контактор КМ 63-20М AC IEK E-PRO,,,20,,,
120100309_,MKK21-63-40,Контактор КМ 63-40М AC/DC IEK E-PRO,,,,,,
,2 кв 2025,,,,,,,
280300733_,CMZ13-SBT-10-050,STRUT-болт с конусной пружиной М10х50 IEK,,,,,,
280300734_,CMZ13-SBT-08-030,STRUT-болт с конусной пружиной М8х30 IEK,,,,,,
280300735_,CMZ13-SBT-08-040,STRUT-болт с конусной пружиной М8х40 IEK,,,,,,
280300736_,CMZ13-SBT-08-050,STRUT-болт с конусной пружиной М8х50 IEK,,,,,,
280300737_,CMZ13-SGH-10,STRUT-гайка с конусной пружиной М10 IEK,,,,,,
280300738_,CMZ13-SGH-08,STRUT-гайка с конусной пружиной М8 IEK,,,,,,
280300739_,CLP1S-41-21-20-20,"STRUT-профиль перфорированный 41x21х2000-2,0 IEK",,,,,,
280300740_,CLP1S-41-21-20-25,"STRUT-профиль перфорированный 41x21х2000-2,5 IEK",,,,,,
280300741_,CLP1S-41-21-20-15,"STRUT-профиль перфорированный 41х21х2000-1,5 IEK",,,,,,
280300742_,CLP1S-41-21-04-15,"STRUT-профиль перфорированный 41х21х400-1,5 IEK",,,,,,
280300743_,CLP1S-41-21-05-15,"STRUT-профиль перфорированный 41х21х500-1,5 IEK",,,,,,
280300744_,CLM50D-CSO-41-21-02,Консоль STRUT 41х21-200 EZ IEK,,,,,,
280300745_,CLM50D-CSO-41-21-03,Консоль STRUT 41х21-300 EZ IEK,,,,,,
280300673_,CLM50D-PSS-185-40,Пластина соед. с 4 отверстиями для STRUT-профиля EZ IEK,,,,,,
280300746_,CLM50D-PTS-136-40,Пластина соединительная T-образная для STRUT-профиля EZ IEK,,,,,,
280300747_,CLM50D-UUS-107-40,Уголок крепежный двойной усиленный для STRUT-профиля EZ IEK,,,,,,
280300748_,CLM50D-UOS-058-40,Уголок крепежный одинарный для STRUT-профиля EZ IEK,,,,,,
200400330_,LC1-C604-127-T-P-R,"U/UTP кат.6 4х2х0,57 LSZH нг(А)-HF оранжевый (305м) ITK",,,,,,
200400329_,LC1-C604-128-T-P-R,"U/UTP кат.6 4х2х0,57 PVCLS нг(А)-LSLTx белый (305м) ITK",,,,,,
,2 кв 2025,,,,,,,
030201244_,BR-V23-0-10-K01,"Выкл 2-кл перекр 10А б/рамки ""BRITE"" белый (1/100)",,,,,,
030201236_,BR-V23-0-10-K02,"Выкл 2-кл перекр 10А б/рамки ""BRITE"" черный (1/100)",,,,,,
030201245_,BR-V23-0-10-K53,"Выкл 2-кл перекр 10А б/рамки ""BRITE"" графит (1/100)",,,,,,
030201246_,BR-V23-0-10-K47,"Выкл 2-кл перекр 10А б/рамки ""BRITE"" алюминий (1/100)",,,,,,
030201247_,BR-V23-0-10-K36,"Выкл 2-кл перекр 10А б/рамки ""BRITE"" жемчуг (1/100)",,,,,,
030201248_,BR-V23-0-10-K10,"Выкл 2-кл перекр 10А б/рамки ""BRITE"" бежевый (1/100)",,,,,,
030201249_,BR-V23-0-10-K35,"Выкл 2-кл перекр 10А б/рамки ""BRITE"" маренго (1/100)",,,,,,
030201250_,BR-V23-0-10-K46,"Выкл 2-кл перекр 10А б/рамки ""BRITE"" сталь (1/100)",,,,,,
030201251_,BR-V23-0-10-K45,"Выкл 2-кл перекр 10А б/рамки ""BRITE"" темная бронза (1/100)",,,,,,
030201252_,BR-V23-0-10-K37,"Выкл 2-кл перекр 10А б/рамки ""BRITE"" шампань (1/100)",,,,,,
280301023_,ZKZ11-14-020-06,Комплект заземления 6/20 б/м оц. сталь HDZ IEK,,,,,,
280301024_,ZKZ11-14-020-09,Комплект заземления 9/20 б/м оц. сталь HDZ IEK,,,,,,
290100031_,WFP10-16-03-01-N,"СФ-03К-вык (3 мест/1,5м.) IEK",,,,,,
290100032_,WFP10-16-05-01-N,"СФ-05К-вык (5 мест/1,5м.) IEK",,,,,,
290100033_,WFP10-16-05-03-N,СФ-05К-вык (5 мест/3м.) IEK,,,4,,,
290100122_,WFP10-16-05-03-ZK-K02,СФ-05К-вык (5 мест/3м.) черный IEK,,,,,,
290100146_,WFP10-16-05-03-ZK-K03,СФ-05К-вык (5 мест/3м.) серый IEK,,,,,,
290100034_,WFP10-16-05-05-N,СФ-05К-вык (5 мест/5м.) IEK,,,,,,
290100147_,WFP10-16-05-05-ZK-K02,СФ-05К-вык (5 мест/5м.) черный IEK,,,,,,
290100148_,WFP10-16-05-05-ZK-K03,СФ-05К-вык (5 мест/5м.) серый IEK,,,,,,
030300522_,UCP10-150,Паста контактная токопроводящая КПП-150 IEK,,,,,,
010300251_,KA-DP10-1-032,УЗДП 1P+N 32A KARAT IEK,,,,,,
010300252_,KA-DP10-1-063,УЗДП 1P+N 63A KARAT IEK,,,,,,
010300250_,KA-DP11-1-010-C,УЗДП c авт. выкл. 1P+N C 10A KARAT IEK,,,,,,
010300239_,KA-DP11-1-016-C,УЗДП c авт. выкл. 1P+N C 16A KARAT IEK,,,,,,
010300242_,KA-DP11-1-032-C,УЗДП c авт. выкл. 1P+N C 32A KARAT IEK,,,,,,
130500098_,MOP20-1-B,ОПС1-B 1Р In=30kA Un=400B Im=60kA IEK,,,,,,
130500136_,MOP20-1-C,ОПС1-C 1Р In=20kA Un=400B Im=40kA IEK,,,,,,
130500137_,MOP20-1-D,ОПС1-D 1Р In=5kA Un=230B Im=10kA IEK,,,,,,
130300207_,MOP20-2-C,ОПС1-C 2Р In=20kA Un=400B Im=40kA IEK,,,,,,
130500085_,MOP20-2-D,ОПС1-D 2Р In=5kA Un=230B Im=10kA IEK,,,,,,
130500102_,MOP20-3-B,ОПС1-B 3Р In=30kA Un=400B Im=60kA IEK,,,,,,
130500088_,MOP20-3-C,ОПС1-C 3Р In=20kA Un=400B Im=40kA IEK,,,,,,
130500094_,MOP20-4-B,ОПС1-B 4Р In=30kA Un=400B Im=60kA IEK,,,,,,
130500080_,MOP20-4-C,ОПС1-C 4Р In=20kA Un=400B Im=40kA IEK,,,,,,
010400925_,IVC21-1-25,Реле напряжения и тока РНТ-д однофазное 36мм 25А IEK,,,11,,,
010400854_,IVC21-1-50,Реле напряжения и тока РНТ-д однофазное 36мм 50А IEK,,,,,,
010400926_,IVC31-1-25,Реле напряжения и тока РНТ-д однофазное 54мм 25А IEK,,,5,,,
010400849_,IVC31-1-32,Реле напряжения и тока РНТ-д однофазное 54мм 32А IEK,,,7,,,
010400927_,IVC31-1-40,Реле напряжения и тока РНТ-д однофазное 54мм 40А IEK,,,8,,,
010400928_,IVC31-1-50,Реле напряжения и тока РНТ-д однофазное 54мм 50А IEK,,,,,,
010400850_,IVC31-1-63,Реле напряжения и тока РНТ-д однофазное 54мм 63А IEK,,4,,,,
010400929_,IVR21-1-25,Реле напряжения РН-д однофазное 36мм 25А IEK,,,5,,,
010400865_,IVR21-1-32,Реле напряжения РН-д однофазное 36мм 32А IEK,7,,,,,
010400867_,IVR21-1-40,Реле напряжения РН-д однофазное 36мм 40А IEK,,,,,,
010400930_,IVR31-1-25,Реле напряжения РН-д однофазное 54мм 25А IEK,,,,,,
010400931_,IVR31-1-32,Реле напряжения РН-д однофазное 54мм 32А IEK,,,3,,,
010400932_,IVR31-1-40,Реле напряжения РН-д однофазное 54мм 40А IEK,,,,,,
010400933_,IVR31-1-50,Реле напряжения РН-д однофазное 54мм 50А IEK,,,8,,,
010400934_,IVR31-1-63,Реле напряжения РН-д однофазное 54мм 63А IEK,,,,,,
,4 кв 2025,,,,,,,
270400046_,MPR10-1-063,Выключатель-разъединитель трехпозиционный ВРТ-63 1P 63А IEK,,,,,,
270400035_,MPR10-2-063,Выключатель-разъединитель трехпозиционный ВРТ-63 2P 63А IEK,,,,,,
270400047_,MPR10-3-063,Выключатель-разъединитель трехпозиционный ВРТ-63 3P 63А IEK,,,,,,
270400043_,MPR10-4-063,Выключатель-разъединитель трехпозиционный ВРТ-63 4P 63А IEK,,,,,,
010400939_,KKV12-7141-1-64,Микр. конц. МП-7141 укор. рычаг с рол. IP40 IEK,,,,,,
010400940_,KKV12-P124-1-67,Выкл. конц. C6N-124 толк. с наж. рол. резьб. IP67 IEK,,,,,,
010400941_,KKV12-P125-1-67,Выкл. конц. C6N-125 верт. толк. с наж. рол. рез. IP67 IEK,,,,,,
010400942_,KKV12-P167-1-67,Выкл. конц. C6N-167 пруж. стрерж. IP67 IEK,,,,,,
010400943_,KKV12-7124-1-64,Микр. конц. МП-7124 рычаг с рег. рол. IP40 IEK,,,,,,
010400944_,KKV12-7120-2-64,Микр. конц. МП-7120 рычаг IP40 IEK,,,,,,
010400945_,KKV12-P104-2-67,Выкл. конц. C6N-104 рычаг с рол. IP67 IEK,,,,,,
010400946_,KKV12-P111-1-67,Выкл. конц. C6N-111 толкатель IP67 IEK,,,,,,
010400947_,KKV12-7310-2-64,Микр. конц. МП-7310 толк. рез. IP40 IEK,,,6,,,
010400948_,KKV12-7144-1-64,Микр. конц. МП-7144 укор. рычаг с рег. рол. IP40 IEK,,,,,,
010400949_,KKV12-P108-1-67,Выкл. конц. C6N-108 рег. рычаг с рол. IP67 IEK,,,,,,
010400950_,KKV12-7121-1-64,Микр. конц. МП-7121 рычаг с рол. IP40 IEK,,,,,,
010400951_,KKV12-7140-2-64,Микр. конц. МП-7140 укор. рычаг IP40 IEK,,,,,,
010400952_,KKV12-P116-2-67,Выкл. конц. C6N-116 толк. с рыч. рол. прав. IP67 IEK,,,,,,
010400953_,KKV12-P122-1-67,Выкл. конц. C6N-122 толк. с наж. рол. IP67 IEK,,,,,,
010400954_,KKV12-P123-1-67,Выкл. конц. C6N-123 верт. толк. с наж. рол. IP67 IEK,,,,,,
010400955_,KKV12-7311-2-64,Микр. конц. МП-7311 гор. толк. с наж. рол. рез. IP40 IEK,,,,,,
010400956_,KKV12-P105-1-67,Выкл. конц. C6N-105 рычаг с мет. рол. IP67 IEK,,,,,,
010400957_,KKV12-P115-2-67,Выкл. конц. C6N-115 толк. с рыч. рол. лев. IP67 IEK,,,,,,
010400958_,KKV12-7100-2-64,Микр. конц. МП-7100 толкатель IP40 IEK,,,,,,
250600309_,TR5-11-N-030-20-13-65,TETRA Корпус пластик. ЩМПп 300х200х130мм прозр. IP66 IEK,,,,,,
250600310_,TR5-11-N-035-25-15-65,TETRA Корпус пластик. ЩМПп 350х250х150мм прозр. IP66 IEK,,,,,,
250600311_,TR5-11-N-040-30-17-65,TETRA Корпус пластик. ЩМПп 400х300х170мм прозр. IP66 IEK,,,,,,
250600312_,TR5-11-N-040-30-22-65,TETRA Корпус пластик. ЩМПп 400х300х220мм прозр. IP66 IEK,,,,,,
250600313_,TR5-11-N-050-40-18-65,TETRA Корпус пластик. ЩМПп 500х400х180мм прозр. IP66 IEK,,,,,,
250600314_,TR5-12-N-030-20-13-65,TETRA Корпус пластик. ЩМПп 300х200х130мм IP66 IEK,,,,,,
250600315_,TR5-12-N-035-25-15-65,TETRA Корпус пластик. ЩМПп 350х250х150мм IP66 IEK,,,,,,
250600316_,TR5-12-N-040-30-17-65,TETRA Корпус пластик. ЩМПп 400х300х170мм IP66 IEK,,,,,,
250600317_,TR5-12-N-040-30-22-65,TETRA Корпус пластик. ЩМПп 400х300х220мм IP66 IEK,,,,,,
250600318_,TR5-12-N-050-40-18-65,TETRA Корпус пластик. ЩМПп 500х400х180мм IP66 IEK,,,,,,
130200490_,A2L5-NS30-T2-13,ARMA2L 5 Отвертка диэлектрическая с жалами SLIM 13шт IEK,,,,,,
130200491_,A2L5-NS50-T2-14,ARMA2L 5 Отвертка динамометрическая с жалами SLIM 14шт IEK,,,,,,
130200492_,A2L5-SC30-T2-ZS-10-080,ARMA2L 5 Отвертка диэлектрическая PZ/SL1х80 Т2 IEK,,,,,,
130200493_,A2L5-SC30-T2-ZS-20-100,ARMA2L 5 Отвертка диэлектрическая PZ/SL2х100 Т2 IEK,,,,,,
130200494_,A2L5-SC31-T2-HS-20-100,ARMA2L 5 Отвертка диэлектрическая SLIM PH/SL2х100 Т2 IEK,,,,,,
,2кв 2026,,,,,,,
030201460_,TS-V16-0-10-55-K53,Выключатель 1-кл. о/у графит IP55 TORS IEK (1/60),,,,,,
030201461_,TS-V20-0-10-55-K53,Выключатель 2-кл. о/у графит IP55 TORS IEK (1/60),,,,,,
030201462_,TS-R16-16-55-K53,Розетка 1-я о/у з/к c крышкой графит IP55 TORS IEK (1/60),,,,,,
030201463_,TS-R26-16-55-G-K53,Розетка 2-я  о/у з/к с крышкой горизонтальная графит IP55 TORS IEK (1/40),,,,,,30
030201464_,TS-G10-6-55-V-K53,Блок розетка + выключатель горизонтальный о/у графит IP55 TORS IEK (1/40),,,,,,
030201465_,TS-R26-16-55-V-K53,Розетка 2-я о/у з/к с крышкой вертикальная графит IP55 TORS IEK (1/40),,,,,,20
030201466_,TS-V22-0-10-55-K53,Выключатель 2-кл. проходной о/у графит IP55 TORS IEK (1/80),,,,,,
030201467_,TS-V10-0-10-55-K53,Переключатель 1-кл. о/у графит IP55 TORS IEK (1/60),,,,,,
030201468_,TS-V14-0-10-55-K53,Выключатель кнопочный о/у графит IP55 TORS IEK (1/60),,,,,,
030201469_,TS-V16-0-10-55-k01,Выключатель 1-кл. о/у белый IP55 TORS IEK (1/60),,,40,,,
030201470_,TS-V20-0-10-55-k01,Выключатель 2-кл. о/у белый IP55 TORS IEK (1/60),,,,,,
030201471_,TS-R16-16-55-k01,Розетка 1-я о/у з/к c крышкой  белый IP55 TORS IEK (1/60),,,50,,,
030201472_,TS-R26-16-55-G-k01,Розетка 2-я  о/у з/к с крышкой горизонтальная белый IP55 TORS IEK (1/40),,,,,,
030201473_,TS-G10-6-55-V-k01,Блок розетка + выключатель горизонтальный о/у белый IP55 TORS IEK (1/40),,,,,,
030201474_,TS-R26-16-55-V-k01,Розетка 2-я о/у з/к с крышкой вертикальная белый IP55 TORS IEK (1/40),,,,,,
030201475_,TS-V22-0-10-55-k01,Выключатель 2-кл. проходной о/у белый IP55 TORS IEK (1/80),,,,,,
030201476_,TS-V10-0-10-55-k01,Переключатель 1-кл. о/у белый IP55 TORS IEK (1/60),,,,,,
030201477_,TS-V14-0-10-55-k01,Выключатель кнопочный о/у белый IP55 TORS IEK (1/60),,,,,,
030201478_,TS-V16-0-10-55-k41, Выключатель 1-кл. о/у серо-белый IP55 TORS IEK (1/60),,,,,,
030201479_,TS-V20-0-10-55-k41, Выключатель 2-кл. о/у серо-белый IP55 TORS IEK (1/60),,,,,,
030201480_,TS-R16-16-55-k41, Розетка 1-я о/у з/к c крышкой  серо-белый IP55 TORS IEK (1/60),40,37,,,,
030201481_,TS-R26-16-55-G-k41, Розетка 2-я  о/у з/к с крышкой горизонтальная серо-белый IP55 TORS IEK (1/40),,,80,,,
030201482_,TS-G10-6-55-V-k41,Блок розетка + выключатель горизонтальный о/у серо-белый IP55 TORS IEK (1/40),,,,,,
030201483_,TS-R26-16-55-V-k41, Розетка 2-я о/у з/к с крышкой вертикальная серо-белый IP55 TORS IEK (1/40),,,,,,
030201484_,TS-V22-0-10-55-k41, Выключатель 2-кл. проходной о/у серо-белый IP55 TORS IEK (1/80),,,,,,
030201485_,TS-V10-0-10-55-k41, Переключатель 1-кл. о/у серо-белый IP55 TORS IEK (1/60),,,,,,
030201486_,TS-V14-0-10-55-k41, Выключатель кнопочный о/у серо-белый IP55 TORS IEK (1/60),,,,,,
