tree,node,depth,count,is_leaf,feature,condition,left,right,missing_go_to_left,value,threshold,left_categories
0,0,0,86094,False,nonzero_12,nonzero_12 <= 0.375,1.0,10.0,False,0.0,0.375,[]
0,1,1,30705,False,mean_6,mean_6 <= 1.05124,2.0,7.0,True,-0.48546312876444736,1.0512417478780258,[]
0,2,2,22310,False,mean_6,mean_6 <= 0.166667,3.0,4.0,False,-0.5879928315412186,0.16666666666666666,[]
0,3,3,10648,True,,leaf,,,False,-0.022727272727272728,,[]
0,4,3,11662,False,category,"category in ['0104', '0201', '0203', '0811', '1201', '1306', '1510', '2403', '2502', '2506', '2704', '2802', '2901', '2902']",5.0,6.0,False,-0.4936600411240576,,"[""0104"", ""0201"", ""0203"", ""0811"", ""1201"", ""1306"", ""1510"", ""2403"", ""2502"", ""2506"", ""2704"", ""2802"", ""2901"", ""2902""]"
0,5,4,1294,True,,leaf,,,False,-0.022727272727272728,,[]
0,6,4,10368,True,,leaf,,,False,-0.022727272727272728,,[]
0,7,2,8395,False,nonzero_12,nonzero_12 <= 0.208333,8.0,9.0,False,-0.21261154074955382,0.20833333333333331,[]
0,8,3,3247,True,,leaf,,,False,-0.022727272727272728,,[]
0,9,3,5148,True,,leaf,,,False,-0.022727272727272728,,[]
0,10,1,55389,False,lag_1,lag_1 <= 0.370813,11.0,16.0,False,0.2692286864383834,0.3708125570615914,[]
0,11,2,15490,False,lag_1,lag_1 <= 0,12.0,15.0,True,-0.04903225806451613,0.0,[]
0,12,3,9125,False,month_sin,month_sin <= 0.25,13.0,14.0,True,-0.16540777230432402,0.25000000000000006,[]
0,13,4,4620,True,,leaf,,,False,-0.0012987012987012991,,[]
0,14,4,4505,True,,leaf,,,False,-0.022727272727272728,,[]
0,15,3,6365,True,,leaf,,,False,0.005906132912640508,,[]
0,16,2,39899,False,month_sin,month_sin <= 0.25,17.0,24.0,True,0.3927685484477186,0.25000000000000006,[]
0,17,3,25000,False,log_scale,log_scale <= 3.70233,18.0,23.0,True,0.5313874450219912,3.702330251838059,[]
0,18,4,16692,False,lag_3,lag_3 <= 0.200477,19.0,20.0,False,0.4188719913782781,0.20047732696897377,[]
0,19,5,3299,True,,leaf,,,False,0.010606060606060605,,[]
0,20,5,13393,False,lag_2,lag_2 <= 0.196721,21.0,22.0,False,0.4905618145191375,0.19672131147540986,[]
0,21,6,2142,True,,leaf,,,False,0.013678844519966019,,[]
0,22,6,11251,True,,leaf,,,False,0.03616843279419966,,[]
0,23,4,8308,True,,leaf,,,False,0.0369602553732721,,[]
0,24,3,14899,False,cv_12,cv_12 <= 0.717634,25.0,28.0,False,0.15997048762492455,0.717633938400299,[]
0,25,4,7026,False,log_scale,log_scale <= 5.41647,26.0,27.0,True,0.39397384877771463,5.416470704004615,[]
0,26,5,5049,True,,leaf,,,False,0.008903699266137486,,[]
0,27,5,1977,True,,leaf,,,False,0.013849640095974405,,[]
0,28,4,7873,True,,leaf,,,False,-0.0027272727272727258,,[]
1,0,0,86094,False,nonzero_12,nonzero_12 <= 0.375,1.0,10.0,False,0.0,0.375,[]
1,1,1,30705,False,mean_6,mean_6 <= 1.05124,2.0,7.0,True,-0.48390037440989747,1.0512417478780258,[]
1,2,2,22310,False,mean_6,mean_6 <= 0.166667,3.0,4.0,False,-0.5868279569892473,0.16666666666666666,[]
1,3,3,10648,True,,leaf,,,False,-0.02159090909090909,,[]
1,4,3,11662,False,category,"category in ['0104', '0201', '0203', '0811', '1201', '1306', '1510', '2403', '2502', '2506', '2704', '2802', '2901', '2902']",5.0,6.0,False,-0.4926319396847156,,"[""0104"", ""0201"", ""0203"", ""0811"", ""1201"", ""1306"", ""1510"", ""2403"", ""2502"", ""2506"", ""2704"", ""2802"", ""2901"", ""2902""]"
1,5,4,1294,True,,leaf,,,False,-0.02159090909090909,,[]
1,6,4,10368,True,,leaf,,,False,-0.02159090909090909,,[]
1,7,2,8395,False,nonzero_12,nonzero_12 <= 0.208333,8.0,9.0,False,-0.2099940511600238,0.20833333333333331,[]
1,8,3,3247,True,,leaf,,,False,-0.02159090909090909,,[]
1,9,3,5148,True,,leaf,,,False,-0.02159090909090909,,[]
1,10,1,55389,False,lag_1,lag_1 <= 0.206009,11.0,14.0,False,0.2575317243993574,0.20600858369098712,[]
1,11,2,11841,False,month_sin,month_sin <= 0.25,12.0,13.0,False,-0.10691080921441229,0.25000000000000006,[]
1,12,3,5867,True,,leaf,,,False,0.0019278262720885703,,[]
1,13,3,5974,True,,leaf,,,False,-0.012853087847481027,,[]
1,14,2,43548,False,month_sin,month_sin <= 0.25,15.0,24.0,True,0.356627944350062,0.25000000000000006,[]
1,15,3,26756,False,log_scale,log_scale <= 3.70233,16.0,21.0,True,0.4942090712097437,3.702330251838059,[]
1,16,4,17967,False,mean_6,mean_6 <= 1.36,17.0,20.0,True,0.3872169994993603,1.3599999999999999,[]
1,17,5,9363,False,cv_12,cv_12 <= 1.07046,18.0,19.0,True,0.25509442014296385,1.0704630042173193,[]
1,18,6,6109,True,,leaf,,,False,0.01932306940371457,,[]
1,19,6,3254,True,,leaf,,,False,0.004767502912433683,,[]
1,20,5,8604,True,,leaf,,,False,0.04376925947376111,,[]
1,21,4,8789,False,lag_2,lag_2 <= 0.371134,22.0,23.0,False,0.7122400272758268,0.37113402061855666,[]
1,22,5,827,True,,leaf,,,False,0.015648178191214505,,[]
1,23,5,7962,True,,leaf,,,False,0.03559641094439983,,[]
1,24,3,16792,False,cv_12,cv_12 <= 0.730782,25.0,28.0,False,0.13724556600404714,0.7307817334681389,[]
1,25,4,8062,False,log_scale,log_scale <= 5.41647,26.0,27.0,True,0.3520812685827552,5.416470704004615,[]
1,26,5,5941,True,,leaf,,,False,0.008406489677841451,,[]
1,27,5,2121,True,,leaf,,,False,0.012713881336692746,,[]
1,28,4,8730,True,,leaf,,,False,-0.0032360703812316705,,[]
2,0,0,86094,False,nonzero_12,nonzero_12 <= 0.375,1.0,10.0,False,0.0,0.375,[]
2,1,1,30705,False,mean_6,mean_6 <= 1.05124,2.0,7.0,True,-0.48188181670193714,1.0512417478780258,[]
2,2,2,22310,False,mean_6,mean_6 <= 0.166667,3.0,4.0,False,-0.5864695340501792,0.16666666666666666,[]
2,3,3,10648,True,,leaf,,,False,-0.020511363636363637,,[]
2,4,3,11662,False,category,"category in ['0104', '0201', '0203', '0811', '1201', '1306', '1510', '2403', '2502', '2506', '2704', '2802', '2901', '2902']",5.0,6.0,False,-0.49211788896504455,,"[""0104"", ""0201"", ""0203"", ""0811"", ""1201"", ""1306"", ""1510"", ""2403"", ""2502"", ""2506"", ""2704"", ""2802"", ""2901"", ""2902""]"
2,5,4,1294,True,,leaf,,,False,-0.020511363636363637,,[]
2,6,4,10368,True,,leaf,,,False,-0.020511363636363637,,[]
2,7,2,8395,False,nonzero_12,nonzero_12 <= 0.208333,8.0,9.0,False,-0.2035693039857228,0.20833333333333331,[]
2,8,3,3247,True,,leaf,,,False,-0.020511363636363637,,[]
2,9,3,5148,True,,leaf,,,False,-0.020511363636363637,,[]
2,10,1,55389,False,lag_1,lag_1 <= 0.370813,11.0,16.0,False,0.24576255889095472,0.3708125570615914,[]
2,11,2,15490,False,lag_1,lag_1 <= 0,12.0,15.0,True,-0.04606451612903226,0.0,[]
2,12,3,9125,False,month_sin,month_sin <= 0.25,13.0,14.0,True,-0.15555555555555556,0.25000000000000006,[]
2,13,4,4620,True,,leaf,,,False,-0.001330157547370664,,[]
2,14,4,4505,True,,leaf,,,False,-0.020948254698535042,,[]
2,15,3,6365,True,,leaf,,,False,0.0055490264385182845,,[]
2,16,2,39899,False,month_sin,month_sin <= 0.25,17.0,24.0,True,0.35904182014082037,0.25000000000000006,[]
2,17,3,25000,False,log_scale,log_scale <= 3.70233,18.0,23.0,True,0.4880447820871651,3.702330251838059,[]
2,18,4,16692,False,lag_3,lag_3 <= 0.200477,19.0,20.0,False,0.38055322715842416,0.20047732696897377,[]
2,19,5,3299,True,,leaf,,,False,0.008839675554450472,,[]
2,20,5,13393,False,lag_2,lag_2 <= 0.196721,21.0,22.0,False,0.44698947996717153,0.19672131147540986,[]
2,21,6,2142,True,,leaf,,,False,0.01194329500661026,,[]
2,22,6,11251,True,,leaf,,,False,0.03286488375521965,,[]
2,23,4,8308,True,,leaf,,,False,0.033385289318222454,,[]
2,24,3,14899,False,log_scale,log_scale <= 3.63209,25.0,26.0,True,0.14239720973908376,3.632088619767191,[]
2,25,4,9236,True,,leaf,,,False,-0.0010005341432760774,,[]
2,26,4,5663,False,cv_12,cv_12 <= 0.514419,27.0,28.0,False,0.4027851225101357,0.5144192097652285,[]
2,27,5,2709,True,,leaf,,,False,0.012453310400845134,,[]
2,28,5,2954,True,,leaf,,,False,0.008023275209908271,,[]
3,0,0,86094,False,nonzero_12,nonzero_12 <= 0.375,1.0,10.0,False,0.0,0.375,[]
3,1,1,30705,False,mean_6,mean_6 <= 1.05124,2.0,7.0,True,-0.4803841771121602,1.0512417478780258,[]
3,2,2,22310,False,mean_6,mean_6 <= 0.166667,3.0,4.0,False,-0.5862007168458782,0.16666666666666666,[]
3,3,3,10648,True,,leaf,,,False,-0.019485795454545457,,[]
3,4,3,11662,False,category,"category in ['0104', '0201', '0203', '0811', '1201', '1306', '1510', '2403', '2502', '2506', '2704', '2802', '2901', '2902']",5.0,6.0,False,-0.4919465387251542,,"[""0104"", ""0201"", ""0203"", ""0811"", ""1201"", ""1306"", ""1510"", ""2403"", ""2502"", ""2506"", ""2704"", ""2802"", ""2901"", ""2902""]"
3,5,4,1294,True,,leaf,,,False,-0.019485795454545457,,[]
3,6,4,10368,True,,leaf,,,False,-0.019485795454545457,,[]
3,7,2,8395,False,nonzero_12,nonzero_12 <= 0.208333,8.0,9.0,False,-0.19881023200475909,0.20833333333333331,[]
3,8,3,3247,True,,leaf,,,False,-0.019485795454545457,,[]
3,9,3,5148,True,,leaf,,,False,-0.019485795454545457,,[]
3,10,1,55389,False,lag_1,lag_1 <= 0.421053,11.0,16.0,False,0.23525695409664435,0.42105263157894735,[]
3,11,2,16819,False,lag_1,lag_1 <= 0,12.0,15.0,True,-0.027393190326222592,0.0,[]
3,12,3,9125,False,month_sin,month_sin <= 0.25,13.0,14.0,True,-0.14526546250684183,0.25000000000000006,[]
3,13,4,4620,True,,leaf,,,False,-0.0012636496700021316,,[]
3,14,4,4505,True,,leaf,,,False,-0.01990084196360829,,[]
3,15,3,7694,True,,leaf,,,False,0.005682553451623872,,[]
3,16,2,38570,False,log_scale,log_scale <= 3.70233,17.0,24.0,True,0.3497667185069984,3.702330251838059,[]
3,17,3,25205,False,month_sin,month_sin <= -6.12323e-17,18.0,21.0,True,0.23267896093595083,-6.123233995736766e-17,[]
3,18,4,14552,False,mean_6,mean_6 <= 1.28342,19.0,20.0,False,0.3845625600879,1.2834224598930482,[]
3,19,5,5772,True,,leaf,,,False,0.012937011234202343,,[]
3,20,5,8780,True,,leaf,,,False,0.03951024851038026,,[]
3,21,4,10653,False,nonzero_12,nonzero_12 <= 0.791667,22.0,23.0,False,0.025039857450998782,0.7916666666666667,[]
3,22,5,4680,True,,leaf,,,False,-0.01041693373909397,,[]
3,23,5,5973,True,,leaf,,,False,0.006321497926357287,,[]
3,24,3,13365,False,month_sin,month_sin <= -6.12323e-17,25.0,26.0,True,0.5702429906542056,-6.123233995736766e-17,[]
3,25,4,7128,True,,leaf,,,False,0.035356362492462635,,[]
3,26,4,6237,False,cv_12,cv_12 <= 0.514419,27.0,28.0,False,0.41443893068672966,0.5144192097652285,[]
3,27,5,3109,True,,leaf,,,False,0.012734698933052053,,[]
3,28,5,3128,True,,leaf,,,False,0.008515294425317968,,[]
4,0,0,86094,False,nonzero_12,nonzero_12 <= 0.375,1.0,10.0,False,0.0,0.375,[]
4,1,1,30705,False,mean_6,mean_6 <= 1.05124,2.0,7.0,True,-0.47960279993488525,1.0512417478780258,[]
4,2,2,22310,False,mean_6,mean_6 <= 0.166667,3.0,4.0,False,-0.585752688172043,0.16666666666666666,[]
4,3,3,10648,True,,leaf,,,False,-0.01851150568181818,,[]
4,4,3,11662,False,category,"category in ['0104', '0201', '0203', '0811', '1201', '1306', '1510', '2403', '2502', '2506', '2704', '2802', '2901', '2902']",5.0,6.0,False,-0.4919465387251542,,"[""0104"", ""0201"", ""0203"", ""0811"", ""1201"", ""1306"", ""1510"", ""2403"", ""2502"", ""2506"", ""2704"", ""2802"", ""2901"", ""2902""]"
4,5,4,1294,True,,leaf,,,False,-0.01851150568181818,,[]
4,6,4,10368,True,,leaf,,,False,-0.01851150568181818,,[]
4,7,2,8395,False,nonzero_12,nonzero_12 <= 0.208333,8.0,9.0,False,-0.19714455681142176,0.20833333333333331,[]
4,8,3,3247,True,,leaf,,,False,-0.01851150568181818,,[]
4,9,3,5148,True,,leaf,,,False,-0.01851150568181818,,[]
4,10,1,55389,False,lag_1,lag_1 <= 0.421053,11.0,18.0,False,0.22460694236358056,0.42105263157894735,[]
4,11,2,16819,False,lag_2,lag_2 <= 0.0297521,12.0,13.0,False,-0.026204765583219443,0.02975206611570248,[]
4,12,3,4316,True,,leaf,,,False,-0.018905799865427873,,[]
4,13,3,12503,False,month_sin,month_sin <= 0.25,14.0,15.0,False,0.04707104611204348,0.25000000000000006,[]
4,14,4,6244,True,,leaf,,,False,0.009872853437604221,,[]
4,15,4,6259,False,cv_12,cv_12 <= 0.915112,16.0,17.0,False,-0.06651778593077046,0.9151115295586604,[]
4,16,5,3072,True,,leaf,,,False,0.004076333772565269,,[]
4,17,5,3187,True,,leaf,,,False,-0.012805051733322413,,[]
4,18,2,38570,False,log_scale,log_scale <= 3.70233,19.0,26.0,True,0.3339554173146708,3.702330251838059,[]
4,19,3,25205,False,month_sin,month_sin <= 0.25,20.0,25.0,True,0.22038469165179456,0.25000000000000006,[]
4,20,4,16203,False,lag_3,lag_3 <= 0.200477,21.0,22.0,False,0.3469438105224203,0.20047732696897377,[]
4,21,5,3200,True,,leaf,,,False,0.0070879213761742615,,[]
4,22,5,13003,False,mean_6,mean_6 <= 1.41818,23.0,24.0,False,0.4093598708983324,1.4181818181818182,[]
4,23,6,6230,True,,leaf,,,False,0.01641082328645785,,[]
4,24,6,6773,True,,leaf,,,False,0.04238435877332197,,[]
4,25,4,9002,True,,leaf,,,False,-0.00042966074915757604,,[]
4,26,3,13365,False,month_sin,month_sin <= -6.12323e-17,27.0,28.0,True,0.5478130841121496,-6.123233995736766e-17,[]
4,27,4,7128,True,,leaf,,,False,0.0335885443678395,,[]
4,28,4,6237,True,,leaf,,,False,0.010482252183674424,,[]
5,0,0,86094,False,nonzero_12,nonzero_12 <= 0.375,1.0,10.0,False,0.0,0.375,[]
5,1,1,30705,False,mean_6,mean_6 <= 1.05124,2.0,7.0,True,-0.47849584893374575,1.0512417478780258,[]
5,2,2,22310,False,mean_6,mean_6 <= 0.166667,3.0,4.0,False,-0.5847670250896058,0.16666666666666666,[]
5,3,3,10648,True,,leaf,,,False,-0.01758593039772727,,[]
5,4,3,11662,False,category,"category in ['0104', '0201', '0203', '0811', '1201', '1306', '1510', '2403', '2502', '2506', '2704', '2802', '2901', '2902']",5.0,6.0,False,-0.4904043865661412,,"[""0104"", ""0201"", ""0203"", ""0811"", ""1201"", ""1306"", ""1510"", ""2403"", ""2502"", ""2506"", ""2704"", ""2802"", ""2901"", ""2902""]"
5,5,4,1294,True,,leaf,,,False,-0.01758593039772727,,[]
5,6,4,10368,True,,leaf,,,False,-0.01758593039772727,,[]
5,7,2,8395,False,nonzero_12,nonzero_12 <= 0.208333,8.0,9.0,False,-0.19571683521713265,0.20833333333333331,[]
5,8,3,3247,True,,leaf,,,False,-0.01758593039772727,,[]
5,9,3,5148,True,,leaf,,,False,-0.01758593039772727,,[]
5,10,1,55389,False,lag_1,lag_1 <= 0.421053,11.0,16.0,False,0.2138847271611401,0.42105263157894735,[]
5,11,2,16819,False,cv_12,cv_12 <= 0.915112,12.0,13.0,False,-0.025729395686018182,0.9151115295586604,[]
5,12,3,5698,True,,leaf,,,False,0.005683771875695929,,[]
5,13,3,11121,False,month_sin,month_sin <= 0.25,14.0,15.0,True,-0.11184978887790854,0.25000000000000006,[]
5,14,4,5969,True,,leaf,,,False,0.0025916044273320534,,[]
5,15,4,5152,True,,leaf,,,False,-0.01696974139003681,,[]
5,16,2,38570,False,log_scale,log_scale <= 3.70233,17.0,26.0,True,0.3183514774494557,3.702330251838059,[]
5,17,3,25205,False,month_sin,month_sin <= 0.25,18.0,23.0,True,0.20896291889748167,0.25000000000000006,[]
5,18,4,16203,False,lag_3,lag_3 <= 0.200477,19.0,20.0,False,0.32893357182507865,0.20047732696897377,[]
5,19,5,3200,True,,leaf,,,False,0.006733525307365546,,[]
5,20,5,13003,False,mean_6,mean_6 <= 1.53144,21.0,22.0,True,0.3881503112272343,1.5314377252703244,[]
5,21,6,7301,True,,leaf,,,False,0.017001310782354347,,[]
5,22,6,5702,True,,leaf,,,False,0.04351255165168694,,[]
5,23,4,9002,False,category,"category in ['0103', '0104', '0107', '0108', '0811', '1201', '1302', '2401', '2403', '2510', '2514', '2703', '2704', '2802']",24.0,25.0,False,-0.007101642254771416,,"[""0103"", ""0104"", ""0107"", ""0108"", ""0811"", ""1201"", ""1302"", ""2401"", ""2403"", ""2510"", ""2514"", ""2703"", ""2704"", ""2802""]"
5,24,5,3512,True,,leaf,,,False,0.006898090653427698,,[]
5,25,5,5490,True,,leaf,,,False,-0.005432439350707735,,[]
5,26,3,13365,False,month_sin,month_sin <= -6.12323e-17,27.0,28.0,True,0.5243364485981309,-6.123233995736766e-17,[]
5,27,4,7128,True,,leaf,,,False,0.031909117149447525,,[]
5,28,4,6237,True,,leaf,,,False,0.009958139574490705,,[]
6,0,0,86094,False,nonzero_12,nonzero_12 <= 0.375,1.0,12.0,False,0.0,0.375,[]
6,1,1,30705,False,mean_6,mean_6 <= 1.05124,2.0,7.0,True,-0.4779749308155624,1.0512417478780258,[]
6,2,2,22310,False,mean_6,mean_6 <= 0.166667,3.0,4.0,False,-0.5845878136200717,0.16666666666666666,[]
6,3,3,10648,True,,leaf,,,False,-0.016706633877840906,,[]
6,4,3,11662,False,category,"category in ['0104', '0201', '0203', '0811', '1201', '1306', '1510', '2403', '2502', '2506', '2704', '2802', '2901', '2902']",5.0,6.0,False,-0.4900616860863605,,"[""0104"", ""0201"", ""0203"", ""0811"", ""1201"", ""1306"", ""1510"", ""2403"", ""2502"", ""2506"", ""2704"", ""2802"", ""2901"", ""2902""]"
6,5,4,1294,True,,leaf,,,False,-0.016706633877840906,,[]
6,6,4,10368,True,,leaf,,,False,-0.016706633877840906,,[]
6,7,2,8395,False,nonzero_12,nonzero_12 <= 0.208333,8.0,9.0,False,-0.19428911362284354,0.20833333333333331,[]
6,8,3,3247,True,,leaf,,,False,-0.016706633877840906,,[]
6,9,3,5148,False,month_sin,month_sin <= -0.25,10.0,11.0,True,-0.053896859247770455,-0.24999999999999997,[]
6,10,4,3279,True,,leaf,,,False,0.014872313490580151,,[]
6,11,4,1869,True,,leaf,,,False,-0.016706633877840906,,[]
6,12,1,55389,False,lag_2,lag_2 <= 0.134831,13.0,14.0,False,0.20388454665246666,0.1348314606741573,[]
6,13,2,10281,True,,leaf,,,False,-0.007859840471075635,,[]
6,14,2,45108,False,month_sin,month_sin <= -6.12323e-17,15.0,24.0,True,0.2776275544128729,-6.123233995736766e-17,[]
6,15,3,23804,False,log_scale,log_scale <= 3.22883,16.0,21.0,True,0.41681363903586127,3.228826155721369,[]
6,16,4,13993,False,category,"category in ['0103', '0104', '0105', '0107', '0108', '0808', '1140', '1201', '1302', '2403', '2514', '2703', '2802', 'прочее']",17.0,18.0,False,0.30314932514461185,,"[""0103"", ""0104"", ""0105"", ""0107"", ""0108"", ""0808"", ""1140"", ""1201"", ""1302"", ""2403"", ""2514"", ""2703"", ""2802"", ""прочее""]"
6,17,5,4880,True,,leaf,,,False,0.02997980161867736,,[]
6,18,5,9113,False,mean_6,mean_6 <= 1.69231,19.0,20.0,True,0.21560890058094925,1.6923076923076923,[]
6,19,6,6313,True,,leaf,,,False,0.008461125294709094,,[]
6,20,6,2800,True,,leaf,,,False,0.04001010507645193,,[]
6,21,4,9811,False,mean_6,mean_6 <= 1.27273,22.0,23.0,False,0.5784543325526932,1.272727272727273,[]
6,22,5,4500,True,,leaf,,,False,0.016915014043213685,,[]
6,23,5,5311,True,,leaf,,,False,0.041216367780890925,,[]
6,24,3,21304,False,cv_12,cv_12 <= 0.818488,25.0,28.0,True,0.1219855494041475,0.8184875533567997,[]
6,25,4,12080,False,log_scale,log_scale <= 6.11993,26.0,27.0,True,0.2739454094292804,6.119931051480283,[]
6,26,5,10392,True,,leaf,,,False,0.007453944797820348,,[]
6,27,5,1688,True,,leaf,,,False,0.011528348812496932,,[]
6,28,4,9224,True,,leaf,,,False,-0.0037760748777621992,,[]
7,0,0,86094,False,nonzero_12,nonzero_12 <= 0.375,1.0,12.0,False,0.0,0.375,[]
7,1,1,30705,False,mean_6,mean_6 <= 1.05124,2.0,7.0,True,-0.47745401269737914,1.0512417478780258,[]
7,2,2,22310,False,mean_6,mean_6 <= 0.166667,3.0,4.0,False,-0.5838709677419355,0.16666666666666666,[]
7,3,3,10648,True,,leaf,,,False,-0.015871302183948863,,[]
7,4,3,11662,False,category,"category in ['0104', '0201', '0203', '0811', '1306', '1510', '2403', '2502', '2506', '2704', '2802', '2901', '2902']",5.0,6.0,False,-0.4886908841672378,,"[""0104"", ""0201"", ""0203"", ""0811"", ""1306"", ""1510"", ""2403"", ""2502"", ""2506"", ""2704"", ""2802"", ""2901"", ""2902""]"
7,5,4,1213,True,,leaf,,,False,-0.015871302183948863,,[]
7,6,4,10449,True,,leaf,,,False,-0.015871302183948863,,[]
7,7,2,8395,False,nonzero_12,nonzero_12 <= 0.208333,8.0,9.0,False,-0.19428911362284354,0.20833333333333331,[]
7,8,3,3247,True,,leaf,,,False,-0.015871302183948863,,[]
7,9,3,5148,False,month_sin,month_sin <= -0.25,10.0,11.0,True,-0.05544784800310198,-0.24999999999999997,[]
7,10,4,3279,True,,leaf,,,False,0.014128697816051142,,[]
7,11,4,1869,True,,leaf,,,False,-0.015871302183948863,,[]
7,12,1,55389,False,lag_2,lag_2 <= 0.409091,13.0,16.0,False,0.19529233379663893,0.4090909090909091,[]
7,13,2,15929,False,lag_1,lag_1 <= 0.126984,14.0,15.0,False,-0.037455298324863544,0.12698412698412698,[]
7,14,3,4885,True,,leaf,,,False,-0.015095909133472264,,[]
7,15,3,11044,True,,leaf,,,False,0.002265240023371476,,[]
7,16,2,39460,False,log_scale,log_scale <= 3.63209,17.0,24.0,True,0.28923232835064605,3.632088619767191,[]
7,17,3,25348,False,month_sin,month_sin <= -6.12323e-17,18.0,21.0,True,0.1844782711570313,-6.123233995736766e-17,[]
7,18,4,14180,False,category,"category in ['0103', '0104', '0105', '0107', '0108', '0808', '1140', '1201', '1302', '2403', '2514', '2703', '2802', 'прочее']",19.0,20.0,False,0.3174066243833686,,"[""0103"", ""0104"", ""0105"", ""0107"", ""0108"", ""0808"", ""1140"", ""1201"", ""1302"", ""2403"", ""2514"", ""2703"", ""2802"", ""прочее""]"
7,19,5,5006,True,,leaf,,,False,0.028848662314092624,,[]
7,20,5,9174,True,,leaf,,,False,0.017570763207431752,,[]
7,21,4,11168,False,category,"category in ['0103', '0104', '0107', '0108', '1201', '2403', '2510']",22.0,23.0,False,0.015566290928609769,,"[""0103"", ""0104"", ""0107"", ""0108"", ""1201"", ""2403"", ""2510""]"
7,22,5,1736,True,,leaf,,,False,0.014640651166229575,,[]
7,23,5,9432,True,,leaf,,,False,-0.001818767285246352,,[]
7,24,3,14112,False,mean_6,mean_6 <= 1.50809,25.0,28.0,True,0.47712788556861635,1.5080906148867315,[]
7,25,4,11183,False,log_scale,log_scale <= 6.11993,26.0,27.0,True,0.4060573572768695,6.119931051480283,[]
7,26,5,8425,True,,leaf,,,False,0.010692289723873167,,[]
7,27,5,2758,True,,leaf,,,False,0.01672379187589285,,[]
7,28,4,2929,True,,leaf,,,False,0.04932382839567221,,[]
8,0,0,86094,False,nonzero_12,nonzero_12 <= 0.375,1.0,10.0,False,0.0,0.375,[]
8,1,1,30705,False,mean_6,mean_6 <= 1.05124,2.0,7.0,True,-0.47699820934396875,1.0512417478780258,[]
8,2,2,22310,False,nonzero_12,nonzero_12 <= 0.208333,3.0,6.0,True,-0.5834229390681004,0.20833333333333331,[]
8,3,3,15611,False,category,"category in ['0104', '0203', '0811', '2403', '2502', '2506', '2802', '2901']",4.0,5.0,False,-0.6484219960309839,,"[""0104"", ""0203"", ""0811"", ""2403"", ""2502"", ""2506"", ""2802"", ""2901""]"
8,4,4,750,True,,leaf,,,False,-0.01507773707475142,,[]
8,5,4,14861,True,,leaf,,,False,-0.01507773707475142,,[]
8,6,3,6699,True,,leaf,,,False,-0.01507773707475142,,[]
8,7,2,8395,False,nonzero_12,nonzero_12 <= 0.208333,8.0,9.0,False,-0.19381320642474717,0.20833333333333331,[]
8,8,3,3247,True,,leaf,,,False,-0.01507773707475142,,[]
8,9,3,5148,True,,leaf,,,False,-0.01507773707475142,,[]
8,10,1,55389,False,lag_2,lag_2 <= 0.115942,11.0,14.0,False,0.18637520532861604,0.11594202898550725,[]
8,11,2,9950,False,month_sin,month_sin <= 0.25,12.0,13.0,True,-0.11827309236947792,0.25000000000000006,[]
8,12,3,5264,True,,leaf,,,False,-0.0003075196562032423,,[]
8,13,3,4686,True,,leaf,,,False,-0.01596423532242724,,[]
8,14,2,45439,False,month_sin,month_sin <= -6.12323e-17,15.0,22.0,True,0.25309687781909396,-6.123233995736766e-17,[]
8,15,3,23931,False,log_scale,log_scale <= 3.4889,16.0,19.0,True,0.38206424125976357,3.488902962081261,[]
8,16,4,15283,False,mean_6,mean_6 <= 1.53144,17.0,18.0,True,0.28202445563329626,1.5314377252703244,[]
8,17,5,9059,True,,leaf,,,False,0.010979998854288388,,[]
8,18,5,6224,True,,leaf,,,False,0.037797118547892715,,[]
8,19,4,8648,False,category,"category in ['0103', '0105', '0107', '0108', '0201', '0302', '0808', '1302', '1303', '2401', '2601', '2703']",20.0,21.0,True,0.5583275583275583,,"[""0103"", ""0105"", ""0107"", ""0108"", ""0201"", ""0302"", ""0808"", ""1302"", ""1303"", ""2401"", ""2601"", ""2703""]"
8,20,5,4457,True,,leaf,,,False,0.032535680749372915,,[]
8,21,5,4191,True,,leaf,,,False,0.019592000176019326,,[]
8,22,3,21508,False,cv_12,cv_12 <= 0.818488,23.0,28.0,True,0.10948972952876661,0.8184875533567997,[]
8,23,4,12174,False,category,"category in ['0103', '0105', '0107', '0108', '0302', '0808', '1201', '1302', '1303', '1510', '2403', '2514', '2601', '2801', '2802', '3002']",24.0,27.0,True,0.2449113591595535,,"[""0103"", ""0105"", ""0107"", ""0108"", ""0302"", ""0808"", ""1201"", ""1302"", ""1303"", ""1510"", ""2403"", ""2514"", ""2601"", ""2801"", ""2802"", ""3002""]"
8,24,5,9679,False,log_scale,log_scale <= 5.69233,25.0,26.0,True,0.30333367736608524,5.692328235722193,[]
8,25,6,7648,True,,leaf,,,False,0.008298395236936863,,[]
8,26,6,2031,True,,leaf,,,False,0.010778028818199737,,[]
8,27,5,2495,True,,leaf,,,False,0.0005740349528510048,,[]
8,28,4,9334,True,,leaf,,,False,-0.0033845450883785186,,[]
9,0,0,86094,False,nonzero_12,nonzero_12 <= 0.375,1.0,14.0,False,0.0,0.375,[]
9,1,1,30705,False,mean_6,mean_6 <= 1.05124,2.0,9.0,True,-0.4760214878723751,1.0512417478780258,[]
9,2,2,22310,False,nonzero_12,nonzero_12 <= 0.208333,3.0,6.0,True,-0.5827060931899641,0.20833333333333331,[]
9,3,3,15611,False,category,"category in ['0104', '0203', '0811', '2403', '2502', '2506', '2802', '2901']",4.0,5.0,False,-0.6480378977018116,,"[""0104"", ""0203"", ""0811"", ""2403"", ""2502"", ""2506"", ""2802"", ""2901""]"
9,4,4,750,True,,leaf,,,False,-0.014323850221013849,,[]
9,5,4,14861,True,,leaf,,,False,-0.014323850221013849,,[]
9,6,3,6699,False,month_sin,month_sin <= 0.25,7.0,8.0,True,-0.429721269935907,0.25000000000000006,[]
9,7,4,3761,True,,leaf,,,False,-0.014323850221013849,,[]
9,8,4,2938,True,,leaf,,,False,-0.014323850221013849,,[]
9,9,2,8395,False,nonzero_12,nonzero_12 <= 0.208333,10.0,11.0,False,-0.19214753123140987,0.20833333333333331,[]
9,10,3,3247,True,,leaf,,,False,-0.014323850221013849,,[]
9,11,3,5148,False,month_sin,month_sin <= -0.25,12.0,13.0,True,-0.053896859247770455,-0.24999999999999997,[]
9,12,4,3279,True,,leaf,,,False,0.014176149778986156,,[]
9,13,4,1869,True,,leaf,,,False,-0.014323850221013849,,[]
9,14,1,55389,False,lag_1,lag_1 <= 0.105263,15.0,16.0,False,0.17836062022780194,0.10526315789473684,[]
9,15,2,10181,True,,leaf,,,False,-0.008064665121277887,,[]
9,16,2,45208,False,month_sin,month_sin <= 0.25,17.0,24.0,True,0.24428325003317264,0.25000000000000006,[]
9,17,3,27508,False,lag_3,lag_3 <= 0.377863,18.0,19.0,False,0.3499527581946362,0.37786259541984735,[]
9,18,4,5886,True,,leaf,,,False,0.007124631452379172,,[]
9,19,4,21622,False,log_scale,log_scale <= 5.80438,20.0,23.0,True,0.4145710059171598,5.804381673212317,[]
9,20,5,19125,False,mean_6,mean_6 <= 1.52139,21.0,22.0,True,0.37026391429318006,1.5213946117274166,[]
9,21,6,11415,True,,leaf,,,False,0.013896576945745849,,[]
9,22,6,7710,True,,leaf,,,False,0.039922516482053416,,[]
9,23,5,2497,True,,leaf,,,False,0.02654828396586184,,[]
9,24,3,17700,False,cv_12,cv_12 <= 0.818488,25.0,28.0,True,0.07995482778091474,0.8184875533567997,[]
9,25,4,10116,False,category,"category in ['0103', '0105', '0107', '0108', '0302', '0808', '1201', '1302', '1303', '1510', '2514', '2601', '2703', '2801', '2802', '3002']",26.0,27.0,True,0.20778194746197906,,"[""0103"", ""0105"", ""0107"", ""0108"", ""0302"", ""0808"", ""1201"", ""1302"", ""1303"", ""1510"", ""2514"", ""2601"", ""2703"", ""2801"", ""2802"", ""3002""]"
9,26,5,8070,True,,leaf,,,False,0.007845475246212864,,[]
9,27,5,2046,True,,leaf,,,False,-0.0010454865409209092,,[]
9,28,4,7584,True,,leaf,,,False,-0.0046614387833260424,,[]
10,0,0,86094,False,nonzero_12,nonzero_12 <= 0.375,1.0,12.0,False,0.0,0.375,[]
10,1,1,30705,False,mean_6,mean_6 <= 1.05124,2.0,7.0,True,-0.4757610288132834,1.0512417478780258,[]
10,2,2,22310,False,nonzero_12,nonzero_12 <= 0.208333,3.0,6.0,True,-0.5826164874551971,0.20833333333333331,[]
10,3,3,15611,False,category,"category in ['0104', '0203', '0811', '2403', '2502', '2506', '2802', '2901']",4.0,5.0,False,-0.6480378977018116,,"[""0104"", ""0203"", ""0811"", ""2403"", ""2502"", ""2506"", ""2802"", ""2901""]"
10,4,4,750,True,,leaf,,,False,-0.013607657709963156,,[]
10,5,4,14861,True,,leaf,,,False,-0.013607657709963156,,[]
10,6,3,6699,True,,leaf,,,False,-0.013607657709963156,,[]
10,7,2,8395,False,nonzero_12,nonzero_12 <= 0.208333,8.0,9.0,False,-0.19143367043426532,0.20833333333333331,[]
10,8,3,3247,True,,leaf,,,False,-0.013607657709963156,,[]
10,9,3,5148,False,month_sin,month_sin <= -0.25,10.0,11.0,True,-0.053509112058937575,-0.24999999999999997,[]
10,10,4,3279,True,,leaf,,,False,0.013467342290036847,,[]
10,11,4,1869,True,,leaf,,,False,-0.013607657709963156,,[]
10,12,1,55389,False,lag_2,lag_2 <= 0.409091,13.0,16.0,False,0.16929908482102565,0.4090909090909091,[]
10,13,2,15929,False,lag_2,lag_2 <= 0,14.0,15.0,True,-0.040968693142606184,0.0,[]
10,14,3,8830,True,,leaf,,,False,-0.01069464307123108,,[]
10,15,3,7099,True,,leaf,,,False,0.0036430164948082714,,[]
10,16,2,39460,False,log_scale,log_scale <= 3.63209,17.0,24.0,True,0.2541677223207499,3.632088619767191,[]
10,17,3,25348,False,month_sin,month_sin <= 0.25,18.0,23.0,True,0.15876646423219498,0.25000000000000006,[]
10,18,4,15885,False,category,"category in ['0103', '0104', '0105', '0107', '0108', '0808', '1201', '1302', '2403', '2514', '2802', '2901', 'прочее']",19.0,20.0,False,0.25989304812834224,,"[""0103"", ""0104"", ""0105"", ""0107"", ""0108"", ""0808"", ""1201"", ""1302"", ""2403"", ""2514"", ""2802"", ""2901"", ""прочее""]"
10,19,5,5364,True,,leaf,,,False,0.024714675553393968,,[]
10,20,5,10521,False,mean_6,mean_6 <= 1.70732,21.0,22.0,True,0.1801348399962017,1.7073170731707317,[]
10,21,6,7518,True,,leaf,,,False,0.006269362092426111,,[]
10,22,6,3003,True,,leaf,,,False,0.03553996714299692,,[]
10,23,4,9463,True,,leaf,,,False,-0.0005161663820671514,,[]
10,24,3,14112,False,mean_6,mean_6 <= 1.50809,25.0,28.0,True,0.4252938677241184,1.5080906148867315,[]
10,25,4,11183,False,log_scale,log_scale <= 6.11993,26.0,27.0,True,0.3531671580452068,6.119931051480283,[]
10,26,5,8425,True,,leaf,,,False,0.00906498901873753,,[]
10,27,5,2758,True,,leaf,,,False,0.014050832679243336,,[]
10,28,4,2929,True,,leaf,,,False,0.043852303201477094,,[]
11,0,0,86094,False,nonzero_12,nonzero_12 <= 0.375,1.0,12.0,False,0.0,0.375,[]
11,1,1,30705,False,mean_6,mean_6 <= 1.05124,2.0,7.0,True,-0.4757610288132834,1.0512417478780258,[]
11,2,2,22310,False,nonzero_12,nonzero_12 <= 0.208333,3.0,6.0,True,-0.5824372759856631,0.20833333333333331,[]
11,3,3,15611,False,category,"category in ['0104', '0203', '0811', '2403', '2502', '2506', '2802', '2901']",4.0,5.0,False,-0.6480378977018116,,"[""0104"", ""0203"", ""0811"", ""2403"", ""2502"", ""2506"", ""2802"", ""2901""]"
11,4,4,750,True,,leaf,,,False,-0.012927274824464999,,[]
11,5,4,14861,True,,leaf,,,False,-0.012927274824464999,,[]
11,6,3,6699,True,,leaf,,,False,-0.012927274824464999,,[]
11,7,2,8395,False,nonzero_12,nonzero_12 <= 0.208333,8.0,9.0,False,-0.1919095776323617,0.20833333333333331,[]
11,8,3,3247,True,,leaf,,,False,-0.012927274824464999,,[]
11,9,3,5148,False,month_sin,month_sin <= -0.25,10.0,11.0,True,-0.054284606436603336,-0.24999999999999997,[]
11,10,4,3279,True,,leaf,,,False,0.012793975175535006,,[]
11,11,4,1869,True,,leaf,,,False,-0.012927274824464999,,[]
11,12,1,55389,False,lag_1,lag_1 <= 0.126984,13.0,14.0,False,0.16316178992400585,0.12698412698412698,[]
11,13,2,10508,True,,leaf,,,False,-0.007284595703135251,,[]
11,14,2,44881,False,month_sin,month_sin <= 0.25,15.0,24.0,True,0.22563542803680026,0.25000000000000006,[]
11,15,3,27353,False,log_scale,log_scale <= 3.4889,16.0,19.0,True,0.3245623652377298,3.488902962081261,[]
11,16,4,17376,False,mean_6,mean_6 <= 1.4,17.0,18.0,True,0.233636259059013,1.4,[]
11,17,5,9536,True,,leaf,,,False,0.008439015840715056,,[]
11,18,5,7840,True,,leaf,,,False,0.029838071366763988,,[]
11,19,4,9977,False,mean_6,mean_6 <= 1.50809,20.0,23.0,True,0.48252728547111245,1.5080906148867315,[]
11,20,5,6870,False,log_scale,log_scale <= 6.11993,21.0,22.0,True,0.3892441860465116,6.119931051480283,[]
11,21,6,5372,True,,leaf,,,False,0.012052802684160322,,[]
11,22,6,1498,True,,leaf,,,False,0.019069753613751503,,[]
11,23,5,3107,True,,leaf,,,False,0.04214912795690166,,[]
11,24,3,17528,False,cv_12,cv_12 <= 0.846539,25.0,28.0,True,0.07115976736229901,0.8465386824869348,[]
11,25,4,10525,False,category,"category in ['0103', '0105', '0107', '0108', '0302', '0808', '1201', '1302', '1303', '1510', '2514', '2601', '2703', '2801', '2802', '3002']",26.0,27.0,True,0.18063597532036071,,"[""0103"", ""0105"", ""0107"", ""0108"", ""0302"", ""0808"", ""1201"", ""1302"", ""1303"", ""1510"", ""2514"", ""2601"", ""2703"", ""2801"", ""2802"", ""3002""]"
11,26,5,8347,True,,leaf,,,False,0.0069852677456825225,,[]
11,27,5,2178,True,,leaf,,,False,-0.0012215832732144008,,[]
11,28,4,7003,True,,leaf,,,False,-0.004831080896787821,,[]
12,0,0,86094,False,nonzero_12,nonzero_12 <= 0.375,1.0,10.0,False,0.0,0.375,[]
12,1,1,30705,False,mean_6,mean_6 <= 1.05124,2.0,7.0,True,-0.4756959140485105,1.0512417478780258,[]
12,2,2,22310,False,nonzero_12,nonzero_12 <= 0.208333,3.0,6.0,True,-0.5824372759856631,0.20833333333333331,[]
12,3,3,15611,False,category,"category in ['0104', '0203', '0811', '2403', '2502', '2506', '2802', '2901']",4.0,5.0,False,-0.6480378977018116,,"[""0104"", ""0203"", ""0811"", ""2403"", ""2502"", ""2506"", ""2802"", ""2901""]"
12,4,4,750,True,,leaf,,,False,-0.01228091108324175,,[]
12,5,4,14861,True,,leaf,,,False,-0.01228091108324175,,[]
12,6,3,6699,True,,leaf,,,False,-0.01228091108324175,,[]
12,7,2,8395,False,nonzero_12,nonzero_12 <= 0.208333,8.0,9.0,False,-0.1916716240333135,0.20833333333333331,[]
12,8,3,3247,True,,leaf,,,False,-0.01228091108324175,,[]
12,9,3,5148,True,,leaf,,,False,-0.01228091108324175,,[]
12,10,1,55389,False,lag_2,lag_2 <= 0.409091,11.0,16.0,False,0.15496669614975,0.4090909090909091,[]
12,11,2,15929,False,cv_12,cv_12 <= 1.03912,12.0,13.0,False,-0.04021582282451848,1.039123673591543,[]
12,12,3,6913,True,,leaf,,,False,0.0036233086312890406,,[]
12,13,3,9016,False,month_sin,month_sin <= 0.25,14.0,15.0,True,-0.12696654110347885,0.25000000000000006,[]
12,14,4,5135,True,,leaf,,,False,-0.0013192387013230445,,[]
12,15,4,3881,True,,leaf,,,False,-0.013863828361523667,,[]
12,16,2,39460,False,log_scale,log_scale <= 3.63209,17.0,24.0,True,0.23374714973397517,3.632088619767191,[]
12,17,3,25348,False,month_sin,month_sin <= 0.25,18.0,23.0,True,0.1446486315955517,0.25000000000000006,[]
12,18,4,15885,False,category,"category in ['0103', '0104', '0105', '0107', '0108', '0808', '0811', '1201', '1302', '1510', '2403', '2514', '2703', '2802', '2901', 'прочее']",19.0,20.0,False,0.23560868197546397,,"[""0103"", ""0104"", ""0105"", ""0107"", ""0108"", ""0808"", ""0811"", ""1201"", ""1302"", ""1510"", ""2403"", ""2514"", ""2703"", ""2802"", ""2901"", ""прочее""]"
12,19,5,6341,True,,leaf,,,False,0.02275903028260644,,[]
12,20,5,9544,False,mean_6,mean_6 <= 1.70732,21.0,22.0,True,0.15135021980322377,1.7073170731707317,[]
12,21,6,6825,True,,leaf,,,False,0.004383397124973751,,[]
12,22,6,2719,True,,leaf,,,False,0.03225139035669618,,[]
12,23,4,9463,True,,leaf,,,False,-0.000504505601418151,,[]
12,24,3,14112,False,mean_6,mean_6 <= 1.55556,25.0,28.0,True,0.39357031581928903,1.5555555555555556,[]
12,25,4,11552,False,log_scale,log_scale <= 6.11993,26.0,27.0,True,0.33073862653520153,6.119931051480283,[]
12,26,5,8708,True,,leaf,,,False,0.008429817139407866,,[]
12,27,5,2844,True,,leaf,,,False,0.012998476832918974,,[]
12,28,4,2560,True,,leaf,,,False,0.04291777056084782,,[]
13,0,0,86094,False,nonzero_12,nonzero_12 <= 0.291667,1.0,8.0,False,0.0,0.29166666666666663,[]
13,1,1,24972,False,mean_6,mean_6 <= 0.5,2.0,3.0,True,-0.5419101753262349,0.5,[]
13,2,2,15103,True,,leaf,,,False,-0.011666865529079662,,[]
13,3,2,9869,False,category,"category in ['0104', '0201', '0203', '1501', '2401', '2502', '2514', '2703', '2704', '2802', '2901', '3001']",4.0,5.0,False,-0.36997671829132506,,"[""0104"", ""0201"", ""0203"", ""1501"", ""2401"", ""2502"", ""2514"", ""2703"", ""2704"", ""2802"", ""2901"", ""3001""]"
13,4,3,1319,True,,leaf,,,False,-0.011666865529079662,,[]
13,5,3,8550,False,baseline_ratio,baseline_ratio <= 1.47128,6.0,7.0,True,-0.42313084112149535,1.471275021423019,[]
13,6,4,6995,True,,leaf,,,False,-0.011666865529079662,,[]
13,7,4,1555,True,,leaf,,,False,-0.011666865529079662,,[]
13,8,1,61122,False,lag_1,lag_1 <= 0,9.0,14.0,False,0.11591310606556304,0.0,[]
13,9,2,12431,False,month_sin,month_sin <= 0.25,10.0,11.0,True,-0.16775178844144362,0.25000000000000006,[]
13,10,3,6492,True,,leaf,,,False,-0.006622648787503502,,[]
13,11,3,5939,False,nonzero_12,nonzero_12 <= 0.625,12.0,13.0,True,-0.2849218356026223,0.625,[]
13,12,4,3942,True,,leaf,,,False,-0.011666865529079662,,[]
13,13,4,1997,True,,leaf,,,False,-0.003010999235747497,,[]
13,14,2,48691,False,lag_2,lag_2 <= 0.504451,15.0,18.0,False,0.18835342190098767,0.5044510385756676,[]
13,15,3,14921,False,lag_2,lag_2 <= 0,16.0,17.0,False,0.014935369365749112,0.0,[]
13,16,4,6690,True,,leaf,,,False,-0.007234308790595938,,[]
13,17,4,8231,True,,leaf,,,False,0.004554405665324768,,[]
13,18,3,33770,False,month_sin,month_sin <= 0.25,19.0,26.0,True,0.26494967436352873,0.25000000000000006,[]
13,19,4,21690,False,log_scale,log_scale <= 5.58224,20.0,25.0,True,0.34580645161290324,5.582242390122105,[]
13,20,5,18914,False,lag_3,lag_3 <= 0.289157,21.0,22.0,False,0.2998309025575988,0.2891566265060241,[]
13,21,6,3431,True,,leaf,,,False,0.006196709158808034,,[]
13,22,6,15483,False,mean_6,mean_6 <= 1.95556,23.0,24.0,True,0.3447363325372749,1.9555555555555555,[]
13,23,7,12529,True,,leaf,,,False,0.016331139529426626,,[]
13,24,7,2954,True,,leaf,,,False,0.04954281563537032,,[]
13,25,5,2776,True,,leaf,,,False,0.022102984900492298,,[]
13,26,4,12080,False,cv_12,cv_12 <= 0.514419,27.0,28.0,False,0.1196029776674938,0.5144192097652285,[]
13,27,5,3097,True,,leaf,,,False,0.0065533434361286225,,[]
13,28,5,8983,True,,leaf,,,False,0.0022178136616073985,,[]
14,0,0,86094,False,nonzero_12,nonzero_12 <= 0.291667,1.0,10.0,False,0.0,0.29166666666666663,[]
14,1,1,24972,False,mean_6,mean_6 <= 0.5,2.0,5.0,True,-0.5415098871187255,0.5,[]
14,2,2,15103,False,category,"category in ['0104', '0811', '1309', '2403', '2502', '2506', '2901']",3.0,4.0,False,-0.6536756434857407,,"[""0104"", ""0811"", ""1309"", ""2403"", ""2502"", ""2506"", ""2901""]"
14,3,3,719,True,,leaf,,,False,-0.01108352225262568,,[]
14,4,3,14384,True,,leaf,,,False,-0.01108352225262568,,[]
14,5,2,9869,False,category,"category in ['0104', '0201', '0203', '1501', '2401', '2502', '2514', '2703', '2704', '2802', '2901', '3001']",6.0,7.0,False,-0.36936936936936937,,"[""0104"", ""0201"", ""0203"", ""1501"", ""2401"", ""2502"", ""2514"", ""2703"", ""2704"", ""2802"", ""2901"", ""3001""]"
14,6,3,1319,True,,leaf,,,False,-0.01108352225262568,,[]
14,7,3,8550,False,baseline_ratio,baseline_ratio <= 1.47128,8.0,9.0,True,-0.4226635514018692,1.471275021423019,[]
14,8,4,6995,True,,leaf,,,False,-0.01108352225262568,,[]
14,9,4,1555,True,,leaf,,,False,-0.01108352225262568,,[]
14,10,1,61122,False,lag_1,lag_1 <= 0,11.0,16.0,False,0.10897729503369757,0.0,[]
14,11,2,12431,False,month_sin,month_sin <= 0.25,12.0,13.0,True,-0.16437585403102645,0.25000000000000006,[]
14,12,3,6492,True,,leaf,,,False,-0.006291516348128326,,[]
14,13,3,5939,False,nonzero_12,nonzero_12 <= 0.625,14.0,15.0,True,-0.28088754412506306,0.625,[]
14,14,4,3942,True,,leaf,,,False,-0.01108352225262568,,[]
14,15,4,1997,True,,leaf,,,False,-0.0028604492739601225,,[]
14,16,2,48691,False,lag_2,lag_2 <= 0.48,17.0,22.0,False,0.17878482988028993,0.48,[]
14,17,3,14402,False,month_sin,month_sin <= 0.25,18.0,19.0,True,0.008742714404662781,0.25000000000000006,[]
14,18,4,7845,True,,leaf,,,False,0.0065656141522288216,,[]
14,19,4,6557,False,nonzero_12,nonzero_12 <= 0.791667,20.0,21.0,False,-0.0918227501142074,0.7916666666666667,[]
14,20,5,2681,True,,leaf,,,False,-0.011305150089549866,,[]
14,21,5,3876,True,,leaf,,,False,0.0011015981714319223,,[]
14,22,3,34289,False,log_scale,log_scale <= 5.69233,23.0,28.0,True,0.25018222105600746,5.692328235722193,[]
14,23,4,29878,False,mean_6,mean_6 <= 1.69231,24.0,27.0,True,0.21005085653104924,1.6923076923076923,[]
14,24,5,23414,False,category,"category in ['0103', '0104', '0105', '0107', '0108', '0808', '0811', '1201', '1302', '2401', '2403', '2510', '2601', '2703', '2704', '2802']",25.0,26.0,False,0.1560792349726776,,"[""0103"", ""0104"", ""0105"", ""0107"", ""0108"", ""0808"", ""0811"", ""1201"", ""1302"", ""2401"", ""2403"", ""2510"", ""2601"", ""2703"", ""2704"", ""2802""]"
14,25,6,7938,True,,leaf,,,False,0.013473135671724144,,[]
14,26,6,15476,True,,leaf,,,False,0.004331826911819029,,[]
14,27,5,6464,True,,leaf,,,False,0.034340872607078035,,[]
14,28,4,4411,True,,leaf,,,False,0.014475871900912313,,[]
15,0,0,86094,False,nonzero_12,nonzero_12 <= 0.291667,1.0,8.0,False,0.0,0.29166666666666663,[]
15,1,1,24972,False,mean_6,mean_6 <= 0.5,2.0,3.0,True,-0.5412697141942199,0.5,[]
15,2,2,15103,True,,leaf,,,False,-0.010529346139994395,,[]
15,3,2,9869,False,category,"category in ['0104', '0201', '0203', '1501', '2401', '2502', '2514', '2703', '2704', '2802', '2901', '3001']",4.0,5.0,False,-0.36936936936936937,,"[""0104"", ""0201"", ""0203"", ""1501"", ""2401"", ""2502"", ""2514"", ""2703"", ""2704"", ""2802"", ""2901"", ""3001""]"
15,4,3,1319,True,,leaf,,,False,-0.010529346139994395,,[]
15,5,3,8550,False,baseline_ratio,baseline_ratio <= 1.47128,6.0,7.0,True,-0.4226635514018692,1.471275021423019,[]
15,6,4,6995,True,,leaf,,,False,-0.010529346139994395,,[]
15,7,4,1555,True,,leaf,,,False,-0.010529346139994395,,[]
15,8,1,61122,False,lag_3,lag_3 <= 0.120446,9.0,12.0,False,0.1017143231041026,0.1204460966542751,[]
15,9,2,12850,False,month_sin,month_sin <= 0.25,10.0,11.0,True,-0.15754276827371697,0.25000000000000006,[]
15,10,3,7323,True,,leaf,,,False,-0.005495569405517076,,[]
15,11,3,5527,True,,leaf,,,False,-0.010529346139994395,,[]
15,12,2,48272,False,month_sin,month_sin <= 0.25,13.0,22.0,True,0.1707468621846651,0.25000000000000006,[]
15,13,3,28980,False,log_scale,log_scale <= 5.69233,14.0,21.0,True,0.263815108658158,5.692328235722193,[]
15,14,4,26124,False,mean_6,mean_6 <= 1.28342,15.0,18.0,False,0.22736664880997934,1.2834224598930482,[]
15,15,5,12637,False,cv_12,cv_12 <= 1.05719,16.0,17.0,True,0.12374476160354234,1.0571882797418486,[]
15,16,6,9078,True,,leaf,,,False,0.009161637452174612,,[]
15,17,6,3559,True,,leaf,,,False,-0.003817307987195043,,[]
15,18,5,13487,False,trend_factor,trend_factor <= 0.99305,19.0,20.0,False,0.324294287619471,0.9930496218922821,[]
15,19,6,4689,True,,leaf,,,False,0.035464854791142385,,[]
15,20,6,8798,True,,leaf,,,False,0.01865864644621452,,[]
15,21,4,2856,True,,leaf,,,False,0.02000826109615796,,[]
15,22,3,19292,False,nonzero_12,nonzero_12 <= 0.708333,23.0,26.0,False,0.030877629261216455,0.7083333333333333,[]
15,23,4,4489,False,category,"category in ['0104', '0107', '0811', '1201', '1306', '1309', '2401', '2506', '2510', '2704', '2802', '2901']",24.0,25.0,False,-0.20115581240275618,,"[""0104"", ""0107"", ""0811"", ""1201"", ""1306"", ""1309"", ""2401"", ""2506"", ""2510"", ""2704"", ""2802"", ""2901""]"
15,24,5,832,True,,leaf,,,False,0.014870519711007002,,[]
15,25,5,3657,True,,leaf,,,False,-0.010529346139994395,,[]
15,26,4,14803,False,category,"category in ['0201', '1140', '1203', '1309', '1501', '2004', '2401', '2502', '2506', '2803', '2901', '2902', 'прочее']",27.0,28.0,False,0.10132991291433201,,"[""0201"", ""1140"", ""1203"", ""1309"", ""1501"", ""2004"", ""2401"", ""2502"", ""2506"", ""2803"", ""2901"", ""2902"", ""прочее""]"
15,27,5,2473,True,,leaf,,,False,-0.004733625243185633,,[]
15,28,5,12330,True,,leaf,,,False,0.004855351375109823,,[]
16,0,0,86094,False,nonzero_12,nonzero_12 <= 0.291667,1.0,10.0,False,0.0,0.29166666666666663,[]
16,1,1,24972,False,mean_6,mean_6 <= 0.5,2.0,5.0,True,-0.5410295412697141,0.5,[]
16,2,2,15103,False,category,"category in ['0104', '0811', '1309', '2403', '2502', '2506', '2901']",3.0,4.0,False,-0.6531462978892344,,"[""0104"", ""0811"", ""1309"", ""2403"", ""2502"", ""2506"", ""2901""]"
16,3,3,719,True,,leaf,,,False,-0.010002878832994675,,[]
16,4,3,14384,True,,leaf,,,False,-0.010002878832994675,,[]
16,5,2,9869,False,category,"category in ['0104', '0201', '0203', '1501', '2401', '2502', '2514', '2703', '2704', '2802', '2901', '3001']",6.0,7.0,False,-0.3689644700880656,,"[""0104"", ""0201"", ""0203"", ""1501"", ""2401"", ""2502"", ""2514"", ""2703"", ""2704"", ""2802"", ""2901"", ""3001""]"
16,6,3,1319,True,,leaf,,,False,-0.010002878832994675,,[]
16,7,3,8550,False,baseline_ratio,baseline_ratio <= 1.47128,8.0,9.0,True,-0.4224299065420561,1.471275021423019,[]
16,8,4,6995,True,,leaf,,,False,-0.010002878832994675,,[]
16,9,4,1555,True,,leaf,,,False,-0.010002878832994675,,[]
16,10,1,61122,False,lag_1,lag_1 <= 0,11.0,14.0,False,0.09569456258587973,0.0,[]
16,11,2,12431,False,category,"category in ['0108', '0302', '0303', '0808', '0811', '1305', '1501', '1510', '2004', '2402', '2502', '2506', '2514', '2702', '2703', '2801', '3002', 'прочее']",12.0,13.0,True,-0.15939233180612492,,"[""0108"", ""0302"", ""0303"", ""0808"", ""0811"", ""1305"", ""1501"", ""1510"", ""2004"", ""2402"", ""2502"", ""2506"", ""2514"", ""2702"", ""2703"", ""2801"", ""3002"", ""прочее""]"
16,12,3,8711,True,,leaf,,,False,-0.010002878832994675,,[]
16,13,3,3720,True,,leaf,,,False,0.0005156901728875244,,[]
16,14,2,48691,False,month_sin,month_sin <= -6.12323e-17,15.0,24.0,True,0.16083858647666371,-6.123233995736766e-17,[]
16,15,3,26209,False,log_scale,log_scale <= 3.70233,16.0,21.0,True,0.2592394828178039,3.702330251838059,[]
16,16,4,18303,False,mean_6,mean_6 <= 1,17.0,18.0,False,0.18604270190575,1.0,[]
16,17,5,4772,True,,leaf,,,False,0.002202625397747515,,[]
16,18,5,13531,False,category,"category in ['0103', '0104', '0105', '0107', '0108', '0808', '0811', '1201', '1302', '1306', '1510', '2403', '2506', '2514', '2703', '2802', 'прочее']",19.0,20.0,False,0.2390517687024592,,"[""0103"", ""0104"", ""0105"", ""0107"", ""0108"", ""0808"", ""0811"", ""1201"", ""1302"", ""1306"", ""1510"", ""2403"", ""2506"", ""2514"", ""2703"", ""2802"", ""прочее""]"
16,19,6,5908,True,,leaf,,,False,0.025301663277069078,,[]
16,20,6,7623,True,,leaf,,,False,0.01242589423170251,,[]
16,21,4,7906,False,category,"category in ['0103', '0105', '0107', '0108', '0201', '0302', '0808', '1302', '1303', '2401', '2601', '2703']",22.0,23.0,True,0.4282465891864578,,"[""0103"", ""0105"", ""0107"", ""0108"", ""0201"", ""0302"", ""0808"", ""1302"", ""1303"", ""2401"", ""2601"", ""2703""]"
16,22,5,4112,True,,leaf,,,False,0.025296771040075244,,[]
16,23,5,3794,True,,leaf,,,False,0.011553128639729075,,[]
16,24,3,22482,False,nonzero_12,nonzero_12 <= 0.791667,25.0,26.0,False,0.04606082162546683,0.7916666666666667,[]
16,25,4,6409,True,,leaf,,,False,-0.010213425278072653,,[]
16,26,4,16073,False,category,"category in ['0201', '1140', '1203', '1309', '1501', '2004', '2502', '2506', '2803', '2901', '2902', 'прочее']",27.0,28.0,False,0.1255362805446745,,"[""0201"", ""1140"", ""1203"", ""1309"", ""1501"", ""2004"", ""2502"", ""2506"", ""2803"", ""2901"", ""2902"", ""прочее""]"
16,27,5,2180,True,,leaf,,,False,-0.004561040966676213,,[]
16,28,5,13893,True,,leaf,,,False,0.0055639874292679695,,[]
17,0,0,86094,False,nonzero_12,nonzero_12 <= 0.291667,1.0,10.0,False,0.0,0.29166666666666663,[]
17,1,1,24972,False,mean_6,mean_6 <= 0.5,2.0,5.0,True,-0.5408694259867104,0.5,[]
17,2,2,15103,False,category,"category in ['0104', '0811', '1309', '2403', '2502', '2506', '2901']",3.0,4.0,False,-0.6531462978892344,,"[""0104"", ""0811"", ""1309"", ""2403"", ""2502"", ""2506"", ""2901""]"
17,3,3,719,True,,leaf,,,False,-0.009502734891344941,,[]
17,4,3,14384,True,,leaf,,,False,-0.009502734891344941,,[]
17,5,2,9869,False,category,"category in ['0104', '0201', '0203', '1501', '2401', '2502', '2514', '2703', '2704', '2802', '2901', '3001']",6.0,7.0,False,-0.3685595708067618,,"[""0104"", ""0201"", ""0203"", ""1501"", ""2401"", ""2502"", ""2514"", ""2703"", ""2704"", ""2802"", ""2901"", ""3001""]"
17,6,3,1319,True,,leaf,,,False,-0.009502734891344941,,[]
17,7,3,8550,False,baseline_ratio,baseline_ratio <= 1.47128,8.0,9.0,True,-0.4219626168224299,1.471275021423019,[]
17,8,4,6995,True,,leaf,,,False,-0.009502734891344941,,[]
17,9,4,1555,True,,leaf,,,False,-0.009502734891344941,,[]
17,10,1,61122,False,lag_2,lag_2 <= 0.0650995,11.0,16.0,False,0.08921677681083556,0.06509945750452079,[]
17,11,2,12490,False,month_sin,month_sin <= 0.25,12.0,13.0,True,-0.15792,0.25000000000000006,[]
17,12,3,6736,True,,leaf,,,False,-0.005316768095352795,,[]
17,13,3,5754,False,nonzero_12,nonzero_12 <= 0.458333,14.0,15.0,False,-0.2817487855655795,0.45833333333333337,[]
17,14,4,2285,True,,leaf,,,False,-0.009502734891344941,,[]
17,15,4,3469,True,,leaf,,,False,-0.009724545420047644,,[]
17,16,2,48632,False,lag_1,lag_1 <= 0.507757,17.0,20.0,False,0.15270753669668188,0.5077574047954866,[]
17,17,3,15450,False,lag_3,lag_3 <= 0.120446,18.0,19.0,False,-0.00258732212160414,0.1204460966542751,[]
17,18,4,3701,True,,leaf,,,False,-0.009502734891344941,,[]
17,19,4,11749,True,,leaf,,,False,0.0021816046317353842,,[]
17,20,3,33182,False,month_sin,month_sin <= -6.12323e-17,21.0,26.0,True,0.2249939744516751,-6.123233995736766e-17,[]
17,21,4,19627,False,log_scale,log_scale <= 5.69233,22.0,25.0,True,0.3046799409278403,5.692328235722193,[]
17,22,5,17321,False,mean_6,mean_6 <= 1.95556,23.0,24.0,True,0.26386244302117595,1.9555555555555555,[]
17,23,6,13849,True,,leaf,,,False,0.012618321016746531,,[]
17,24,6,3472,True,,leaf,,,False,0.04184502826581145,,[]
17,25,5,2306,True,,leaf,,,False,0.021841326473714794,,[]
17,26,4,13555,False,cv_12,cv_12 <= 1.02253,27.0,28.0,True,0.109472908219683,1.0225327750916726,[]
17,27,5,11059,True,,leaf,,,False,0.004967874253812038,,[]
17,28,5,2496,True,,leaf,,,False,-0.005959915784019817,,[]
18,0,0,86094,False,nonzero_12,nonzero_12 <= 0.291667,1.0,10.0,False,0.0,0.29166666666666663,[]
18,1,1,24972,False,mean_6,mean_6 <= 0.5,2.0,5.0,True,-0.5407893683452085,0.5,[]
18,2,2,15103,False,category,"category in ['0104', '0811', '1309', '2403', '2502', '2506', '2901']",3.0,4.0,False,-0.6530139614901078,,"[""0104"", ""0811"", ""1309"", ""2403"", ""2502"", ""2506"", ""2901""]"
18,3,3,719,True,,leaf,,,False,-0.009027598146777694,,[]
18,4,3,14384,True,,leaf,,,False,-0.009027598146777694,,[]
18,5,2,9869,False,category,"category in ['0104', '0201', '0203', '1501', '2401', '2502', '2514', '2703', '2704', '2802', '2901', '3001']",6.0,7.0,False,-0.3685595708067618,,"[""0104"", ""0201"", ""0203"", ""1501"", ""2401"", ""2502"", ""2514"", ""2703"", ""2704"", ""2802"", ""2901"", ""3001""]"
18,6,3,1319,True,,leaf,,,False,-0.009027598146777694,,[]
18,7,3,8550,False,baseline_ratio,baseline_ratio <= 1.47128,8.0,9.0,True,-0.4219626168224299,1.471275021423019,[]
18,8,4,6995,True,,leaf,,,False,-0.009027598146777694,,[]
18,9,4,1555,True,,leaf,,,False,-0.009027598146777694,,[]
18,10,1,61122,False,lag_3,lag_3 <= 0.120446,11.0,14.0,False,0.08385133808807171,0.1204460966542751,[]
18,11,2,12850,False,trend_factor,trend_factor <= 0.99305,12.0,13.0,False,-0.15069984447900467,0.9930496218922821,[]
18,12,3,3118,True,,leaf,,,False,0.0029348974170555517,,[]
18,13,3,9732,True,,leaf,,,False,-0.009227617269601774,,[]
18,14,2,48272,False,month_sin,month_sin <= 0.25,15.0,24.0,True,0.1463071123814258,0.25000000000000006,[]
18,15,3,28980,False,log_scale,log_scale <= 5.69233,16.0,23.0,True,0.22932045532942394,5.692328235722193,[]
18,16,4,26124,False,mean_6,mean_6 <= 1.41818,17.0,20.0,True,0.1964490701767812,1.4181818181818182,[]
18,17,5,14858,False,cv_12,cv_12 <= 1.05719,18.0,19.0,True,0.1167608286252354,1.0571882797418486,[]
18,18,6,10494,True,,leaf,,,False,0.008630022191828247,,[]
18,19,6,4364,True,,leaf,,,False,-0.0021209820933710904,,[]
18,20,5,11266,False,trend_factor,trend_factor <= 0.99305,21.0,22.0,False,0.30134799574317134,0.9930496218922821,[]
18,21,6,3880,True,,leaf,,,False,0.03678650817176736,,[]
18,22,6,7386,True,,leaf,,,False,0.017495477741941084,,[]
18,23,4,2856,True,,leaf,,,False,0.0171472129454091,,[]
18,24,3,19292,False,nonzero_12,nonzero_12 <= 0.708333,25.0,26.0,False,0.021552170759506786,0.7083333333333333,[]
18,25,4,4489,True,,leaf,,,False,-0.009227617269601774,,[]
18,26,4,14803,False,category,"category in ['0104', '0201', '1140', '1203', '1309', '1501', '2004', '2401', '2502', '2506', '2803', '2901', '2902', 'прочее']",27.0,28.0,False,0.08445284547357051,,"[""0104"", ""0201"", ""1140"", ""1203"", ""1309"", ""1501"", ""2004"", ""2401"", ""2502"", ""2506"", ""2803"", ""2901"", ""2902"", ""прочее""]"
18,27,5,2623,True,,leaf,,,False,-0.003911376220669826,,[]
18,28,5,12180,True,,leaf,,,False,0.00441464035698019,,[]
19,0,0,86094,False,nonzero_12,nonzero_12 <= 0.291667,1.0,10.0,False,0.0,0.29166666666666663,[]
19,1,1,24972,False,mean_6,mean_6 <= 0.5,2.0,5.0,True,-0.540469137779201,0.5,[]
19,2,2,15103,False,category,"category in ['0104', '0811', '1309', '2403', '2502', '2506', '2901']",3.0,4.0,False,-0.6530139614901078,,"[""0104"", ""0811"", ""1309"", ""2403"", ""2502"", ""2506"", ""2901""]"
19,3,3,719,True,,leaf,,,False,-0.008576218239438809,,[]
19,4,3,14384,True,,leaf,,,False,-0.008576218239438809,,[]
19,5,2,9869,False,category,"category in ['0104', '0201', '0203', '1501', '2401', '2502', '2514', '2703', '2704', '2802', '2901', '3001']",6.0,7.0,False,-0.3677497722441543,,"[""0104"", ""0201"", ""0203"", ""1501"", ""2401"", ""2502"", ""2514"", ""2703"", ""2704"", ""2802"", ""2901"", ""3001""]"
19,6,3,1319,True,,leaf,,,False,-0.008576218239438809,,[]
19,7,3,8550,False,baseline_ratio,baseline_ratio <= 1.47128,8.0,9.0,True,-0.42149532710280374,1.471275021423019,[]
19,8,4,6995,True,,leaf,,,False,-0.008576218239438809,,[]
19,9,4,1555,True,,leaf,,,False,-0.008576218239438809,,[]
19,10,1,61122,False,lag_1,lag_1 <= 0.105263,11.0,14.0,False,0.07838775109598901,0.10526315789473684,[]
19,11,2,13491,False,category,"category in ['0108', '0302', '0303', '0808', '0811', '1305', '1501', '2004', '2402', '2502', '2506', '2514', '2702', '2703', '2801', '2803', '3002', 'прочее']",12.0,13.0,True,-0.14258203096066957,,"[""0108"", ""0302"", ""0303"", ""0808"", ""0811"", ""1305"", ""1501"", ""2004"", ""2402"", ""2502"", ""2506"", ""2514"", ""2702"", ""2703"", ""2801"", ""2803"", ""3002"", ""прочее""]"
19,12,3,9808,True,,leaf,,,False,-0.008566217283297605,,[]
19,13,3,3683,True,,leaf,,,False,0.0019286574158082909,,[]
19,14,2,47631,False,month_sin,month_sin <= -6.12323e-17,15.0,22.0,True,0.1409920026867614,-6.123233995736766e-17,[]
19,15,3,25829,False,log_scale,log_scale <= 5.69233,16.0,21.0,True,0.2268276636092728,5.692328235722193,[]
19,16,4,23362,False,mean_6,mean_6 <= 1.3,17.0,18.0,False,0.1934793770323464,1.3,[]
19,17,5,10383,True,,leaf,,,False,0.005090913335083009,,[]
19,18,5,12979,False,trend_factor,trend_factor <= 0.99305,19.0,20.0,False,0.2741550542766957,0.9930496218922821,[]
19,19,6,4659,True,,leaf,,,False,0.031173206008522025,,[]
19,20,6,8320,True,,leaf,,,False,0.014819445099423033,,[]
19,21,4,2467,True,,leaf,,,False,0.019185734017457184,,[]
19,22,3,21802,False,nonzero_12,nonzero_12 <= 0.791667,23.0,24.0,False,0.03924445259490189,0.7916666666666667,[]
19,23,4,6312,True,,leaf,,,False,-0.008766236406121685,,[]
19,24,4,15490,False,category,"category in ['0201', '1140', '1203', '1309', '1501', '2004', '2502', '2803', '2901', '2902', 'прочее']",25.0,26.0,False,0.11187096774193549,,"[""0201"", ""1140"", ""1203"", ""1309"", ""1501"", ""2004"", ""2502"", ""2803"", ""2901"", ""2902"", ""прочее""]"
19,25,5,1652,True,,leaf,,,False,-0.005075295210217987,,[]
19,26,5,13838,False,month_cos,month_cos <= -0.25,27.0,28.0,True,0.14702484113229347,-0.24999999999999997,[]
19,27,6,7022,True,,leaf,,,False,0.008192100029233039,,[]
19,28,6,6816,True,,leaf,,,False,0.0017654060639615888,,[]
20,0,0,86094,False,nonzero_12,nonzero_12 <= 0.291667,1.0,10.0,False,0.0,0.29166666666666663,[]
20,1,1,24972,False,mean_6,mean_6 <= 0.5,2.0,5.0,True,-0.540469137779201,0.5,[]
20,2,2,15103,False,category,"category in ['0104', '0811', '1309', '2403', '2502', '2506', '2901']",3.0,4.0,False,-0.6530139614901078,,"[""0104"", ""0811"", ""1309"", ""2403"", ""2502"", ""2506"", ""2901""]"
20,3,3,719,True,,leaf,,,False,-0.008147407327466868,,[]
20,4,3,14384,True,,leaf,,,False,-0.008147407327466868,,[]
20,5,2,9869,False,category,"category in ['0104', '0201', '0203', '1501', '2401', '2502', '2514', '2703', '2704', '2802', '2901', '3001']",6.0,7.0,False,-0.3677497722441543,,"[""0104"", ""0201"", ""0203"", ""1501"", ""2401"", ""2502"", ""2514"", ""2703"", ""2704"", ""2802"", ""2901"", ""3001""]"
20,6,3,1319,True,,leaf,,,False,-0.008147407327466868,,[]
20,7,3,8550,False,baseline_ratio,baseline_ratio <= 1.47128,8.0,9.0,True,-0.42149532710280374,1.471275021423019,[]
20,8,4,6995,True,,leaf,,,False,-0.008147407327466868,,[]
20,9,4,1555,True,,leaf,,,False,-0.008147407327466868,,[]
20,10,1,61122,False,lag_3,lag_3 <= 0.0703812,11.0,14.0,False,0.07390564679709481,0.07038123167155425,[]
20,11,2,12174,False,trend_factor,trend_factor <= 0.99305,12.0,13.0,False,-0.15643466841759684,0.9930496218922821,[]
20,12,3,2747,True,,leaf,,,False,0.0026639050100320085,,[]
20,13,3,9427,True,,leaf,,,False,-0.008327924585815601,,[]
20,14,2,48948,False,month_sin,month_sin <= -6.12323e-17,15.0,22.0,True,0.13121451039666654,-6.123233995736766e-17,[]
20,15,3,25830,False,log_scale,log_scale <= 5.80438,16.0,21.0,True,0.21911764705882353,5.804381673212317,[]
20,16,4,23547,False,mean_6,mean_6 <= 1.41818,17.0,18.0,True,0.18826675722715117,1.4181818181818182,[]
20,17,5,12314,True,,leaf,,,False,0.005893264427409318,,[]
20,18,5,11233,False,trend_factor,trend_factor <= 0.99305,19.0,20.0,False,0.2829316018856177,0.9930496218922821,[]
20,19,6,3975,True,,leaf,,,False,0.033691200760360744,,[]
20,20,6,7258,True,,leaf,,,False,0.016170517168184247,,[]
20,21,4,2283,True,,leaf,,,False,0.018399253523372756,,[]
20,22,3,23118,False,cv_12,cv_12 <= 1.05719,23.0,26.0,True,0.03294707713593912,1.0571882797418486,[]
20,23,4,17303,False,category,"category in ['0201', '1140', '1203', '1501', '2004', '2502', '2506', '2803', '2902', 'прочее']",24.0,25.0,False,0.09593946745220355,,"[""0201"", ""1140"", ""1203"", ""1501"", ""2004"", ""2502"", ""2506"", ""2803"", ""2902"", ""прочее""]"
20,24,5,2119,True,,leaf,,,False,-0.004806218335650403,,[]
20,25,5,15184,True,,leaf,,,False,0.004354039373898025,,[]
20,26,4,5815,False,category,"category in ['0103', '0104', '0107', '0808', '0811', '1201', '1306', '2901', '2902']",27.0,28.0,False,-0.15433476394849785,,"[""0103"", ""0104"", ""0107"", ""0808"", ""0811"", ""1201"", ""1306"", ""2901"", ""2902""]"
20,27,5,764,True,,leaf,,,False,0.01431312686690445,,[]
20,28,5,5051,True,,leaf,,,False,-0.008327924585815601,,[]
21,0,0,86094,False,nonzero_12,nonzero_12 <= 0.291667,1.0,10.0,False,0.0,0.29166666666666663,[]
21,1,1,24972,False,mean_6,mean_6 <= 0.5,2.0,5.0,True,-0.540469137779201,0.5,[]
21,2,2,15103,False,category,"category in ['0104', '0811', '1309', '2403', '2502', '2506', '2901']",3.0,4.0,False,-0.6530139614901078,,"[""0104"", ""0811"", ""1309"", ""2403"", ""2502"", ""2506"", ""2901""]"
21,3,3,719,True,,leaf,,,False,-0.007740036961093525,,[]
21,4,3,14384,True,,leaf,,,False,-0.007740036961093525,,[]
21,5,2,9869,False,category,"category in ['0104', '0201', '0203', '1501', '2401', '2502', '2514', '2703', '2704', '2802', '2901', '3001']",6.0,7.0,False,-0.3677497722441543,,"[""0104"", ""0201"", ""0203"", ""1501"", ""2401"", ""2502"", ""2514"", ""2703"", ""2704"", ""2802"", ""2901"", ""3001""]"
21,6,3,1319,True,,leaf,,,False,-0.007740036961093525,,[]
21,7,3,8550,False,baseline_ratio,baseline_ratio <= 1.47128,8.0,9.0,True,-0.42149532710280374,1.471275021423019,[]
21,8,4,6995,True,,leaf,,,False,-0.007740036961093525,,[]
21,9,4,1555,True,,leaf,,,False,-0.007740036961093525,,[]
21,10,1,61122,False,lag_1,lag_1 <= 0.126984,11.0,16.0,False,0.0683111954459203,0.12698412698412698,[]
21,11,2,13818,False,nonzero_12,nonzero_12 <= 0.458333,12.0,15.0,False,-0.13827017645357245,0.45833333333333337,[]
21,12,3,5652,False,month_sin,month_sin <= -6.12323e-17,13.0,14.0,False,-0.25644648534086895,-6.123233995736766e-17,[]
21,13,4,2779,True,,leaf,,,False,-0.008465010158869487,,[]
21,14,4,2873,True,,leaf,,,False,-0.007721510189841945,,[]
21,15,3,8166,True,,leaf,,,False,-0.0034946956460623364,,[]
21,16,2,47304,False,lag_2,lag_2 <= 0.546385,17.0,20.0,False,0.12867227459103014,0.5463847203274216,[]
21,17,3,15167,False,lag_3,lag_3 <= 0.120446,18.0,19.0,False,0.002569677801937142,0.1204460966542751,[]
21,18,4,3590,True,,leaf,,,False,-0.007911528356524821,,[]
21,19,4,11577,True,,leaf,,,False,0.002309487575965713,,[]
21,20,3,32137,False,mean_6,mean_6 <= 1.95556,21.0,26.0,True,0.18816685849379414,1.9555555555555555,[]
21,21,4,28341,False,category,"category in ['0103', '0105', '0107', '0108', '0808', '2401', '2403', '2510', '2601']",22.0,23.0,False,0.15699622588268491,,"[""0103"", ""0105"", ""0107"", ""0108"", ""0808"", ""2401"", ""2403"", ""2510"", ""2601""]"
21,22,5,4791,True,,leaf,,,False,0.012620995182614904,,[]
21,23,5,23550,False,log_scale,log_scale <= 3.99207,24.0,25.0,True,0.11825127334465195,3.9920657131016823,[]
21,24,6,15743,True,,leaf,,,False,0.004149356612838118,,[]
21,25,6,7807,True,,leaf,,,False,0.00668547177562151,,[]
21,26,4,3796,False,log_scale,log_scale <= 3.90868,27.0,28.0,True,0.41986337362059906,3.9086841041626315,[]
21,27,5,2976,True,,leaf,,,False,0.03452930330740227,,[]
21,28,5,820,True,,leaf,,,False,0.049735298768968796,,[]
22,0,0,86094,False,nonzero_12,nonzero_12 <= 0.291667,1.0,10.0,False,0.0,0.29166666666666663,[]
22,1,1,24972,False,mean_6,mean_6 <= 0.5,2.0,5.0,True,-0.5402289648546954,0.5,[]
22,2,2,15103,False,category,"category in ['0104', '0811', '1309', '2403', '2502', '2506', '2901']",3.0,4.0,False,-0.6530139614901078,,"[""0104"", ""0811"", ""1309"", ""2403"", ""2502"", ""2506"", ""2901""]"
22,3,3,719,True,,leaf,,,False,-0.007353035113038849,,[]
22,4,3,14384,True,,leaf,,,False,-0.007353035113038849,,[]
22,5,2,9869,False,category,"category in ['0104', '0201', '0203', '1501', '2401', '2502', '2514', '2703', '2704', '2802', '2901', '3001']",6.0,7.0,False,-0.3671424233221986,,"[""0104"", ""0201"", ""0203"", ""1501"", ""2401"", ""2502"", ""2514"", ""2703"", ""2704"", ""2802"", ""2901"", ""3001""]"
22,6,3,1319,True,,leaf,,,False,-0.007353035113038849,,[]
22,7,3,8550,False,baseline_ratio,baseline_ratio <= 1.47128,8.0,9.0,True,-0.42126168224299065,1.471275021423019,[]
22,8,4,6995,True,,leaf,,,False,-0.007353035113038849,,[]
22,9,4,1555,True,,leaf,,,False,-0.007353035113038849,,[]
22,10,1,61122,False,lag_2,lag_2 <= 0,11.0,18.0,False,0.0631093371720212,0.0,[]
22,11,2,12048,False,month_sin,month_sin <= 0.25,12.0,15.0,True,-0.15508376181788025,0.25000000000000006,[]
22,12,3,6523,False,category,"category in ['0103', '0105', '0201', '1140', '1201', '1302', '2401', '2403', '2502', '2803', '2901']",13.0,14.0,False,-0.05311495484463493,,"[""0103"", ""0105"", ""0201"", ""1140"", ""1201"", ""1302"", ""2401"", ""2403"", ""2502"", ""2803"", ""2901""]"
22,13,4,1294,True,,leaf,,,False,0.01817775571513616,,[]
22,14,4,5229,True,,leaf,,,False,-0.008251057990725619,,[]
22,15,3,5525,False,nonzero_12,nonzero_12 <= 0.458333,16.0,17.0,False,-0.2751580849141825,0.45833333333333337,[]
22,16,4,2283,True,,leaf,,,False,-0.007335434680349848,,[]
22,17,4,3242,True,,leaf,,,False,-0.009039456295471517,,[]
22,18,2,49074,False,lag_1,lag_1 <= 0.434696,19.0,20.0,False,0.1166979056311629,0.43469591226321036,[]
22,19,3,14176,True,,leaf,,,False,-0.0009465087898918548,,[]
22,20,3,34898,False,month_sin,month_sin <= 0.25,21.0,28.0,True,0.17222413200412512,0.25000000000000006,[]
22,21,4,22480,False,log_scale,log_scale <= 5.80438,22.0,27.0,True,0.23103601600711426,5.804381673212317,[]
22,22,5,19970,False,mean_6,mean_6 <= 1.95556,23.0,26.0,True,0.1984984984984985,1.9555555555555555,[]
22,23,6,16428,False,category,"category in ['0103', '0104', '0105', '0107', '0108', '0808', '0811', '1201', '1302', '1510', '2401', '2403', '2514', '2601', '2703', '2802', 'прочее']",24.0,25.0,False,0.16328020440442875,,"[""0103"", ""0104"", ""0105"", ""0107"", ""0108"", ""0808"", ""0811"", ""1201"", ""1302"", ""1510"", ""2401"", ""2403"", ""2514"", ""2601"", ""2703"", ""2802"", ""прочее""]"
22,24,7,6185,True,,leaf,,,False,0.015006174655663791,,[]
22,25,7,10243,True,,leaf,,,False,0.005619471876888988,,[]
22,26,6,3542,True,,leaf,,,False,0.03431974055327477,,[]
22,27,5,2510,True,,leaf,,,False,0.014963477629883003,,[]
22,28,4,12418,True,,leaf,,,False,0.002216894662857857,,[]
23,0,0,86094,False,nonzero_12,nonzero_12 <= 0.291667,1.0,8.0,False,0.0,0.29166666666666663,[]
23,1,1,24972,False,mean_6,mean_6 <= 0.5,2.0,3.0,True,-0.5402289648546954,0.5,[]
23,2,2,15103,True,,leaf,,,False,-0.006985383357386907,,[]
23,3,2,9869,False,category,"category in ['0104', '0201', '0203', '1501', '2401', '2502', '2514', '2703', '2704', '2802', '2901', '3001']",4.0,5.0,False,-0.3671424233221986,,"[""0104"", ""0201"", ""0203"", ""1501"", ""2401"", ""2502"", ""2514"", ""2703"", ""2704"", ""2802"", ""2901"", ""3001""]"
23,4,3,1319,True,,leaf,,,False,-0.006985383357386907,,[]
23,5,3,8550,False,baseline_ratio,baseline_ratio <= 1.47128,6.0,7.0,True,-0.42126168224299065,1.471275021423019,[]
23,6,4,6995,True,,leaf,,,False,-0.006985383357386907,,[]
23,7,4,1555,True,,leaf,,,False,-0.006985383357386907,,[]
23,8,1,61122,False,lag_3,lag_3 <= 0,9.0,12.0,False,0.058692665052672906,0.0,[]
23,9,2,11731,False,month_sin,month_sin <= 0.25,10.0,11.0,True,-0.16140022144621413,0.25000000000000006,[]
23,10,3,6677,True,,leaf,,,False,-0.006858819513814946,,[]
23,11,3,5054,True,,leaf,,,False,-0.007149180204681089,,[]
23,12,2,49391,False,month_sin,month_sin <= 0.25,13.0,24.0,True,0.11098965607983644,0.25000000000000006,[]
23,13,3,29626,False,mean_6,mean_6 <= 1.3,14.0,17.0,True,0.18106357133216358,1.3,[]
23,14,4,14995,False,cv_12,cv_12 <= 1.05719,15.0,16.0,True,0.09616794401866045,1.0571882797418486,[]
23,15,5,11145,True,,leaf,,,False,0.006453997774337622,,[]
23,16,5,3850,True,,leaf,,,False,-0.0037622920302476438,,[]
23,17,4,14631,False,log_scale,log_scale <= 3.94803,18.0,19.0,True,0.26794617853971725,3.948033442951179,[]
23,18,5,11067,True,,leaf,,,False,0.017427711701673988,,[]
23,19,5,3564,False,category,"category in ['0103', '0105', '0107', '0302', '0808', '1201', '1303', '2401', '2506', '2601', '2703']",20.0,21.0,True,0.46278679350867374,,"[""0103"", ""0105"", ""0107"", ""0302"", ""0808"", ""1201"", ""1303"", ""2401"", ""2506"", ""2601"", ""2703""]"
23,20,6,1933,True,,leaf,,,False,0.030671971436706483,,[]
23,21,6,1631,False,month_cos,month_cos <= -6.12323e-17,22.0,23.0,False,0.25167580743449114,-6.123233995736765e-17,[]
23,22,7,793,True,,leaf,,,False,0.027849436205252237,,[]
23,23,7,838,True,,leaf,,,False,-0.0010838498724895479,,[]
23,24,3,19765,False,nonzero_12,nonzero_12 <= 0.708333,25.0,26.0,False,0.005916561314791403,0.7083333333333333,[]
23,25,4,4540,True,,leaf,,,False,-0.007660231001305615,,[]
23,26,4,15225,False,category,"category in ['0104', '0201', '1140', '1203', '1309', '1501', '2004', '2401', '2502', '2506', '2803', '2901', '2902', 'прочее']",27.0,28.0,False,0.05979652116836232,,"[""0104"", ""0201"", ""1140"", ""1203"", ""1309"", ""1501"", ""2004"", ""2401"", ""2502"", ""2506"", ""2803"", ""2901"", ""2902"", ""прочее""]"
23,27,5,2721,True,,leaf,,,False,-0.004009427759367895,,[]
23,28,5,12504,True,,leaf,,,False,0.003512469635488211,,[]
24,0,0,86094,False,nonzero_12,nonzero_12 <= 0.291667,1.0,10.0,False,0.0,0.29166666666666663,[]
24,1,1,24972,False,mean_6,mean_6 <= 0.5,2.0,5.0,True,-0.5400688495716917,0.5,[]
24,2,2,15103,False,category,"category in ['0104', '0811', '1309', '2403', '2502', '2506', '2901']",3.0,4.0,False,-0.6530139614901078,,"[""0104"", ""0811"", ""1309"", ""2403"", ""2502"", ""2506"", ""2901""]"
24,3,3,719,True,,leaf,,,False,-0.006636114189517562,,[]
24,4,3,14384,True,,leaf,,,False,-0.006636114189517562,,[]
24,5,2,9869,False,category,"category in ['0104', '0201', '0203', '1501', '2401', '2502', '2514', '2703', '2704', '2802', '2901', '3001']",6.0,7.0,False,-0.3667375240408948,,"[""0104"", ""0201"", ""0203"", ""1501"", ""2401"", ""2502"", ""2514"", ""2703"", ""2704"", ""2802"", ""2901"", ""3001""]"
24,6,3,1319,True,,leaf,,,False,-0.006636114189517562,,[]
24,7,3,8550,False,baseline_ratio,baseline_ratio <= 1.47128,8.0,9.0,True,-0.42102803738317757,1.471275021423019,[]
24,8,4,6995,True,,leaf,,,False,-0.006636114189517562,,[]
24,9,4,1555,True,,leaf,,,False,-0.006636114189517562,,[]
24,10,1,61122,False,lag_3,lag_3 <= 0,11.0,16.0,False,0.05476673427991886,0.0,[]
24,11,2,11731,False,month_sin,month_sin <= 0.25,12.0,13.0,True,-0.15697129716378502,0.25000000000000006,[]
24,12,3,6677,True,,leaf,,,False,-0.006515878538124198,,[]
24,13,3,5054,False,nonzero_12,nonzero_12 <= 0.458333,14.0,15.0,False,-0.2835703001579779,0.45833333333333337,[]
24,14,4,2197,True,,leaf,,,False,-0.0067917211944470346,,[]
24,15,4,2857,True,,leaf,,,False,-0.008230024470463887,,[]
24,16,2,49391,False,mean_6,mean_6 <= 1.69231,17.0,26.0,True,0.10507884455780248,1.6923076923076923,[]
24,17,3,40955,False,cv_12,cv_12 <= 1.05719,18.0,23.0,True,0.06764310997192725,1.0571882797418486,[]
24,18,4,29965,False,category,"category in ['0104', '0111', '0201', '1140', '1203', '1305', '1306', '1309', '1501', '1510', '2004', '2502', '2506', '2803', '2902', 'прочее']",19.0,20.0,False,0.11973311092577148,,"[""0104"", ""0111"", ""0201"", ""1140"", ""1203"", ""1305"", ""1306"", ""1309"", ""1501"", ""1510"", ""2004"", ""2502"", ""2506"", ""2803"", ""2902"", ""прочее""]"
24,19,5,5044,True,,leaf,,,False,-0.001597350099104178,,[]
24,20,5,24921,False,log_scale,log_scale <= 6.11993,21.0,22.0,True,0.15310256307408449,6.119931051480283,[]
24,21,6,21961,True,,leaf,,,False,0.005361839600440833,,[]
24,22,6,2960,True,,leaf,,,False,0.007204013488978481,,[]
24,23,4,10990,False,month_sin,month_sin <= -6.12323e-17,24.0,25.0,True,-0.07436363636363637,-6.123233995736766e-17,[]
24,24,5,5880,True,,leaf,,,False,0.0017440630788984085,,[]
24,25,5,5110,True,,leaf,,,False,-0.007277219451240335,,[]
24,26,3,8436,False,log_scale,log_scale <= 4.60016,27.0,28.0,True,0.28652616623253613,4.600157644164547,[]
24,27,4,7321,True,,leaf,,,False,0.022015492965802155,,[]
24,28,4,1115,True,,leaf,,,False,0.03947151146101283,,[]
25,0,0,86094,False,nonzero_12,nonzero_12 <= 0.291667,1.0,10.0,False,0.0,0.29166666666666663,[]
25,1,1,24972,False,mean_6,mean_6 <= 0.5,2.0,5.0,True,-0.5400688495716917,0.5,[]
25,2,2,15103,False,category,"category in ['0104', '0811', '1309', '2403', '2502', '2506', '2901']",3.0,4.0,False,-0.6530139614901078,,"[""0104"", ""0811"", ""1309"", ""2403"", ""2502"", ""2506"", ""2901""]"
25,3,3,719,True,,leaf,,,False,-0.006304308480041683,,[]
25,4,3,14384,True,,leaf,,,False,-0.006304308480041683,,[]
25,5,2,9869,False,category,"category in ['0104', '0201', '0203', '1501', '2401', '2502', '2514', '2703', '2704', '2802', '2901', '3001']",6.0,7.0,False,-0.3667375240408948,,"[""0104"", ""0201"", ""0203"", ""1501"", ""2401"", ""2502"", ""2514"", ""2703"", ""2704"", ""2802"", ""2901"", ""3001""]"
25,6,3,1319,True,,leaf,,,False,-0.006304308480041683,,[]
25,7,3,8550,False,baseline_ratio,baseline_ratio <= 1.47128,8.0,9.0,True,-0.42102803738317757,1.471275021423019,[]
25,8,4,6995,True,,leaf,,,False,-0.006304308480041683,,[]
25,9,4,1555,True,,leaf,,,False,-0.006304308480041683,,[]
25,10,1,61122,False,lag_2,lag_2 <= 0,11.0,16.0,False,0.05159327357194268,0.0,[]
25,11,2,12048,False,month_sin,month_sin <= 0.25,12.0,13.0,True,-0.15160059711394924,0.25000000000000006,[]
25,12,3,6523,True,,leaf,,,False,-0.0062176359696192425,,[]
25,13,3,5525,False,nonzero_12,nonzero_12 <= 0.458333,14.0,15.0,False,-0.2693766937669377,0.45833333333333337,[]
25,14,4,2283,True,,leaf,,,False,-0.0062716178763759485,,[]
25,15,4,3242,True,,leaf,,,False,-0.007818523246940693,,[]
25,16,2,49074,False,month_sin,month_sin <= 0.25,17.0,22.0,True,0.1014994702958194,0.25000000000000006,[]
25,17,3,29780,False,lag_1,lag_1 <= 1.03051,18.0,19.0,False,0.1646189996643169,1.0305084745762711,[]
25,18,4,14630,True,,leaf,,,False,0.004810096095174944,,[]
25,19,4,15150,False,log_scale,log_scale <= 5.80438,20.0,21.0,True,0.2428759894459103,5.804381673212317,[]
25,20,5,13542,True,,leaf,,,False,0.013769087711863063,,[]
25,21,5,1608,True,,leaf,,,False,0.019538452303315065,,[]
25,22,3,19294,False,nonzero_12,nonzero_12 <= 0.708333,23.0,26.0,False,0.0040406133443845835,0.7083333333333333,[]
25,23,4,4271,False,category,"category in ['0104', '0107', '0811', '1306', '1309', '2510', '2704', '2802']",24.0,25.0,False,-0.1707544966129409,,"[""0104"", ""0107"", ""0811"", ""1306"", ""1309"", ""2510"", ""2704"", ""2802""]"
25,24,5,596,True,,leaf,,,False,0.022516592658883255,,[]
25,25,5,3675,True,,leaf,,,False,-0.008793002205291438,,[]
25,26,4,15023,False,category,"category in ['0104', '0201', '1140', '1203', '1309', '1501', '2004', '2401', '2502', '2506', '2803', '2901', '2902', 'прочее']",27.0,28.0,False,0.053814940464311845,,"[""0104"", ""0201"", ""1140"", ""1203"", ""1309"", ""1501"", ""2004"", ""2401"", ""2502"", ""2506"", ""2803"", ""2901"", ""2902"", ""прочее""]"
25,27,5,2658,True,,leaf,,,False,-0.0036940108687588194,,[]
25,28,5,12365,True,,leaf,,,False,0.003109483340871555,,[]
26,0,0,86094,False,nonzero_12,nonzero_12 <= 0.291667,1.0,10.0,False,0.0,0.29166666666666663,[]
26,1,1,24972,False,mean_6,mean_6 <= 0.5,2.0,5.0,True,-0.5396685613641822,0.5,[]
26,2,2,15103,False,category,"category in ['0104', '0811', '1309', '2403', '2502', '2506', '2901']",3.0,4.0,False,-0.6530139614901078,,"[""0104"", ""0811"", ""1309"", ""2403"", ""2502"", ""2506"", ""2901""]"
26,3,3,719,True,,leaf,,,False,-0.005989093056039599,,[]
26,4,3,14384,True,,leaf,,,False,-0.005989093056039599,,[]
26,5,2,9869,False,category,"category in ['0104', '0201', '0203', '1501', '2401', '2502', '2514', '2703', '2704', '2802', '2901', '3001']",6.0,7.0,False,-0.36572527583763537,,"[""0104"", ""0201"", ""0203"", ""1501"", ""2401"", ""2502"", ""2514"", ""2703"", ""2704"", ""2802"", ""2901"", ""3001""]"
26,6,3,1319,True,,leaf,,,False,-0.005989093056039599,,[]
26,7,3,8550,False,baseline_ratio,baseline_ratio <= 1.47128,8.0,9.0,True,-0.41985981308411213,1.471275021423019,[]
26,8,4,6995,True,,leaf,,,False,-0.005989093056039599,,[]
26,9,4,1555,True,,leaf,,,False,-0.005989093056039599,,[]
26,10,1,61122,False,lag_3,lag_3 <= 0,11.0,14.0,False,0.047274749721913235,0.0,[]
26,11,2,11731,False,trend_factor,trend_factor <= 0.99305,12.0,13.0,False,-0.15475683502257048,0.9930496218922821,[]
26,12,3,2529,True,,leaf,,,False,0.003831667992494958,,[]
26,13,3,9202,True,,leaf,,,False,-0.006398246074971233,,[]
26,14,2,49391,False,month_sin,month_sin <= 0.25,15.0,24.0,True,0.09528147203497905,0.25000000000000006,[]
26,15,3,29626,False,mean_6,mean_6 <= 1.28342,16.0,19.0,False,0.15967067080577677,1.2834224598930482,[]
26,16,4,14680,False,category,"category in ['0111', '0302', '0303', '1140', '1305', '1306', '1309', '1501', '2502', '2506', '2703', '2801', '2802', '2803', '2902', 'прочее']",17.0,18.0,False,0.07896528250510551,,"[""0111"", ""0302"", ""0303"", ""1140"", ""1305"", ""1306"", ""1309"", ""1501"", ""2502"", ""2506"", ""2703"", ""2801"", ""2802"", ""2803"", ""2902"", ""прочее""]"
26,17,5,5417,True,,leaf,,,False,-0.0017075179265465257,,[]
26,18,5,9263,True,,leaf,,,False,0.006681770182482633,,[]
26,19,4,14946,False,log_scale,log_scale <= 3.94803,20.0,21.0,True,0.238833912810912,3.948033442951179,[]
26,20,5,11307,True,,leaf,,,False,0.015301293967271446,,[]
26,21,5,3639,False,category,"category in ['0103', '0105', '0107', '0302', '0808', '1201', '1303', '2401', '2506', '2601', '2703']",22.0,23.0,True,0.4124417648670869,,"[""0103"", ""0105"", ""0107"", ""0302"", ""0808"", ""1201"", ""1303"", ""2401"", ""2506"", ""2601"", ""2703""]"
26,22,6,1970,True,,leaf,,,False,0.02759017780221771,,[]
26,23,6,1669,True,,leaf,,,False,0.010231644395478879,,[]
26,24,3,19765,False,nonzero_12,nonzero_12 <= 0.708333,25.0,26.0,False,-0.0012642225031605564,0.7083333333333333,[]
26,25,4,4540,True,,leaf,,,False,-0.0067997511532582565,,[]
26,26,4,15225,False,category,"category in ['0201', '1140', '1203', '1309', '1501', '2004', '2401', '2502', '2506', '2803', '2901', '2902', 'прочее']",27.0,28.0,False,0.04916311125697407,,"[""0201"", ""1140"", ""1203"", ""1309"", ""1501"", ""2004"", ""2401"", ""2502"", ""2506"", ""2803"", ""2901"", ""2902"", ""прочее""]"
26,27,5,2570,True,,leaf,,,False,-0.003852046297668242,,[]
26,28,5,12655,True,,leaf,,,False,0.002837599828761722,,[]
27,0,0,86094,False,nonzero_12,nonzero_12 <= 0.291667,1.0,10.0,False,0.0,0.29166666666666663,[]
27,1,1,24972,False,mean_6,mean_6 <= 0.5,2.0,5.0,True,-0.5395084460811784,0.5,[]
27,2,2,15103,False,category,"category in ['0104', '0811', '1309', '2403', '2502', '2506', '2901']",3.0,4.0,False,-0.6527492886918547,,"[""0104"", ""0811"", ""1309"", ""2403"", ""2502"", ""2506"", ""2901""]"
27,3,3,719,True,,leaf,,,False,-0.005689638403237619,,[]
27,4,3,14384,True,,leaf,,,False,-0.005689638403237619,,[]
27,5,2,9869,False,category,"category in ['0104', '0201', '0203', '1501', '2401', '2502', '2514', '2703', '2704', '2802', '2901', '3001']",6.0,7.0,False,-0.36572527583763537,,"[""0104"", ""0201"", ""0203"", ""1501"", ""2401"", ""2502"", ""2514"", ""2703"", ""2704"", ""2802"", ""2901"", ""3001""]"
27,6,3,1319,True,,leaf,,,False,-0.005689638403237619,,[]
27,7,3,8550,False,baseline_ratio,baseline_ratio <= 1.47128,8.0,9.0,True,-0.41985981308411213,1.471275021423019,[]
27,8,4,6995,True,,leaf,,,False,-0.005689638403237619,,[]
27,9,4,1555,True,,leaf,,,False,-0.005689638403237619,,[]
27,10,1,61122,False,lag_3,lag_3 <= 0,11.0,18.0,False,0.043872276385526404,0.0,[]
27,11,2,11731,False,month_sin,month_sin <= 0.25,12.0,15.0,True,-0.15390511881441105,0.25000000000000006,[]
27,12,3,6677,False,category,"category in ['0104', '0105', '0107', '0201', '1201', '1302', '2401', '2403', '2502', '2802', '2901', '2902']",13.0,14.0,False,-0.059668012561686856,,"[""0104"", ""0105"", ""0107"", ""0201"", ""1201"", ""1302"", ""2401"", ""2403"", ""2502"", ""2802"", ""2901"", ""2902""]"
27,13,4,1309,True,,leaf,,,False,0.01549926000573205,,[]
27,14,4,5368,True,,leaf,,,False,-0.006538976086362858,,[]
27,15,3,5054,False,nonzero_12,nonzero_12 <= 0.458333,16.0,17.0,False,-0.27804107424960506,0.45833333333333337,[]
27,16,4,2197,True,,leaf,,,False,-0.005818641937157323,,[]
27,17,4,2857,True,,leaf,,,False,-0.007107684780845097,,[]
27,18,2,49391,False,mean_6,mean_6 <= 1.69231,19.0,26.0,True,0.09086860589866602,1.6923076923076923,[]
27,19,3,40955,False,cv_12,cv_12 <= 1.05719,20.0,23.0,True,0.055974612474063226,1.0571882797418486,[]
27,20,4,29965,False,category,"category in ['0103', '0105', '0107', '0108', '0303', '0808', '1201', '2403', '2510', '2601', '2704', '2801', '2802']",21.0,22.0,False,0.10365304420350292,,"[""0103"", ""0105"", ""0107"", ""0108"", ""0303"", ""0808"", ""1201"", ""2403"", ""2510"", ""2601"", ""2704"", ""2801"", ""2802""]"
27,21,5,7707,True,,leaf,,,False,0.007728944815819228,,[]
27,22,5,22258,True,,leaf,,,False,0.0023414078461846096,,[]
27,23,4,10990,False,category,"category in ['0103', '0104', '0105', '0107', '0808', '0811', '1201', '1302', '1303', '1306', '1510', '2401', '2403', '2703', '2704', '2802', '2901', '2902']",24.0,25.0,False,-0.074,,"[""0103"", ""0104"", ""0105"", ""0107"", ""0808"", ""0811"", ""1201"", ""1302"", ""1303"", ""1306"", ""1510"", ""2401"", ""2403"", ""2703"", ""2704"", ""2802"", ""2901"", ""2902""]"
27,24,5,3693,True,,leaf,,,False,0.004637430827630018,,[]
27,25,5,7297,True,,leaf,,,False,-0.006259790027196607,,[]
27,26,3,8436,False,trend_factor,trend_factor <= 0.99305,27.0,28.0,False,0.2600047359696898,0.9930496218922821,[]
27,27,4,2822,True,,leaf,,,False,0.03520614109604441,,[]
27,28,4,5614,True,,leaf,,,False,0.015031071576633668,,[]
28,0,0,86094,False,nonzero_12,nonzero_12 <= 0.291667,1.0,10.0,False,0.0,0.29166666666666663,[]
28,1,1,24972,False,mean_6,mean_6 <= 0.5,2.0,5.0,True,-0.5394283884396766,0.5,[]
28,2,2,15103,False,category,"category in ['0104', '0811', '1309', '2403', '2502', '2506', '2901']",3.0,4.0,False,-0.6527492886918547,,"[""0104"", ""0811"", ""1309"", ""2403"", ""2502"", ""2506"", ""2901""]"
28,3,3,719,True,,leaf,,,False,-0.005405156483075738,,[]
28,4,3,14384,True,,leaf,,,False,-0.005405156483075738,,[]
28,5,2,9869,False,category,"category in ['0104', '0201', '0203', '1501', '2401', '2502', '2514', '2703', '2704', '2802', '2901', '3001']",6.0,7.0,False,-0.3655228261969835,,"[""0104"", ""0201"", ""0203"", ""1501"", ""2401"", ""2502"", ""2514"", ""2703"", ""2704"", ""2802"", ""2901"", ""3001""]"
28,6,3,1319,True,,leaf,,,False,-0.005405156483075738,,[]
28,7,3,8550,False,baseline_ratio,baseline_ratio <= 1.47128,8.0,9.0,True,-0.41962616822429905,1.471275021423019,[]
28,8,4,6995,True,,leaf,,,False,-0.005405156483075738,,[]
28,9,4,1555,True,,leaf,,,False,-0.005405156483075738,,[]
28,10,1,61122,False,lag_1,lag_1 <= 0,11.0,16.0,False,0.04109140875482562,0.0,[]
28,11,2,12431,False,category,"category in ['0108', '0302', '0303', '0808', '0811', '1305', '1501', '1510', '2004', '2402', '2502', '2506', '2514', '2702', '2703', '2801', '3002', 'прочее']",12.0,15.0,True,-0.14540631782011093,,"[""0108"", ""0302"", ""0303"", ""0808"", ""0811"", ""1305"", ""1501"", ""1510"", ""2004"", ""2402"", ""2502"", ""2506"", ""2514"", ""2702"", ""2703"", ""2801"", ""3002"", ""прочее""]"
28,12,3,8711,False,trend_factor,trend_factor <= 0.99305,13.0,14.0,False,-0.2129342965256278,0.9930496218922821,[]
28,13,4,1717,True,,leaf,,,False,0.00022849314812893874,,[]
28,14,4,6994,True,,leaf,,,False,-0.006212027282044715,,[]
28,15,3,3720,True,,leaf,,,False,0.0007592783514090637,,[]
28,16,2,48691,False,month_sin,month_sin <= 0.25,17.0,26.0,True,0.08872507751380874,0.25000000000000006,[]
28,17,3,29811,False,category,"category in ['0103', '0104', '0105', '0107', '0108', '0808', '1510', '2403', '2510', '2601', 'прочее']",18.0,19.0,False,0.14623922739009423,,"[""0103"", ""0104"", ""0105"", ""0107"", ""0108"", ""0808"", ""1510"", ""2403"", ""2510"", ""2601"", ""прочее""]"
28,18,4,4408,True,,leaf,,,False,0.014563683569581754,,[]
28,19,4,25403,False,baseline_ratio,baseline_ratio <= 1.25394,20.0,21.0,False,0.11541337110927478,1.2539383773192554,[]
28,20,5,12272,True,,leaf,,,False,0.002109930977905128,,[]
28,21,5,13131,False,mean_6,mean_6 <= 1.31034,22.0,23.0,False,0.18499353169469598,1.3103448275862069,[]
28,22,6,4311,True,,leaf,,,False,0.003550286604096359,,[]
28,23,6,8820,False,category,"category in ['0302', '1201', '1303', '1306', '2401', '2502', '2506', '2514', '2703', '2801', '2802', '2803']",24.0,25.0,True,0.24462061155152887,,"[""0302"", ""1201"", ""1303"", ""1306"", ""2401"", ""2502"", ""2506"", ""2514"", ""2703"", ""2801"", ""2802"", ""2803""]"
28,24,7,5214,True,,leaf,,,False,0.024464576313994114,,[]
28,25,7,3606,True,,leaf,,,False,0.008552992886058075,,[]
28,26,3,18880,False,cv_12,cv_12 <= 1.05719,27.0,28.0,True,-0.0021175224986765486,1.0571882797418486,[]
28,27,4,14351,True,,leaf,,,False,0.001340393004947882,,[]
28,28,4,4529,True,,leaf,,,False,-0.005527709840299457,,[]
29,0,0,86094,False,nonzero_12,nonzero_12 <= 0.291667,1.0,12.0,False,0.0,0.29166666666666663,[]
29,1,1,24972,False,mean_6,mean_6 <= 0.5,2.0,5.0,True,-0.5392682731566728,0.5,[]
29,2,2,15103,False,category,"category in ['0104', '0811', '1309', '2403', '2502', '2506', '2901']",3.0,4.0,False,-0.6527492886918547,,"[""0104"", ""0811"", ""1309"", ""2403"", ""2502"", ""2506"", ""2901""]"
29,3,3,719,True,,leaf,,,False,-0.005134898658921951,,[]
29,4,3,14384,True,,leaf,,,False,-0.005134898658921951,,[]
29,5,2,9869,False,category,"category in ['0104', '0201', '0203', '1501', '2401', '2502', '2514', '2703', '2704', '2802', '2901', '3001']",6.0,7.0,False,-0.36511792691567974,,"[""0104"", ""0201"", ""0203"", ""1501"", ""2401"", ""2502"", ""2514"", ""2703"", ""2704"", ""2802"", ""2901"", ""3001""]"
29,6,3,1319,True,,leaf,,,False,-0.005134898658921951,,[]
29,7,3,8550,False,baseline_ratio,baseline_ratio <= 1.47128,8.0,11.0,True,-0.41962616822429905,1.471275021423019,[]
29,8,4,6995,False,lag_1,lag_1 <= 0,9.0,10.0,True,-0.4809421841541756,0.0,[]
29,9,5,4679,True,,leaf,,,False,-0.005134898658921951,,[]
29,10,5,2316,True,,leaf,,,False,-0.005134898658921951,,[]
29,11,4,1555,True,,leaf,,,False,-0.005134898658921951,,[]
29,12,1,61122,False,lag_1,lag_1 <= 0,13.0,18.0,False,0.037296342341163385,0.0,[]
29,13,2,12431,False,category,"category in ['0108', '0302', '0303', '0808', '0811', '1305', '1501', '1510', '2004', '2402', '2502', '2506', '2514', '2702', '2703', '2801', '3002', 'прочее']",14.0,17.0,True,-0.14540631782011093,,"[""0108"", ""0302"", ""0303"", ""0808"", ""0811"", ""1305"", ""1501"", ""1510"", ""2004"", ""2402"", ""2502"", ""2506"", ""2514"", ""2702"", ""2703"", ""2801"", ""3002"", ""прочее""]"
29,14,3,8711,False,trend_factor,trend_factor <= 0.99305,15.0,16.0,False,-0.21270496502694644,0.9930496218922821,[]
29,15,4,1717,True,,leaf,,,False,0.00021706849072249124,,[]
29,16,4,6994,True,,leaf,,,False,-0.005901425917942479,,[]
29,17,3,3720,True,,leaf,,,False,0.0007213144338386115,,[]
29,18,2,48691,False,mean_6,mean_6 <= 1.69231,19.0,26.0,True,0.08396131496273176,1.6923076923076923,[]
29,19,3,40305,False,cv_12,cv_12 <= 1.07046,20.0,23.0,True,0.051916160238124766,1.0704630042173193,[]
29,20,4,29971,False,category,"category in ['0103', '0105', '0107', '0108', '0303', '0808', '1201', '2403', '2510', '2601', '2703', '2704', '2801', '2802']",21.0,22.0,False,0.09382608985690938,,"[""0103"", ""0105"", ""0107"", ""0108"", ""0303"", ""0808"", ""1201"", ""2403"", ""2510"", ""2601"", ""2703"", ""2704"", ""2801"", ""2802""]"
29,21,5,8329,True,,leaf,,,False,0.007299401518789975,,[]
29,22,5,21642,True,,leaf,,,False,0.0019897822353661916,,[]
29,23,4,10334,False,category,"category in ['0104', '0107', '0808', '0811', '1201', '1302', '1510', '2403', '2802', '2902', 'прочее']",24.0,25.0,False,-0.06960556844547564,,"[""0104"", ""0107"", ""0808"", ""0811"", ""1201"", ""1302"", ""1510"", ""2403"", ""2802"", ""2902"", ""прочее""]"
29,24,5,1806,True,,leaf,,,False,0.010897218398455522,,[]
29,25,5,8528,True,,leaf,,,False,-0.0056704150338218046,,[]
29,26,3,8386,False,log_scale,log_scale <= 4.38826,27.0,28.0,True,0.23773225345402574,4.388257184424518,[]
29,27,4,7146,True,,leaf,,,False,0.01753339051073281,,[]
29,28,4,1240,True,,leaf,,,False,0.03263443971188673,,[]
30,0,0,86094,False,nonzero_12,nonzero_12 <= 0.291667,1.0,10.0,False,0.0,0.29166666666666663,[]
30,1,1,24972,False,mean_6,mean_6 <= 0.5,2.0,5.0,True,-0.5391882155151709,0.5,[]
30,2,2,15103,False,category,"category in ['0104', '0811', '1309', '2403', '2502', '2506', '2901']",3.0,4.0,False,-0.6526169522927281,,"[""0104"", ""0811"", ""1309"", ""2403"", ""2502"", ""2506"", ""2901""]"
30,3,3,719,True,,leaf,,,False,-0.004878153725975854,,[]
30,4,3,14384,True,,leaf,,,False,-0.004878153725975854,,[]
30,5,2,9869,False,category,"category in ['0104', '0201', '0203', '1501', '2401', '2502', '2514', '2703', '2704', '2802', '2901', '3001']",6.0,7.0,False,-0.36511792691567974,,"[""0104"", ""0201"", ""0203"", ""1501"", ""2401"", ""2502"", ""2514"", ""2703"", ""2704"", ""2802"", ""2901"", ""3001""]"
30,6,3,1319,True,,leaf,,,False,-0.004878153725975854,,[]
30,7,3,8550,False,baseline_ratio,baseline_ratio <= 1.47128,8.0,9.0,True,-0.41962616822429905,1.471275021423019,[]
30,8,4,6995,True,,leaf,,,False,-0.004878153725975854,,[]
30,9,4,1555,True,,leaf,,,False,-0.004878153725975854,,[]
30,10,1,61122,False,lag_1,lag_1 <= 0,11.0,16.0,False,0.033108682850225744,0.0,[]
30,11,2,12431,False,category,"category in ['0108', '0302', '0303', '0808', '0811', '1305', '1501', '1510', '2004', '2402', '2502', '2506', '2514', '2702', '2703', '2801', '3002', 'прочее']",12.0,15.0,True,-0.14508480025721404,,"[""0108"", ""0302"", ""0303"", ""0808"", ""0811"", ""1305"", ""1501"", ""1510"", ""2004"", ""2402"", ""2502"", ""2506"", ""2514"", ""2702"", ""2703"", ""2801"", ""3002"", ""прочее""]"
30,12,3,8711,False,trend_factor,trend_factor <= 0.99305,13.0,14.0,False,-0.21155830753353974,0.9930496218922821,[]
30,13,4,1717,True,,leaf,,,False,0.000206215066186366,,[]
30,14,4,6994,True,,leaf,,,False,-0.005606354622045355,,[]
30,15,3,3720,True,,leaf,,,False,0.0006852487121466813,,[]
30,16,2,48691,False,month_sin,month_sin <= 0.25,17.0,24.0,True,0.07862261555204206,0.25000000000000006,[]
30,17,3,29811,False,log_scale,log_scale <= 6.11993,18.0,23.0,True,0.13396599711612622,6.119931051480283,[]
30,18,4,27671,False,mean_6,mean_6 <= 1.95556,19.0,22.0,True,0.11455511000325133,1.9555555555555555,[]
30,19,5,23496,False,category,"category in ['0103', '0104', '0105', '0107', '0108', '0201', '0808', '1201', '1302', '1510', '2004', '2401', '2403', '2510', '2601', '2802', '2901', 'прочее']",20.0,21.0,False,0.08636092912447886,,"[""0103"", ""0104"", ""0105"", ""0107"", ""0108"", ""0201"", ""0808"", ""1201"", ""1302"", ""1510"", ""2004"", ""2401"", ""2403"", ""2510"", ""2601"", ""2802"", ""2901"", ""прочее""]"
30,20,6,7406,True,,leaf,,,False,0.010559625650545253,,[]
30,21,6,16090,True,,leaf,,,False,0.002083900387863494,,[]
30,22,5,4175,True,,leaf,,,False,0.025938836427782552,,[]
30,23,4,2140,True,,leaf,,,False,0.010939741702544088,,[]
30,24,3,18880,False,nonzero_12,nonzero_12 <= 0.458333,25.0,26.0,False,-0.008787718369507676,0.45833333333333337,[]
30,25,4,1234,True,,leaf,,,False,-0.0056942186023151604,,[]
30,26,4,17646,False,category,"category in ['0201', '1140', '1203', '1305', '1501', '2004', '2401', '2502', '2803', '2901', '2902', 'прочее']",27.0,28.0,False,0.012573629361123698,,"[""0201"", ""1140"", ""1203"", ""1305"", ""1501"", ""2004"", ""2401"", ""2502"", ""2803"", ""2901"", ""2902"", ""прочее""]"
30,27,5,2356,True,,leaf,,,False,-0.005627339860450649,,[]
30,28,5,15290,True,,leaf,,,False,0.0015301885363331895,,[]
31,0,0,86094,False,nonzero_12,nonzero_12 <= 0.291667,1.0,10.0,False,0.0,0.29166666666666663,[]
31,1,1,24972,False,mean_6,mean_6 <= 0.5,2.0,5.0,True,-0.5390281002321672,0.5,[]
31,2,2,15103,False,category,"category in ['0104', '0811', '1309', '2403', '2502', '2506', '2901']",3.0,4.0,False,-0.6524846158936015,,"[""0104"", ""0811"", ""1309"", ""2403"", ""2502"", ""2506"", ""2901""]"
31,3,3,719,True,,leaf,,,False,-0.004634246039677061,,[]
31,4,3,14384,True,,leaf,,,False,-0.004634246039677061,,[]
31,5,2,9869,False,category,"category in ['0104', '0201', '0203', '1501', '2401', '2502', '2514', '2703', '2704', '2802', '2901', '3001']",6.0,7.0,False,-0.3649154772750278,,"[""0104"", ""0201"", ""0203"", ""1501"", ""2401"", ""2502"", ""2514"", ""2703"", ""2704"", ""2802"", ""2901"", ""3001""]"
31,6,3,1319,True,,leaf,,,False,-0.004634246039677061,,[]
31,7,3,8550,False,baseline_ratio,baseline_ratio <= 1.47128,8.0,9.0,True,-0.41939252336448596,1.471275021423019,[]
31,8,4,6995,True,,leaf,,,False,-0.004634246039677061,,[]
31,9,4,1555,True,,leaf,,,False,-0.004634246039677061,,[]
31,10,1,61122,False,lag_3,lag_3 <= 0.0703812,11.0,16.0,False,0.03022966695020611,0.07038123167155425,[]
31,11,2,12174,False,trend_factor,trend_factor <= 0.99305,12.0,13.0,False,-0.14822718319107026,0.9930496218922821,[]
31,12,3,2747,True,,leaf,,,False,0.002972512518361406,,[]
31,13,3,9427,False,month_sin,month_sin <= 0.25,14.0,15.0,True,-0.20462011232383173,0.25000000000000006,[]
31,14,4,5133,True,,leaf,,,False,-0.005363211889394466,,[]
31,15,4,4294,True,,leaf,,,False,-0.004683092666477636,,[]
31,16,2,48948,False,month_sin,month_sin <= 0.25,17.0,22.0,True,0.07463540177294824,0.25000000000000006,[]
31,17,3,29356,False,mean_6,mean_6 <= 1.41818,18.0,19.0,True,0.1332833889532112,1.4181818181818182,[]
31,18,4,16965,True,,leaf,,,False,0.0035850475164719287,,[]
31,19,4,12391,False,trend_factor,trend_factor <= 0.99305,20.0,21.0,False,0.2128054189178292,0.9930496218922821,[]
31,20,5,4495,True,,leaf,,,False,0.024568078027511178,,[]
31,21,5,7896,True,,leaf,,,False,0.010054287427654369,,[]
31,22,3,19592,False,nonzero_12,nonzero_12 <= 0.625,23.0,26.0,False,-0.013263952657892052,0.625,[]
31,23,4,3296,False,category,"category in ['0104', '0107', '0811', '1306', '1309', '2401', '2506', '2704', '2802', '2901']",24.0,25.0,False,-0.20387174833635813,,"[""0104"", ""0107"", ""0811"", ""1306"", ""1309"", ""2401"", ""2506"", ""2704"", ""2802"", ""2901""]"
31,24,5,530,True,,leaf,,,False,0.02505338836093304,,[]
31,25,5,2766,True,,leaf,,,False,-0.005873013494129714,,[]
31,26,4,16296,False,category,"category in ['0103', '0107', '0303', '0808', '1201', '2403', '2601', '2703', '2801']",27.0,28.0,False,0.025389427204709922,,"[""0103"", ""0107"", ""0303"", ""0808"", ""1201"", ""2403"", ""2601"", ""2703"", ""2801""]"
31,27,5,2645,True,,leaf,,,False,0.00794131534743613,,[]
31,28,5,13651,True,,leaf,,,False,-0.0002755543495547408,,[]
32,0,0,86094,False,nonzero_12,nonzero_12 <= 0.291667,1.0,12.0,False,0.0,0.29166666666666663,[]
32,1,1,24972,False,mean_6,mean_6 <= 0.5,2.0,5.0,True,-0.5390281002321672,0.5,[]
32,2,2,15103,False,category,"category in ['0104', '0811', '1309', '2403', '2502', '2506', '2901']",3.0,4.0,False,-0.6524846158936015,,"[""0104"", ""0811"", ""1309"", ""2403"", ""2502"", ""2506"", ""2901""]"
32,3,3,719,True,,leaf,,,False,-0.004402533737693208,,[]
32,4,3,14384,True,,leaf,,,False,-0.004402533737693208,,[]
32,5,2,9869,False,category,"category in ['0104', '0201', '0203', '1501', '2401', '2502', '2514', '2703', '2704', '2802', '2901', '3001']",6.0,7.0,False,-0.3649154772750278,,"[""0104"", ""0201"", ""0203"", ""1501"", ""2401"", ""2502"", ""2514"", ""2703"", ""2704"", ""2802"", ""2901"", ""3001""]"
32,6,3,1319,True,,leaf,,,False,-0.004402533737693208,,[]
32,7,3,8550,False,baseline_ratio,baseline_ratio <= 1.47128,8.0,11.0,True,-0.41939252336448596,1.471275021423019,[]
32,8,4,6995,False,lag_1,lag_1 <= 0,9.0,10.0,True,-0.4806566738044254,0.0,[]
32,9,5,4679,True,,leaf,,,False,-0.004402533737693208,,[]
32,10,5,2316,True,,leaf,,,False,-0.004402533737693208,,[]
32,11,4,1555,True,,leaf,,,False,-0.004402533737693208,,[]
32,12,1,61122,False,lag_2,lag_2 <= 0,13.0,18.0,False,0.026761761434273376,0.0,[]
32,13,2,12048,False,trend_factor,trend_factor <= 0.99305,14.0,15.0,False,-0.15043954221263892,0.9930496218922821,[]
32,14,3,2658,True,,leaf,,,False,0.0035460301128697152,,[]
32,15,3,9390,False,category,"category in ['0105', '0108', '0302', '0303', '1305', '1306', '1501', '2004', '2402', '2502', '2506', '2514', '2702', '2703', '2801', '3002', 'прочее']",16.0,17.0,True,-0.2072340425531915,,"[""0105"", ""0108"", ""0302"", ""0303"", ""1305"", ""1306"", ""1501"", ""2004"", ""2402"", ""2502"", ""2506"", ""2514"", ""2702"", ""2703"", ""2801"", ""3002"", ""прочее""]"
32,16,4,6530,True,,leaf,,,False,-0.005057876296473364,,[]
32,17,4,2860,True,,leaf,,,False,-0.004227047557525214,,[]
32,18,2,49074,False,lag_1,lag_1 <= 0.370813,19.0,22.0,False,0.07028767011653492,0.3708125570615914,[]
32,19,3,12732,False,category,"category in ['0103', '0104', '0105', '0107', '0108', '0808', '1140', '1201', '1203', '1302', '1303', '1306', '2403', '2703', '2801', '2802', '2901']",20.0,21.0,False,-0.04128080364150055,,"[""0103"", ""0104"", ""0105"", ""0107"", ""0108"", ""0808"", ""1140"", ""1201"", ""1203"", ""1302"", ""1303"", ""1306"", ""2403"", ""2703"", ""2801"", ""2802"", ""2901""]"
32,20,4,4297,True,,leaf,,,False,0.0032505974794083516,,[]
32,21,4,8435,True,,leaf,,,False,-0.00442042463560234,,[]
32,22,3,36342,False,mean_6,mean_6 <= 1.95556,23.0,28.0,True,0.109375,1.9555555555555555,[]
32,23,4,32318,False,category,"category in ['0103', '0104', '0105', '0107', '0108', '0808', '0811', '1201', '1302', '1510', '2401', '2403', '2510', '2514', '2601', '2703', '2704', '2802']",24.0,25.0,False,0.08648849294729027,,"[""0103"", ""0104"", ""0105"", ""0107"", ""0108"", ""0808"", ""0811"", ""1201"", ""1302"", ""1510"", ""2401"", ""2403"", ""2510"", ""2514"", ""2601"", ""2703"", ""2704"", ""2802""]"
32,24,5,11981,True,,leaf,,,False,0.007022354444659918,,[]
32,25,5,20337,False,log_scale,log_scale <= 4.91632,26.0,27.0,True,0.043102177225143756,4.916324614625014,[]
32,26,6,15383,True,,leaf,,,False,0.0003193467061991973,,[]
32,27,6,4954,True,,leaf,,,False,0.0039327463219760135,,[]
32,28,4,4024,True,,leaf,,,False,0.026511299645655236,,[]
33,0,0,86094,False,nonzero_12,nonzero_12 <= 0.291667,1.0,10.0,False,0.0,0.29166666666666663,[]
33,1,1,24972,False,mean_6,mean_6 <= 0.5,2.0,5.0,True,-0.5389480425906653,0.5,[]
33,2,2,15103,False,category,"category in ['0104', '0811', '1309', '2403', '2502', '2506', '2901']",3.0,4.0,False,-0.6524846158936015,,"[""0104"", ""0811"", ""1309"", ""2403"", ""2502"", ""2506"", ""2901""]"
33,3,3,719,True,,leaf,,,False,-0.004182407050808547,,[]
33,4,3,14384,True,,leaf,,,False,-0.004182407050808547,,[]
33,5,2,9869,False,category,"category in ['0104', '0201', '0203', '1501', '2401', '2502', '2514', '2703', '2704', '2802', '2901', '3001']",6.0,7.0,False,-0.36471302763437596,,"[""0104"", ""0201"", ""0203"", ""1501"", ""2401"", ""2502"", ""2514"", ""2703"", ""2704"", ""2802"", ""2901"", ""3001""]"
33,6,3,1319,True,,leaf,,,False,-0.004182407050808547,,[]
33,7,3,8550,False,baseline_ratio,baseline_ratio <= 1.47128,8.0,9.0,True,-0.41915887850467287,1.471275021423019,[]
33,8,4,6995,True,,leaf,,,False,-0.004182407050808547,,[]
33,9,4,1555,True,,leaf,,,False,-0.004182407050808547,,[]
33,10,1,61122,False,lag_2,lag_2 <= 0,11.0,16.0,False,0.024635215599031604,0.0,[]
33,11,2,12048,False,trend_factor,trend_factor <= 0.99305,12.0,13.0,False,-0.14961021728313154,0.9930496218922821,[]
33,12,3,2658,True,,leaf,,,False,0.0033687286072262308,,[]
33,13,3,9390,False,category,"category in ['0105', '0108', '0302', '0303', '1305', '1306', '1501', '2004', '2402', '2502', '2506', '2514', '2702', '2703', '2801', '3002', 'прочее']",14.0,15.0,True,-0.2053191489361702,,"[""0105"", ""0108"", ""0302"", ""0303"", ""1305"", ""1306"", ""1501"", ""2004"", ""2402"", ""2502"", ""2506"", ""2514"", ""2702"", ""2703"", ""2801"", ""3002"", ""прочее""]"
33,14,4,6530,True,,leaf,,,False,-0.004804982481649696,,[]
33,15,4,2860,True,,leaf,,,False,-0.004015695179648953,,[]
33,16,2,49074,False,month_sin,month_sin <= 0.25,17.0,24.0,True,0.06743541683644365,0.25000000000000006,[]
33,17,3,29780,False,category,"category in ['0111', '0201', '0303', '0811', '1140', '1305', '1306', '1309', '1501', '2004', '2402', '2502', '2506', '2702', '2801', '2803', '2902', '3002']",18.0,19.0,False,0.12004028197381672,,"[""0111"", ""0201"", ""0303"", ""0811"", ""1140"", ""1305"", ""1306"", ""1309"", ""1501"", ""2004"", ""2402"", ""2502"", ""2506"", ""2702"", ""2801"", ""2803"", ""2902"", ""3002""]"
33,18,4,12783,True,,leaf,,,False,0.0023229148563828797,,[]
33,19,4,16997,False,mean_6,mean_6 <= 1.04532,20.0,21.0,False,0.17692714764508732,1.0453177401324276,[]
33,20,5,5613,True,,leaf,,,False,0.0024072083770655785,,[]
33,21,5,11384,False,trend_factor,trend_factor <= 0.99305,22.0,23.0,False,0.23608916973845884,0.9930496218922821,[]
33,22,6,3346,True,,leaf,,,False,0.023219073160731758,,[]
33,23,6,8038,True,,leaf,,,False,0.011473781539194462,,[]
33,24,3,19294,False,nonzero_12,nonzero_12 <= 0.708333,25.0,28.0,False,-0.013779527559055118,0.7083333333333333,[]
33,25,4,4271,False,category,"category in ['0104', '0107', '0811', '1306', '2510', '2704']",26.0,27.0,False,-0.16888577435178698,,"[""0104"", ""0107"", ""0811"", ""1306"", ""2510"", ""2704""]"
33,26,5,455,True,,leaf,,,False,0.025105111018290573,,[]
33,27,5,3816,True,,leaf,,,False,-0.006851092795691337,,[]
33,28,4,15023,True,,leaf,,,False,0.0009114465124545391,,[]
34,0,0,86094,False,nonzero_12,nonzero_12 <= 0.291667,1.0,12.0,False,0.0,0.29166666666666663,[]
34,1,1,24972,False,mean_6,mean_6 <= 0.5,2.0,5.0,True,-0.5389480425906653,0.5,[]
34,2,2,15103,False,category,"category in ['0104', '0811', '1309', '2403', '2502', '2506', '2901']",3.0,4.0,False,-0.6524846158936015,,"[""0104"", ""0811"", ""1309"", ""2403"", ""2502"", ""2506"", ""2901""]"
34,3,3,719,True,,leaf,,,False,-0.003973286698268119,,[]
34,4,3,14384,True,,leaf,,,False,-0.003973286698268119,,[]
34,5,2,9869,False,category,"category in ['0104', '0201', '0203', '1501', '2401', '2502', '2514', '2703', '2704', '2802', '2901', '3001']",6.0,7.0,False,-0.36471302763437596,,"[""0104"", ""0201"", ""0203"", ""1501"", ""2401"", ""2502"", ""2514"", ""2703"", ""2704"", ""2802"", ""2901"", ""3001""]"
34,6,3,1319,True,,leaf,,,False,-0.003973286698268119,,[]
34,7,3,8550,False,baseline_ratio,baseline_ratio <= 1.47128,8.0,11.0,True,-0.41915887850467287,1.471275021423019,[]
34,8,4,6995,False,lag_1,lag_1 <= 0,9.0,10.0,True,-0.48037116345467523,0.0,[]
34,9,5,4679,True,,leaf,,,False,-0.003973286698268119,,[]
34,10,5,2316,True,,leaf,,,False,-0.003973286698268119,,[]
34,11,4,1555,True,,leaf,,,False,-0.003973286698268119,,[]
34,12,1,61122,False,lag_1,lag_1 <= 0,13.0,18.0,False,0.02123274226264477,0.0,[]
34,13,2,12431,False,category,"category in ['0108', '0302', '0303', '0808', '0811', '1305', '1501', '1510', '2004', '2402', '2502', '2506', '2514', '2702', '2703', '2801', '3002', 'прочее']",14.0,17.0,True,-0.1462101117273531,,"[""0108"", ""0302"", ""0303"", ""0808"", ""0811"", ""1305"", ""1501"", ""1510"", ""2004"", ""2402"", ""2502"", ""2506"", ""2514"", ""2702"", ""2703"", ""2801"", ""3002"", ""прочее""]"
34,14,3,8711,False,trend_factor,trend_factor <= 0.99305,15.0,16.0,False,-0.21201697053090243,0.9930496218922821,[]
34,15,4,1717,True,,leaf,,,False,-7.018507304161203e-05,,[]
34,16,4,6994,True,,leaf,,,False,-0.004564733357567212,,[]
34,17,3,3720,True,,leaf,,,False,0.0005667149583897593,,[]
34,18,2,48691,False,mean_6,mean_6 <= 1.95556,19.0,26.0,True,0.06400279255046097,1.9555555555555555,[]
34,19,3,44091,False,category,"category in ['0103', '0105', '0107', '0108', '0808', '1201', '1510', '2403', '2510', '2601', '2703', '2704', '2802']",20.0,23.0,False,0.04337770118591415,,"[""0103"", ""0105"", ""0107"", ""0108"", ""0808"", ""1201"", ""1510"", ""2403"", ""2510"", ""2601"", ""2703"", ""2704"", ""2802""]"
34,20,4,9606,False,month_sin,month_sin <= -0.866025,21.0,22.0,False,0.15307820299500832,-0.8660254037844386,[]
34,21,5,1222,True,,leaf,,,False,0.023755400602809746,,[]
34,22,5,8384,True,,leaf,,,False,0.004672356353324672,,[]
34,23,4,34485,False,cv_12,cv_12 <= 1.29264,24.0,25.0,True,0.012784461516161763,1.292640076489561,[]
34,24,5,28701,True,,leaf,,,False,0.0015930655711944186,,[]
34,25,5,5784,True,,leaf,,,False,-0.005984429049028784,,[]
34,26,3,4600,False,log_scale,log_scale <= 5.69233,27.0,28.0,True,0.2611713665943601,5.692328235722193,[]
34,27,4,4317,True,,leaf,,,False,0.021259284927516164,,[]
34,28,4,283,True,,leaf,,,False,0.053046292070653756,,[]
35,0,0,86094,False,nonzero_12,nonzero_12 <= 0.291667,1.0,10.0,False,0.0,0.29166666666666663,[]
35,1,1,24972,False,mean_6,mean_6 <= 0.5,2.0,5.0,True,-0.5389480425906653,0.5,[]
35,2,2,15103,False,category,"category in ['0104', '0811', '1309', '2403', '2502', '2506', '2901']",3.0,4.0,False,-0.6524846158936015,,"[""0104"", ""0811"", ""1309"", ""2403"", ""2502"", ""2506"", ""2901""]"
35,3,3,719,True,,leaf,,,False,-0.0037746223633547136,,[]
35,4,3,14384,True,,leaf,,,False,-0.0037746223633547136,,[]
35,5,2,9869,False,category,"category in ['0104', '0201', '0203', '1501', '2401', '2502', '2514', '2703', '2704', '2802', '2901', '3001']",6.0,7.0,False,-0.36471302763437596,,"[""0104"", ""0201"", ""0203"", ""1501"", ""2401"", ""2502"", ""2514"", ""2703"", ""2704"", ""2802"", ""2901"", ""3001""]"
35,6,3,1319,True,,leaf,,,False,-0.0037746223633547136,,[]
35,7,3,8550,False,baseline_ratio,baseline_ratio <= 1.47128,8.0,9.0,True,-0.41915887850467287,1.471275021423019,[]
35,8,4,6995,True,,leaf,,,False,-0.0037746223633547136,,[]
35,9,4,1555,True,,leaf,,,False,-0.0037746223633547136,,[]
35,10,1,61122,False,lag_2,lag_2 <= 0,11.0,18.0,False,0.018811751619446444,0.0,[]
35,11,2,12048,False,month_sin,month_sin <= 0.25,12.0,15.0,True,-0.1492784873113286,0.25000000000000006,[]
35,12,3,6523,False,category,"category in ['0103', '0105', '0201', '1140', '1201', '1302', '1510', '2401', '2403', '2502', '2803', '2901']",13.0,14.0,False,-0.05311495484463493,,"[""0103"", ""0105"", ""0201"", ""1140"", ""1201"", ""1302"", ""1510"", ""2401"", ""2403"", ""2502"", ""2803"", ""2901""]"
35,13,4,1344,True,,leaf,,,False,0.0157092457225621,,[]
35,14,4,5179,True,,leaf,,,False,-0.004373671688140229,,[]
35,15,3,5525,False,nonzero_12,nonzero_12 <= 0.458333,16.0,17.0,False,-0.2625112917795845,0.45833333333333337,[]
35,16,4,2283,True,,leaf,,,False,-0.0035056679507407006,,[]
35,17,4,3242,True,,leaf,,,False,-0.0048956870641082405,,[]
35,18,2,49074,False,mean_6,mean_6 <= 1.69231,19.0,26.0,True,0.06010105125906609,1.6923076923076923,[]
35,19,3,40640,False,cv_12,cv_12 <= 1.07652,20.0,23.0,True,0.03124231242312423,1.0765223909155073,[]
35,20,4,30405,False,category,"category in ['0104', '0111', '0201', '1140', '1203', '1306', '1309', '1501', '2004', '2502', '2506', '2803', '2902', 'прочее']",21.0,22.0,False,0.06927502876869965,,"[""0104"", ""0111"", ""0201"", ""1140"", ""1203"", ""1306"", ""1309"", ""1501"", ""2004"", ""2502"", ""2506"", ""2803"", ""2902"", ""прочее""]"
35,21,5,4949,True,,leaf,,,False,-0.002193754935985243,,[]
35,22,5,25456,True,,leaf,,,False,0.0035002555782082893,,[]
35,23,4,10235,False,category,"category in ['0103', '0104', '0105', '0107', '0808', '0811', '1201', '1302', '1306', '1510', '2401', '2403', '2704', '2802', '2901', 'прочее']",24.0,25.0,False,-0.08169838945827233,,"[""0103"", ""0104"", ""0105"", ""0107"", ""0808"", ""0811"", ""1201"", ""1302"", ""1306"", ""1510"", ""2401"", ""2403"", ""2704"", ""2802"", ""2901"", ""прочее""]"
35,24,5,2422,True,,leaf,,,False,0.006247207236740059,,[]
35,25,5,7813,True,,leaf,,,False,-0.005436294539149955,,[]
35,26,3,8434,False,log_scale,log_scale <= 5.32788,27.0,28.0,True,0.1989578398863098,5.327876168789581,[]
35,27,4,7740,True,,leaf,,,False,0.014400177246956298,,[]
35,28,4,694,True,,leaf,,,False,0.03427656566438764,,[]
36,0,0,86094,False,nonzero_12,nonzero_12 <= 0.291667,1.0,10.0,False,0.0,0.29166666666666663,[]
36,1,1,24972,False,mean_6,mean_6 <= 0.5,2.0,5.0,True,-0.5389480425906653,0.5,[]
36,2,2,15103,False,category,"category in ['0104', '0811', '1309', '2403', '2502', '2506', '2901']",3.0,4.0,False,-0.6524846158936015,,"[""0104"", ""0811"", ""1309"", ""2403"", ""2502"", ""2506"", ""2901""]"
36,3,3,719,True,,leaf,,,False,-0.003585891245186978,,[]
36,4,3,14384,True,,leaf,,,False,-0.003585891245186978,,[]
36,5,2,9869,False,category,"category in ['0104', '0201', '0203', '1501', '2401', '2502', '2514', '2703', '2704', '2802', '2901', '3001']",6.0,7.0,False,-0.36471302763437596,,"[""0104"", ""0201"", ""0203"", ""1501"", ""2401"", ""2502"", ""2514"", ""2703"", ""2704"", ""2802"", ""2901"", ""3001""]"
36,6,3,1319,True,,leaf,,,False,-0.003585891245186978,,[]
36,7,3,8550,False,baseline_ratio,baseline_ratio <= 1.47128,8.0,9.0,True,-0.41915887850467287,1.471275021423019,[]
36,8,4,6995,True,,leaf,,,False,-0.003585891245186978,,[]
36,9,4,1555,True,,leaf,,,False,-0.003585891245186978,,[]
36,10,1,61122,False,lag_1,lag_1 <= 0,11.0,18.0,False,0.015278413923967808,0.0,[]
36,11,2,12431,False,category,"category in ['0108', '0302', '0303', '0808', '0811', '1305', '1501', '1510', '2004', '2402', '2502', '2506', '2514', '2702', '2703', '2801', '3002', 'прочее']",12.0,17.0,True,-0.14588859416445624,,"[""0108"", ""0302"", ""0303"", ""0808"", ""0811"", ""1305"", ""1501"", ""1510"", ""2004"", ""2402"", ""2502"", ""2506"", ""2514"", ""2702"", ""2703"", ""2801"", ""3002"", ""прочее""]"
36,12,3,8711,False,nonzero_12,nonzero_12 <= 0.458333,13.0,16.0,False,-0.2108703130374957,0.45833333333333337,[]
36,13,4,4257,False,month_sin,month_sin <= -6.12323e-17,14.0,15.0,False,-0.3194281696742442,-6.123233995736766e-17,[]
36,14,5,2005,True,,leaf,,,False,-0.004117813105281839,,[]
36,15,5,2252,True,,leaf,,,False,-0.0033567973692017975,,[]
36,16,4,4454,True,,leaf,,,False,-0.004650902710902828,,[]
36,17,3,3720,True,,leaf,,,False,0.00039146971920527436,,[]
36,18,2,48691,False,month_sin,month_sin <= 0.25,19.0,26.0,True,0.05644647953840783,0.25000000000000006,[]
36,19,3,29811,False,baseline_ratio,baseline_ratio <= 1.32679,20.0,23.0,True,0.10479192515341537,1.3267891370323663,[]
36,20,4,15568,False,category,"category in ['0302', '0303', '0808', '0811', '1305', '1306', '1309', '1501', '2502', '2506', '2702', '2801', '2803', '2902', 'прочее']",21.0,22.0,False,0.0457054820901271,,"[""0302"", ""0303"", ""0808"", ""0811"", ""1305"", ""1306"", ""1309"", ""1501"", ""2502"", ""2506"", ""2702"", ""2801"", ""2803"", ""2902"", ""прочее""]"
36,21,5,5739,True,,leaf,,,False,-0.002926404879195277,,[]
36,22,5,9829,True,,leaf,,,False,0.005406535773550426,,[]
36,23,4,14243,False,log_scale,log_scale <= 5.80438,24.0,25.0,True,0.16929769171402512,5.804381673212317,[]
36,24,5,12963,True,,leaf,,,False,0.009243434391707573,,[]
36,25,5,1280,True,,leaf,,,False,0.01604012742723508,,[]
36,26,3,18880,False,nonzero_12,nonzero_12 <= 0.458333,27.0,28.0,False,-0.019904711487559554,0.45833333333333337,[]
36,27,4,1234,True,,leaf,,,False,-0.004641480521486858,,[]
36,28,4,17646,True,,leaf,,,False,3.534463669155885e-05,,[]
37,0,0,86094,False,nonzero_12,nonzero_12 <= 0.291667,1.0,10.0,False,0.0,0.29166666666666663,[]
37,1,1,24972,False,mean_6,mean_6 <= 0.5,2.0,5.0,True,-0.5389480425906653,0.5,[]
37,2,2,15103,False,category,"category in ['0104', '0811', '1309', '2403', '2502', '2506', '2901']",3.0,4.0,False,-0.6524846158936015,,"[""0104"", ""0811"", ""1309"", ""2403"", ""2502"", ""2506"", ""2901""]"
37,3,3,719,True,,leaf,,,False,-0.003406596682927629,,[]
37,4,3,14384,True,,leaf,,,False,-0.003406596682927629,,[]
37,5,2,9869,False,category,"category in ['0104', '0201', '0203', '1501', '2401', '2502', '2514', '2703', '2704', '2802', '2901', '3001']",6.0,7.0,False,-0.36471302763437596,,"[""0104"", ""0201"", ""0203"", ""1501"", ""2401"", ""2502"", ""2514"", ""2703"", ""2704"", ""2802"", ""2901"", ""3001""]"
37,6,3,1319,True,,leaf,,,False,-0.003406596682927629,,[]
37,7,3,8550,False,baseline_ratio,baseline_ratio <= 1.47128,8.0,9.0,True,-0.41915887850467287,1.471275021423019,[]
37,8,4,6995,True,,leaf,,,False,-0.003406596682927629,,[]
37,9,4,1555,True,,leaf,,,False,-0.003406596682927629,,[]
37,10,1,61122,False,lag_3,lag_3 <= 0.120446,11.0,16.0,False,0.012922855460315383,0.1204460966542751,[]
37,11,2,12850,False,trend_factor,trend_factor <= 0.99305,12.0,13.0,False,-0.1432348367029549,0.9930496218922821,[]
37,12,3,3118,True,,leaf,,,False,0.002118199353692317,,[]
37,13,3,9732,False,month_sin,month_sin <= 0.25,14.0,15.0,True,-0.20016423732293165,0.25000000000000006,[]
37,14,4,5299,True,,leaf,,,False,-0.003987148235273127,,[]
37,15,4,4433,True,,leaf,,,False,-0.00363578500660962,,[]
37,16,2,48272,False,month_sin,month_sin <= 0.25,17.0,22.0,True,0.05451306905264902,0.25000000000000006,[]
37,17,3,28980,False,mean_6,mean_6 <= 1.95556,18.0,21.0,True,0.10603656433252846,1.9555555555555555,[]
37,18,4,24666,False,category,"category in ['0103', '0105', '0107', '0108', '0201', '0808', '1201', '1203', '1302', '1303', '1510', '2401', '2403', '2510', '2514', '2601', '2703', '2802', '2901']",19.0,20.0,False,0.0799157075701086,,"[""0103"", ""0105"", ""0107"", ""0108"", ""0201"", ""0808"", ""1201"", ""1203"", ""1302"", ""1303"", ""1510"", ""2401"", ""2403"", ""2510"", ""2514"", ""2601"", ""2703"", ""2802"", ""2901""]"
37,19,5,9866,True,,leaf,,,False,0.008878571583833803,,[]
37,20,5,14800,True,,leaf,,,False,0.0013748571049638338,,[]
37,21,4,4314,True,,leaf,,,False,0.021995948217923292,,[]
37,22,3,19292,False,nonzero_12,nonzero_12 <= 0.625,23.0,26.0,False,-0.02289918143197596,0.625,[]
37,23,4,3271,False,category,"category in ['0104', '0107', '0811', '1306', '1309', '2401', '2506', '2704', '2802', '2901']",24.0,25.0,False,-0.20755867113684853,,"[""0104"", ""0107"", ""0811"", ""1306"", ""1309"", ""2401"", ""2506"", ""2704"", ""2802"", ""2901""]"
37,24,5,523,True,,leaf,,,False,0.023265187362837444,,[]
37,25,5,2748,True,,leaf,,,False,-0.004418357575357687,,[]
37,26,4,16021,False,category,"category in ['0103', '0107', '0303', '0808', '2403', '2601', '2703', '2801']",27.0,28.0,False,0.014908614559291372,,"[""0103"", ""0107"", ""0303"", ""0808"", ""2403"", ""2601"", ""2703"", ""2801""]"
37,27,5,1995,True,,leaf,,,False,0.008847075483092081,,[]
37,28,5,14026,True,,leaf,,,False,-0.0003889584674219099,,[]
38,0,0,86094,False,nonzero_12,nonzero_12 <= 0.291667,1.0,12.0,False,0.0,0.29166666666666663,[]
38,1,1,24972,False,mean_6,mean_6 <= 0.5,2.0,5.0,True,-0.5389480425906653,0.5,[]
38,2,2,15103,False,category,"category in ['0104', '0811', '1309', '2403', '2502', '2506', '2901']",3.0,4.0,False,-0.6524846158936015,,"[""0104"", ""0811"", ""1309"", ""2403"", ""2502"", ""2506"", ""2901""]"
38,3,3,719,True,,leaf,,,False,-0.0032362668487812478,,[]
38,4,3,14384,True,,leaf,,,False,-0.0032362668487812478,,[]
38,5,2,9869,False,category,"category in ['0104', '0201', '0203', '1501', '2401', '2502', '2514', '2703', '2704', '2802', '2901', '3001']",6.0,7.0,False,-0.36471302763437596,,"[""0104"", ""0201"", ""0203"", ""1501"", ""2401"", ""2502"", ""2514"", ""2703"", ""2704"", ""2802"", ""2901"", ""3001""]"
38,6,3,1319,True,,leaf,,,False,-0.0032362668487812478,,[]
38,7,3,8550,False,baseline_ratio,baseline_ratio <= 1.47128,8.0,11.0,True,-0.41915887850467287,1.471275021423019,[]
38,8,4,6995,False,lag_1,lag_1 <= 0,9.0,10.0,True,-0.48037116345467523,0.0,[]
38,9,5,4679,True,,leaf,,,False,-0.0032362668487812478,,[]
38,10,5,2316,True,,leaf,,,False,-0.0032362668487812478,,[]
38,11,4,1555,True,,leaf,,,False,-0.0032362668487812478,,[]
38,12,1,61122,False,lag_2,lag_2 <= 0,13.0,18.0,False,0.010600013086435909,0.0,[]
38,13,2,12048,False,trend_factor,trend_factor <= 0.99305,14.0,15.0,False,-0.14961021728313154,0.9930496218922821,[]
38,14,3,2658,True,,leaf,,,False,0.0029307619640684887,,[]
38,15,3,9390,False,category,"category in ['0105', '0108', '0302', '0303', '1305', '1306', '1501', '2004', '2402', '2502', '2506', '2514', '2702', '2703', '2801', '3002', 'прочее']",16.0,17.0,True,-0.2046808510638298,,"[""0105"", ""0108"", ""0302"", ""0303"", ""1305"", ""1306"", ""1501"", ""2004"", ""2402"", ""2502"", ""2506"", ""2514"", ""2702"", ""2703"", ""2801"", ""3002"", ""прочее""]"
38,16,4,6530,True,,leaf,,,False,-0.0037125650382540906,,[]
38,17,4,2860,True,,leaf,,,False,-0.003148432769901748,,[]
38,18,2,49074,False,mean_6,mean_6 <= 1.69231,19.0,26.0,True,0.049955178877027134,1.6923076923076923,[]
38,19,3,40640,False,nonzero_12,nonzero_12 <= 0.458333,20.0,23.0,False,0.023370233702337023,0.45833333333333337,[]
38,20,4,2918,False,category,"category in ['0103', '0104', '0107', '0108', '0811', '1306', '2403', '2502', '2506', '2802', '2901', '2902', 'прочее']",21.0,22.0,False,-0.2028688524590164,,"[""0103"", ""0104"", ""0107"", ""0108"", ""0811"", ""1306"", ""2403"", ""2502"", ""2506"", ""2802"", ""2901"", ""2902"", ""прочее""]"
38,21,5,538,True,,leaf,,,False,0.02575184288640647,,[]
38,22,5,2380,True,,leaf,,,False,-0.005281285036288001,,[]
38,23,4,37722,False,category,"category in ['0201', '0303', '1140', '1203', '1305', '1309', '1501', '2004', '2502', '2803', '2902', 'прочее']",24.0,25.0,False,0.040920173857733486,,"[""0201"", ""0303"", ""1140"", ""1203"", ""1305"", ""1309"", ""1501"", ""2004"", ""2502"", ""2803"", ""2902"", ""прочее""]"
38,24,5,4408,True,,leaf,,,False,-0.004639986952138132,,[]
38,25,5,33314,True,,leaf,,,False,0.0024959476504908457,,[]
38,26,3,8434,False,log_scale,log_scale <= 5.32788,27.0,28.0,True,0.17787778304121268,5.327876168789581,[]
38,27,4,7740,True,,leaf,,,False,0.012882177118805883,,[]
38,28,4,694,True,,leaf,,,False,0.031314193930430355,,[]
39,0,0,86094,False,nonzero_12,nonzero_12 <= 0.291667,1.0,10.0,False,0.0,0.29166666666666663,[]
39,1,1,24972,False,mean_6,mean_6 <= 0.5,2.0,5.0,True,-0.5389480425906653,0.5,[]
39,2,2,15103,False,category,"category in ['0104', '0811', '1309', '2403', '2502', '2506', '2901']",3.0,4.0,False,-0.6524846158936015,,"[""0104"", ""0811"", ""1309"", ""2403"", ""2502"", ""2506"", ""2901""]"
39,3,3,719,True,,leaf,,,False,-0.003074453506342185,,[]
39,4,3,14384,True,,leaf,,,False,-0.003074453506342185,,[]
39,5,2,9869,False,category,"category in ['0104', '0201', '0203', '1501', '2401', '2502', '2514', '2703', '2704', '2802', '2901', '3001']",6.0,7.0,False,-0.36471302763437596,,"[""0104"", ""0201"", ""0203"", ""1501"", ""2401"", ""2502"", ""2514"", ""2703"", ""2704"", ""2802"", ""2901"", ""3001""]"
39,6,3,1319,True,,leaf,,,False,-0.003074453506342185,,[]
39,7,3,8550,False,baseline_ratio,baseline_ratio <= 1.47128,8.0,9.0,True,-0.41915887850467287,1.471275021423019,[]
39,8,4,6995,True,,leaf,,,False,-0.003074453506342185,,[]
39,9,4,1555,True,,leaf,,,False,-0.003074453506342185,,[]
39,10,1,61122,False,lag_3,lag_3 <= 0,11.0,16.0,False,0.00781914545573513,0.0,[]
39,11,2,11731,False,trend_factor,trend_factor <= 0.99305,12.0,13.0,False,-0.1530534026062516,0.9930496218922821,[]
39,12,3,2529,True,,leaf,,,False,0.00298614185277592,,[]
39,13,3,9202,False,month_sin,month_sin <= 0.25,14.0,15.0,True,-0.20712114633087278,0.25000000000000006,[]
39,14,4,5000,True,,leaf,,,False,-0.0036021625715967655,,[]
39,15,4,4202,True,,leaf,,,False,-0.003260673446952758,,[]
39,16,2,49391,False,month_sin,month_sin <= 0.25,17.0,24.0,True,0.04605169935831258,0.25000000000000006,[]
39,17,3,29626,False,category,"category in ['0111', '0303', '0811', '1140', '1305', '1306', '1309', '1501', '2004', '2402', '2506', '2702', '2801', '2803', '2902', '3002', 'прочее']",18.0,19.0,False,0.0943447158860845,,"[""0111"", ""0303"", ""0811"", ""1140"", ""1305"", ""1306"", ""1309"", ""1501"", ""2004"", ""2402"", ""2506"", ""2702"", ""2801"", ""2803"", ""2902"", ""3002"", ""прочее""]"
39,18,4,11870,True,,leaf,,,False,0.0010746727962388709,,[]
39,19,4,17756,False,mean_6,mean_6 <= 1.03297,20.0,21.0,False,0.14308229201846223,1.032967032967033,[]
39,20,5,5719,True,,leaf,,,False,0.0016651739157636293,,[]
39,21,5,12037,False,trend_factor,trend_factor <= 1.22394,22.0,23.0,True,0.19249605710965387,1.223940464628701,[]
39,22,6,9101,True,,leaf,,,False,0.01480656884162538,,[]
39,23,6,2936,True,,leaf,,,False,0.003000491772149383,,[]
39,24,3,19765,False,nonzero_12,nonzero_12 <= 0.458333,25.0,26.0,False,-0.026346396965865992,0.45833333333333337,[]
39,25,4,1400,True,,leaf,,,False,-0.003202264731658911,,[]
39,26,4,18365,False,category,"category in ['0103', '0107', '0303', '0808', '1201', '2403', '2510', '2601', '2703', '2704', '2801', '2802']",27.0,28.0,False,-0.0038639455782312924,,"[""0103"", ""0107"", ""0303"", ""0808"", ""1201"", ""2403"", ""2510"", ""2601"", ""2703"", ""2704"", ""2801"", ""2802""]"
39,27,5,3626,True,,leaf,,,False,0.005834847268970731,,[]
39,28,5,14739,True,,leaf,,,False,-0.0011312251883648706,,[]
40,0,0,86094,False,nonzero_12,nonzero_12 <= 0.291667,1.0,12.0,False,0.0,0.29166666666666663,[]
40,1,1,24972,False,mean_6,mean_6 <= 0.5,2.0,5.0,True,-0.5387879273076616,0.5,[]
40,2,2,15103,False,category,"category in ['0104', '0811', '1309', '2403', '2502', '2506', '2901']",3.0,4.0,False,-0.6523522794944749,,"[""0104"", ""0811"", ""1309"", ""2403"", ""2502"", ""2506"", ""2901""]"
40,3,3,719,True,,leaf,,,False,-0.002920730831025076,,[]
40,4,3,14384,True,,leaf,,,False,-0.002920730831025076,,[]
40,5,2,9869,False,category,"category in ['0104', '0201', '0203', '1501', '2401', '2502', '2514', '2703', '2704', '2802', '2901', '3001']",6.0,7.0,False,-0.36451057799372405,,"[""0104"", ""0201"", ""0203"", ""1501"", ""2401"", ""2502"", ""2514"", ""2703"", ""2704"", ""2802"", ""2901"", ""3001""]"
40,6,3,1319,True,,leaf,,,False,-0.002920730831025076,,[]
40,7,3,8550,False,baseline_ratio,baseline_ratio <= 1.47128,8.0,11.0,True,-0.41892523364485984,1.471275021423019,[]
40,8,4,6995,False,lag_1,lag_1 <= 0,9.0,10.0,True,-0.48008565310492507,0.0,[]
40,9,5,4679,True,,leaf,,,False,-0.002920730831025076,,[]
40,10,5,2316,True,,leaf,,,False,-0.002920730831025076,,[]
40,11,4,1555,True,,leaf,,,False,-0.002920730831025076,,[]
40,12,1,61122,False,lag_1,lag_1 <= 0,13.0,18.0,False,0.006019760518222862,0.0,[]
40,13,2,12431,False,nonzero_12,nonzero_12 <= 0.458333,14.0,17.0,False,-0.14765694076038904,0.45833333333333337,[]
40,14,3,5619,False,month_sin,month_sin <= -6.12323e-17,15.0,16.0,False,-0.2552851305738142,-6.123233995736766e-17,[]
40,15,4,2752,True,,leaf,,,False,-0.003346828657761548,,[]
40,16,4,2867,True,,leaf,,,False,-0.0026320935101527524,,[]
40,17,3,6812,True,,leaf,,,False,-0.0033959303585588043,,[]
40,18,2,48691,False,mean_6,mean_6 <= 1.95556,19.0,28.0,True,0.045276277694503195,1.9555555555555555,[]
40,19,3,44091,False,nonzero_12,nonzero_12 <= 0.458333,20.0,23.0,False,0.027505045237069453,0.45833333333333337,[]
40,20,4,3473,False,month_sin,month_sin <= -6.12323e-17,21.0,22.0,True,-0.15475165087568188,-6.123233995736766e-17,[]
40,21,5,2206,True,,leaf,,,False,-0.006080654849628376,,[]
40,22,5,1267,True,,leaf,,,False,-0.004352712699069652,,[]
40,23,4,40618,False,category,"category in ['0103', '0105', '0107', '0108', '0302', '0808', '0811', '1201', '1302', '1303', '1510', '2403', '2510', '2514', '2601', '2703', '2704', '2801', '2802']",24.0,25.0,True,0.04312296938072265,,"[""0103"", ""0105"", ""0107"", ""0108"", ""0302"", ""0808"", ""0811"", ""1201"", ""1302"", ""1303"", ""1510"", ""2403"", ""2510"", ""2514"", ""2601"", ""2703"", ""2704"", ""2801"", ""2802""]"
40,24,5,23799,True,,leaf,,,False,0.0037011039889917052,,[]
40,25,5,16819,False,month_cos,month_cos <= -6.12323e-17,26.0,27.0,False,-0.016103155267692675,-6.123233995736765e-17,[]
40,26,6,8283,True,,leaf,,,False,0.002537643174332144,,[]
40,27,6,8536,True,,leaf,,,False,-0.0034829283586272353,,[]
40,28,3,4600,True,,leaf,,,False,0.019099886792053357,,[]
41,0,0,86094,False,nonzero_12,nonzero_12 <= 0.291667,1.0,10.0,False,0.0,0.29166666666666663,[]
41,1,1,24972,False,mean_6,mean_6 <= 0.5,2.0,5.0,True,-0.5387078696661597,0.5,[]
41,2,2,15103,False,category,"category in ['0104', '0811', '1309', '2403', '2502', '2506', '2901']",3.0,4.0,False,-0.6523522794944749,,"[""0104"", ""0811"", ""1309"", ""2403"", ""2502"", ""2506"", ""2901""]"
41,3,3,719,True,,leaf,,,False,-0.002774694289473822,,[]
41,4,3,14384,True,,leaf,,,False,-0.002774694289473822,,[]
41,5,2,9869,False,category,"category in ['0104', '0201', '0203', '1501', '2401', '2502', '2514', '2703', '2704', '2802', '2901', '3001']",6.0,7.0,False,-0.3643081283530722,,"[""0104"", ""0201"", ""0203"", ""1501"", ""2401"", ""2502"", ""2514"", ""2703"", ""2704"", ""2802"", ""2901"", ""3001""]"
41,6,3,1319,True,,leaf,,,False,-0.002774694289473822,,[]
41,7,3,8550,False,baseline_ratio,baseline_ratio <= 1.47128,8.0,9.0,True,-0.41869158878504675,1.471275021423019,[]
41,8,4,6995,True,,leaf,,,False,-0.002774694289473822,,[]
41,9,4,1555,True,,leaf,,,False,-0.002774694289473822,,[]
41,10,1,61122,False,nonzero_12,nonzero_12 <= 0.458333,11.0,18.0,False,0.004580252568213047,0.45833333333333337,[]
41,11,2,10954,False,month_sin,month_sin <= -6.12323e-17,12.0,15.0,True,-0.15815395840933966,-6.123233995736766e-17,[]
41,12,3,6642,False,category,"category in ['0103', '0105', '0108', '0302', '0303', '0808', '1303', '1305', '1309', '1501', '1510', '2004', '2702', '2703', '2801', '3002']",13.0,14.0,True,-0.009621166566446182,,"[""0103"", ""0105"", ""0108"", ""0302"", ""0303"", ""0808"", ""1303"", ""1305"", ""1309"", ""1501"", ""1510"", ""2004"", ""2702"", ""2703"", ""2801"", ""3002""]"
41,13,4,4347,True,,leaf,,,False,-0.004147717931882394,,[]
41,14,4,2295,True,,leaf,,,False,0.022064207708675693,,[]
41,15,3,4312,False,category,"category in ['0104', '0107', '0811', '1306', '2901']",16.0,17.0,False,-0.3863951874132346,,"[""0104"", ""0107"", ""0811"", ""1306"", ""2901""]"
41,16,4,353,True,,leaf,,,False,0.017414844561727767,,[]
41,17,4,3959,True,,leaf,,,False,-0.0028952931566094634,,[]
41,18,2,50168,False,mean_6,mean_6 <= 1.28342,19.0,22.0,True,0.040137111881701146,1.2834224598930482,[]
41,19,3,33745,False,cv_12,cv_12 <= 1.05719,20.0,21.0,True,0.0012738853503184713,1.0571882797418486,[]
41,20,4,25068,True,,leaf,,,False,0.0012368789535238236,,[]
41,21,4,8677,True,,leaf,,,False,-0.0037854536673309147,,[]
41,22,3,16423,False,trend_factor,trend_factor <= 0.99305,23.0,26.0,False,0.11994158096513113,0.9930496218922821,[]
41,23,4,4912,False,category,"category in ['0103', '0104', '0201', '0302', '1302', '1309', '1510', '2004', '2401', '2506', '2801', '2902', '3002']",24.0,25.0,True,0.2527427874847623,,"[""0103"", ""0104"", ""0201"", ""0302"", ""1302"", ""1309"", ""1510"", ""2004"", ""2401"", ""2506"", ""2801"", ""2902"", ""3002""]"
41,24,5,3277,True,,leaf,,,False,0.009479491844240762,,[]
41,25,5,1635,True,,leaf,,,False,0.02735466493562639,,[]
41,26,4,11511,False,category,"category in ['0103', '0104', '0105', '0107', '0108', '0302', '1201', '1302', '1305', '1306', '1510', '2401', '2502', '2514', '2601', '2703', '2803']",27.0,28.0,True,0.06310216127072303,,"[""0103"", ""0104"", ""0105"", ""0107"", ""0108"", ""0302"", ""1201"", ""1302"", ""1305"", ""1306"", ""1510"", ""2401"", ""2502"", ""2514"", ""2601"", ""2703"", ""2803""]"
41,27,5,6581,True,,leaf,,,False,0.00895002998044926,,[]
41,28,5,4930,True,,leaf,,,False,-0.002667531149338445,,[]
42,0,0,86094,False,nonzero_12,nonzero_12 <= 0.291667,1.0,12.0,False,0.0,0.29166666666666663,[]
42,1,1,24972,False,mean_6,mean_6 <= 0.5,2.0,5.0,True,-0.5387078696661597,0.5,[]
42,2,2,15103,False,category,"category in ['0104', '0811', '1309', '2403', '2502', '2506', '2901']",3.0,4.0,False,-0.6523522794944749,,"[""0104"", ""0811"", ""1309"", ""2403"", ""2502"", ""2506"", ""2901""]"
42,3,3,719,True,,leaf,,,False,-0.002635959575000131,,[]
42,4,3,14384,True,,leaf,,,False,-0.002635959575000131,,[]
42,5,2,9869,False,category,"category in ['0104', '0201', '0203', '1501', '2401', '2502', '2514', '2703', '2704', '2802', '2901', '3001']",6.0,7.0,False,-0.3643081283530722,,"[""0104"", ""0201"", ""0203"", ""1501"", ""2401"", ""2502"", ""2514"", ""2703"", ""2704"", ""2802"", ""2901"", ""3001""]"
42,6,3,1319,True,,leaf,,,False,-0.002635959575000131,,[]
42,7,3,8550,False,baseline_ratio,baseline_ratio <= 1.47128,8.0,11.0,True,-0.41869158878504675,1.471275021423019,[]
42,8,4,6995,False,lag_1,lag_1 <= 0,9.0,10.0,True,-0.47980014275517485,0.0,[]
42,9,5,4679,True,,leaf,,,False,-0.002635959575000131,,[]
42,10,5,2316,True,,leaf,,,False,-0.002635959575000131,,[]
42,11,4,1555,True,,leaf,,,False,-0.002635959575000131,,[]
42,12,1,61122,False,nonzero_12,nonzero_12 <= 0.458333,13.0,20.0,False,0.0021919780147876726,0.45833333333333337,[]
42,13,2,10954,False,month_sin,month_sin <= -6.12323e-17,14.0,17.0,True,-0.15997811017876687,-6.123233995736766e-17,[]
42,14,3,6642,False,category,"category in ['0103', '0105', '0108', '0302', '0303', '0808', '1303', '1305', '1309', '1501', '1510', '2004', '2702', '2703', '2801', '3002']",15.0,16.0,True,-0.01232711966325917,,"[""0103"", ""0105"", ""0108"", ""0302"", ""0303"", ""0808"", ""1303"", ""1305"", ""1309"", ""1501"", ""1510"", ""2004"", ""2702"", ""2703"", ""2801"", ""3002""]"
42,15,4,4347,True,,leaf,,,False,-0.0039403320352882736,,[]
42,16,4,2295,True,,leaf,,,False,0.02096099732324191,,[]
42,17,3,4312,False,category,"category in ['0104', '0107', '0811', '1306', '2901']",18.0,19.0,False,-0.3868579361406756,,"[""0104"", ""0107"", ""0811"", ""1306"", ""2901""]"
42,18,4,353,True,,leaf,,,False,0.016544102333641376,,[]
42,19,4,3959,True,,leaf,,,False,-0.0027505284987789902,,[]
42,20,2,50168,False,mean_6,mean_6 <= 1.4,21.0,24.0,True,0.03762605125752322,1.4,[]
42,21,3,37376,False,cv_12,cv_12 <= 1.05719,22.0,23.0,True,0.005991547638153319,1.0571882797418486,[]
42,22,4,27607,True,,leaf,,,False,0.001425969838367347,,[]
42,23,4,9769,True,,leaf,,,False,-0.0035519536865419006,,[]
42,24,3,12792,False,trend_factor,trend_factor <= 1.20686,25.0,28.0,True,0.1299796906733323,1.2068568471128276,[]
42,25,4,8851,False,category,"category in ['0201', '1140', '1302', '1309', '1501', '2004', '2506', '2514', '2704', '2801', '2901', '2902', '3002', 'прочее']",26.0,27.0,False,0.19219049768649138,,"[""0201"", ""1140"", ""1302"", ""1309"", ""1501"", ""2004"", ""2506"", ""2514"", ""2704"", ""2801"", ""2901"", ""2902"", ""3002"", ""прочее""]"
42,26,5,3652,True,,leaf,,,False,0.00439898982552378,,[]
42,27,5,5199,True,,leaf,,,False,0.017235671391919328,,[]
42,28,4,3941,True,,leaf,,,False,-0.0005087108855607037,,[]
43,0,0,86094,False,nonzero_12,nonzero_12 <= 0.291667,1.0,12.0,False,0.0,0.29166666666666663,[]
43,1,1,24972,False,mean_6,mean_6 <= 0.5,2.0,5.0,True,-0.5387078696661597,0.5,[]
43,2,2,15103,False,category,"category in ['0104', '0811', '1309', '2403', '2502', '2506', '2901']",3.0,4.0,False,-0.6523522794944749,,"[""0104"", ""0811"", ""1309"", ""2403"", ""2502"", ""2506"", ""2901""]"
43,3,3,719,True,,leaf,,,False,-0.0025041615962501243,,[]
43,4,3,14384,True,,leaf,,,False,-0.0025041615962501243,,[]
43,5,2,9869,False,category,"category in ['0104', '0201', '0203', '1501', '2401', '2502', '2514', '2703', '2704', '2802', '2901', '3001']",6.0,7.0,False,-0.3643081283530722,,"[""0104"", ""0201"", ""0203"", ""1501"", ""2401"", ""2502"", ""2514"", ""2703"", ""2704"", ""2802"", ""2901"", ""3001""]"
43,6,3,1319,True,,leaf,,,False,-0.0025041615962501243,,[]
43,7,3,8550,False,baseline_ratio,baseline_ratio <= 1.47128,8.0,11.0,True,-0.41869158878504675,1.471275021423019,[]
43,8,4,6995,False,lag_1,lag_1 <= 0,9.0,10.0,True,-0.47980014275517485,0.0,[]
43,9,5,4679,True,,leaf,,,False,-0.0025041615962501243,,[]
43,10,5,2316,True,,leaf,,,False,-0.0025041615962501243,,[]
43,11,4,1555,True,,leaf,,,False,-0.0025041615962501243,,[]
43,12,1,61122,False,nonzero_12,nonzero_12 <= 0.458333,13.0,20.0,False,-0.0004580252568213047,0.45833333333333337,[]
43,13,2,10954,False,month_sin,month_sin <= -6.12323e-17,14.0,17.0,True,-0.16180226194819408,-6.123233995736766e-17,[]
43,14,3,6642,False,category,"category in ['0103', '0105', '0108', '0302', '0303', '0808', '1303', '1305', '1309', '1501', '1510', '2004', '2702', '2703', '2801', '3002']",15.0,16.0,True,-0.014732411304870716,,"[""0103"", ""0105"", ""0108"", ""0302"", ""0303"", ""0808"", ""1303"", ""1305"", ""1309"", ""1501"", ""1510"", ""2004"", ""2702"", ""2703"", ""2801"", ""3002""]"
43,15,4,4347,True,,leaf,,,False,-0.0037433154335238597,,[]
43,16,4,2295,True,,leaf,,,False,0.01991294745707982,,[]
43,17,3,4312,False,category,"category in ['0104', '0107', '0811', '1306', '2901']",18.0,19.0,False,-0.3877834335955576,,"[""0104"", ""0107"", ""0811"", ""1306"", ""2901""]"
43,18,4,353,True,,leaf,,,False,0.01571689721695931,,[]
43,19,4,3959,True,,leaf,,,False,-0.0026130020738400405,,[]
43,20,2,50168,False,mean_6,mean_6 <= 1.92467,21.0,28.0,True,0.03479612579217984,1.9246704331450095,[]
43,21,3,47181,False,category,"category in ['0111', '0201', '0303', '1140', '1203', '1305', '1501', '2004', '2402', '2502', '2506', '2702', '2803', '2902', 'прочее']",22.0,23.0,False,0.021593100379309615,,"[""0111"", ""0201"", ""0303"", ""1140"", ""1203"", ""1305"", ""1501"", ""2004"", ""2402"", ""2502"", ""2506"", ""2702"", ""2803"", ""2902"", ""прочее""]"
43,22,4,6633,True,,leaf,,,False,-0.0037691759329276904,,[]
43,23,4,40548,False,month_sin,month_sin <= 0.933013,24.0,25.0,True,0.042161842299916166,0.9330127018922194,[]
43,24,5,36853,True,,leaf,,,False,0.0025562671764998214,,[]
43,25,5,3695,False,category,"category in ['0103', '0107', '0808', '0811', '1309', '1510', '2601', '2703', '2801', '2802', '3002']",26.0,27.0,False,-0.0941970310391363,,"[""0103"", ""0107"", ""0808"", ""0811"", ""1309"", ""1510"", ""2601"", ""2703"", ""2801"", ""2802"", ""3002""]"
43,26,6,1710,True,,leaf,,,False,0.004518278430920973,,[]
43,27,6,1985,True,,leaf,,,False,-0.006575291647643123,,[]
43,28,3,2987,True,,leaf,,,False,0.017819319028254045,,[]
44,0,0,86094,False,nonzero_12,nonzero_12 <= 0.291667,1.0,10.0,False,0.0,0.29166666666666663,[]
44,1,1,24972,False,mean_6,mean_6 <= 0.5,2.0,5.0,True,-0.5387078696661597,0.5,[]
44,2,2,15103,False,category,"category in ['0104', '0811', '1309', '2403', '2502', '2506', '2901']",3.0,4.0,False,-0.6523522794944749,,"[""0104"", ""0811"", ""1309"", ""2403"", ""2502"", ""2506"", ""2901""]"
44,3,3,719,True,,leaf,,,False,-0.002378953516437618,,[]
44,4,3,14384,True,,leaf,,,False,-0.002378953516437618,,[]
44,5,2,9869,False,category,"category in ['0104', '0201', '0203', '1501', '2401', '2502', '2514', '2703', '2704', '2802', '2901', '3001']",6.0,7.0,False,-0.3643081283530722,,"[""0104"", ""0201"", ""0203"", ""1501"", ""2401"", ""2502"", ""2514"", ""2703"", ""2704"", ""2802"", ""2901"", ""3001""]"
44,6,3,1319,True,,leaf,,,False,-0.002378953516437618,,[]
44,7,3,8550,False,baseline_ratio,baseline_ratio <= 1.47128,8.0,9.0,True,-0.41869158878504675,1.471275021423019,[]
44,8,4,6995,True,,leaf,,,False,-0.002378953516437618,,[]
44,9,4,1555,True,,leaf,,,False,-0.002378953516437618,,[]
44,10,1,61122,False,nonzero_12,nonzero_12 <= 0.458333,11.0,18.0,False,-0.0026827193613819275,0.45833333333333337,[]
44,11,2,10954,False,month_sin,month_sin <= -6.12323e-17,12.0,15.0,True,-0.16453848960233491,-6.123233995736766e-17,[]
44,12,3,6642,False,category,"category in ['0103', '0105', '0108', '0302', '0303', '0808', '1303', '1305', '1309', '1501', '1510', '2004', '2702', '2703', '2801', '3002']",13.0,14.0,True,-0.019242333132892364,,"[""0103"", ""0105"", ""0108"", ""0302"", ""0303"", ""0808"", ""1303"", ""1305"", ""1309"", ""1501"", ""1510"", ""2004"", ""2702"", ""2703"", ""2801"", ""3002""]"
44,13,4,4347,True,,leaf,,,False,-0.003556149661847667,,[]
44,14,4,2295,True,,leaf,,,False,0.018917300084225826,,[]
44,15,3,4312,False,category,"category in ['0104', '0107', '0811', '1306', '2901']",16.0,17.0,False,-0.3877834335955576,,"[""0104"", ""0107"", ""0811"", ""1306"", ""2901""]"
44,16,4,353,True,,leaf,,,False,0.014931052356111342,,[]
44,17,4,3959,True,,leaf,,,False,-0.0024823519701480386,,[]
44,18,2,50168,False,mean_6,mean_6 <= 1.28342,19.0,22.0,True,0.032683646219458726,1.2834224598930482,[]
44,19,3,33745,False,cv_12,cv_12 <= 1.07046,20.0,21.0,True,-0.0028143978669826694,1.0704630042173193,[]
44,20,4,25370,True,,leaf,,,False,0.0010179546696519868,,[]
44,21,4,8375,True,,leaf,,,False,-0.0034941417204548534,,[]
44,22,3,16423,False,trend_factor,trend_factor <= 0.99305,23.0,26.0,False,0.1055802348932027,0.9930496218922821,[]
44,23,4,4912,False,category,"category in ['0103', '0104', '0201', '0302', '1302', '1309', '1510', '2004', '2401', '2506', '2801', '2902', '3002']",24.0,25.0,True,0.2279561154002438,,"[""0103"", ""0104"", ""0201"", ""0302"", ""1302"", ""1309"", ""1510"", ""2004"", ""2401"", ""2506"", ""2801"", ""2902"", ""3002""]"
44,24,5,3277,True,,leaf,,,False,0.008554176371194789,,[]
44,25,5,1635,True,,leaf,,,False,0.02514176672510862,,[]
44,26,4,11511,False,category,"category in ['0103', '0104', '0105', '0107', '0108', '0302', '0808', '1201', '1302', '1303', '1305', '1306', '1510', '2401', '2502', '2514', '2601', '2703', '2803']",27.0,28.0,True,0.05320718687613923,,"[""0103"", ""0104"", ""0105"", ""0107"", ""0108"", ""0302"", ""0808"", ""1201"", ""1302"", ""1303"", ""1305"", ""1306"", ""1510"", ""2401"", ""2502"", ""2514"", ""2601"", ""2703"", ""2803""]"
44,27,5,7366,True,,leaf,,,False,0.007477647343222038,,[]
44,28,5,4145,True,,leaf,,,False,-0.0037003933470829463,,[]
45,0,0,86094,False,nonzero_12,nonzero_12 <= 0.291667,1.0,12.0,False,0.0,0.29166666666666663,[]
45,1,1,24972,False,mean_6,mean_6 <= 0.5,2.0,5.0,True,-0.5386278120246577,0.5,[]
45,2,2,15103,False,category,"category in ['0104', '0811', '1309', '2403', '2502', '2506', '2901']",3.0,4.0,False,-0.6523522794944749,,"[""0104"", ""0811"", ""1309"", ""2403"", ""2502"", ""2506"", ""2901""]"
45,3,3,719,True,,leaf,,,False,-0.002260005840615737,,[]
45,4,3,14384,True,,leaf,,,False,-0.002260005840615737,,[]
45,5,2,9869,False,category,"category in ['0104', '0201', '0203', '1501', '2401', '2502', '2514', '2703', '2704', '2802', '2901', '3001']",6.0,7.0,False,-0.3641056787124203,,"[""0104"", ""0201"", ""0203"", ""1501"", ""2401"", ""2502"", ""2514"", ""2703"", ""2704"", ""2802"", ""2901"", ""3001""]"
45,6,3,1319,True,,leaf,,,False,-0.002260005840615737,,[]
45,7,3,8550,False,baseline_ratio,baseline_ratio <= 1.47128,8.0,11.0,True,-0.41845794392523367,1.471275021423019,[]
45,8,4,6995,False,lag_1,lag_1 <= 0,9.0,10.0,True,-0.4795146324054247,0.0,[]
45,9,5,4679,True,,leaf,,,False,-0.002260005840615737,,[]
45,10,5,2316,True,,leaf,,,False,-0.002260005840615737,,[]
45,11,4,1555,True,,leaf,,,False,-0.002260005840615737,,[]
45,12,1,61122,False,nonzero_12,nonzero_12 <= 0.458333,13.0,20.0,False,-0.0043512399398023946,0.45833333333333337,[]
45,13,2,10954,False,month_sin,month_sin <= -6.12323e-17,14.0,17.0,True,-0.16581539584093397,-6.123233995736766e-17,[]
45,14,3,6642,False,category,"category in ['0103', '0105', '0108', '0302', '0303', '0808', '1303', '1305', '1309', '1501', '1510', '2004', '2702', '2703', '2801', '3002']",15.0,16.0,True,-0.02074564040889958,,"[""0103"", ""0105"", ""0108"", ""0302"", ""0303"", ""0808"", ""1303"", ""1305"", ""1309"", ""1501"", ""1510"", ""2004"", ""2702"", ""2703"", ""2801"", ""3002""]"
45,15,4,4347,True,,leaf,,,False,-0.003378342178755284,,[]
45,16,4,2295,True,,leaf,,,False,0.01797143508001453,,[]
45,17,3,4312,False,category,"category in ['0104', '0107', '1306', '2901']",18.0,19.0,False,-0.38870893105043963,,"[""0104"", ""0107"", ""1306"", ""2901""]"
45,18,4,229,True,,leaf,,,False,0.02484281894864579,,[]
45,19,4,4083,True,,leaf,,,False,-0.0023582343716406365,,[]
45,20,2,50168,False,mean_6,mean_6 <= 1.92467,21.0,28.0,True,0.030929889593048748,1.9246704331450095,[]
45,21,3,47181,False,category,"category in ['0111', '0201', '0303', '1140', '1203', '1305', '1501', '2004', '2402', '2502', '2702', '2803', '2902', 'прочее']",22.0,23.0,False,0.018456909156406943,,"[""0111"", ""0201"", ""0303"", ""1140"", ""1203"", ""1305"", ""1501"", ""2004"", ""2402"", ""2502"", ""2702"", ""2803"", ""2902"", ""прочее""]"
45,22,4,5441,True,,leaf,,,False,-0.004392441915992868,,[]
45,23,4,41740,False,month_sin,month_sin <= 0.933013,24.0,25.0,True,0.03602395209580838,0.9330127018922194,[]
45,24,5,37938,True,,leaf,,,False,0.002244859337001598,,[]
45,25,5,3802,False,category,"category in ['0103', '0107', '0808', '0811', '1309', '1510', '2403', '2601', '2703', '2801', '2802', '3002']",26.0,27.0,False,-0.08971668415529906,,"[""0103"", ""0107"", ""0808"", ""0811"", ""1309"", ""1510"", ""2403"", ""2601"", ""2703"", ""2801"", ""2802"", ""3002""]"
45,26,6,1753,True,,leaf,,,False,0.0039216430576755335,,[]
45,27,6,2049,True,,leaf,,,False,-0.006309413428556582,,[]
45,28,3,2987,True,,leaf,,,False,0.016554470709680236,,[]
46,0,0,86094,False,nonzero_12,nonzero_12 <= 0.291667,1.0,12.0,False,0.0,0.29166666666666663,[]
46,1,1,24972,False,mean_6,mean_6 <= 0.5,2.0,5.0,True,-0.5385477543831558,0.5,[]
46,2,2,15103,False,category,"category in ['0104', '0811', '1309', '2403', '2502', '2506', '2901']",3.0,4.0,False,-0.6523522794944749,,"[""0104"", ""0811"", ""1309"", ""2403"", ""2502"", ""2506"", ""2901""]"
46,3,3,719,True,,leaf,,,False,-0.00214700554858495,,[]
46,4,3,14384,True,,leaf,,,False,-0.00214700554858495,,[]
46,5,2,9869,False,category,"category in ['0104', '0201', '0203', '1501', '2401', '2502', '2514', '2703', '2704', '2802', '2901', '3001']",6.0,7.0,False,-0.3639032290717684,,"[""0104"", ""0201"", ""0203"", ""1501"", ""2401"", ""2502"", ""2514"", ""2703"", ""2704"", ""2802"", ""2901"", ""3001""]"
46,6,3,1319,True,,leaf,,,False,-0.00214700554858495,,[]
46,7,3,8550,False,baseline_ratio,baseline_ratio <= 1.47128,8.0,11.0,True,-0.4182242990654206,1.471275021423019,[]
46,8,4,6995,False,lag_1,lag_1 <= 0,9.0,10.0,True,-0.4795146324054247,0.0,[]
46,9,5,4679,True,,leaf,,,False,-0.00214700554858495,,[]
46,10,5,2316,True,,leaf,,,False,-0.00214700554858495,,[]
46,11,4,1555,True,,leaf,,,False,-0.00214700554858495,,[]
46,12,1,61122,False,nonzero_12,nonzero_12 <= 0.458333,13.0,20.0,False,-0.006183340967087614,0.45833333333333337,[]
46,13,2,10954,False,month_sin,month_sin <= -6.12323e-17,14.0,17.0,True,-0.1659978110178767,-6.123233995736766e-17,[]
46,14,3,6642,False,category,"category in ['0103', '0105', '0108', '0302', '0303', '0808', '1303', '1305', '1309', '1501', '1510', '2004', '2702', '2703', '3002']",15.0,16.0,True,-0.021046301864101023,,"[""0103"", ""0105"", ""0108"", ""0302"", ""0303"", ""0808"", ""1303"", ""1305"", ""1309"", ""1501"", ""1510"", ""2004"", ""2702"", ""2703"", ""3002""]"
46,15,4,4070,True,,leaf,,,False,-0.00320942506981752,,[]
46,16,4,2572,True,,leaf,,,False,0.01694482912877276,,[]
46,17,3,4312,False,category,"category in ['0104', '0107', '1306', '2901']",18.0,19.0,False,-0.38870893105043963,,"[""0104"", ""0107"", ""1306"", ""2901""]"
46,18,4,229,True,,leaf,,,False,0.0236006780012135,,[]
46,19,4,4083,True,,leaf,,,False,-0.0022403226530586045,,[]
46,20,2,50168,False,month_sin,month_sin <= 0.25,21.0,26.0,True,0.028737693810036272,0.25000000000000006,[]
46,21,3,28946,False,category,"category in ['0111', '0303', '0811', '1140', '1305', '1306', '1309', '1501', '2004', '2402', '2506', '2702', '2704', '2801', '2802', '2803', '2902', '3002', 'прочее']",22.0,23.0,False,0.06983008702859511,,"[""0111"", ""0303"", ""0811"", ""1140"", ""1305"", ""1306"", ""1309"", ""1501"", ""2004"", ""2402"", ""2506"", ""2702"", ""2704"", ""2801"", ""2802"", ""2803"", ""2902"", ""3002"", ""прочее""]"
46,22,4,12626,True,,leaf,,,False,0.00029190165353614464,,[]
46,23,4,16320,False,mean_3,mean_3 <= 1.67805,24.0,25.0,True,0.11990202082057563,1.678048780487805,[]
46,24,5,12268,True,,leaf,,,False,0.003616563797286174,,[]
46,25,5,4052,True,,leaf,,,False,0.016651562703150474,,[]
46,26,3,21222,False,category,"category in ['0103', '0107', '0808', '1201', '1309', '2403', '2510', '2703', '2704', '2801', '2802']",27.0,28.0,False,-0.0273172569706104,,"[""0103"", ""0107"", ""0808"", ""1201"", ""1309"", ""2403"", ""2510"", ""2703"", ""2704"", ""2801"", ""2802""]"
46,27,4,4143,True,,leaf,,,False,0.004569158365450993,,[]
46,28,4,17079,True,,leaf,,,False,-0.002008609237757636,,[]
47,0,0,86094,False,nonzero_12,nonzero_12 <= 0.291667,1.0,12.0,False,0.0,0.29166666666666663,[]
47,1,1,24972,False,mean_6,mean_6 <= 0.5,2.0,5.0,True,-0.5385477543831558,0.5,[]
47,2,2,15103,False,category,"category in ['0104', '0811', '1309', '2403', '2502', '2506', '2901']",3.0,4.0,False,-0.6523522794944749,,"[""0104"", ""0811"", ""1309"", ""2403"", ""2502"", ""2506"", ""2901""]"
47,3,3,719,True,,leaf,,,False,-0.002039655271155703,,[]
47,4,3,14384,True,,leaf,,,False,-0.002039655271155703,,[]
47,5,2,9869,False,category,"category in ['0104', '0201', '0203', '1501', '2401', '2502', '2514', '2703', '2704', '2802', '2901', '3001']",6.0,7.0,False,-0.3639032290717684,,"[""0104"", ""0201"", ""0203"", ""1501"", ""2401"", ""2502"", ""2514"", ""2703"", ""2704"", ""2802"", ""2901"", ""3001""]"
47,6,3,1319,True,,leaf,,,False,-0.002039655271155703,,[]
47,7,3,8550,False,baseline_ratio,baseline_ratio <= 1.47128,8.0,11.0,True,-0.4182242990654206,1.471275021423019,[]
47,8,4,6995,False,lag_1,lag_1 <= 0,9.0,10.0,True,-0.4795146324054247,0.0,[]
47,9,5,4679,True,,leaf,,,False,-0.002039655271155703,,[]
47,10,5,2316,True,,leaf,,,False,-0.002039655271155703,,[]
47,11,4,1555,True,,leaf,,,False,-0.002039655271155703,,[]
47,12,1,61122,False,nonzero_12,nonzero_12 <= 0.458333,13.0,20.0,False,-0.0076882810966433296,0.45833333333333337,[]
47,13,2,10954,False,month_sin,month_sin <= -6.12323e-17,14.0,17.0,True,-0.16818679314118934,-6.123233995736766e-17,[]
47,14,3,6642,False,category,"category in ['0103', '0108', '0302', '0303', '0808', '1303', '1305', '1306', '1309', '1501', '1510', '2004', '2702', '3002']",15.0,16.0,True,-0.02465423932651834,,"[""0103"", ""0108"", ""0302"", ""0303"", ""0808"", ""1303"", ""1305"", ""1306"", ""1309"", ""1501"", ""1510"", ""2004"", ""2702"", ""3002""]"
47,15,4,3911,True,,leaf,,,False,-0.003293412374691618,,[]
47,16,4,2731,True,,leaf,,,False,0.016008254155832357,,[]
47,17,3,4312,False,category,"category in ['0104', '0107', '0811', '1306', '2401', '2403', '2802', '2803', '2901']",18.0,19.0,False,-0.38870893105043963,,"[""0104"", ""0107"", ""0811"", ""1306"", ""2401"", ""2403"", ""2802"", ""2803"", ""2901""]"
47,18,4,550,True,,leaf,,,False,-0.0032863332787728353,,[]
47,19,4,3762,True,,leaf,,,False,-0.002120662011926762,,[]
47,20,2,50168,False,mean_6,mean_6 <= 1.4,21.0,24.0,True,0.027382518235083104,1.4,[]
47,21,3,37376,False,cv_12,cv_12 <= 1.05719,22.0,23.0,True,0.00016048788316482104,1.0571882797418486,[]
47,22,4,27607,True,,leaf,,,False,0.0011559490308654108,,[]
47,23,4,9769,True,,leaf,,,False,-0.0033312471393943084,,[]
47,24,3,12792,False,trend_factor,trend_factor <= 1.20686,25.0,28.0,True,0.10685830339009529,1.2068568471128276,[]
47,25,4,8851,False,category,"category in ['0103', '0105', '0107', '0108', '0302', '0808', '1201', '1303', '1306', '1510', '2401', '2403', '2502', '2601', '2703', '2802', '2803']",26.0,27.0,True,0.16352556144904637,,"[""0103"", ""0105"", ""0107"", ""0108"", ""0302"", ""0808"", ""1201"", ""1303"", ""1306"", ""1510"", ""2401"", ""2403"", ""2502"", ""2601"", ""2703"", ""2802"", ""2803""]"
47,26,5,4849,True,,leaf,,,False,0.015448282067508846,,[]
47,27,5,4002,True,,leaf,,,False,0.003552858642850059,,[]
47,28,4,3941,True,,leaf,,,False,-0.0011594333430457627,,[]
48,0,0,86094,False,nonzero_12,nonzero_12 <= 0.291667,1.0,12.0,False,0.0,0.29166666666666663,[]
48,1,1,24972,False,mean_6,mean_6 <= 0.5,2.0,5.0,True,-0.5385477543831558,0.5,[]
48,2,2,15103,False,category,"category in ['0104', '0811', '1309', '2403', '2502', '2506', '2901']",3.0,4.0,False,-0.6523522794944749,,"[""0104"", ""0811"", ""1309"", ""2403"", ""2502"", ""2506"", ""2901""]"
48,3,3,719,True,,leaf,,,False,-0.0019376725075979176,,[]
48,4,3,14384,True,,leaf,,,False,-0.0019376725075979176,,[]
48,5,2,9869,False,category,"category in ['0104', '0201', '0203', '1501', '2401', '2502', '2514', '2703', '2704', '2802', '2901', '3001']",6.0,7.0,False,-0.3639032290717684,,"[""0104"", ""0201"", ""0203"", ""1501"", ""2401"", ""2502"", ""2514"", ""2703"", ""2704"", ""2802"", ""2901"", ""3001""]"
48,6,3,1319,True,,leaf,,,False,-0.0019376725075979176,,[]
48,7,3,8550,False,baseline_ratio,baseline_ratio <= 1.47128,8.0,11.0,True,-0.4182242990654206,1.471275021423019,[]
48,8,4,6995,False,lag_1,lag_1 <= 0,9.0,10.0,True,-0.4795146324054247,0.0,[]
48,9,5,4679,True,,leaf,,,False,-0.0019376725075979176,,[]
48,10,5,2316,True,,leaf,,,False,-0.0019376725075979176,,[]
48,11,4,1555,True,,leaf,,,False,-0.0019376725075979176,,[]
48,12,1,61122,False,nonzero_12,nonzero_12 <= 0.458333,13.0,22.0,False,-0.009029640777334293,0.45833333333333337,[]
48,13,2,10954,False,month_sin,month_sin <= -6.12323e-17,14.0,19.0,True,-0.16836920831813207,-6.123233995736766e-17,[]
48,14,3,6642,False,category,"category in ['0104', '0107', '0201', '1201', '1302', '2403', '2502', '2506', '2802', '2803', '2901', '2902', 'прочее']",15.0,16.0,False,-0.02555622369212267,,"[""0104"", ""0107"", ""0201"", ""1201"", ""1302"", ""2403"", ""2502"", ""2506"", ""2802"", ""2803"", ""2901"", ""2902"", ""прочее""]"
48,15,4,1434,True,,leaf,,,False,0.020960644570937062,,[]
48,16,4,5208,False,mean_6,mean_6 <= 1.66061,17.0,18.0,True,-0.08279034112686853,1.6606060606060604,[]
48,17,5,2881,True,,leaf,,,False,-0.004552256114291157,,[]
48,18,5,2327,True,,leaf,,,False,0.006979254009278169,,[]
48,19,3,4312,False,category,"category in ['0104', '0107', '0811', '1306', '2401', '2403', '2802', '2803', '2901']",20.0,21.0,False,-0.3877834335955576,,"[""0104"", ""0107"", ""0811"", ""1306"", ""2401"", ""2403"", ""2802"", ""2803"", ""2901""]"
48,20,4,550,True,,leaf,,,False,-0.003122016614834193,,[]
48,21,4,3762,True,,leaf,,,False,-0.002014628911330424,,[]
48,22,2,50168,False,mean_6,mean_6 <= 1.92467,23.0,28.0,True,0.025788194029255848,1.9246704331450095,[]
48,23,3,47181,False,category,"category in ['0111', '0201', '0303', '1140', '1203', '1305', '1501', '2004', '2402', '2502', '2702', '2803', '2902', 'прочее']",24.0,25.0,False,0.01421881290924117,,"[""0111"", ""0201"", ""0303"", ""1140"", ""1203"", ""1305"", ""1501"", ""2004"", ""2402"", ""2502"", ""2702"", ""2803"", ""2902"", ""прочее""]"
48,24,4,5441,True,,leaf,,,False,-0.004128445925168356,,[]
48,25,4,41740,False,month_sin,month_sin <= 0.933013,26.0,27.0,True,0.030754491017964073,0.9330127018922194,[]
48,26,5,37938,True,,leaf,,,False,0.001971740687162374,,[]
48,27,5,3802,True,,leaf,,,False,-0.002556279987380969,,[]
48,28,3,2987,True,,leaf,,,False,0.014991768200696864,,[]
49,0,0,86094,False,nonzero_12,nonzero_12 <= 0.291667,1.0,12.0,False,0.0,0.29166666666666663,[]
49,1,1,24972,False,mean_6,mean_6 <= 0.5,2.0,5.0,True,-0.5385477543831558,0.5,[]
49,2,2,15103,False,category,"category in ['0104', '0811', '1309', '2403', '2502', '2506', '2901']",3.0,4.0,False,-0.6523522794944749,,"[""0104"", ""0811"", ""1309"", ""2403"", ""2502"", ""2506"", ""2901""]"
49,3,3,719,True,,leaf,,,False,-0.0018407888822180218,,[]
49,4,3,14384,True,,leaf,,,False,-0.0018407888822180218,,[]
49,5,2,9869,False,category,"category in ['0104', '0201', '0203', '1501', '2401', '2502', '2514', '2703', '2704', '2802', '2901', '3001']",6.0,7.0,False,-0.3639032290717684,,"[""0104"", ""0201"", ""0203"", ""1501"", ""2401"", ""2502"", ""2514"", ""2703"", ""2704"", ""2802"", ""2901"", ""3001""]"
49,6,3,1319,True,,leaf,,,False,-0.0018407888822180218,,[]
49,7,3,8550,False,baseline_ratio,baseline_ratio <= 1.47128,8.0,11.0,True,-0.4182242990654206,1.471275021423019,[]
49,8,4,6995,False,lag_1,lag_1 <= 0,9.0,10.0,True,-0.4795146324054247,0.0,[]
49,9,5,4679,True,,leaf,,,False,-0.0018407888822180218,,[]
49,10,5,2316,True,,leaf,,,False,-0.0018407888822180218,,[]
49,11,4,1555,True,,leaf,,,False,-0.0018407888822180218,,[]
49,12,1,61122,False,nonzero_12,nonzero_12 <= 0.458333,13.0,20.0,False,-0.01073087744552771,0.45833333333333337,[]
49,13,2,10954,False,month_sin,month_sin <= -6.12323e-17,14.0,17.0,True,-0.16964611455673112,-6.123233995736766e-17,[]
49,14,3,6642,False,category,"category in ['0103', '0108', '0302', '0303', '0808', '1303', '1305', '1309', '1501', '1510', '2004', '2702', '3002']",15.0,16.0,True,-0.027660853878532773,,"[""0103"", ""0108"", ""0302"", ""0303"", ""0808"", ""1303"", ""1305"", ""1309"", ""1501"", ""1510"", ""2004"", ""2702"", ""3002""]"
49,15,4,3838,True,,leaf,,,False,-0.0030992832217112826,,[]
49,16,4,2804,True,,leaf,,,False,0.012953033902403112,,[]
49,17,3,4312,False,category,"category in ['0104', '0107', '0811', '1306', '2401', '2403', '2802', '2803', '2901']",18.0,19.0,False,-0.3877834335955576,,"[""0104"", ""0107"", ""0811"", ""1306"", ""2401"", ""2403"", ""2802"", ""2803"", ""2901""]"
49,18,4,550,True,,leaf,,,False,-0.002965915784092483,,[]
49,19,4,3762,True,,leaf,,,False,-0.0019138974657639024,,[]
49,20,2,50168,False,month_sin,month_sin <= 0.25,21.0,26.0,True,0.023994579297700186,0.25000000000000006,[]
49,21,3,28946,False,category,"category in ['0103', '0105', '0108', '0201', '0808', '1201', '1203', '1302', '1303', '1510', '2401', '2403', '2510', '2601', '2703', '2901']",22.0,25.0,False,0.06167979002624672,,"[""0103"", ""0105"", ""0108"", ""0201"", ""0808"", ""1201"", ""1203"", ""1302"", ""1303"", ""1510"", ""2401"", ""2403"", ""2510"", ""2601"", ""2703"", ""2901""]"
49,22,4,9053,False,unit,unit in ['м'],23.0,24.0,False,0.13957850601346133,,"[""м""]"
49,23,5,371,True,,leaf,,,False,0.03264525702925227,,[]
49,24,5,8682,True,,leaf,,,False,0.00677273066856257,,[]
49,25,4,19893,True,,leaf,,,False,0.001404188947796048,,[]
49,26,3,21222,False,category,"category in ['0201', '1140', '1203', '1305', '1501', '2004', '2502', '2702', '2901', '2902', 'прочее']",27.0,28.0,False,-0.02741145440844009,,"[""0201"", ""1140"", ""1203"", ""1305"", ""1501"", ""2004"", ""2502"", ""2702"", ""2901"", ""2902"", ""прочее""]"
49,27,4,1837,True,,leaf,,,False,-0.005474589999615071,,[]
49,28,4,19385,True,,leaf,,,False,-0.00033864247868824475,,[]
50,0,0,86094,False,nonzero_12,nonzero_12 <= 0.291667,1.0,12.0,False,0.0,0.29166666666666663,[]
50,1,1,24972,False,mean_6,mean_6 <= 0.5,2.0,5.0,True,-0.5385477543831558,0.5,[]
50,2,2,15103,False,category,"category in ['0104', '0811', '1309', '2403', '2502', '2506', '2901']",3.0,4.0,False,-0.6523522794944749,,"[""0104"", ""0811"", ""1309"", ""2403"", ""2502"", ""2506"", ""2901""]"
50,3,3,719,True,,leaf,,,False,-0.0017487494381071206,,[]
50,4,3,14384,True,,leaf,,,False,-0.0017487494381071206,,[]
50,5,2,9869,False,category,"category in ['0104', '0201', '0203', '1501', '2401', '2502', '2514', '2703', '2704', '2802', '2901', '3001']",6.0,7.0,False,-0.3639032290717684,,"[""0104"", ""0201"", ""0203"", ""1501"", ""2401"", ""2502"", ""2514"", ""2703"", ""2704"", ""2802"", ""2901"", ""3001""]"
50,6,3,1319,True,,leaf,,,False,-0.0017487494381071206,,[]
50,7,3,8550,False,baseline_ratio,baseline_ratio <= 1.47128,8.0,11.0,True,-0.4182242990654206,1.471275021423019,[]
50,8,4,6995,False,lag_1,lag_1 <= 0,9.0,10.0,True,-0.4795146324054247,0.0,[]
50,9,5,4679,True,,leaf,,,False,-0.0017487494381071206,,[]
50,10,5,2316,True,,leaf,,,False,-0.0017487494381071206,,[]
50,11,4,1555,True,,leaf,,,False,-0.0017487494381071206,,[]
50,12,1,61122,False,nonzero_12,nonzero_12 <= 0.458333,13.0,22.0,False,-0.012137669305764575,0.45833333333333337,[]
50,13,2,10954,False,month_sin,month_sin <= -6.12323e-17,14.0,19.0,True,-0.17147026632615833,-6.123233995736766e-17,[]
50,14,3,6642,False,category,"category in ['0104', '0107', '0201', '1201', '1302', '2403', '2502', '2506', '2802', '2803', '2901', '2902', 'прочее']",15.0,16.0,False,-0.030667468430547205,,"[""0104"", ""0107"", ""0201"", ""1201"", ""1302"", ""2403"", ""2502"", ""2506"", ""2802"", ""2803"", ""2901"", ""2902"", ""прочее""]"
50,15,4,1434,True,,leaf,,,False,0.019264960647270055,,[]
50,16,4,5208,False,mean_6,mean_6 <= 1.66061,17.0,18.0,True,-0.0858566500574933,1.6606060606060604,[]
50,17,5,2881,True,,leaf,,,False,-0.004308887416444451,,[]
50,18,5,2327,True,,leaf,,,False,0.006655544303431505,,[]
50,19,3,4312,False,category,"category in ['0104', '0107', '0811', '1306', '2401', '2403', '2802', '2803', '2901']",20.0,21.0,False,-0.3877834335955576,,"[""0104"", ""0107"", ""0811"", ""1306"", ""2401"", ""2403"", ""2802"", ""2803"", ""2901""]"
50,20,4,550,True,,leaf,,,False,-0.0028176199948878587,,[]
50,21,4,3762,True,,leaf,,,False,-0.0018182025924757075,,[]
50,22,2,50168,False,mean_6,mean_6 <= 1.92467,23.0,28.0,True,0.0226792618278927,1.9246704331450095,[]
50,23,3,47181,False,cv_12,cv_12 <= 1.16974,24.0,25.0,True,0.011591193235998389,1.169737139523974,[]
50,24,4,37097,True,,leaf,,,False,0.001460863549077829,,[]
50,25,4,10084,False,category,"category in ['0103', '0104', '0105', '0107', '0808', '1201', '1302', '1303', '1306', '1309', '1510', '2403', '2703', '2802', '2901']",26.0,27.0,False,-0.07053695264513572,,"[""0103"", ""0104"", ""0105"", ""0107"", ""0808"", ""1201"", ""1302"", ""1303"", ""1306"", ""1309"", ""1510"", ""2403"", ""2703"", ""2802"", ""2901""]"
50,26,5,3046,True,,leaf,,,False,0.004574671103448072,,[]
50,27,5,7038,True,,leaf,,,False,-0.0033555521083133612,,[]
50,28,3,2987,True,,leaf,,,False,0.014169378205248452,,[]
51,0,0,86094,False,nonzero_12,nonzero_12 <= 0.291667,1.0,12.0,False,0.0,0.29166666666666663,[]
51,1,1,24972,False,mean_6,mean_6 <= 0.5,2.0,5.0,True,-0.5385477543831558,0.5,[]
51,2,2,15103,False,category,"category in ['0104', '0811', '1309', '2403', '2502', '2506', '2901']",3.0,4.0,False,-0.6523522794944749,,"[""0104"", ""0811"", ""1309"", ""2403"", ""2502"", ""2506"", ""2901""]"
51,3,3,719,True,,leaf,,,False,-0.0016613119662017646,,[]
51,4,3,14384,True,,leaf,,,False,-0.0016613119662017646,,[]
51,5,2,9869,False,category,"category in ['0104', '0201', '0203', '1501', '2401', '2502', '2514', '2703', '2704', '2802', '2901', '3001']",6.0,7.0,False,-0.3639032290717684,,"[""0104"", ""0201"", ""0203"", ""1501"", ""2401"", ""2502"", ""2514"", ""2703"", ""2704"", ""2802"", ""2901"", ""3001""]"
51,6,3,1319,True,,leaf,,,False,-0.0016613119662017646,,[]
51,7,3,8550,False,baseline_ratio,baseline_ratio <= 1.47128,8.0,11.0,True,-0.4182242990654206,1.471275021423019,[]
51,8,4,6995,False,lag_1,lag_1 <= 0,9.0,10.0,True,-0.4795146324054247,0.0,[]
51,9,5,4679,True,,leaf,,,False,-0.0016613119662017646,,[]
51,10,5,2316,True,,leaf,,,False,-0.0016613119662017646,,[]
51,11,4,1555,True,,leaf,,,False,-0.0016613119662017646,,[]
51,12,1,61122,False,nonzero_12,nonzero_12 <= 0.458333,13.0,18.0,False,-0.014067918602368645,0.45833333333333337,[]
51,13,2,10954,False,month_sin,month_sin <= -6.12323e-17,14.0,15.0,True,-0.17219992703392922,-6.123233995736766e-17,[]
51,14,3,6642,True,,leaf,,,False,-0.001318031152960795,,[]
51,15,3,4312,False,category,"category in ['0104', '0107', '0811', '1306', '2901']",16.0,17.0,False,-0.3868579361406756,,"[""0104"", ""0107"", ""0811"", ""1306"", ""2901""]"
51,16,4,353,True,,leaf,,,False,0.013981902210417951,,[]
51,17,4,3959,True,,leaf,,,False,-0.0017349369713308346,,[]
51,18,2,50168,False,mean_6,mean_6 <= 1.2381,19.0,22.0,True,0.020487066044880226,1.2380952380952381,[]
51,19,3,32243,False,category,"category in ['0111', '1305', '1501', '2004', '2502', '2702', '2803', '2902', 'прочее']",20.0,21.0,False,-0.01131677673394723,,"[""0111"", ""1305"", ""1501"", ""2004"", ""2502"", ""2702"", ""2803"", ""2902"", ""прочее""]"
51,20,4,3021,True,,leaf,,,False,-0.004987840938290186,,[]
51,21,4,29222,True,,leaf,,,False,0.0001591852498995128,,[]
51,22,3,17925,False,trend_factor,trend_factor <= 0.99305,23.0,26.0,False,0.07766936158349595,0.9930496218922821,[]
51,23,4,5258,False,category,"category in ['0103', '0104', '0201', '1302', '1309', '1510', '2004', '2401', '2902', '3002']",24.0,25.0,False,0.1958997722095672,,"[""0103"", ""0104"", ""0201"", ""1302"", ""1309"", ""1510"", ""2004"", ""2401"", ""2902"", ""3002""]"
51,24,5,2329,True,,leaf,,,False,0.002687002859450827,,[]
51,25,5,2929,True,,leaf,,,False,0.01820924110470082,,[]
51,26,4,12667,False,category,"category in ['0103', '0104', '0105', '0107', '0108', '0302', '0808', '1302', '1305', '1510', '2401', '2502', '2514', '2601', '2703']",27.0,28.0,False,0.02847676895164471,,"[""0103"", ""0104"", ""0105"", ""0107"", ""0108"", ""0302"", ""0808"", ""1302"", ""1305"", ""1510"", ""2401"", ""2502"", ""2514"", ""2601"", ""2703""]"
51,27,5,6146,True,,leaf,,,False,0.006690957042524908,,[]
51,28,5,6521,True,,leaf,,,False,-0.002646668759321527,,[]
52,0,0,86094,False,nonzero_12,nonzero_12 <= 0.291667,1.0,12.0,False,0.0,0.29166666666666663,[]
52,1,1,24972,False,mean_6,mean_6 <= 0.5,2.0,5.0,True,-0.538467696741654,0.5,[]
52,2,2,15103,False,category,"category in ['0104', '0811', '1309', '2403', '2502', '2506', '2901']",3.0,4.0,False,-0.6523522794944749,,"[""0104"", ""0811"", ""1309"", ""2403"", ""2502"", ""2506"", ""2901""]"
52,3,3,719,True,,leaf,,,False,-0.0015782463678916765,,[]
52,4,3,14384,True,,leaf,,,False,-0.0015782463678916765,,[]
52,5,2,9869,False,category,"category in ['0104', '0201', '0203', '1501', '2401', '2502', '2514', '2703', '2704', '2802', '2901', '3001']",6.0,7.0,False,-0.3637007794311165,,"[""0104"", ""0201"", ""0203"", ""1501"", ""2401"", ""2502"", ""2514"", ""2703"", ""2704"", ""2802"", ""2901"", ""3001""]"
52,6,3,1319,True,,leaf,,,False,-0.0015782463678916765,,[]
52,7,3,8550,False,baseline_ratio,baseline_ratio <= 1.47128,8.0,11.0,True,-0.4179906542056075,1.471275021423019,[]
52,8,4,6995,False,lag_1,lag_1 <= 0,9.0,10.0,True,-0.4795146324054247,0.0,[]
52,9,5,4679,True,,leaf,,,False,-0.0015782463678916765,,[]
52,10,5,2316,True,,leaf,,,False,-0.0015782463678916765,,[]
52,11,4,1555,True,,leaf,,,False,-0.0015782463678916765,,[]
52,12,1,61122,False,nonzero_12,nonzero_12 <= 0.458333,13.0,18.0,False,-0.014722240397827652,0.45833333333333337,[]
52,13,2,10954,False,month_sin,month_sin <= -6.12323e-17,14.0,15.0,True,-0.17238234221087195,-6.123233995736766e-17,[]
52,14,3,6642,True,,leaf,,,False,-0.001252129595312755,,[]
52,15,3,4312,False,category,"category in ['0104', '0107', '0811', '1306', '2401', '2403', '2802', '2803', '2901']",16.0,17.0,False,-0.3877834335955576,,"[""0104"", ""0107"", ""0811"", ""1306"", ""2401"", ""2403"", ""2802"", ""2803"", ""2901""]"
52,16,4,550,True,,leaf,,,False,-0.0026521496804197196,,[]
52,17,4,3762,True,,leaf,,,False,-0.0016405456142853806,,[]
52,18,2,50168,False,month_sin,month_sin <= 0.25,19.0,20.0,True,0.01972976204711228,0.25000000000000006,[]
52,19,3,28946,True,,leaf,,,False,0.0028819663838415277,,[]
52,20,3,21222,False,month_cos,month_cos <= -0.25,21.0,26.0,False,-0.028447626224566692,-0.24999999999999997,[]
52,21,4,8546,False,category,"category in ['0303', '0808', '2403', '2601', '2704']",22.0,23.0,False,0.04324450677886863,,"[""0303"", ""0808"", ""2403"", ""2601"", ""2704""]"
52,22,5,212,True,,leaf,,,False,0.03157352378821653,,[]
52,23,5,8334,False,category,"category in ['0201', '1302', '1305', '1510', '2401', '2502', '2514', '2901', '2902', 'прочее']",24.0,25.0,False,0.02564717162032598,,"[""0201"", ""1302"", ""1305"", ""1510"", ""2401"", ""2502"", ""2514"", ""2901"", ""2902"", ""прочее""]"
52,24,6,1383,True,,leaf,,,False,-0.006104049370007573,,[]
52,25,6,6951,True,,leaf,,,False,0.002552949684123784,,[]
52,26,4,12676,False,category,"category in ['0103', '0107', '0808', '0811', '1302', '1510', '2401', '2514', '2703', '2801', '2802', '2901']",27.0,28.0,False,-0.07677755005517893,,"[""0103"", ""0107"", ""0808"", ""0811"", ""1302"", ""1510"", ""2401"", ""2514"", ""2703"", ""2801"", ""2802"", ""2901""]"
52,27,5,3494,True,,leaf,,,False,0.00360958195120015,,[]
52,28,5,9182,True,,leaf,,,False,-0.0031387762879350176,,[]
53,0,0,86094,False,nonzero_12,nonzero_12 <= 0.291667,1.0,12.0,False,0.0,0.29166666666666663,[]
53,1,1,24972,False,mean_6,mean_6 <= 0.5,2.0,5.0,True,-0.538467696741654,0.5,[]
53,2,2,15103,False,category,"category in ['0104', '0811', '1309', '2403', '2502', '2506', '2901']",3.0,4.0,False,-0.6523522794944749,,"[""0104"", ""0811"", ""1309"", ""2403"", ""2502"", ""2506"", ""2901""]"
53,3,3,719,True,,leaf,,,False,-0.0014993340494970926,,[]
53,4,3,14384,True,,leaf,,,False,-0.0014993340494970926,,[]
53,5,2,9869,False,category,"category in ['0104', '0201', '0203', '1501', '2401', '2502', '2514', '2703', '2704', '2802', '2901', '3001']",6.0,7.0,False,-0.3637007794311165,,"[""0104"", ""0201"", ""0203"", ""1501"", ""2401"", ""2502"", ""2514"", ""2703"", ""2704"", ""2802"", ""2901"", ""3001""]"
53,6,3,1319,True,,leaf,,,False,-0.0014993340494970926,,[]
53,7,3,8550,False,baseline_ratio,baseline_ratio <= 1.47128,8.0,11.0,True,-0.4179906542056075,1.471275021423019,[]
53,8,4,6995,False,lag_1,lag_1 <= 0,9.0,10.0,True,-0.4795146324054247,0.0,[]
53,9,5,4679,True,,leaf,,,False,-0.0014993340494970926,,[]
53,10,5,2316,True,,leaf,,,False,-0.0014993340494970926,,[]
53,11,4,1555,True,,leaf,,,False,-0.0014993340494970926,,[]
53,12,1,61122,False,nonzero_12,nonzero_12 <= 0.458333,13.0,22.0,False,-0.01550742655237846,0.45833333333333337,[]
53,13,2,10954,False,month_sin,month_sin <= -6.12323e-17,14.0,19.0,True,-0.1720175118569865,-6.123233995736766e-17,[]
53,14,3,6642,False,category,"category in ['0104', '0107', '0201', '1201', '1302', '2403', '2502', '2506', '2802', '2803', '2901', '2902', 'прочее']",15.0,16.0,False,-0.03187011425135298,,"[""0104"", ""0107"", ""0201"", ""1201"", ""1302"", ""2403"", ""2502"", ""2506"", ""2802"", ""2803"", ""2901"", ""2902"", ""прочее""]"
53,15,4,1434,True,,leaf,,,False,0.01843022065232023,,[]
53,16,4,5208,False,mean_6,mean_6 <= 1.66061,17.0,18.0,True,-0.0854733614411652,1.6606060606060604,[]
53,17,5,2881,True,,leaf,,,False,-0.00396493500820855,,[]
53,18,5,2327,True,,leaf,,,False,0.006451275125673606,,[]
53,19,3,4312,False,category,"category in ['0104', '0107', '0811', '1306', '2401', '2403', '2802', '2803', '2901']",20.0,21.0,False,-0.3873206848681166,,"[""0104"", ""0107"", ""0811"", ""1306"", ""2401"", ""2403"", ""2802"", ""2803"", ""2901""]"
53,20,4,550,True,,leaf,,,False,-0.0025195421963987337,,[]
53,21,4,3762,True,,leaf,,,False,-0.0015585183335711113,,[]
53,22,2,50168,False,mean_6,mean_6 <= 1.84247,23.0,28.0,True,0.018693451313324564,1.8424657534246578,[]
53,23,3,46329,False,cv_12,cv_12 <= 1.16974,24.0,25.0,True,0.006884050152139666,1.169737139523974,[]
53,24,4,36801,True,,leaf,,,False,0.0012210034995843056,,[]
53,25,4,9528,False,category,"category in ['0103', '0104', '0105', '0107', '0808', '1201', '1306', '1309', '1510', '2403', '2802', '2901']",26.0,27.0,False,-0.07800377437617949,,"[""0103"", ""0104"", ""0105"", ""0107"", ""0808"", ""1201"", ""1306"", ""1309"", ""1510"", ""2403"", ""2802"", ""2901""]"
53,26,5,1480,True,,leaf,,,False,0.011392913483067186,,[]
53,27,5,8048,True,,leaf,,,False,-0.0033957260423026396,,[]
53,28,3,3839,True,,leaf,,,False,0.011257646531712207,,[]
54,0,0,86094,False,nonzero_12,nonzero_12 <= 0.291667,1.0,12.0,False,0.0,0.29166666666666663,[]
54,1,1,24972,False,mean_6,mean_6 <= 0.5,2.0,5.0,True,-0.538467696741654,0.5,[]
54,2,2,15103,False,category,"category in ['0104', '0811', '1309', '2403', '2502', '2506', '2901']",3.0,4.0,False,-0.6523522794944749,,"[""0104"", ""0811"", ""1309"", ""2403"", ""2502"", ""2506"", ""2901""]"
54,3,3,719,True,,leaf,,,False,-0.001424367347022238,,[]
54,4,3,14384,True,,leaf,,,False,-0.001424367347022238,,[]
54,5,2,9869,False,category,"category in ['0104', '0201', '0203', '1501', '2401', '2502', '2514', '2703', '2704', '2802', '2901', '3001']",6.0,7.0,False,-0.3637007794311165,,"[""0104"", ""0201"", ""0203"", ""1501"", ""2401"", ""2502"", ""2514"", ""2703"", ""2704"", ""2802"", ""2901"", ""3001""]"
54,6,3,1319,True,,leaf,,,False,-0.001424367347022238,,[]
54,7,3,8550,False,baseline_ratio,baseline_ratio <= 1.47128,8.0,11.0,True,-0.4179906542056075,1.471275021423019,[]
54,8,4,6995,False,lag_1,lag_1 <= 0,9.0,10.0,True,-0.4795146324054247,0.0,[]
54,9,5,4679,True,,leaf,,,False,-0.001424367347022238,,[]
54,10,5,2316,True,,leaf,,,False,-0.001424367347022238,,[]
54,11,4,1555,True,,leaf,,,False,-0.001424367347022238,,[]
54,12,1,61122,False,nonzero_12,nonzero_12 <= 0.458333,13.0,20.0,False,-0.016848786233069422,0.45833333333333337,[]
54,13,2,10954,False,month_sin,month_sin <= -6.12323e-17,14.0,17.0,True,-0.1712878511492156,-6.123233995736766e-17,[]
54,14,3,6642,False,category,"category in ['0103', '0108', '0302', '0303', '0808', '1303', '1305', '1306', '1309', '1501', '1510', '2004', '2401', '2702', '3002']",15.0,16.0,True,-0.03126879134095009,,"[""0103"", ""0108"", ""0302"", ""0303"", ""0808"", ""1303"", ""1305"", ""1306"", ""1309"", ""1501"", ""1510"", ""2004"", ""2401"", ""2702"", ""3002""]"
54,15,4,3986,True,,leaf,,,False,-0.002406334578013526,,[]
54,16,4,2656,True,,leaf,,,False,0.012934215095616729,,[]
54,17,3,4312,False,category,"category in ['0104', '0107', '0811', '1306', '2401', '2403', '2802', '2803', '2901']",18.0,19.0,False,-0.3863951874132346,,"[""0104"", ""0107"", ""0811"", ""1306"", ""2401"", ""2403"", ""2802"", ""2803"", ""2901""]"
54,18,4,550,True,,leaf,,,False,-0.0023935650865787974,,[]
54,19,4,3762,True,,leaf,,,False,-0.0014805924168925558,,[]
54,20,2,50168,False,mean_6,mean_6 <= 0.944444,21.0,22.0,False,0.016899836581768902,0.9444444444444445,[]
54,21,3,18229,True,,leaf,,,False,-0.0014410396330837905,,[]
54,22,3,31939,False,baseline_ratio,baseline_ratio <= 1.00837,23.0,24.0,False,0.04748192431688003,1.0083690068604771,[]
54,23,4,12158,True,,leaf,,,False,-0.000561446780591858,,[]
54,24,4,19781,False,category,"category in ['0104', '0201', '0303', '1140', '1309', '1501', '2004', '2403', '2502', '2506', '2801', '2902', '3002', 'прочее']",25.0,26.0,False,0.08544287807589308,,"[""0104"", ""0201"", ""0303"", ""1140"", ""1309"", ""1501"", ""2004"", ""2403"", ""2502"", ""2506"", ""2801"", ""2902"", ""3002"", ""прочее""]"
54,25,5,6752,True,,leaf,,,False,0.00012600971027109664,,[]
54,26,5,13029,False,trend_factor,trend_factor <= 0.864104,27.0,28.0,False,0.12846077153155916,0.8641039748635704,[]
54,27,6,1839,True,,leaf,,,False,0.02255626946438687,,[]
54,28,6,11190,True,,leaf,,,False,0.00488348092910238,,[]
55,0,0,86094,False,nonzero_12,nonzero_12 <= 0.291667,1.0,12.0,False,0.0,0.29166666666666663,[]
55,1,1,24972,False,mean_6,mean_6 <= 0.5,2.0,5.0,True,-0.538467696741654,0.5,[]
55,2,2,15103,False,category,"category in ['0104', '0811', '1309', '2403', '2502', '2506', '2901']",3.0,4.0,False,-0.6523522794944749,,"[""0104"", ""0811"", ""1309"", ""2403"", ""2502"", ""2506"", ""2901""]"
55,3,3,719,True,,leaf,,,False,-0.001353148979671126,,[]
55,4,3,14384,True,,leaf,,,False,-0.001353148979671126,,[]
55,5,2,9869,False,category,"category in ['0104', '0201', '0203', '1501', '2401', '2502', '2514', '2703', '2704', '2802', '2901', '3001']",6.0,7.0,False,-0.3637007794311165,,"[""0104"", ""0201"", ""0203"", ""1501"", ""2401"", ""2502"", ""2514"", ""2703"", ""2704"", ""2802"", ""2901"", ""3001""]"
55,6,3,1319,True,,leaf,,,False,-0.001353148979671126,,[]
55,7,3,8550,False,baseline_ratio,baseline_ratio <= 1.47128,8.0,11.0,True,-0.4179906542056075,1.471275021423019,[]
55,8,4,6995,False,lag_1,lag_1 <= 0,9.0,10.0,True,-0.4795146324054247,0.0,[]
55,9,5,4679,True,,leaf,,,False,-0.001353148979671126,,[]
55,10,5,2316,True,,leaf,,,False,-0.001353148979671126,,[]
55,11,4,1555,True,,leaf,,,False,-0.001353148979671126,,[]
55,12,1,61122,False,nonzero_12,nonzero_12 <= 0.458333,13.0,20.0,False,-0.01737224366943663,0.45833333333333337,[]
55,13,2,10954,False,month_sin,month_sin <= -6.12323e-17,14.0,17.0,True,-0.17256475738781465,-6.123233995736766e-17,[]
55,14,3,6642,False,trend_factor,trend_factor <= 0.983734,15.0,16.0,False,-0.03337342152736019,0.9837344009843477,[]
55,15,4,1422,True,,leaf,,,False,0.019809548106299577,,[]
55,16,4,5220,True,,leaf,,,False,-0.0018391903432449367,,[]
55,17,3,4312,False,category,"category in ['0104', '0107', '0811', '1306', '2401', '2403', '2802', '2803', '2901']",18.0,19.0,False,-0.3863951874132346,,"[""0104"", ""0107"", ""0811"", ""1306"", ""2401"", ""2403"", ""2802"", ""2803"", ""2901""]"
55,18,4,550,True,,leaf,,,False,-0.0022738868322498577,,[]
55,19,4,3762,True,,leaf,,,False,-0.0014065627960479282,,[]
55,20,2,50168,False,mean_6,mean_6 <= 1.69231,21.0,26.0,True,0.01654111363545777,1.6923076923076923,[]
55,21,3,43993,False,cv_12,cv_12 <= 1.16974,22.0,23.0,True,0.0017953321364452424,1.169737139523974,[]
55,22,4,35454,True,,leaf,,,False,0.0009356777928395815,,[]
55,23,4,8539,False,category,"category in ['0103', '0104', '0105', '0107', '0808', '1201', '1510', '2403', '2802', '2901']",24.0,25.0,False,-0.08714469528599836,,"[""0103"", ""0104"", ""0105"", ""0107"", ""0808"", ""1201"", ""1510"", ""2403"", ""2802"", ""2901""]"
55,24,5,988,True,,leaf,,,False,0.016142396175335035,,[]
55,25,5,7551,True,,leaf,,,False,-0.003134374579183355,,[]
55,26,3,6175,False,log_scale,log_scale <= 5.69233,27.0,28.0,True,0.12142279708973322,5.692328235722193,[]
55,27,4,5608,True,,leaf,,,False,0.006065490596989676,,[]
55,28,4,567,True,,leaf,,,False,0.0243217498895118,,[]
56,0,0,86094,False,nonzero_12,nonzero_12 <= 0.291667,1.0,12.0,False,0.0,0.29166666666666663,[]
56,1,1,24972,False,mean_6,mean_6 <= 0.5,2.0,5.0,True,-0.538467696741654,0.5,[]
56,2,2,15103,False,category,"category in ['0104', '0811', '1309', '2403', '2502', '2506', '2901']",3.0,4.0,False,-0.6523522794944749,,"[""0104"", ""0811"", ""1309"", ""2403"", ""2502"", ""2506"", ""2901""]"
56,3,3,719,True,,leaf,,,False,-0.0012854915306875698,,[]
56,4,3,14384,True,,leaf,,,False,-0.0012854915306875698,,[]
56,5,2,9869,False,category,"category in ['0104', '0201', '0203', '1501', '2401', '2502', '2514', '2703', '2704', '2802', '2901', '3001']",6.0,7.0,False,-0.3637007794311165,,"[""0104"", ""0201"", ""0203"", ""1501"", ""2401"", ""2502"", ""2514"", ""2703"", ""2704"", ""2802"", ""2901"", ""3001""]"
56,6,3,1319,True,,leaf,,,False,-0.0012854915306875698,,[]
56,7,3,8550,False,baseline_ratio,baseline_ratio <= 1.47128,8.0,11.0,True,-0.4179906542056075,1.471275021423019,[]
56,8,4,6995,False,lag_1,lag_1 <= 0,9.0,10.0,True,-0.4795146324054247,0.0,[]
56,9,5,4679,True,,leaf,,,False,-0.0012854915306875698,,[]
56,10,5,2316,True,,leaf,,,False,-0.0012854915306875698,,[]
56,11,4,1555,True,,leaf,,,False,-0.0012854915306875698,,[]
56,12,1,61122,False,nonzero_12,nonzero_12 <= 0.458333,13.0,18.0,False,-0.018975332068311195,0.45833333333333337,[]
56,13,2,10954,False,month_sin,month_sin <= -6.12323e-17,14.0,15.0,True,-0.173659248449471,-6.123233995736766e-17,[]
56,14,3,6642,True,,leaf,,,False,-0.0007790001190737667,,[]
56,15,3,4312,False,category,"category in ['0104', '0107', '0811', '1306', '2401', '2403', '2802', '2803', '2901']",16.0,17.0,False,-0.3863951874132346,,"[""0104"", ""0107"", ""0811"", ""1306"", ""2401"", ""2403"", ""2802"", ""2803"", ""2901""]"
56,16,4,550,True,,leaf,,,False,-0.002160192490637364,,[]
56,17,4,3762,True,,leaf,,,False,-0.0013362346562455316,,[]
56,18,2,50168,False,category,"category in ['0103', '0105', '0107', '0108', '0808', '1201', '1302', '1303', '1510', '2401', '2403', '2510', '2514', '2601', '2703', '2704', '2801', '2802']",19.0,22.0,False,0.014827215114193472,,"[""0103"", ""0105"", ""0107"", ""0108"", ""0808"", ""1201"", ""1302"", ""1303"", ""1510"", ""2401"", ""2403"", ""2510"", ""2514"", ""2601"", ""2703"", ""2704"", ""2801"", ""2802""]"
56,19,3,20391,False,month_sin,month_sin <= -0.866025,20.0,21.0,False,0.06220283319445125,-0.8660254037844386,[]
56,20,4,2471,True,,leaf,,,False,0.014756124315521126,,[]
56,21,4,17920,True,,leaf,,,False,0.001943865911570447,,[]
56,22,3,29777,False,month_cos,month_cos <= -6.12323e-17,23.0,26.0,True,-0.01762513848323094,-6.123233995736765e-17,[]
56,23,4,15707,False,category,"category in ['0104', '0303', '1203', '2004', '3002']",24.0,25.0,False,0.0360755869440733,,"[""0104"", ""0303"", ""1203"", ""2004"", ""3002""]"
56,24,5,6371,True,,leaf,,,False,0.005036676353014875,,[]
56,25,5,9336,True,,leaf,,,False,-0.0007640892586211104,,[]
56,26,4,14070,False,category,"category in ['0104', '0303', '1140', '1203', '2004', '2402', '2702', '2902']",27.0,28.0,False,-0.07755681818181819,,"[""0104"", ""0303"", ""1140"", ""1203"", ""2004"", ""2402"", ""2702"", ""2902""]"
56,27,5,848,True,,leaf,,,False,-0.009798478992978343,,[]
56,28,5,13222,True,,leaf,,,False,-0.0020596913449290543,,[]
57,0,0,86094,False,nonzero_12,nonzero_12 <= 0.291667,1.0,12.0,False,0.0,0.29166666666666663,[]
57,1,1,24972,False,mean_6,mean_6 <= 0.5,2.0,5.0,True,-0.538467696741654,0.5,[]
57,2,2,15103,False,category,"category in ['0104', '0811', '1309', '2403', '2502', '2506', '2901']",3.0,4.0,False,-0.6523522794944749,,"[""0104"", ""0811"", ""1309"", ""2403"", ""2502"", ""2506"", ""2901""]"
57,3,3,719,True,,leaf,,,False,-0.0012212169541531911,,[]
57,4,3,14384,True,,leaf,,,False,-0.0012212169541531911,,[]
57,5,2,9869,False,category,"category in ['0104', '0201', '0203', '1501', '2401', '2502', '2514', '2703', '2704', '2802', '2901', '3001']",6.0,7.0,False,-0.3637007794311165,,"[""0104"", ""0201"", ""0203"", ""1501"", ""2401"", ""2502"", ""2514"", ""2703"", ""2704"", ""2802"", ""2901"", ""3001""]"
57,6,3,1319,True,,leaf,,,False,-0.0012212169541531911,,[]
57,7,3,8550,False,baseline_ratio,baseline_ratio <= 1.47128,8.0,11.0,True,-0.4179906542056075,1.471275021423019,[]
57,8,4,6995,False,lag_1,lag_1 <= 0,9.0,10.0,True,-0.4795146324054247,0.0,[]
57,9,5,4679,True,,leaf,,,False,-0.0012212169541531911,,[]
57,10,5,2316,True,,leaf,,,False,-0.0012212169541531911,,[]
57,11,4,1555,True,,leaf,,,False,-0.0012212169541531911,,[]
57,12,1,61122,False,nonzero_12,nonzero_12 <= 0.458333,13.0,18.0,False,-0.020153111300137406,0.45833333333333337,[]
57,13,2,10954,False,month_sin,month_sin <= -6.12323e-17,14.0,15.0,True,-0.17311200291864284,-6.123233995736766e-17,[]
57,14,3,6642,True,,leaf,,,False,-0.0007400501131200783,,[]
57,15,3,4312,False,category,"category in ['0104', '0107', '0811', '1306', '2401', '2403', '2802', '2803', '2901']",16.0,17.0,False,-0.38593243868579363,,"[""0104"", ""0107"", ""0811"", ""1306"", ""2401"", ""2403"", ""2802"", ""2803"", ""2901""]"
57,16,4,550,True,,leaf,,,False,-0.002052182866105496,,[]
57,17,4,3762,True,,leaf,,,False,-0.001269422923433255,,[]
57,18,2,50168,False,mean_6,mean_6 <= 0.944444,19.0,20.0,False,0.013272749013511897,0.9444444444444445,[]
57,19,3,18229,True,,leaf,,,False,-0.0013623670622882006,,[]
57,20,3,31939,False,trend_factor,trend_factor <= 0.99305,21.0,26.0,False,0.041910544930983756,0.9930496218922821,[]
57,21,4,9002,False,category,"category in ['0103', '0104', '0107', '0201', '0302', '1140', '1309', '2004', '2401', '2902', '3002']",22.0,25.0,True,0.11584553928095873,,"[""0103"", ""0104"", ""0107"", ""0201"", ""0302"", ""1140"", ""1309"", ""2004"", ""2401"", ""2902"", ""3002""]"
57,22,5,4976,False,month_cos,month_cos <= -6.12323e-17,23.0,24.0,False,0.02486963497793823,-6.123233995736765e-17,[]
57,23,6,1819,True,,leaf,,,False,0.01036043118276364,,[]
57,24,6,3157,True,,leaf,,,False,-0.003033501225039698,,[]
57,25,5,4026,True,,leaf,,,False,0.011195891239926993,,[]
57,26,4,22937,False,category,"category in ['0103', '0104', '0107', '0808', '2401', '2510', '2514', '2601', '2703', '2704']",27.0,28.0,False,0.012855710986185558,,"[""0103"", ""0104"", ""0107"", ""0808"", ""2401"", ""2510"", ""2514"", ""2601"", ""2703"", ""2704""]"
57,27,5,3902,True,,leaf,,,False,0.00788181568307077,,[]
57,28,5,19035,True,,leaf,,,False,-0.0006100952737064015,,[]
58,0,0,86094,False,nonzero_12,nonzero_12 <= 0.291667,1.0,12.0,False,0.0,0.29166666666666663,[]
58,1,1,24972,False,mean_6,mean_6 <= 0.5,2.0,5.0,True,-0.538467696741654,0.5,[]
58,2,2,15103,False,category,"category in ['0104', '0811', '1309', '2403', '2502', '2506', '2901']",3.0,4.0,False,-0.6523522794944749,,"[""0104"", ""0811"", ""1309"", ""2403"", ""2502"", ""2506"", ""2901""]"
58,3,3,719,True,,leaf,,,False,-0.0011601561064455317,,[]
58,4,3,14384,True,,leaf,,,False,-0.0011601561064455317,,[]
58,5,2,9869,False,category,"category in ['0104', '0201', '0203', '1501', '2401', '2502', '2514', '2703', '2704', '2802', '2901', '3001']",6.0,7.0,False,-0.3637007794311165,,"[""0104"", ""0201"", ""0203"", ""1501"", ""2401"", ""2502"", ""2514"", ""2703"", ""2704"", ""2802"", ""2901"", ""3001""]"
58,6,3,1319,True,,leaf,,,False,-0.0011601561064455317,,[]
58,7,3,8550,False,baseline_ratio,baseline_ratio <= 1.47128,8.0,11.0,True,-0.4179906542056075,1.471275021423019,[]
58,8,4,6995,False,lag_1,lag_1 <= 0,9.0,10.0,True,-0.4795146324054247,0.0,[]
58,9,5,4679,True,,leaf,,,False,-0.0011601561064455317,,[]
58,10,5,2316,True,,leaf,,,False,-0.0011601561064455317,,[]
58,11,4,1555,True,,leaf,,,False,-0.0011601561064455317,,[]
58,12,1,61122,False,nonzero_12,nonzero_12 <= 0.458333,13.0,18.0,False,-0.020774717005823465,0.45833333333333337,[]
58,13,2,10954,False,month_sin,month_sin <= -6.12323e-17,14.0,15.0,True,-0.1729295877417001,-6.123233995736766e-17,[]
58,14,3,6642,True,,leaf,,,False,-0.0007030476074640744,,[]
58,15,3,4312,False,category,"category in ['0104', '0107', '0811', '1306', '2401', '2403', '2802', '2803', '2901']",16.0,17.0,False,-0.3854696899583526,,"[""0104"", ""0107"", ""0811"", ""1306"", ""2401"", ""2403"", ""2802"", ""2803"", ""2901""]"
58,16,4,550,True,,leaf,,,False,-0.0019495737228002214,,[]
58,17,4,3762,True,,leaf,,,False,-0.0012059517772615921,,[]
58,18,2,50168,False,month_sin,month_sin <= 0.933013,19.0,26.0,True,0.01247558691059827,0.9330127018922194,[]
58,19,3,45859,False,category,"category in ['0111', '0201', '0303', '0811', '1140', '1203', '1305', '1309', '1501', '2004', '2402', '2502', '2506', '2702', '2801', '2803', '2902', '3002', 'прочее']",20.0,25.0,False,0.024003139375177136,,"[""0111"", ""0201"", ""0303"", ""0811"", ""1140"", ""1203"", ""1305"", ""1309"", ""1501"", ""2004"", ""2402"", ""2502"", ""2506"", ""2702"", ""2801"", ""2803"", ""2902"", ""3002"", ""прочее""]"
58,20,4,19299,False,month_cos,month_cos <= -6.12323e-17,21.0,24.0,True,-0.025635713915790562,-6.123233995736765e-17,[]
58,21,5,11013,False,category,"category in ['0303', '1140', '1203', '2004', '3002']",22.0,23.0,True,0.03401977683026399,,"[""0303"", ""1140"", ""1203"", ""2004"", ""3002""]"
58,22,6,6083,True,,leaf,,,False,0.00454253335004885,,[]
58,23,6,4930,True,,leaf,,,False,-0.0019408114269431898,,[]
58,24,5,8286,True,,leaf,,,False,-0.003853433473271174,,[]
58,25,4,26560,True,,leaf,,,False,0.0028794889716876855,,[]
58,26,3,4309,False,category,"category in ['0104', '0107', '0808', '0811', '1309', '1510', '2703', '2801', '2802', '3002']",27.0,28.0,False,-0.10997916184301922,,"[""0104"", ""0107"", ""0808"", ""0811"", ""1309"", ""1510"", ""2703"", ""2801"", ""2802"", ""3002""]"
58,27,4,1611,True,,leaf,,,False,0.004541771711973963,,[]
58,28,4,2698,True,,leaf,,,False,-0.005414032000515297,,[]
59,0,0,86094,False,nonzero_12,nonzero_12 <= 0.291667,1.0,12.0,False,0.0,0.29166666666666663,[]
59,1,1,24972,False,mean_6,mean_6 <= 0.5,2.0,5.0,True,-0.538467696741654,0.5,[]
59,2,2,15103,False,category,"category in ['0104', '0811', '1309', '2403', '2502', '2506', '2901']",3.0,4.0,False,-0.6523522794944749,,"[""0104"", ""0811"", ""1309"", ""2403"", ""2502"", ""2506"", ""2901""]"
59,3,3,719,True,,leaf,,,False,-0.001102148301123255,,[]
59,4,3,14384,True,,leaf,,,False,-0.001102148301123255,,[]
59,5,2,9869,False,category,"category in ['0104', '0201', '0203', '1501', '2401', '2502', '2514', '2703', '2704', '2802', '2901', '3001']",6.0,7.0,False,-0.3637007794311165,,"[""0104"", ""0201"", ""0203"", ""1501"", ""2401"", ""2502"", ""2514"", ""2703"", ""2704"", ""2802"", ""2901"", ""3001""]"
59,6,3,1319,True,,leaf,,,False,-0.001102148301123255,,[]
59,7,3,8550,False,baseline_ratio,baseline_ratio <= 1.47128,8.0,11.0,True,-0.4179906542056075,1.471275021423019,[]
59,8,4,6995,False,lag_1,lag_1 <= 0,9.0,10.0,True,-0.4795146324054247,0.0,[]
59,9,5,4679,True,,leaf,,,False,-0.001102148301123255,,[]
59,10,5,2316,True,,leaf,,,False,-0.001102148301123255,,[]
59,11,4,1555,True,,leaf,,,False,-0.001102148301123255,,[]
59,12,1,61122,False,nonzero_12,nonzero_12 <= 0.458333,13.0,20.0,False,-0.021200026172871818,0.45833333333333337,[]
59,13,2,10954,False,month_sin,month_sin <= -6.12323e-17,14.0,17.0,True,-0.17256475738781465,-6.123233995736766e-17,[]
59,14,3,6642,False,category,"category in ['0104', '0107', '0201', '1201', '1302', '2403', '2502', '2506', '2802', '2803', '2902', 'прочее']",15.0,16.0,False,-0.03397474443776308,,"[""0104"", ""0107"", ""0201"", ""1201"", ""1302"", ""2403"", ""2502"", ""2506"", ""2802"", ""2803"", ""2902"", ""прочее""]"
59,15,4,1319,True,,leaf,,,False,0.017153271001501835,,[]
59,16,4,5323,True,,leaf,,,False,-0.0016361259340997936,,[]
59,17,3,4312,False,category,"category in ['0104', '0107', '0811', '1306', '2401', '2403', '2802', '2803', '2901']",18.0,19.0,False,-0.3854696899583526,,"[""0104"", ""0107"", ""0811"", ""1306"", ""2401"", ""2403"", ""2802"", ""2803"", ""2901""]"
59,18,4,550,True,,leaf,,,False,-0.0018520950366602098,,[]
59,19,4,3762,True,,leaf,,,False,-0.0011456541883985126,,[]
59,20,2,50168,False,mean_6,mean_6 <= 1.02703,21.0,24.0,False,0.01187771533341305,1.027027027027027,[]
59,21,3,22671,False,category,"category in ['0103', '0105', '0107', '0303', '0808', '1140', '1201', '1203', '1303', '1309', '1510', '2403', '2510', '2601', '2704', '2801', '2802', '2901', '3002']",22.0,23.0,True,-0.028878797231162646,,"[""0103"", ""0105"", ""0107"", ""0303"", ""0808"", ""1140"", ""1201"", ""1203"", ""1303"", ""1309"", ""1510"", ""2403"", ""2510"", ""2601"", ""2704"", ""2801"", ""2802"", ""2901"", ""3002""]"
59,22,4,11520,True,,leaf,,,False,0.001103846694788177,,[]
59,23,4,11151,True,,leaf,,,False,-0.0028636701916410798,,[]
59,24,3,27497,False,category,"category in ['0103', '0104', '0105', '0107', '0108', '0302', '0808', '0811', '1201', '1302', '1303', '1305', '1306', '2401', '2510', '2514', '2601', '2703', '2802', '2803']",25.0,28.0,True,0.04547933253353692,,"[""0103"", ""0104"", ""0105"", ""0107"", ""0108"", ""0302"", ""0808"", ""0811"", ""1201"", ""1302"", ""1303"", ""1305"", ""1306"", ""2401"", ""2510"", ""2514"", ""2601"", ""2703"", ""2802"", ""2803""]"
59,25,4,17855,False,trend_factor,trend_factor <= 0.897365,26.0,27.0,False,0.08301147495102155,0.897365425649636,[]
59,26,5,2637,True,,leaf,,,False,0.012812701659293269,,[]
59,27,5,15218,True,,leaf,,,False,0.0026323265395993447,,[]
59,28,4,9642,True,,leaf,,,False,-0.0008834453927728165,,[]
60,0,0,86094,False,nonzero_12,nonzero_12 <= 0.291667,1.0,12.0,False,0.0,0.29166666666666663,[]
60,1,1,24972,False,mean_6,mean_6 <= 0.5,2.0,5.0,True,-0.538467696741654,0.5,[]
60,2,2,15103,False,category,"category in ['0104', '0811', '1309', '2403', '2502', '2506', '2901']",3.0,4.0,False,-0.6523522794944749,,"[""0104"", ""0811"", ""1309"", ""2403"", ""2502"", ""2506"", ""2901""]"
60,3,3,719,True,,leaf,,,False,-0.0010470408860670923,,[]
60,4,3,14384,True,,leaf,,,False,-0.0010470408860670923,,[]
60,5,2,9869,False,category,"category in ['0104', '0201', '0203', '1501', '2401', '2502', '2514', '2703', '2704', '2802', '2901', '3001']",6.0,7.0,False,-0.3637007794311165,,"[""0104"", ""0201"", ""0203"", ""1501"", ""2401"", ""2502"", ""2514"", ""2703"", ""2704"", ""2802"", ""2901"", ""3001""]"
60,6,3,1319,True,,leaf,,,False,-0.0010470408860670923,,[]
60,7,3,8550,False,baseline_ratio,baseline_ratio <= 1.47128,8.0,11.0,True,-0.4179906542056075,1.471275021423019,[]
60,8,4,6995,False,lag_1,lag_1 <= 0,9.0,10.0,True,-0.4795146324054247,0.0,[]
60,9,5,4679,True,,leaf,,,False,-0.0010470408860670923,,[]
60,10,5,2316,True,,leaf,,,False,-0.0010470408860670923,,[]
60,11,4,1555,True,,leaf,,,False,-0.0010470408860670923,,[]
60,12,1,61122,False,nonzero_12,nonzero_12 <= 0.458333,13.0,18.0,False,-0.021821631878557873,0.45833333333333337,[]
60,13,2,10954,False,month_sin,month_sin <= -6.12323e-17,14.0,15.0,True,-0.17311200291864284,-6.123233995736766e-17,[]
60,14,3,6642,True,,leaf,,,False,-0.0005860889303858811,,[]
60,15,3,4312,False,category,"category in ['0104', '0107', '0811', '1306', '2401', '2403', '2802', '2803', '2901']",16.0,17.0,False,-0.3854696899583526,,"[""0104"", ""0107"", ""0811"", ""1306"", ""2401"", ""2403"", ""2802"", ""2803"", ""2901""]"
60,16,4,550,True,,leaf,,,False,-0.001759490284827199,,[]
60,17,4,3762,True,,leaf,,,False,-0.001088371478978587,,[]
60,18,2,50168,False,month_sin,month_sin <= 0.933013,19.0,26.0,True,0.011239985651082147,0.9330127018922194,[]
60,19,3,45859,False,category,"category in ['0103', '0105', '0107', '0108', '0302', '0808', '1201', '1302', '1303', '1510', '2401', '2403', '2510', '2514', '2601', '2703', '2704', '2802', '2901']",20.0,21.0,True,0.022433451786609694,,"[""0103"", ""0105"", ""0107"", ""0108"", ""0302"", ""0808"", ""1201"", ""1302"", ""1303"", ""1510"", ""2401"", ""2403"", ""2510"", ""2514"", ""2601"", ""2703"", ""2704"", ""2802"", ""2901""]"
60,20,4,25117,True,,leaf,,,False,0.0027496202366993796,,[]
60,21,4,20742,False,month_cos,month_cos <= -6.12323e-17,22.0,23.0,True,-0.021010023130300693,-6.123233995736765e-17,[]
60,22,5,11900,True,,leaf,,,False,0.0017145755558859112,,[]
60,23,5,8842,False,category,"category in ['0104', '0303', '1140', '1203', '2004', '2402', '2702']",24.0,25.0,False,-0.09783099864437415,,"[""0104"", ""0303"", ""1140"", ""1203"", ""2004"", ""2402"", ""2702""]"
60,24,6,646,True,,leaf,,,False,-0.010889141528152933,,[]
60,25,6,8196,True,,leaf,,,False,-0.002692692265905348,,[]
60,26,3,4309,False,category,"category in ['0103', '0104', '0107', '0808', '0811', '1309', '2403', '2506', '2601', '2703', '2801', '2802', '3002', 'прочее']",27.0,28.0,False,-0.10766381106737671,,"[""0103"", ""0104"", ""0107"", ""0808"", ""0811"", ""1309"", ""2403"", ""2506"", ""2601"", ""2703"", ""2801"", ""2802"", ""3002"", ""прочее""]"
60,27,4,1907,True,,leaf,,,False,0.0029661540972603707,,[]
60,28,4,2402,True,,leaf,,,False,-0.00550540756579947,,[]
61,0,0,86094,False,nonzero_12,nonzero_12 <= 0.291667,1.0,12.0,False,0.0,0.29166666666666663,[]
61,1,1,24972,False,mean_6,mean_6 <= 0.5,2.0,5.0,True,-0.538467696741654,0.5,[]
61,2,2,15103,False,category,"category in ['0104', '0811', '1309', '2403', '2502', '2506', '2901']",3.0,4.0,False,-0.6523522794944749,,"[""0104"", ""0811"", ""1309"", ""2403"", ""2502"", ""2506"", ""2901""]"
61,3,3,719,True,,leaf,,,False,-0.0009946888417637376,,[]
61,4,3,14384,True,,leaf,,,False,-0.0009946888417637376,,[]
61,5,2,9869,False,category,"category in ['0104', '0201', '0203', '1501', '2401', '2502', '2514', '2703', '2704', '2802', '2901', '3001']",6.0,7.0,False,-0.3637007794311165,,"[""0104"", ""0201"", ""0203"", ""1501"", ""2401"", ""2502"", ""2514"", ""2703"", ""2704"", ""2802"", ""2901"", ""3001""]"
61,6,3,1319,True,,leaf,,,False,-0.0009946888417637376,,[]
61,7,3,8550,False,baseline_ratio,baseline_ratio <= 1.47128,8.0,11.0,True,-0.4179906542056075,1.471275021423019,[]
61,8,4,6995,False,lag_1,lag_1 <= 0,9.0,10.0,True,-0.4795146324054247,0.0,[]
61,9,5,4679,True,,leaf,,,False,-0.0009946888417637376,,[]
61,10,5,2316,True,,leaf,,,False,-0.0009946888417637376,,[]
61,11,4,1555,True,,leaf,,,False,-0.0009946888417637376,,[]
61,12,1,61122,False,nonzero_12,nonzero_12 <= 0.458333,13.0,20.0,False,-0.02146175489105542,0.45833333333333337,[]
61,13,2,10954,False,month_sin,month_sin <= -6.12323e-17,14.0,17.0,True,-0.1729295877417001,-6.123233995736766e-17,[]
61,14,3,6642,False,trend_factor,trend_factor <= 0.983734,15.0,16.0,False,-0.03457606734816596,0.9837344009843477,[]
61,15,4,1422,True,,leaf,,,False,0.018946738109520765,,[]
61,16,4,5220,True,,leaf,,,False,-0.0016418717761647107,,[]
61,17,3,4312,False,category,"category in ['0104', '0107', '0811', '1306', '2401', '2403', '2802', '2803', '2901']",18.0,19.0,False,-0.3854696899583526,,"[""0104"", ""0107"", ""0811"", ""1306"", ""2401"", ""2403"", ""2802"", ""2803"", ""2901""]"
61,18,4,550,True,,leaf,,,False,-0.0016715157705858392,,[]
61,19,4,3762,True,,leaf,,,False,-0.0010339529050296576,,[]
61,20,2,50168,False,mean_6,mean_6 <= 1.84247,21.0,26.0,True,0.01163856670253896,1.8424657534246578,[]
61,21,3,46329,False,cv_12,cv_12 <= 1.16974,22.0,23.0,True,0.001273225576728026,1.169737139523974,[]
61,22,4,36801,True,,leaf,,,False,0.0008486472403655743,,[]
61,23,4,9528,False,category,"category in ['0103', '0104', '0105', '0107', '0808', '1201', '1302', '1303', '1306', '1309', '1510', '2403', '2506', '2802', '2901']",24.0,25.0,False,-0.07569721115537849,,"[""0103"", ""0104"", ""0105"", ""0107"", ""0808"", ""1201"", ""1302"", ""1303"", ""1306"", ""1309"", ""1510"", ""2403"", ""2506"", ""2802"", ""2901""]"
61,24,5,2875,True,,leaf,,,False,0.0037392861039683423,,[]
61,25,5,6653,True,,leaf,,,False,-0.0034833411225746215,,[]
61,26,3,3839,False,log_scale,log_scale <= 5.69233,27.0,28.0,True,0.1363990646921278,5.692328235722193,[]
61,27,4,3485,True,,leaf,,,False,0.006217851800040242,,[]
61,28,4,354,True,,leaf,,,False,0.031965902037838945,,[]
62,0,0,86094,False,nonzero_12,nonzero_12 <= 0.291667,1.0,12.0,False,0.0,0.29166666666666663,[]
62,1,1,24972,False,mean_6,mean_6 <= 0.5,2.0,5.0,True,-0.538467696741654,0.5,[]
62,2,2,15103,False,category,"category in ['0104', '0811', '1309', '2403', '2502', '2506', '2901']",3.0,4.0,False,-0.6523522794944749,,"[""0104"", ""0811"", ""1309"", ""2403"", ""2502"", ""2506"", ""2901""]"
62,3,3,719,True,,leaf,,,False,-0.0009449543996755506,,[]
62,4,3,14384,True,,leaf,,,False,-0.0009449543996755506,,[]
62,5,2,9869,False,category,"category in ['0104', '0201', '0203', '1501', '2401', '2502', '2514', '2703', '2704', '2802', '2901', '3001']",6.0,7.0,False,-0.3637007794311165,,"[""0104"", ""0201"", ""0203"", ""1501"", ""2401"", ""2502"", ""2514"", ""2703"", ""2704"", ""2802"", ""2901"", ""3001""]"
62,6,3,1319,True,,leaf,,,False,-0.0009449543996755506,,[]
62,7,3,8550,False,baseline_ratio,baseline_ratio <= 1.47128,8.0,11.0,True,-0.4179906542056075,1.471275021423019,[]
62,8,4,6995,False,lag_1,lag_1 <= 0,9.0,10.0,True,-0.4795146324054247,0.0,[]
62,9,5,4679,True,,leaf,,,False,-0.0009449543996755506,,[]
62,10,5,2316,True,,leaf,,,False,-0.0009449543996755506,,[]
62,11,4,1555,True,,leaf,,,False,-0.0009449543996755506,,[]
62,12,1,61122,False,nonzero_12,nonzero_12 <= 0.458333,13.0,20.0,False,-0.02214879277628738,0.45833333333333337,[]
62,13,2,10954,False,month_sin,month_sin <= -6.12323e-17,14.0,17.0,True,-0.17256475738781465,-6.123233995736766e-17,[]
62,14,3,6642,False,category,"category in ['0103', '0108', '0302', '0303', '0808', '1303', '1305', '1306', '1309', '1501', '1510', '2004', '2401', '2702', '3002']",15.0,16.0,True,-0.034275405892964524,,"[""0103"", ""0108"", ""0302"", ""0303"", ""0808"", ""1303"", ""1305"", ""1306"", ""1309"", ""1501"", ""1510"", ""2004"", ""2401"", ""2702"", ""3002""]"
62,15,4,3986,True,,leaf,,,False,-0.0018929996840544535,,[]
62,16,4,2656,True,,leaf,,,False,0.011654043034047382,,[]
62,17,3,4312,False,category,"category in ['0104', '0107', '0811', '1306', '2401', '2403', '2802', '2803', '2901']",18.0,19.0,False,-0.3850069412309116,,"[""0104"", ""0107"", ""0811"", ""1306"", ""2401"", ""2403"", ""2802"", ""2803"", ""2901""]"
62,18,4,550,True,,leaf,,,False,-0.0015879399820565472,,[]
62,19,4,3762,True,,leaf,,,False,-0.000982255259778175,,[]
62,20,2,50168,False,month_sin,month_sin <= 0.933013,21.0,26.0,True,0.010721830284188289,0.9330127018922194,[]
62,21,3,45859,False,category,"category in ['0103', '0104', '0105', '0107', '0108', '0302', '0808', '1201', '1302', '1303', '1510', '2401', '2403', '2510', '2514', '2601', '2703', '2704', '2802', '2901']",22.0,23.0,True,0.021386993394231398,,"[""0103"", ""0104"", ""0105"", ""0107"", ""0108"", ""0302"", ""0808"", ""1201"", ""1302"", ""1303"", ""1510"", ""2401"", ""2403"", ""2510"", ""2514"", ""2601"", ""2703"", ""2704"", ""2802"", ""2901""]"
62,22,4,25593,True,,leaf,,,False,0.0024837912176949918,,[]
62,23,4,20266,False,month_cos,month_cos <= -6.12323e-17,24.0,25.0,True,-0.020220950877885186,-6.123233995736765e-17,[]
62,24,5,11575,True,,leaf,,,False,0.0013307502777863802,,[]
62,25,5,8691,True,,leaf,,,False,-0.0031806843099097116,,[]
62,26,3,4309,False,category,"category in ['0105', '0108', '0201', '0302', '1302', '1303', '1306', '1501', '2004', '2401', '2502', '2514', '2803', '2901', '2902']",27.0,28.0,True,-0.10257003936096319,,"[""0105"", ""0108"", ""0201"", ""0302"", ""1302"", ""1303"", ""1306"", ""1501"", ""2004"", ""2401"", ""2502"", ""2514"", ""2803"", ""2901"", ""2902""]"
62,27,4,2208,True,,leaf,,,False,-0.005458323878978502,,[]
62,28,4,2101,True,,leaf,,,False,0.0020914748187846055,,[]
63,0,0,86094,False,nonzero_12,nonzero_12 <= 0.291667,1.0,12.0,False,0.0,0.29166666666666663,[]
63,1,1,24972,False,mean_6,mean_6 <= 0.5,2.0,5.0,True,-0.538467696741654,0.5,[]
63,2,2,15103,False,category,"category in ['0104', '0811', '1309', '2403', '2502', '2506', '2901']",3.0,4.0,False,-0.6523522794944749,,"[""0104"", ""0811"", ""1309"", ""2403"", ""2502"", ""2506"", ""2901""]"
63,3,3,719,True,,leaf,,,False,-0.0008977066796917731,,[]
63,4,3,14384,True,,leaf,,,False,-0.0008977066796917731,,[]
63,5,2,9869,False,category,"category in ['0104', '0201', '0203', '1501', '2401', '2502', '2514', '2703', '2704', '2802', '2901', '3001']",6.0,7.0,False,-0.3637007794311165,,"[""0104"", ""0201"", ""0203"", ""1501"", ""2401"", ""2502"", ""2514"", ""2703"", ""2704"", ""2802"", ""2901"", ""3001""]"
63,6,3,1319,True,,leaf,,,False,-0.0008977066796917731,,[]
63,7,3,8550,False,baseline_ratio,baseline_ratio <= 1.47128,8.0,11.0,True,-0.4179906542056075,1.471275021423019,[]
63,8,4,6995,False,lag_1,lag_1 <= 0,9.0,10.0,True,-0.4795146324054247,0.0,[]
63,9,5,4679,True,,leaf,,,False,-0.0008977066796917731,,[]
63,10,5,2316,True,,leaf,,,False,-0.0008977066796917731,,[]
63,11,4,1555,True,,leaf,,,False,-0.0008977066796917731,,[]
63,12,1,61122,False,nonzero_12,nonzero_12 <= 0.458333,13.0,20.0,False,-0.022541385853562784,0.45833333333333337,[]
63,13,2,10954,False,month_sin,month_sin <= -6.12323e-17,14.0,17.0,True,-0.17329441809558555,-6.123233995736766e-17,[]
63,14,3,6642,False,trend_factor,trend_factor <= 0.983734,15.0,16.0,False,-0.035478051713770296,0.9837344009843477,[]
63,15,4,1422,True,,leaf,,,False,0.017888054161079626,,[]
63,16,4,5220,True,,leaf,,,False,-0.001653719037061091,,[]
63,17,3,4312,False,category,"category in ['0104', '0107', '0811', '1306', '2401', '2403', '2802', '2803', '2901']",18.0,19.0,False,-0.3850069412309116,,"[""0104"", ""0107"", ""0811"", ""1306"", ""2401"", ""2403"", ""2802"", ""2803"", ""2901""]"
63,18,4,550,True,,leaf,,,False,-0.0015085429829537205,,[]
63,19,4,3762,True,,leaf,,,False,-0.0009331424967892661,,[]
63,20,2,50168,False,mean_6,mean_6 <= 0.944444,21.0,22.0,False,0.010402965443022839,0.9444444444444445,[]
63,21,3,18229,True,,leaf,,,False,-0.0013964090237240795,,[]
63,22,3,31939,False,trend_factor,trend_factor <= 0.99305,23.0,26.0,False,0.036777363923753484,0.9930496218922821,[]
63,23,4,9002,False,category,"category in ['0103', '0104', '0107', '0201', '0302', '1140', '1309', '2004', '2401', '2902', '3002']",24.0,25.0,True,0.1051930758988016,,"[""0103"", ""0104"", ""0107"", ""0201"", ""0302"", ""1140"", ""1309"", ""2004"", ""2401"", ""2902"", ""3002""]"
63,24,5,4976,True,,leaf,,,False,0.0008260259166961493,,[]
63,25,5,4026,True,,leaf,,,False,0.009953725125106443,,[]
63,26,4,22937,False,category,"category in ['0103', '0104', '0107', '0808', '2401', '2510', '2514', '2601', '2703', '2704']",27.0,28.0,False,0.009892360657166515,,"[""0103"", ""0104"", ""0107"", ""0808"", ""2401"", ""2510"", ""2514"", ""2601"", ""2703"", ""2704""]"
63,27,5,3902,True,,leaf,,,False,0.006974017063060884,,[]
63,28,5,19035,True,,leaf,,,False,-0.0006230906340427278,,[]
64,0,0,86094,False,nonzero_12,nonzero_12 <= 0.291667,1.0,12.0,False,0.0,0.29166666666666663,[]
64,1,1,24972,False,mean_6,mean_6 <= 0.5,2.0,5.0,True,-0.538467696741654,0.5,[]
64,2,2,15103,False,category,"category in ['0104', '0811', '1309', '2403', '2502', '2506', '2901']",3.0,4.0,False,-0.6523522794944749,,"[""0104"", ""0811"", ""1309"", ""2403"", ""2502"", ""2506"", ""2901""]"
64,3,3,719,True,,leaf,,,False,-0.0008528213457071844,,[]
64,4,3,14384,True,,leaf,,,False,-0.0008528213457071844,,[]
64,5,2,9869,False,category,"category in ['0104', '0201', '0203', '1501', '2401', '2502', '2514', '2703', '2704', '2802', '2901', '3001']",6.0,7.0,False,-0.3637007794311165,,"[""0104"", ""0201"", ""0203"", ""1501"", ""2401"", ""2502"", ""2514"", ""2703"", ""2704"", ""2802"", ""2901"", ""3001""]"
64,6,3,1319,True,,leaf,,,False,-0.0008528213457071844,,[]
64,7,3,8550,False,baseline_ratio,baseline_ratio <= 1.47128,8.0,11.0,True,-0.4179906542056075,1.471275021423019,[]
64,8,4,6995,False,lag_1,lag_1 <= 0,9.0,10.0,True,-0.4795146324054247,0.0,[]
64,9,5,4679,True,,leaf,,,False,-0.0008528213457071844,,[]
64,10,5,2316,True,,leaf,,,False,-0.0008528213457071844,,[]
64,11,4,1555,True,,leaf,,,False,-0.0008528213457071844,,[]
64,12,1,61122,False,nonzero_12,nonzero_12 <= 0.458333,13.0,22.0,False,-0.023064843289929988,0.45833333333333337,[]
64,13,2,10954,False,month_sin,month_sin <= -6.12323e-17,14.0,19.0,True,-0.173659248449471,-6.123233995736766e-17,[]
64,14,3,6642,False,category,"category in ['0104', '0107', '0201', '1201', '1302', '2403', '2502', '2506', '2802', '2803', '2902', 'прочее']",15.0,16.0,False,-0.03698135898977751,,"[""0104"", ""0107"", ""0201"", ""1201"", ""1302"", ""2403"", ""2502"", ""2506"", ""2802"", ""2803"", ""2902"", ""прочее""]"
64,15,4,1319,True,,leaf,,,False,0.01585731212299279,,[]
64,16,4,5323,False,mean_6,mean_6 <= 1.66061,17.0,18.0,True,-0.08494280892555785,1.6606060606060604,[]
64,17,5,2944,True,,leaf,,,False,-0.003242858466473686,,[]
64,18,5,2379,True,,leaf,,,False,0.006622376335167449,,[]
64,19,3,4312,False,category,"category in ['0104', '0107', '0811', '1306', '2401', '2403', '2802', '2803', '2901']",20.0,21.0,False,-0.38361869504858864,,"[""0104"", ""0107"", ""0811"", ""1306"", ""2401"", ""2403"", ""2802"", ""2803"", ""2901""]"
64,20,4,550,True,,leaf,,,False,-0.0014331158338060344,,[]
64,21,4,3762,True,,leaf,,,False,-0.0008864853719498027,,[]
64,22,2,50168,False,mean_6,mean_6 <= 1.31034,23.0,24.0,True,0.0098449519709833,1.3103448275862069,[]
64,23,3,34630,True,,leaf,,,False,-0.0004906473666916838,,[]
64,24,3,15538,False,baseline_ratio,baseline_ratio <= 1.64735,25.0,26.0,True,0.061358374067404166,1.6473524959537815,[]
64,25,4,8744,True,,leaf,,,False,0.00013132106551866086,,[]
64,26,4,6794,False,category,"category in ['0103', '0104', '0811', '1309', '2004', '2403', '2506', '2901', '2902', '3002']",27.0,28.0,False,0.13639035861258084,,"[""0103"", ""0104"", ""0811"", ""1309"", ""2004"", ""2403"", ""2506"", ""2901"", ""2902"", ""3002""]"
64,27,5,2228,True,,leaf,,,False,-0.0008684152785438826,,[]
64,28,5,4566,True,,leaf,,,False,0.013770790231707443,,[]
65,0,0,86094,False,nonzero_12,nonzero_12 <= 0.291667,1.0,12.0,False,0.0,0.29166666666666663,[]
65,1,1,24972,False,mean_6,mean_6 <= 0.5,2.0,5.0,True,-0.538467696741654,0.5,[]
65,2,2,15103,False,category,"category in ['0104', '0811', '1309', '2403', '2502', '2506', '2901']",3.0,4.0,False,-0.6523522794944749,,"[""0104"", ""0811"", ""1309"", ""2403"", ""2502"", ""2506"", ""2901""]"
65,3,3,719,True,,leaf,,,False,-0.0008101802784218252,,[]
65,4,3,14384,True,,leaf,,,False,-0.0008101802784218252,,[]
65,5,2,9869,False,category,"category in ['0104', '0201', '0203', '1501', '2401', '2502', '2514', '2703', '2704', '2802', '2901', '3001']",6.0,7.0,False,-0.3637007794311165,,"[""0104"", ""0201"", ""0203"", ""1501"", ""2401"", ""2502"", ""2514"", ""2703"", ""2704"", ""2802"", ""2901"", ""3001""]"
65,6,3,1319,True,,leaf,,,False,-0.0008101802784218252,,[]
65,7,3,8550,False,baseline_ratio,baseline_ratio <= 1.47128,8.0,11.0,True,-0.4179906542056075,1.471275021423019,[]
65,8,4,6995,False,lag_1,lag_1 <= 0,9.0,10.0,True,-0.4795146324054247,0.0,[]
65,9,5,4679,True,,leaf,,,False,-0.0008101802784218252,,[]
65,10,5,2316,True,,leaf,,,False,-0.0008101802784218252,,[]
65,11,4,1555,True,,leaf,,,False,-0.0008101802784218252,,[]
65,12,1,61122,False,nonzero_12,nonzero_12 <= 0.458333,13.0,20.0,False,-0.023850029444480794,0.45833333333333337,[]
65,13,2,10954,False,month_sin,month_sin <= -6.12323e-17,14.0,17.0,True,-0.17548340021889822,-6.123233995736766e-17,[]
65,14,3,6642,False,trend_factor,trend_factor <= 0.983734,15.0,16.0,False,-0.03998797354179194,0.9837344009843477,[]
65,15,4,1422,True,,leaf,,,False,0.016824886550524377,,[]
65,16,4,5220,True,,leaf,,,False,-0.0015481629105386586,,[]
65,17,3,4312,False,category,"category in ['0104', '0107', '0811', '1306', '2401', '2403', '2802', '2803', '2901']",18.0,19.0,False,-0.38361869504858864,,"[""0104"", ""0107"", ""0811"", ""1306"", ""2401"", ""2403"", ""2802"", ""2803"", ""2901""]"
65,18,4,550,True,,leaf,,,False,-0.0013614600421157335,,[]
65,19,4,3762,True,,leaf,,,False,-0.0008421611033523125,,[]
65,20,2,50168,False,month_sin,month_sin <= 0.933013,21.0,26.0,True,0.00928693849894376,0.9330127018922194,[]
65,21,3,45859,False,category,"category in ['0111', '0201', '0303', '0811', '1140', '1203', '1305', '1309', '1501', '2004', '2402', '2502', '2506', '2702', '2801', '2803', '2902', '3002', 'прочее']",22.0,25.0,False,0.01951208877455362,,"[""0111"", ""0201"", ""0303"", ""0811"", ""1140"", ""1203"", ""1305"", ""1309"", ""1501"", ""2004"", ""2402"", ""2502"", ""2506"", ""2702"", ""2801"", ""2803"", ""2902"", ""3002"", ""прочее""]"
65,22,4,19299,False,month_cos,month_cos <= -6.12323e-17,23.0,24.0,True,-0.020146045885338443,-6.123233995736765e-17,[]
65,23,5,11013,True,,leaf,,,False,0.0013406117835513265,,[]
65,24,5,8286,True,,leaf,,,False,-0.0032826820347953527,,[]
65,25,4,26560,True,,leaf,,,False,0.0022176669333520416,,[]
65,26,3,4309,False,category,"category in ['0104', '0107', '0808', '0811', '1309', '1510', '2601', '2703', '2801', '2802', '3002']",27.0,28.0,False,-0.09932854827506367,,"[""0104"", ""0107"", ""0808"", ""0811"", ""1309"", ""1510"", ""2601"", ""2703"", ""2801"", ""2802"", ""3002""]"
65,27,4,1644,True,,leaf,,,False,0.003911162050666626,,[]
65,28,4,2665,True,,leaf,,,False,-0.004881349264150322,,[]
66,0,0,86094,False,nonzero_12,nonzero_12 <= 0.291667,1.0,14.0,False,0.0,0.29166666666666663,[]
66,1,1,24972,False,mean_6,mean_6 <= 0.5,2.0,5.0,True,-0.538467696741654,0.5,[]
66,2,2,15103,False,category,"category in ['0104', '0811', '1309', '2403', '2502', '2506', '2901']",3.0,4.0,False,-0.6523522794944749,,"[""0104"", ""0811"", ""1309"", ""2403"", ""2502"", ""2506"", ""2901""]"
66,3,3,719,True,,leaf,,,False,-0.0007696712645007339,,[]
66,4,3,14384,True,,leaf,,,False,-0.0007696712645007339,,[]
66,5,2,9869,False,category,"category in ['0104', '0201', '0203', '1501', '2401', '2502', '2514', '2703', '2704', '2802', '2901', '3001']",6.0,9.0,False,-0.3637007794311165,,"[""0104"", ""0201"", ""0203"", ""1501"", ""2401"", ""2502"", ""2514"", ""2703"", ""2704"", ""2802"", ""2901"", ""3001""]"
66,6,3,1319,False,mean_3,mean_3 <= 1.71429,7.0,8.0,True,-0.011286681715575621,1.7142857142857142,[]
66,7,4,804,True,,leaf,,,False,-0.0007696712645007339,,[]
66,8,4,515,True,,leaf,,,False,0.04923032873549927,,[]
66,9,3,8550,False,baseline_ratio,baseline_ratio <= 1.47128,10.0,13.0,True,-0.4179906542056075,1.471275021423019,[]
66,10,4,6995,False,lag_1,lag_1 <= 0,11.0,12.0,True,-0.4795146324054247,0.0,[]
66,11,5,4679,True,,leaf,,,False,-0.0007696712645007339,,[]
66,12,5,2316,True,,leaf,,,False,-0.0007696712645007339,,[]
66,13,4,1555,True,,leaf,,,False,-0.0007696712645007339,,[]
66,14,1,61122,False,nonzero_12,nonzero_12 <= 0.458333,15.0,22.0,False,-0.023817313354707846,0.45833333333333337,[]
66,15,2,10954,False,month_sin,month_sin <= -6.12323e-17,16.0,19.0,True,-0.17694272163444,-6.123233995736766e-17,[]
66,16,3,6642,False,category,"category in ['0103', '0105', '0108', '0302', '0303', '0808', '1303', '1305', '1306', '1309', '1501', '1510', '2004', '2401', '2702', '3002']",17.0,18.0,True,-0.042393265183403486,,"[""0103"", ""0105"", ""0108"", ""0302"", ""0303"", ""0808"", ""1303"", ""1305"", ""1306"", ""1309"", ""1501"", ""1510"", ""2004"", ""2401"", ""2702"", ""3002""]"
66,17,4,4022,True,,leaf,,,False,-0.0018710729130251846,,[]
66,18,4,2620,True,,leaf,,,False,0.010217482280541857,,[]
66,19,3,4312,False,category,"category in ['0104', '0107', '0811', '1306', '2401', '2403', '2802', '2803', '2901']",20.0,21.0,False,-0.38361869504858864,,"[""0104"", ""0107"", ""0811"", ""1306"", ""2401"", ""2403"", ""2802"", ""2803"", ""2901""]"
66,20,4,550,True,,leaf,,,False,-0.0012933870400099468,,[]
66,21,4,3762,True,,leaf,,,False,-0.0008000530481846968,,[]
66,22,2,50168,False,mean_6,mean_6 <= 1.95556,23.0,28.0,True,0.009645661445254892,1.9555555555555555,[]
66,23,3,47409,False,cv_12,cv_12 <= 1.16974,24.0,25.0,True,0.0016659988612159682,1.169737139523974,[]
66,24,4,37165,True,,leaf,,,False,0.0007407347123898567,,[]
66,25,4,10244,False,category,"category in ['0103', '0104', '0105', '0107', '0808', '1201', '1306', '1309', '1510', '2403', '2802', '2901']",26.0,27.0,False,-0.0622196216110786,,"[""0103"", ""0104"", ""0105"", ""0107"", ""0808"", ""1201"", ""1306"", ""1309"", ""1510"", ""2403"", ""2802"", ""2901""]"
66,26,5,1605,True,,leaf,,,False,0.008181740235474178,,[]
66,27,5,8639,True,,leaf,,,False,-0.0031329475906687167,,[]
66,28,3,2759,True,,leaf,,,False,0.01040666811098926,,[]
67,0,0,86094,False,nonzero_12,nonzero_12 <= 0.291667,1.0,12.0,False,0.0,0.29166666666666663,[]
67,1,1,24972,False,mean_6,mean_6 <= 0.5,2.0,5.0,True,-0.538467696741654,0.5,[]
67,2,2,15103,False,category,"category in ['0104', '0811', '1309', '2403', '2502', '2506', '2901']",3.0,4.0,False,-0.6523522794944749,,"[""0104"", ""0811"", ""1309"", ""2403"", ""2502"", ""2506"", ""2901""]"
67,3,3,719,True,,leaf,,,False,-0.0007311877012756972,,[]
67,4,3,14384,True,,leaf,,,False,-0.0007311877012756972,,[]
67,5,2,9869,False,category,"category in ['0104', '0201', '0203', '1501', '2401', '2502', '2514', '2703', '2704', '2802', '2901', '3001']",6.0,7.0,False,-0.3637007794311165,,"[""0104"", ""0201"", ""0203"", ""1501"", ""2401"", ""2502"", ""2514"", ""2703"", ""2704"", ""2802"", ""2901"", ""3001""]"
67,6,3,1319,True,,leaf,,,False,-0.0007311877012756972,,[]
67,7,3,8550,False,baseline_ratio,baseline_ratio <= 1.47128,8.0,11.0,True,-0.4179906542056075,1.471275021423019,[]
67,8,4,6995,False,lag_1,lag_1 <= 0,9.0,10.0,True,-0.4795146324054247,0.0,[]
67,9,5,4679,True,,leaf,,,False,-0.0007311877012756972,,[]
67,10,5,2316,True,,leaf,,,False,-0.0007311877012756972,,[]
67,11,4,1555,True,,leaf,,,False,-0.0007311877012756972,,[]
67,12,1,61122,False,nonzero_12,nonzero_12 <= 0.458333,13.0,18.0,False,-0.02048027219786691,0.45833333333333337,[]
67,13,2,10954,False,month_sin,month_sin <= -6.12323e-17,14.0,15.0,True,-0.15322874863188618,-6.123233995736766e-17,[]
67,14,3,6642,True,,leaf,,,False,-0.00038712249674209553,,[]
67,15,3,4312,False,category,"category in ['0104', '0107', '0811', '1306', '2401', '2403', '2802', '2803', '2901']",16.0,17.0,False,-0.38361869504858864,,"[""0104"", ""0107"", ""0811"", ""1306"", ""2401"", ""2403"", ""2802"", ""2803"", ""2901""]"
67,16,4,550,True,,leaf,,,False,-0.0012287176880094502,,[]
67,17,4,3762,True,,leaf,,,False,-0.000760050395775462,,[]
67,18,2,50168,False,mean_6,mean_6 <= 1.28342,19.0,24.0,True,0.008529634501175814,1.2834224598930482,[]
67,19,3,33745,False,log_scale,log_scale <= 7.97493,20.0,23.0,True,-0.013894237890682861,7.97493423179008,[]
67,20,4,33285,False,category,"category in ['0103', '0107', '0808', '1201', '1203', '1302', '1303', '1510', '2403', '2510', '2601', '2703', '2704', '2801', '2802', '2901', '3002']",21.0,22.0,True,-0.018831656404865595,,"[""0103"", ""0107"", ""0808"", ""1201"", ""1203"", ""1302"", ""1303"", ""1510"", ""2403"", ""2510"", ""2601"", ""2703"", ""2704"", ""2801"", ""2802"", ""2901"", ""3002""]"
67,21,5,17572,True,,leaf,,,False,0.000782472861709585,,[]
67,22,5,15713,True,,leaf,,,False,-0.00205299304709065,,[]
67,23,4,460,True,,leaf,,,False,0.0064550409403836195,,[]
67,24,3,16423,False,trend_factor,trend_factor <= 0.843102,25.0,26.0,False,0.05458528570559241,0.8431023561232522,[]
67,25,4,2580,True,,leaf,,,False,0.012633843316929821,,[]
67,26,4,13843,False,category,"category in ['0103', '0104', '0105', '0107', '0108', '0302', '0811', '1302', '1303', '1305', '1306', '1510', '2401', '2502', '2514', '2601', '2703', '2801', '2803']",27.0,28.0,True,0.028224933227459757,,"[""0103"", ""0104"", ""0105"", ""0107"", ""0108"", ""0302"", ""0811"", ""1302"", ""1303"", ""1305"", ""1306"", ""1510"", ""2401"", ""2502"", ""2514"", ""2601"", ""2703"", ""2801"", ""2803""]"
67,27,5,9270,True,,leaf,,,False,0.0044634063207187385,,[]
67,28,5,4573,True,,leaf,,,False,-0.003517183199332674,,[]
68,0,0,86094,False,nonzero_12,nonzero_12 <= 0.291667,1.0,12.0,False,0.0,0.29166666666666663,[]
68,1,1,24972,False,mean_6,mean_6 <= 0.5,2.0,5.0,True,-0.538467696741654,0.5,[]
68,2,2,15103,False,category,"category in ['0104', '0811', '1309', '2403', '2502', '2506', '2901']",3.0,4.0,False,-0.6523522794944749,,"[""0104"", ""0811"", ""1309"", ""2403"", ""2502"", ""2506"", ""2901""]"
68,3,3,719,True,,leaf,,,False,-0.0006946283162119124,,[]
68,4,3,14384,True,,leaf,,,False,-0.0006946283162119124,,[]
68,5,2,9869,False,category,"category in ['0104', '0201', '0203', '1501', '2401', '2502', '2514', '2703', '2704', '2802', '2901', '3001']",6.0,7.0,False,-0.3637007794311165,,"[""0104"", ""0201"", ""0203"", ""1501"", ""2401"", ""2502"", ""2514"", ""2703"", ""2704"", ""2802"", ""2901"", ""3001""]"
68,6,3,1319,True,,leaf,,,False,-0.0006946283162119124,,[]
68,7,3,8550,False,baseline_ratio,baseline_ratio <= 1.47128,8.0,11.0,True,-0.4179906542056075,1.471275021423019,[]
68,8,4,6995,False,lag_1,lag_1 <= 0,9.0,10.0,True,-0.4795146324054247,0.0,[]
68,9,5,4679,True,,leaf,,,False,-0.0006946283162119124,,[]
68,10,5,2316,True,,leaf,,,False,-0.0006946283162119124,,[]
68,11,4,1555,True,,leaf,,,False,-0.0006946283162119124,,[]
68,12,1,61122,False,nonzero_12,nonzero_12 <= 0.458333,13.0,18.0,False,-0.02044755610809396,0.45833333333333337,[]
68,13,2,10954,False,month_sin,month_sin <= -6.12323e-17,14.0,15.0,True,-0.15322874863188618,-6.123233995736766e-17,[]
68,14,3,6642,True,,leaf,,,False,-0.0003677663719049901,,[]
68,15,3,4312,False,category,"category in ['0104', '0107', '0811', '1306', '2401', '2403', '2802', '2803', '2901']",16.0,17.0,False,-0.38361869504858864,,"[""0104"", ""0107"", ""0811"", ""1306"", ""2401"", ""2403"", ""2802"", ""2803"", ""2901""]"
68,16,4,550,True,,leaf,,,False,-0.001167281803608977,,[]
68,17,4,3762,True,,leaf,,,False,-0.0007220478759866889,,[]
68,18,2,50168,False,mean_6,mean_6 <= 1.02703,19.0,22.0,False,0.008569492606321496,1.027027027027027,[]
68,19,3,22671,False,category,"category in ['0103', '0105', '0107', '0303', '0808', '1140', '1201', '1203', '1303', '1309', '1510', '2403', '2510', '2601', '2704', '2801', '2802', '2901', '3002']",20.0,21.0,True,-0.02588069309113355,,"[""0103"", ""0105"", ""0107"", ""0303"", ""0808"", ""1140"", ""1201"", ""1203"", ""1303"", ""1309"", ""1510"", ""2403"", ""2510"", ""2601"", ""2704"", ""2801"", ""2802"", ""2901"", ""3002""]"
68,20,4,11520,True,,leaf,,,False,0.0008773696999513942,,[]
68,21,4,11151,True,,leaf,,,False,-0.0025548169562120047,,[]
68,22,3,27497,False,trend_factor,trend_factor <= 0.837107,23.0,24.0,False,0.036972407023666706,0.8371067707910971,[]
68,23,4,3682,True,,leaf,,,False,0.008351630830093899,,[]
68,24,4,23815,False,category,"category in ['0103', '0104', '0107', '0108', '0808', '2401', '2510', '2514', '2601', '2703']",25.0,26.0,False,0.01892969569779643,,"[""0103"", ""0104"", ""0107"", ""0108"", ""0808"", ""2401"", ""2510"", ""2514"", ""2601"", ""2703""]"
68,25,5,4356,True,,leaf,,,False,0.0055291327955105584,,[]
68,26,5,19459,False,log_scale,log_scale <= 5.41647,27.0,28.0,True,-0.0034413683291386306,5.416470704004615,[]
68,27,6,16949,True,,leaf,,,False,-0.001274732883208024,,[]
68,28,6,2510,True,,leaf,,,False,0.004127104704762583,,[]
69,0,0,86094,False,nonzero_12,nonzero_12 <= 0.291667,1.0,14.0,False,0.0,0.29166666666666663,[]
69,1,1,24972,False,mean_6,mean_6 <= 0.5,2.0,5.0,True,-0.538467696741654,0.5,[]
69,2,2,15103,False,category,"category in ['0104', '0811', '1309', '2403', '2502', '2506', '2901']",3.0,4.0,False,-0.6523522794944749,,"[""0104"", ""0811"", ""1309"", ""2403"", ""2502"", ""2506"", ""2901""]"
69,3,3,719,True,,leaf,,,False,-0.0006598969004013169,,[]
69,4,3,14384,True,,leaf,,,False,-0.0006598969004013169,,[]
69,5,2,9869,False,category,"category in ['0104', '0201', '0203', '1501', '2401', '2502', '2514', '2703', '2704', '2802', '2901', '3001']",6.0,9.0,False,-0.3637007794311165,,"[""0104"", ""0201"", ""0203"", ""1501"", ""2401"", ""2502"", ""2514"", ""2703"", ""2704"", ""2802"", ""2901"", ""3001""]"
69,6,3,1319,False,mean_3,mean_3 <= 1.71429,7.0,8.0,True,-0.011286681715575621,1.7142857142857142,[]
69,7,4,804,True,,leaf,,,False,-0.0006598969004013169,,[]
69,8,4,515,True,,leaf,,,False,0.046840103099598684,,[]
69,9,3,8550,False,baseline_ratio,baseline_ratio <= 1.47128,10.0,13.0,True,-0.4179906542056075,1.471275021423019,[]
69,10,4,6995,False,lag_1,lag_1 <= 0,11.0,12.0,True,-0.4795146324054247,0.0,[]
69,11,5,4679,True,,leaf,,,False,-0.0006598969004013169,,[]
69,12,5,2316,True,,leaf,,,False,-0.0006598969004013169,,[]
69,13,4,1555,True,,leaf,,,False,-0.0006598969004013169,,[]
69,14,1,61122,False,nonzero_12,nonzero_12 <= 0.458333,15.0,20.0,False,-0.021134593993325918,0.45833333333333337,[]
69,15,2,10954,False,month_sin,month_sin <= -6.12323e-17,16.0,17.0,True,-0.15322874863188618,-6.123233995736766e-17,[]
69,16,3,6642,True,,leaf,,,False,-0.0003493780533097429,,[]
69,17,3,4312,False,category,"category in ['0104', '0107', '0811', '1306', '2401', '2403', '2802', '2803', '2901']",18.0,19.0,False,-0.38361869504858864,,"[""0104"", ""0107"", ""0811"", ""1306"", ""2401"", ""2403"", ""2802"", ""2803"", ""2901""]"
69,18,4,550,True,,leaf,,,False,-0.0011089177134285281,,[]
69,19,4,3762,True,,leaf,,,False,-0.0006859454821873544,,[]
69,20,2,50168,False,lag_3,lag_3 <= 0.520967,21.0,24.0,False,0.007732472398262187,0.5209669462259497,[]
69,21,3,15377,False,category,"category in ['0105', '0108', '0201', '0302', '0811', '1305', '1306', '1501', '2004', '2401', '2402', '2514', '2702', '2703', '2803', '2901', '2902', 'прочее']",22.0,23.0,False,-0.03827906674465458,,"[""0105"", ""0108"", ""0201"", ""0302"", ""0811"", ""1305"", ""1306"", ""1501"", ""2004"", ""2401"", ""2402"", ""2514"", ""2702"", ""2703"", ""2803"", ""2901"", ""2902"", ""прочее""]"
69,22,4,6728,True,,leaf,,,False,-0.003333237624302191,,[]
69,23,4,8649,True,,leaf,,,False,0.0005565885008761788,,[]
69,24,3,34791,False,category,"category in ['0104', '0111', '0303', '1140', '1203', '1305', '1306', '1309', '1501', '1510', '2004', '2402', '2502', '2506', '2803', '2902', '3002', 'прочее']",25.0,28.0,False,0.028073905922243615,,"[""0104"", ""0111"", ""0303"", ""1140"", ""1203"", ""1305"", ""1306"", ""1309"", ""1501"", ""1510"", ""2004"", ""2402"", ""2502"", ""2506"", ""2803"", ""2902"", ""3002"", ""прочее""]"
69,25,4,12544,False,month_cos,month_cos <= -6.12323e-17,26.0,27.0,False,-0.022622271785884978,-6.123233995736765e-17,[]
69,26,5,6006,True,,leaf,,,False,0.0020699058767696134,,[]
69,27,5,6538,True,,leaf,,,False,-0.002927576861049315,,[]
69,28,4,22247,True,,leaf,,,False,0.002402074509683827,,[]
70,0,0,86094,False,nonzero_12,nonzero_12 <= 0.291667,1.0,20.0,False,0.0,0.29166666666666663,[]
70,1,1,24972,False,mean_6,mean_6 <= 0.5,2.0,9.0,True,-0.538467696741654,0.5,[]
70,2,2,15103,False,category,"category in ['0104', '0811', '1309', '2403', '2502', '2506', '2901']",3.0,4.0,False,-0.6523522794944749,,"[""0104"", ""0811"", ""1309"", ""2403"", ""2502"", ""2506"", ""2901""]"
70,3,3,719,True,,leaf,,,False,-0.000626902055381251,,[]
70,4,3,14384,False,category,"category in ['0105', '1510', '2401', '2702', '2801', 'прочее']",5.0,6.0,False,-0.6725024315687091,,"[""0105"", ""1510"", ""2401"", ""2702"", ""2801"", ""прочее""]"
70,5,4,1928,True,,leaf,,,False,-0.000626902055381251,,[]
70,6,4,12456,False,month_sin,month_sin <= 0.25,7.0,8.0,True,-0.6484838761431092,0.25000000000000006,[]
70,7,5,7684,True,,leaf,,,False,-0.000626902055381251,,[]
70,8,5,4772,True,,leaf,,,False,-0.000626902055381251,,[]
70,9,2,9869,False,category,"category in ['0104', '0201', '0203', '1501', '2401', '2502', '2514', '2703', '2704', '2802', '2901', '3001']",10.0,13.0,False,-0.3637007794311165,,"[""0104"", ""0201"", ""0203"", ""1501"", ""2401"", ""2502"", ""2514"", ""2703"", ""2704"", ""2802"", ""2901"", ""3001""]"
70,10,3,1319,False,mean_3,mean_3 <= 1.71429,11.0,12.0,True,-0.011286681715575621,1.7142857142857142,[]
70,11,4,804,True,,leaf,,,False,-0.000626902055381251,,[]
70,12,4,515,True,,leaf,,,False,0.04449809794461875,,[]
70,13,3,8550,False,baseline_ratio,baseline_ratio <= 1.47128,14.0,17.0,True,-0.4179906542056075,1.471275021423019,[]
70,14,4,6995,False,lag_1,lag_1 <= 0,15.0,16.0,True,-0.4795146324054247,0.0,[]
70,15,5,4679,True,,leaf,,,False,-0.000626902055381251,,[]
70,16,5,2316,True,,leaf,,,False,-0.000626902055381251,,[]
70,17,4,1555,False,nonzero_12,nonzero_12 <= 0.208333,18.0,19.0,True,-0.13993610223642172,0.20833333333333331,[]
70,18,5,838,True,,leaf,,,False,-0.000626902055381251,,[]
70,19,5,717,True,,leaf,,,False,0.013657909504769129,,[]
70,20,1,61122,False,nonzero_12,nonzero_12 <= 0.458333,21.0,26.0,False,-0.02123274226264477,0.45833333333333337,[]
70,21,2,10954,False,month_sin,month_sin <= -6.12323e-17,22.0,23.0,True,-0.15322874863188618,-6.123233995736766e-17,[]
70,22,3,6642,True,,leaf,,,False,-0.0003319091506442579,,[]
70,23,3,4312,False,category,"category in ['0104', '0107', '0811', '1306', '2401', '2403', '2802', '2803', '2901']",24.0,25.0,False,-0.38361869504858864,,"[""0104"", ""0107"", ""0811"", ""1306"", ""2401"", ""2403"", ""2802"", ""2803"", ""2901""]"
70,24,4,550,True,,leaf,,,False,-0.0010534718277571016,,[]
70,25,4,3762,True,,leaf,,,False,-0.0006516482080779866,,[]
70,26,2,50168,False,mean_6,mean_6 <= 1.92467,27.0,28.0,True,0.0076128980828251425,1.9246704331450095,[]
70,27,3,47181,True,,leaf,,,False,4.384101821264253e-06,,[]
70,28,3,2987,True,,leaf,,,False,0.009067075281500704,,[]
71,0,0,86094,False,nonzero_12,nonzero_12 <= 0.291667,1.0,22.0,False,0.0,0.29166666666666663,[]
71,1,1,24972,False,mean_6,mean_6 <= 0.5,2.0,9.0,True,-0.5385477543831558,0.5,[]
71,2,2,15103,False,category,"category in ['0104', '0811', '1309', '2403', '2502', '2506', '2901']",3.0,4.0,False,-0.6523522794944749,,"[""0104"", ""0811"", ""1309"", ""2403"", ""2502"", ""2506"", ""2901""]"
71,3,3,719,True,,leaf,,,False,-0.0005955569526121885,,[]
71,4,3,14384,False,category,"category in ['0105', '1510', '2401', '2702', '2801', 'прочее']",5.0,6.0,False,-0.6725024315687091,,"[""0105"", ""1510"", ""2401"", ""2702"", ""2801"", ""прочее""]"
71,5,4,1928,True,,leaf,,,False,-0.0005955569526121885,,[]
71,6,4,12456,False,month_sin,month_sin <= 0.25,7.0,8.0,True,-0.6484838761431092,0.25000000000000006,[]
71,7,5,7684,True,,leaf,,,False,-0.0005955569526121885,,[]
71,8,5,4772,True,,leaf,,,False,-0.0005955569526121885,,[]
71,9,2,9869,False,category,"category in ['0104', '0201', '0203', '1501', '2401', '2502', '2514', '2703', '2704', '2802', '2901', '3001']",10.0,13.0,False,-0.3639032290717684,,"[""0104"", ""0201"", ""0203"", ""1501"", ""2401"", ""2502"", ""2514"", ""2703"", ""2704"", ""2802"", ""2901"", ""3001""]"
71,10,3,1319,False,mean_3,mean_3 <= 1.71429,11.0,12.0,True,-0.012791572610985704,1.7142857142857142,[]
71,11,4,804,True,,leaf,,,False,-0.0005955569526121885,,[]
71,12,4,515,True,,leaf,,,False,0.042273193047387816,,[]
71,13,3,8550,False,baseline_ratio,baseline_ratio <= 1.47128,14.0,19.0,True,-0.4179906542056075,1.471275021423019,[]
71,14,4,6995,False,lag_1,lag_1 <= 0,15.0,16.0,True,-0.4795146324054247,0.0,[]
71,15,5,4679,True,,leaf,,,False,-0.0005955569526121885,,[]
71,16,5,2316,False,mean_6,mean_6 <= 1.95556,17.0,18.0,True,-0.32244196044711954,1.9555555555555555,[]
71,17,6,1665,True,,leaf,,,False,-0.0005955569526121885,,[]
71,18,6,651,True,,leaf,,,False,-0.0005955569526121885,,[]
71,19,4,1555,False,nonzero_12,nonzero_12 <= 0.208333,20.0,21.0,True,-0.13993610223642172,0.20833333333333331,[]
71,20,5,838,True,,leaf,,,False,-0.0005955569526121885,,[]
71,21,5,717,True,,leaf,,,False,0.01297501402953067,,[]
71,22,1,61122,False,nonzero_12,nonzero_12 <= 0.458333,23.0,28.0,False,-0.02155990316037427,0.45833333333333337,[]
71,23,2,10954,False,month_sin,month_sin <= -6.12323e-17,24.0,25.0,True,-0.15304633345494345,-6.123233995736766e-17,[]
71,24,3,6642,True,,leaf,,,False,-0.0003153136931120432,,[]
71,25,3,4312,False,category,"category in ['0104', '0107', '0811', '1306', '2401', '2403', '2802', '2803', '2901']",26.0,27.0,False,-0.38361869504858864,,"[""0104"", ""0107"", ""0811"", ""1306"", ""2401"", ""2403"", ""2802"", ""2803"", ""2901""]"
71,26,4,550,True,,leaf,,,False,-0.0010007982363692465,,[]
71,27,4,3762,True,,leaf,,,False,-0.0006190657976740873,,[]
71,28,2,50168,True,,leaf,,,False,0.0002872029262531634,,[]
72,0,0,86094,False,nonzero_12,nonzero_12 <= 0.291667,1.0,22.0,False,0.0,0.29166666666666663,[]
72,1,1,24972,False,mean_6,mean_6 <= 0.5,2.0,9.0,True,-0.5387879273076616,0.5,[]
72,2,2,15103,False,category,"category in ['0104', '0811', '1309', '2403', '2502', '2506', '2901']",3.0,4.0,False,-0.6523522794944749,,"[""0104"", ""0811"", ""1309"", ""2403"", ""2502"", ""2506"", ""2901""]"
72,3,3,719,True,,leaf,,,False,-0.0005657791049815791,,[]
72,4,3,14384,False,category,"category in ['0105', '1510', '2401', '2702', '2801', 'прочее']",5.0,6.0,False,-0.6725024315687091,,"[""0105"", ""1510"", ""2401"", ""2702"", ""2801"", ""прочее""]"
72,5,4,1928,True,,leaf,,,False,-0.0005657791049815791,,[]
72,6,4,12456,False,month_sin,month_sin <= 0.25,7.0,8.0,True,-0.6484838761431092,0.25000000000000006,[]
72,7,5,7684,True,,leaf,,,False,-0.0005657791049815791,,[]
72,8,5,4772,True,,leaf,,,False,-0.0005657791049815791,,[]
72,9,2,9869,False,category,"category in ['0104', '0201', '0203', '1501', '2401', '2502', '2514', '2703', '2704', '2802', '2901', '3001']",10.0,13.0,False,-0.36451057799372405,,"[""0104"", ""0201"", ""0203"", ""1501"", ""2401"", ""2502"", ""2514"", ""2703"", ""2704"", ""2802"", ""2901"", ""3001""]"
72,10,3,1319,False,lag_1,lag_1 <= 0.328859,11.0,12.0,True,-0.01580135440180587,0.3288590604026846,[]
72,11,4,686,True,,leaf,,,False,-0.0005657791049815791,,[]
72,12,4,633,True,,leaf,,,False,0.04943422089501842,,[]
72,13,3,8550,False,baseline_ratio,baseline_ratio <= 1.47128,14.0,19.0,True,-0.4182242990654206,1.471275021423019,[]
72,14,4,6995,False,lag_1,lag_1 <= 0,15.0,16.0,True,-0.4795146324054247,0.0,[]
72,15,5,4679,True,,leaf,,,False,-0.0005657791049815791,,[]
72,16,5,2316,False,mean_6,mean_6 <= 1.95556,17.0,18.0,True,-0.32244196044711954,1.9555555555555555,[]
72,17,6,1665,True,,leaf,,,False,-0.0005657791049815791,,[]
72,18,6,651,True,,leaf,,,False,-0.0005657791049815791,,[]
72,19,4,1555,False,nonzero_12,nonzero_12 <= 0.208333,20.0,21.0,True,-0.1412140575079872,0.20833333333333331,[]
72,20,5,838,True,,leaf,,,False,-0.0005657791049815791,,[]
72,21,5,717,True,,leaf,,,False,0.012326263328054136,,[]
72,22,1,61122,False,nonzero_12,nonzero_12 <= 0.458333,23.0,28.0,False,-0.021756199699011974,0.45833333333333337,[]
72,23,2,10954,False,month_sin,month_sin <= -6.12323e-17,24.0,25.0,True,-0.15286391827800072,-6.123233995736766e-17,[]
72,24,3,6642,True,,leaf,,,False,-0.0002995480084564434,,[]
72,25,3,4312,False,category,"category in ['0104', '0107', '0811', '1306', '2401', '2403', '2802', '2803', '2901']",26.0,27.0,False,-0.38361869504858864,,"[""0104"", ""0107"", ""0811"", ""1306"", ""2401"", ""2403"", ""2802"", ""2803"", ""2901""]"
72,26,4,550,True,,leaf,,,False,-0.0009507583245507846,,[]
72,27,4,3762,True,,leaf,,,False,-0.000588112507790383,,[]
72,28,2,50168,True,,leaf,,,False,0.00027284277994050755,,[]
73,0,0,86094,False,nonzero_12,nonzero_12 <= 0.291667,1.0,16.0,False,0.0,0.29166666666666663,[]
73,1,1,24972,False,mean_6,mean_6 <= 0.5,2.0,9.0,True,-0.5389480425906653,0.5,[]
73,2,2,15103,False,category,"category in ['0104', '0811', '1309', '2403', '2502', '2506', '2901']",3.0,4.0,False,-0.6523522794944749,,"[""0104"", ""0811"", ""1309"", ""2403"", ""2502"", ""2506"", ""2901""]"
73,3,3,719,True,,leaf,,,False,-0.0005374901497325001,,[]
73,4,3,14384,False,category,"category in ['0105', '1510', '2401', '2702', '2801', 'прочее']",5.0,6.0,False,-0.6725024315687091,,"[""0105"", ""1510"", ""2401"", ""2702"", ""2801"", ""прочее""]"
73,5,4,1928,True,,leaf,,,False,-0.0005374901497325001,,[]
73,6,4,12456,False,month_sin,month_sin <= 0.25,7.0,8.0,True,-0.6484838761431092,0.25000000000000006,[]
73,7,5,7684,True,,leaf,,,False,-0.0005374901497325001,,[]
73,8,5,4772,True,,leaf,,,False,-0.0005374901497325001,,[]
73,9,2,9869,False,category,"category in ['0104', '0201', '0203', '1501', '2401', '2502', '2514', '2703', '2704', '2802', '2901', '3001']",10.0,11.0,False,-0.3649154772750278,,"[""0104"", ""0201"", ""0203"", ""1501"", ""2401"", ""2502"", ""2514"", ""2703"", ""2704"", ""2802"", ""2901"", ""3001""]"
73,10,3,1319,True,,leaf,,,False,-0.0005374901497325001,,[]
73,11,3,8550,False,baseline_ratio,baseline_ratio <= 1.47128,12.0,15.0,True,-0.41845794392523367,1.471275021423019,[]
73,12,4,6995,False,lag_1,lag_1 <= 0,13.0,14.0,True,-0.4795146324054247,0.0,[]
73,13,5,4679,True,,leaf,,,False,-0.0005374901497325001,,[]
73,14,5,2316,True,,leaf,,,False,-0.0005374901497325001,,[]
73,15,4,1555,True,,leaf,,,False,-0.0005374901497325001,,[]
73,16,1,61122,False,lag_3,lag_3 <= 0.0703812,17.0,22.0,False,-0.016717921873977623,0.07038123167155425,[]
73,17,2,12174,False,month_sin,month_sin <= 0.25,18.0,19.0,True,-0.12820091923834537,0.25000000000000006,[]
73,18,3,6947,True,,leaf,,,False,-0.0009615080017796027,,[]
73,19,3,5227,False,nonzero_12,nonzero_12 <= 0.458333,20.0,21.0,False,-0.2426962001145694,0.45833333333333337,[]
73,20,4,2199,True,,leaf,,,False,-0.00017218764291079182,,[]
73,21,4,3028,True,,leaf,,,False,-0.002391708806917761,,[]
73,22,2,48948,False,mean_6,mean_6 <= 1.90476,23.0,28.0,True,0.011029862330977573,1.9047619047619049,[]
73,23,3,43887,False,log_scale,log_scale <= 0.949081,24.0,27.0,False,-0.00020502540036904573,0.9490805546971459,[]
73,24,4,3740,False,category,"category in ['0104', '0107', '0811', '1203', '1303', '1305', '2510', '2704', 'прочее']",25.0,26.0,False,-0.11413333333333334,,"[""0104"", ""0107"", ""0811"", ""1203"", ""1303"", ""1305"", ""2510"", ""2704"", ""прочее""]"
73,25,5,607,True,,leaf,,,False,0.01932717033940604,,[]
73,26,5,3133,True,,leaf,,,False,-0.003144392283077012,,[]
73,27,4,40147,True,,leaf,,,False,0.00025648449043046416,,[]
73,28,3,5061,True,,leaf,,,False,0.009493282857579966,,[]
74,0,0,86094,False,nonzero_12,nonzero_12 <= 0.291667,1.0,18.0,False,0.0,0.29166666666666663,[]
74,1,1,24972,False,mean_6,mean_6 <= 0.5,2.0,9.0,True,-0.5389480425906653,0.5,[]
74,2,2,15103,False,category,"category in ['0104', '0811', '1309', '2403', '2502', '2506', '2901']",3.0,4.0,False,-0.6523522794944749,,"[""0104"", ""0811"", ""1309"", ""2403"", ""2502"", ""2506"", ""2901""]"
74,3,3,719,True,,leaf,,,False,-0.0005106156422458752,,[]
74,4,3,14384,False,category,"category in ['0105', '1510', '2401', '2702', '2801', 'прочее']",5.0,6.0,False,-0.6725024315687091,,"[""0105"", ""1510"", ""2401"", ""2702"", ""2801"", ""прочее""]"
74,5,4,1928,True,,leaf,,,False,-0.0005106156422458752,,[]
74,6,4,12456,False,month_sin,month_sin <= 0.25,7.0,8.0,True,-0.6484838761431092,0.25000000000000006,[]
74,7,5,7684,True,,leaf,,,False,-0.0005106156422458752,,[]
74,8,5,4772,True,,leaf,,,False,-0.0005106156422458752,,[]
74,9,2,9869,False,category,"category in ['0104', '0201', '0203', '1501', '2401', '2502', '2514', '2703', '2704', '2802', '2901', '3001']",10.0,11.0,False,-0.3649154772750278,,"[""0104"", ""0201"", ""0203"", ""1501"", ""2401"", ""2502"", ""2514"", ""2703"", ""2704"", ""2802"", ""2901"", ""3001""]"
74,10,3,1319,True,,leaf,,,False,-0.0005106156422458752,,[]
74,11,3,8550,False,baseline_ratio,baseline_ratio <= 1.47128,12.0,17.0,True,-0.41845794392523367,1.471275021423019,[]
74,12,4,6995,False,lag_1,lag_1 <= 0,13.0,14.0,True,-0.4795146324054247,0.0,[]
74,13,5,4679,True,,leaf,,,False,-0.0005106156422458752,,[]
74,14,5,2316,False,mean_6,mean_6 <= 1.95556,15.0,16.0,True,-0.32244196044711954,1.9555555555555555,[]
74,15,6,1665,True,,leaf,,,False,-0.0005106156422458752,,[]
74,16,6,651,True,,leaf,,,False,-0.0005106156422458752,,[]
74,17,4,1555,True,,leaf,,,False,-0.0005106156422458752,,[]
74,18,1,61122,False,lag_3,lag_3 <= 0.0703812,19.0,24.0,False,-0.017143231041025976,0.07038123167155425,[]
74,19,2,12174,False,month_sin,month_sin <= 0.25,20.0,21.0,True,-0.12672357189757058,0.25000000000000006,[]
74,20,3,6947,True,,leaf,,,False,-0.0009134326016906225,,[]
74,21,3,5227,False,nonzero_12,nonzero_12 <= 0.458333,22.0,23.0,False,-0.2411686079816689,0.45833333333333337,[]
74,22,4,2199,True,,leaf,,,False,-0.00016357826076525222,,[]
74,23,4,3028,True,,leaf,,,False,-0.002272123366571873,,[]
74,24,2,48948,False,mean_6,mean_6 <= 1.95556,25.0,28.0,True,0.010131132807712733,1.9555555555555555,[]
74,25,3,44364,False,log_scale,log_scale <= 0.949081,26.0,27.0,False,4.5071438229593905e-05,0.9490805546971459,[]
74,26,4,3743,True,,leaf,,,False,-0.0024808846302447145,,[]
74,27,4,40621,True,,leaf,,,False,0.0002579266330981489,,[]
74,28,3,4584,True,,leaf,,,False,0.009604943013155627,,[]
75,0,0,86094,False,nonzero_12,nonzero_12 <= 0.291667,1.0,22.0,False,0.0,0.29166666666666663,[]
75,1,1,24972,False,mean_6,mean_6 <= 0.5,2.0,9.0,True,-0.5389480425906653,0.5,[]
75,2,2,15103,False,category,"category in ['0104', '0811', '1309', '2403', '2502', '2506', '2901']",3.0,4.0,False,-0.6523522794944749,,"[""0104"", ""0811"", ""1309"", ""2403"", ""2502"", ""2506"", ""2901""]"
75,3,3,719,True,,leaf,,,False,-0.0004850848601335813,,[]
75,4,3,14384,False,category,"category in ['0105', '1510', '2401', '2702', '2801', 'прочее']",5.0,6.0,False,-0.6725024315687091,,"[""0105"", ""1510"", ""2401"", ""2702"", ""2801"", ""прочее""]"
75,5,4,1928,True,,leaf,,,False,-0.0004850848601335813,,[]
75,6,4,12456,False,month_sin,month_sin <= 0.25,7.0,8.0,True,-0.6484838761431092,0.25000000000000006,[]
75,7,5,7684,True,,leaf,,,False,-0.0004850848601335813,,[]
75,8,5,4772,True,,leaf,,,False,-0.0004850848601335813,,[]
75,9,2,9869,False,category,"category in ['0104', '0201', '0203', '1501', '2401', '2502', '2514', '2703', '2704', '2802', '2901', '3001']",10.0,13.0,False,-0.3649154772750278,,"[""0104"", ""0201"", ""0203"", ""1501"", ""2401"", ""2502"", ""2514"", ""2703"", ""2704"", ""2802"", ""2901"", ""3001""]"
75,10,3,1319,False,lag_1,lag_1 <= 0.328859,11.0,12.0,True,-0.01730624529721595,0.3288590604026846,[]
75,11,4,686,True,,leaf,,,False,-0.0004850848601335813,,[]
75,12,4,633,True,,leaf,,,False,0.04701491513986642,,[]
75,13,3,8550,False,baseline_ratio,baseline_ratio <= 1.47128,14.0,19.0,True,-0.41845794392523367,1.471275021423019,[]
75,14,4,6995,False,lag_1,lag_1 <= 0,15.0,16.0,True,-0.4795146324054247,0.0,[]
75,15,5,4679,True,,leaf,,,False,-0.0004850848601335813,,[]
75,16,5,2316,False,mean_6,mean_6 <= 1.95556,17.0,18.0,True,-0.32244196044711954,1.9555555555555555,[]
75,17,6,1665,True,,leaf,,,False,-0.0004850848601335813,,[]
75,18,6,651,True,,leaf,,,False,-0.0004850848601335813,,[]
75,19,4,1555,False,category,"category in ['1302', '1303', '2004', '2801']",20.0,21.0,False,-0.14249201277955273,,"[""1302"", ""1303"", ""2004"", ""2801""]"
75,20,5,333,True,,leaf,,,False,0.08408378402267892,,[]
75,21,5,1222,True,,leaf,,,False,-0.0004850848601335813,,[]
75,22,1,61122,False,nonzero_12,nonzero_12 <= 0.458333,23.0,28.0,False,-0.02028397565922921,0.45833333333333337,[]
75,23,2,10954,False,month_sin,month_sin <= -6.12323e-17,24.0,25.0,True,-0.1375410434148121,-6.123233995736766e-17,[]
75,24,3,6642,True,,leaf,,,False,-0.00033880946214936427,,[]
75,25,3,4312,False,category,"category in ['0104', '0107', '0811', '1306', '2401', '2802', '2803', '2901']",26.0,27.0,False,-0.34474780194354465,,"[""0104"", ""0107"", ""0811"", ""1306"", ""2401"", ""2802"", ""2803"", ""2901""]"
75,26,4,527,True,,leaf,,,False,-3.6376467235282876e-06,,[]
75,27,4,3785,True,,leaf,,,False,-0.0005495630956959743,,[]
75,28,2,50168,True,,leaf,,,False,0.0002135657614411935,,[]
76,0,0,86094,False,nonzero_12,nonzero_12 <= 0.291667,1.0,16.0,False,0.0,0.29166666666666663,[]
76,1,1,24972,False,mean_6,mean_6 <= 0.5,2.0,9.0,True,-0.5389480425906653,0.5,[]
76,2,2,15103,False,category,"category in ['0104', '0811', '1309', '2403', '2502', '2506', '2901']",3.0,4.0,False,-0.6523522794944749,,"[""0104"", ""0811"", ""1309"", ""2403"", ""2502"", ""2506"", ""2901""]"
76,3,3,719,True,,leaf,,,False,-0.0004608306171269023,,[]
76,4,3,14384,False,category,"category in ['0105', '1510', '2401', '2702', '2801', 'прочее']",5.0,6.0,False,-0.6725024315687091,,"[""0105"", ""1510"", ""2401"", ""2702"", ""2801"", ""прочее""]"
76,5,4,1928,True,,leaf,,,False,-0.0004608306171269023,,[]
76,6,4,12456,False,month_sin,month_sin <= 0.25,7.0,8.0,True,-0.6484838761431092,0.25000000000000006,[]
76,7,5,7684,True,,leaf,,,False,-0.0004608306171269023,,[]
76,8,5,4772,True,,leaf,,,False,-0.0004608306171269023,,[]
76,9,2,9869,False,category,"category in ['0104', '0201', '0203', '1501', '2401', '2502', '2514', '2703', '2704', '2802', '2901', '3001']",10.0,11.0,False,-0.3649154772750278,,"[""0104"", ""0201"", ""0203"", ""1501"", ""2401"", ""2502"", ""2514"", ""2703"", ""2704"", ""2802"", ""2901"", ""3001""]"
76,10,3,1319,True,,leaf,,,False,-0.0004608306171269023,,[]
76,11,3,8550,False,baseline_ratio,baseline_ratio <= 1.47128,12.0,15.0,True,-0.41845794392523367,1.471275021423019,[]
76,12,4,6995,False,lag_1,lag_1 <= 0,13.0,14.0,True,-0.4795146324054247,0.0,[]
76,13,5,4679,True,,leaf,,,False,-0.0004608306171269023,,[]
76,14,5,2316,True,,leaf,,,False,-0.0004608306171269023,,[]
76,15,4,1555,True,,leaf,,,False,-0.0004608306171269023,,[]
76,16,1,61122,False,lag_3,lag_3 <= 0.0703812,17.0,22.0,False,-0.017993849375122686,0.07038123167155425,[]
76,17,2,12174,False,month_sin,month_sin <= 0.25,18.0,19.0,True,-0.12541037426132634,0.25000000000000006,[]
76,18,3,6947,True,,leaf,,,False,-0.0008402828168212926,,[]
76,19,3,5227,False,nonzero_12,nonzero_12 <= 0.458333,20.0,21.0,False,-0.23925911781554324,0.45833333333333337,[]
76,20,4,2199,True,,leaf,,,False,-0.00012792119294219087,,[]
76,21,4,3028,True,,leaf,,,False,-0.0021691954863153388,,[]
76,22,2,48948,False,category,"category in ['0103', '0104', '0107', '0808', '2403', '2510', '2601', '2703', '2704', '2801', '2802']",23.0,24.0,False,0.008742187180848892,,"[""0103"", ""0104"", ""0107"", ""0808"", ""2403"", ""2510"", ""2601"", ""2703"", ""2704"", ""2801"", ""2802""]"
76,23,3,8360,True,,leaf,,,False,0.0035736849912449634,,[]
76,24,3,40588,False,baseline_ratio,baseline_ratio <= 0.871029,25.0,26.0,False,-0.005271195625400266,0.8710287999429432,[]
76,25,4,14271,True,,leaf,,,False,-0.001510658162530232,,[]
76,26,4,26317,False,trend_factor,trend_factor <= 1.20686,27.0,28.0,True,0.02260037224142515,1.2068568471128276,[]
76,27,5,20796,True,,leaf,,,False,0.0016906958829760851,,[]
76,28,5,5521,True,,leaf,,,False,-0.0031537236936351495,,[]
77,0,0,86094,False,nonzero_12,nonzero_12 <= 0.291667,1.0,20.0,False,0.0,0.29166666666666663,[]
77,1,1,24972,False,mean_6,mean_6 <= 0.5,2.0,9.0,True,-0.5389480425906653,0.5,[]
77,2,2,15103,False,category,"category in ['0104', '0811', '1309', '2403', '2502', '2506', '2901']",3.0,4.0,False,-0.6523522794944749,,"[""0104"", ""0811"", ""1309"", ""2403"", ""2502"", ""2506"", ""2901""]"
77,3,3,719,True,,leaf,,,False,-0.00043778908627055716,,[]
77,4,3,14384,False,category,"category in ['0105', '1510', '2401', '2702', '2801', 'прочее']",5.0,6.0,False,-0.6725024315687091,,"[""0105"", ""1510"", ""2401"", ""2702"", ""2801"", ""прочее""]"
77,5,4,1928,True,,leaf,,,False,-0.00043778908627055716,,[]
77,6,4,12456,False,month_sin,month_sin <= 0.25,7.0,8.0,True,-0.6484838761431092,0.25000000000000006,[]
77,7,5,7684,True,,leaf,,,False,-0.00043778908627055716,,[]
77,8,5,4772,True,,leaf,,,False,-0.00043778908627055716,,[]
77,9,2,9869,False,category,"category in ['0104', '0201', '0203', '1501', '2401', '2502', '2514', '2703', '2704', '2802', '2901', '3001']",10.0,13.0,False,-0.3649154772750278,,"[""0104"", ""0201"", ""0203"", ""1501"", ""2401"", ""2502"", ""2514"", ""2703"", ""2704"", ""2802"", ""2901"", ""3001""]"
77,10,3,1319,False,lag_1,lag_1 <= 0.328859,11.0,12.0,True,-0.01730624529721595,0.3288590604026846,[]
77,11,4,686,True,,leaf,,,False,-0.00043778908627055716,,[]
77,12,4,633,True,,leaf,,,False,0.044687210913729444,,[]
77,13,3,8550,False,baseline_ratio,baseline_ratio <= 1.47128,14.0,19.0,True,-0.41845794392523367,1.471275021423019,[]
77,14,4,6995,False,lag_1,lag_1 <= 0,15.0,16.0,True,-0.4795146324054247,0.0,[]
77,15,5,4679,True,,leaf,,,False,-0.00043778908627055716,,[]
77,16,5,2316,False,mean_6,mean_6 <= 1.95556,17.0,18.0,True,-0.32244196044711954,1.9555555555555555,[]
77,17,6,1665,True,,leaf,,,False,-0.00043778908627055716,,[]
77,18,6,651,True,,leaf,,,False,-0.00043778908627055716,,[]
77,19,4,1555,True,,leaf,,,False,-0.00043778908627055716,,[]
77,20,1,61122,False,lag_3,lag_3 <= 0.0703812,21.0,26.0,False,-0.019596937773997253,0.07038123167155425,[]
77,21,2,12174,False,month_sin,month_sin <= 0.25,22.0,23.0,True,-0.12508207485226527,0.25000000000000006,[]
77,22,3,6947,True,,leaf,,,False,-0.0007982686759802279,,[]
77,23,3,5227,False,nonzero_12,nonzero_12 <= 0.458333,24.0,25.0,False,-0.23887721978231813,0.45833333333333337,[]
77,24,4,2199,True,,leaf,,,False,-0.00012152513329508134,,[]
77,25,4,3028,True,,leaf,,,False,-0.0020607357119995723,,[]
77,26,2,48948,False,lag_2,lag_2 <= 0.56,27.0,28.0,False,0.006658768740553127,0.56,[]
77,27,3,16381,True,,leaf,,,False,-0.001188061596068706,,[]
77,28,3,32567,True,,leaf,,,False,0.001125981848952029,,[]
78,0,0,86094,False,nonzero_12,nonzero_12 <= 0.291667,1.0,12.0,False,0.0,0.29166666666666663,[]
78,1,1,24972,False,mean_6,mean_6 <= 0.5,2.0,5.0,True,-0.5389480425906653,0.5,[]
78,2,2,15103,False,category,"category in ['0104', '0811', '1309', '2403', '2502', '2506', '2901']",3.0,4.0,False,-0.6523522794944749,,"[""0104"", ""0811"", ""1309"", ""2403"", ""2502"", ""2506"", ""2901""]"
78,3,3,719,True,,leaf,,,False,-0.0004158996319570293,,[]
78,4,3,14384,True,,leaf,,,False,-0.0004158996319570293,,[]
78,5,2,9869,False,category,"category in ['0104', '0201', '0203', '1501', '2401', '2502', '2514', '2703', '2704', '2802', '2901', '3001']",6.0,7.0,False,-0.3649154772750278,,"[""0104"", ""0201"", ""0203"", ""1501"", ""2401"", ""2502"", ""2514"", ""2703"", ""2704"", ""2802"", ""2901"", ""3001""]"
78,6,3,1319,True,,leaf,,,False,-0.0004158996319570293,,[]
78,7,3,8550,False,baseline_ratio,baseline_ratio <= 1.47128,8.0,11.0,True,-0.41845794392523367,1.471275021423019,[]
78,8,4,6995,False,lag_1,lag_1 <= 0,9.0,10.0,True,-0.4795146324054247,0.0,[]
78,9,5,4679,True,,leaf,,,False,-0.0004158996319570293,,[]
78,10,5,2316,True,,leaf,,,False,-0.0004158996319570293,,[]
78,11,4,1555,True,,leaf,,,False,-0.0004158996319570293,,[]
78,12,1,61122,False,lag_3,lag_3 <= 0.0703812,13.0,18.0,False,-0.019760518222862004,0.07038123167155425,[]
78,13,2,12174,False,month_sin,month_sin <= 0.25,14.0,15.0,True,-0.12360472751149047,0.25000000000000006,[]
78,14,3,6947,True,,leaf,,,False,-0.0007583552421812165,,[]
78,15,3,5227,False,nonzero_12,nonzero_12 <= 0.458333,16.0,17.0,False,-0.23620393354974223,0.45833333333333337,[]
78,16,4,2199,True,,leaf,,,False,-0.00011544887663032726,,[]
78,17,4,3028,True,,leaf,,,False,-0.001957698926399594,,[]
78,18,2,48948,False,month_cos,month_cos <= -6.12323e-17,19.0,24.0,True,0.0060868499530209565,-6.123233995736765e-17,[]
78,19,3,25318,False,category,"category in ['0104', '1203', '2004', '2403', '2510', '2601', '2704']",20.0,21.0,False,0.03624447252053064,,"[""0104"", ""1203"", ""2004"", ""2403"", ""2510"", ""2601"", ""2704""]"
78,20,4,1317,True,,leaf,,,False,0.011748284849531766,,[]
78,21,4,24001,False,log_scale,log_scale <= 7.6811,22.0,23.0,True,0.022864520428137105,7.681099001536359,[]
78,22,5,23558,True,,leaf,,,False,0.0005463070051202224,,[]
78,23,5,443,True,,leaf,,,False,0.007449512868624275,,[]
78,24,3,23630,False,category,"category in ['0104', '0303', '1140', '1203', '1305', '1306', '1501', '2004', '2402', '2403', '2502', '2601', '2702', '2803', '2902', '3002']",25.0,26.0,False,-0.02622673434856176,,"[""0104"", ""0303"", ""1140"", ""1203"", ""1305"", ""1306"", ""1501"", ""2004"", ""2402"", ""2403"", ""2502"", ""2601"", ""2702"", ""2803"", ""2902"", ""3002""]"
78,25,4,8163,True,,leaf,,,False,-0.0029331380083699567,,[]
78,26,4,15467,False,month_sin,month_sin <= -6.12323e-17,27.0,28.0,False,0.021128125605737545,-6.123233995736766e-17,[]
78,27,5,7554,True,,leaf,,,False,0.00525374732493164,,[]
78,28,5,7913,True,,leaf,,,False,-0.001069464833477979,,[]
79,0,0,86094,False,nonzero_12,nonzero_12 <= 0.291667,1.0,20.0,False,0.0,0.29166666666666663,[]
79,1,1,24972,False,mean_6,mean_6 <= 0.5,2.0,9.0,True,-0.5389480425906653,0.5,[]
79,2,2,15103,False,category,"category in ['0104', '0811', '1309', '2403', '2502', '2506', '2901']",3.0,4.0,False,-0.6523522794944749,,"[""0104"", ""0811"", ""1309"", ""2403"", ""2502"", ""2506"", ""2901""]"
79,3,3,719,True,,leaf,,,False,-0.0003951046503591778,,[]
79,4,3,14384,False,category,"category in ['0105', '1510', '2401', '2702', '2801', 'прочее']",5.0,6.0,False,-0.6725024315687091,,"[""0105"", ""1510"", ""2401"", ""2702"", ""2801"", ""прочее""]"
79,5,4,1928,True,,leaf,,,False,-0.0003951046503591778,,[]
79,6,4,12456,False,month_sin,month_sin <= 0.25,7.0,8.0,True,-0.6484838761431092,0.25000000000000006,[]
79,7,5,7684,True,,leaf,,,False,-0.0003951046503591778,,[]
79,8,5,4772,True,,leaf,,,False,-0.0003951046503591778,,[]
79,9,2,9869,False,category,"category in ['0104', '0201', '0203', '1501', '2401', '2502', '2514', '2703', '2704', '2802', '2901', '3001']",10.0,13.0,False,-0.3649154772750278,,"[""0104"", ""0201"", ""0203"", ""1501"", ""2401"", ""2502"", ""2514"", ""2703"", ""2704"", ""2802"", ""2901"", ""3001""]"
79,10,3,1319,False,lag_1,lag_1 <= 0.328859,11.0,12.0,True,-0.01730624529721595,0.3288590604026846,[]
79,11,4,686,True,,leaf,,,False,-0.0003951046503591778,,[]
79,12,4,633,True,,leaf,,,False,0.04247364534964082,,[]
79,13,3,8550,False,baseline_ratio,baseline_ratio <= 1.47128,14.0,19.0,True,-0.41845794392523367,1.471275021423019,[]
79,14,4,6995,False,lag_1,lag_1 <= 0,15.0,16.0,True,-0.4795146324054247,0.0,[]
79,15,5,4679,True,,leaf,,,False,-0.0003951046503591778,,[]
79,16,5,2316,False,mean_6,mean_6 <= 1.95556,17.0,18.0,True,-0.32244196044711954,1.9555555555555555,[]
79,17,6,1665,True,,leaf,,,False,-0.0003951046503591778,,[]
79,18,6,651,True,,leaf,,,False,-0.0003951046503591778,,[]
79,19,4,1555,True,,leaf,,,False,-0.0003951046503591778,,[]
79,20,1,61122,False,lag_3,lag_3 <= 0.0703812,21.0,26.0,False,-0.019498789504678402,0.07038123167155425,[]
79,21,2,12174,False,month_sin,month_sin <= 0.25,22.0,23.0,True,-0.12311227839789889,0.25000000000000006,[]
79,22,3,6947,True,,leaf,,,False,-0.0007204374800721557,,[]
79,23,3,5227,False,nonzero_12,nonzero_12 <= 0.458333,24.0,25.0,False,-0.23620393354974223,0.45833333333333337,[]
79,24,4,2199,True,,leaf,,,False,-0.00010967643279881091,,[]
79,25,4,3028,True,,leaf,,,False,-0.0018598139800796148,,[]
79,26,2,48948,False,lag_2,lag_2 <= 1.03791,27.0,28.0,True,0.0062911066628538745,1.0379146919431281,[]
79,27,3,27710,True,,leaf,,,False,-0.00059100103591343,,[]
79,28,3,21238,True,,leaf,,,False,0.0018182330383134993,,[]
80,0,0,86094,False,nonzero_12,nonzero_12 <= 0.291667,1.0,22.0,False,0.0,0.29166666666666663,[]
80,1,1,24972,False,mean_6,mean_6 <= 0.5,2.0,9.0,True,-0.5391081578736691,0.5,[]
80,2,2,15103,False,category,"category in ['0104', '0811', '1309', '2403', '2502', '2506', '2901']",3.0,4.0,False,-0.6523522794944749,,"[""0104"", ""0811"", ""1309"", ""2403"", ""2502"", ""2506"", ""2901""]"
80,3,3,719,True,,leaf,,,False,-0.00037534941784121896,,[]
80,4,3,14384,False,category,"category in ['0105', '1510', '2401', '2702', '2801', 'прочее']",5.0,6.0,False,-0.6725024315687091,,"[""0105"", ""1510"", ""2401"", ""2702"", ""2801"", ""прочее""]"
80,5,4,1928,True,,leaf,,,False,-0.00037534941784121896,,[]
80,6,4,12456,False,month_sin,month_sin <= 0.25,7.0,8.0,True,-0.6484838761431092,0.25000000000000006,[]
80,7,5,7684,True,,leaf,,,False,-0.00037534941784121896,,[]
80,8,5,4772,True,,leaf,,,False,-0.00037534941784121896,,[]
80,9,2,9869,False,category,"category in ['0104', '0201', '0203', '1501', '2401', '2502', '2514', '2703', '2704', '2802', '2901', '3001']",10.0,11.0,False,-0.3653203765563316,,"[""0104"", ""0201"", ""0203"", ""1501"", ""2401"", ""2502"", ""2514"", ""2703"", ""2704"", ""2802"", ""2901"", ""3001""]"
80,10,3,1319,True,,leaf,,,False,-0.00037534941784121896,,[]
80,11,3,8550,False,baseline_ratio,baseline_ratio <= 1.47128,12.0,17.0,True,-0.41845794392523367,1.471275021423019,[]
80,12,4,6995,False,lag_1,lag_1 <= 0,13.0,14.0,True,-0.4795146324054247,0.0,[]
80,13,5,4679,True,,leaf,,,False,-0.00037534941784121896,,[]
80,14,5,2316,False,mean_6,mean_6 <= 1.95556,15.0,16.0,True,-0.32244196044711954,1.9555555555555555,[]
80,15,6,1665,True,,leaf,,,False,-0.00037534941784121896,,[]
80,16,6,651,True,,leaf,,,False,-0.00037534941784121896,,[]
80,17,4,1555,False,category,"category in ['1302', '1303', '2004', '2801']",18.0,19.0,False,-0.14249201277955273,,"[""1302"", ""1303"", ""2004"", ""2801""]"
80,18,5,333,True,,leaf,,,False,0.07996507602083067,,[]
80,19,5,1222,False,nonzero_12,nonzero_12 <= 0.208333,20.0,21.0,True,-0.2305194805194805,0.20833333333333331,[]
80,20,6,676,True,,leaf,,,False,-0.00037534941784121896,,[]
80,21,6,546,True,,leaf,,,False,-0.002412720666607667,,[]
80,22,1,61122,False,lag_3,lag_3 <= 0.0703812,23.0,28.0,False,-0.019989530851272655,0.07038123167155425,[]
80,23,2,12174,False,month_sin,month_sin <= 0.25,24.0,25.0,True,-0.12278397898883782,0.25000000000000006,[]
80,24,3,6947,True,,leaf,,,False,-0.000684415606068548,,[]
80,25,3,5227,False,nonzero_12,nonzero_12 <= 0.458333,26.0,27.0,False,-0.23544013748329196,0.45833333333333337,[]
80,26,4,2199,True,,leaf,,,False,-0.00010419261115887035,,[]
80,27,4,3028,True,,leaf,,,False,-0.001766823281075634,,[]
80,28,2,48948,True,,leaf,,,False,0.00018074316369331156,,[]
81,0,0,86094,False,nonzero_12,nonzero_12 <= 0.291667,1.0,22.0,False,0.0,0.29166666666666663,[]
81,1,1,24972,False,mean_6,mean_6 <= 0.5,2.0,9.0,True,-0.5391081578736691,0.5,[]
81,2,2,15103,False,category,"category in ['0104', '0811', '1309', '2403', '2502', '2506', '2901']",3.0,4.0,False,-0.6523522794944749,,"[""0104"", ""0811"", ""1309"", ""2403"", ""2502"", ""2506"", ""2901""]"
81,3,3,719,True,,leaf,,,False,-0.000356581946949158,,[]
81,4,3,14384,False,category,"category in ['0105', '1510', '2401', '2702', '2801', 'прочее']",5.0,6.0,False,-0.6725024315687091,,"[""0105"", ""1510"", ""2401"", ""2702"", ""2801"", ""прочее""]"
81,5,4,1928,True,,leaf,,,False,-0.000356581946949158,,[]
81,6,4,12456,False,month_sin,month_sin <= 0.25,7.0,8.0,True,-0.6484838761431092,0.25000000000000006,[]
81,7,5,7684,True,,leaf,,,False,-0.000356581946949158,,[]
81,8,5,4772,True,,leaf,,,False,-0.000356581946949158,,[]
81,9,2,9869,False,category,"category in ['0104', '0201', '0203', '1501', '2401', '2502', '2514', '2703', '2704', '2802', '2901', '3001']",10.0,11.0,False,-0.3653203765563316,,"[""0104"", ""0201"", ""0203"", ""1501"", ""2401"", ""2502"", ""2514"", ""2703"", ""2704"", ""2802"", ""2901"", ""3001""]"
81,10,3,1319,True,,leaf,,,False,-0.000356581946949158,,[]
81,11,3,8550,False,baseline_ratio,baseline_ratio <= 1.47128,12.0,17.0,True,-0.41845794392523367,1.471275021423019,[]
81,12,4,6995,False,lag_1,lag_1 <= 0,13.0,14.0,True,-0.4795146324054247,0.0,[]
81,13,5,4679,True,,leaf,,,False,-0.000356581946949158,,[]
81,14,5,2316,False,mean_6,mean_6 <= 1.95556,15.0,16.0,True,-0.32244196044711954,1.9555555555555555,[]
81,15,6,1665,True,,leaf,,,False,-0.000356581946949158,,[]
81,16,6,651,True,,leaf,,,False,-0.000356581946949158,,[]
81,17,4,1555,False,category,"category in ['1302', '1303', '2004', '2801']",18.0,19.0,False,-0.14249201277955273,,"[""1302"", ""1303"", ""2004"", ""2801""]"
81,18,5,333,True,,leaf,,,False,0.07596682221978912,,[]
81,19,5,1222,False,nonzero_12,nonzero_12 <= 0.208333,20.0,21.0,True,-0.2305194805194805,0.20833333333333331,[]
81,20,6,676,True,,leaf,,,False,-0.000356581946949158,,[]
81,21,6,546,True,,leaf,,,False,-0.002292084633277284,,[]
81,22,1,61122,False,lag_3,lag_3 <= 0.0703812,23.0,28.0,False,-0.02021854347968331,0.07038123167155425,[]
81,23,2,12174,False,month_sin,month_sin <= 0.25,24.0,25.0,True,-0.12245567957977675,0.25000000000000006,[]
81,24,3,6947,True,,leaf,,,False,-0.0006501948257651206,,[]
81,25,3,5227,False,nonzero_12,nonzero_12 <= 0.458333,26.0,27.0,False,-0.23505823945006682,0.45833333333333337,[]
81,26,4,2199,True,,leaf,,,False,-9.898298060092683e-05,,[]
81,27,4,3028,True,,leaf,,,False,-0.0016784821170218523,,[]
81,28,2,48948,True,,leaf,,,False,0.00017170600550864558,,[]
82,0,0,86094,False,nonzero_12,nonzero_12 <= 0.291667,1.0,22.0,False,0.0,0.29166666666666663,[]
82,1,1,24972,False,mean_6,mean_6 <= 0.5,2.0,9.0,True,-0.5391882155151709,0.5,[]
82,2,2,15103,False,category,"category in ['0104', '0811', '1309', '2403', '2502', '2506', '2901']",3.0,4.0,False,-0.6523522794944749,,"[""0104"", ""0811"", ""1309"", ""2403"", ""2502"", ""2506"", ""2901""]"
82,3,3,719,True,,leaf,,,False,-0.0003387528496017001,,[]
82,4,3,14384,False,category,"category in ['0105', '1510', '2401', '2702', '2801', 'прочее']",5.0,6.0,False,-0.6725024315687091,,"[""0105"", ""1510"", ""2401"", ""2702"", ""2801"", ""прочее""]"
82,5,4,1928,True,,leaf,,,False,-0.0003387528496017001,,[]
82,6,4,12456,False,month_sin,month_sin <= 0.25,7.0,8.0,True,-0.6484838761431092,0.25000000000000006,[]
82,7,5,7684,True,,leaf,,,False,-0.0003387528496017001,,[]
82,8,5,4772,True,,leaf,,,False,-0.0003387528496017001,,[]
82,9,2,9869,False,category,"category in ['0104', '0201', '0203', '1501', '2401', '2502', '2514', '2703', '2704', '2802', '2901', '3001']",10.0,13.0,False,-0.3655228261969835,,"[""0104"", ""0201"", ""0203"", ""1501"", ""2401"", ""2502"", ""2514"", ""2703"", ""2704"", ""2802"", ""2901"", ""3001""]"
82,10,3,1319,False,mean_3,mean_3 <= 1.71429,11.0,12.0,True,-0.020316027088036117,1.7142857142857142,[]
82,11,4,804,True,,leaf,,,False,-0.0003387528496017001,,[]
82,12,4,515,True,,leaf,,,False,0.0385059576767141,,[]
82,13,3,8550,False,baseline_ratio,baseline_ratio <= 1.47128,14.0,19.0,True,-0.41869158878504675,1.471275021423019,[]
82,14,4,6995,False,lag_1,lag_1 <= 0,15.0,16.0,True,-0.4795146324054247,0.0,[]
82,15,5,4679,True,,leaf,,,False,-0.0003387528496017001,,[]
82,16,5,2316,False,mean_6,mean_6 <= 1.95556,17.0,18.0,True,-0.32244196044711954,1.9555555555555555,[]
82,17,6,1665,True,,leaf,,,False,-0.0003387528496017001,,[]
82,18,6,651,True,,leaf,,,False,-0.0003387528496017001,,[]
82,19,4,1555,False,nonzero_12,nonzero_12 <= 0.208333,20.0,21.0,True,-0.14376996805111822,0.20833333333333331,[]
82,20,5,838,True,,leaf,,,False,-0.0003387528496017001,,[]
82,21,5,717,True,,leaf,,,False,0.011458883234750219,,[]
82,22,1,61122,False,lag_3,lag_3 <= 0.0703812,23.0,28.0,False,-0.020120395210364458,0.07038123167155425,[]
82,23,2,12174,False,month_sin,month_sin <= 0.25,24.0,25.0,True,-0.12179908076165463,0.25000000000000006,[]
82,24,3,6947,True,,leaf,,,False,-0.0006176850844768645,,[]
82,25,3,5227,False,nonzero_12,nonzero_12 <= 0.458333,26.0,27.0,False,-0.23353064731716633,0.45833333333333337,[]
82,26,4,2199,True,,leaf,,,False,-9.403383157088049e-05,,[]
82,27,4,3028,True,,leaf,,,False,-0.001594558011170759,,[]
82,28,2,48948,True,,leaf,,,False,0.00016312070523321343,,[]
83,0,0,86094,False,nonzero_12,nonzero_12 <= 0.291667,1.0,20.0,False,0.0,0.29166666666666663,[]
83,1,1,24972,False,mean_6,mean_6 <= 0.5,2.0,9.0,True,-0.5392682731566728,0.5,[]
83,2,2,15103,False,category,"category in ['0104', '0811', '1309', '2403', '2502', '2506', '2901']",3.0,4.0,False,-0.6523522794944749,,"[""0104"", ""0811"", ""1309"", ""2403"", ""2502"", ""2506"", ""2901""]"
83,3,3,719,True,,leaf,,,False,-0.0003218152071216151,,[]
83,4,3,14384,False,category,"category in ['0105', '1510', '2401', '2702', '2801', 'прочее']",5.0,6.0,False,-0.6725024315687091,,"[""0105"", ""1510"", ""2401"", ""2702"", ""2801"", ""прочее""]"
83,5,4,1928,True,,leaf,,,False,-0.0003218152071216151,,[]
83,6,4,12456,False,month_sin,month_sin <= 0.25,7.0,8.0,True,-0.6484838761431092,0.25000000000000006,[]
83,7,5,7684,True,,leaf,,,False,-0.0003218152071216151,,[]
83,8,5,4772,True,,leaf,,,False,-0.0003218152071216151,,[]
83,9,2,9869,False,category,"category in ['0104', '0201', '0203', '1501', '2401', '2502', '2514', '2703', '2704', '2802', '2901', '3001']",10.0,11.0,False,-0.36572527583763537,,"[""0104"", ""0201"", ""0203"", ""1501"", ""2401"", ""2502"", ""2514"", ""2703"", ""2704"", ""2802"", ""2901"", ""3001""]"
83,10,3,1319,True,,leaf,,,False,-0.0003218152071216151,,[]
83,11,3,8550,False,baseline_ratio,baseline_ratio <= 1.47128,12.0,17.0,True,-0.41892523364485984,1.471275021423019,[]
83,12,4,6995,False,lag_1,lag_1 <= 0,13.0,14.0,True,-0.4795146324054247,0.0,[]
83,13,5,4679,True,,leaf,,,False,-0.0003218152071216151,,[]
83,14,5,2316,False,mean_6,mean_6 <= 1.95556,15.0,16.0,True,-0.32244196044711954,1.9555555555555555,[]
83,15,6,1665,True,,leaf,,,False,-0.0003218152071216151,,[]
83,16,6,651,True,,leaf,,,False,-0.0003218152071216151,,[]
83,17,4,1555,False,nonzero_12,nonzero_12 <= 0.208333,18.0,19.0,True,-0.1450479233226837,0.20833333333333331,[]
83,18,5,838,True,,leaf,,,False,-0.0003218152071216151,,[]
83,19,5,717,True,,leaf,,,False,0.010885939073012708,,[]
83,20,1,61122,False,lag_3,lag_3 <= 0,21.0,26.0,False,-0.02021854347968331,0.0,[]
83,21,2,11731,False,month_sin,month_sin <= 0.25,22.0,23.0,True,-0.12358402180393493,0.25000000000000006,[]
83,22,3,6677,True,,leaf,,,False,-0.0005868008302530212,,[]
83,23,3,5054,False,nonzero_12,nonzero_12 <= 0.458333,24.0,25.0,False,-0.2381516587677725,0.45833333333333337,[]
83,24,4,2197,True,,leaf,,,False,-8.933213999233647e-05,,[]
83,25,4,2857,True,,leaf,,,False,-0.0015282069552241,,[]
83,26,2,49391,False,mean_6,mean_6 <= 0.944444,27.0,28.0,False,0.004352138620675695,0.9444444444444445,[]
83,27,3,15914,True,,leaf,,,False,-0.001156817219126008,,[]
83,28,3,33477,True,,leaf,,,False,0.000897565489419716,,[]
84,0,0,86094,False,nonzero_12,nonzero_12 <= 0.291667,1.0,22.0,False,0.0,0.29166666666666663,[]
84,1,1,24972,False,mean_6,mean_6 <= 0.5,2.0,9.0,True,-0.5392682731566728,0.5,[]
84,2,2,15103,False,category,"category in ['0104', '0811', '1309', '2403', '2502', '2506', '2901']",3.0,4.0,False,-0.6523522794944749,,"[""0104"", ""0811"", ""1309"", ""2403"", ""2502"", ""2506"", ""2901""]"
84,3,3,719,True,,leaf,,,False,-0.00030572444676553435,,[]
84,4,3,14384,False,category,"category in ['0105', '1510', '2401', '2702', '2801', 'прочее']",5.0,6.0,False,-0.6725024315687091,,"[""0105"", ""1510"", ""2401"", ""2702"", ""2801"", ""прочее""]"
84,5,4,1928,True,,leaf,,,False,-0.00030572444676553435,,[]
84,6,4,12456,False,month_sin,month_sin <= 0.25,7.0,8.0,True,-0.6484838761431092,0.25000000000000006,[]
84,7,5,7684,True,,leaf,,,False,-0.00030572444676553435,,[]
84,8,5,4772,True,,leaf,,,False,-0.00030572444676553435,,[]
84,9,2,9869,False,category,"category in ['0104', '0201', '0203', '1501', '2401', '2502', '2514', '2703', '2704', '2802', '2901', '3001']",10.0,13.0,False,-0.36572527583763537,,"[""0104"", ""0201"", ""0203"", ""1501"", ""2401"", ""2502"", ""2514"", ""2703"", ""2704"", ""2802"", ""2901"", ""3001""]"
84,10,3,1319,False,mean_3,mean_3 <= 1.71429,11.0,12.0,True,-0.020316027088036117,1.7142857142857142,[]
84,11,4,804,True,,leaf,,,False,-0.00030572444676553435,,[]
84,12,4,515,True,,leaf,,,False,0.036596750553234476,,[]
84,13,3,8550,False,baseline_ratio,baseline_ratio <= 1.47128,14.0,19.0,True,-0.41892523364485984,1.471275021423019,[]
84,14,4,6995,False,lag_1,lag_1 <= 0,15.0,16.0,True,-0.4795146324054247,0.0,[]
84,15,5,4679,True,,leaf,,,False,-0.00030572444676553435,,[]
84,16,5,2316,False,mean_6,mean_6 <= 1.95556,17.0,18.0,True,-0.32244196044711954,1.9555555555555555,[]
84,17,6,1665,True,,leaf,,,False,-0.00030572444676553435,,[]
84,18,6,651,True,,leaf,,,False,-0.00030572444676553435,,[]
84,19,4,1555,False,nonzero_12,nonzero_12 <= 0.208333,20.0,21.0,True,-0.1450479233226837,0.20833333333333331,[]
84,20,5,838,True,,leaf,,,False,-0.00030572444676553435,,[]
84,21,5,717,True,,leaf,,,False,0.010341642119362074,,[]
84,22,1,61122,False,lag_3,lag_3 <= 0,23.0,28.0,False,-0.019891382581953804,0.0,[]
84,23,2,11731,False,month_sin,month_sin <= 0.25,24.0,25.0,True,-0.12307299207903927,0.25000000000000006,[]
84,24,3,6677,True,,leaf,,,False,-0.0005574607887403702,,[]
84,25,3,5054,False,nonzero_12,nonzero_12 <= 0.458333,26.0,27.0,False,-0.23696682464454977,0.45833333333333337,[]
84,26,4,2197,True,,leaf,,,False,-8.486553299271964e-05,,[]
84,27,4,2857,True,,leaf,,,False,-0.001451796607462895,,[]
84,28,2,49391,True,,leaf,,,False,0.0001441202023762689,,[]
85,0,0,86094,False,nonzero_12,nonzero_12 <= 0.291667,1.0,20.0,False,0.0,0.29166666666666663,[]
85,1,1,24972,False,mean_6,mean_6 <= 0.5,2.0,9.0,True,-0.5394283884396766,0.5,[]
85,2,2,15103,False,category,"category in ['0104', '0811', '1309', '2403', '2502', '2506', '2901']",3.0,4.0,False,-0.6523522794944749,,"[""0104"", ""0811"", ""1309"", ""2403"", ""2502"", ""2506"", ""2901""]"
85,3,3,719,True,,leaf,,,False,-0.0002904382244272576,,[]
85,4,3,14384,False,category,"category in ['0105', '1510', '2401', '2702', '2801', 'прочее']",5.0,6.0,False,-0.6725024315687091,,"[""0105"", ""1510"", ""2401"", ""2702"", ""2801"", ""прочее""]"
85,5,4,1928,True,,leaf,,,False,-0.0002904382244272576,,[]
85,6,4,12456,False,month_sin,month_sin <= 0.25,7.0,8.0,True,-0.6484838761431092,0.25000000000000006,[]
85,7,5,7684,True,,leaf,,,False,-0.0002904382244272576,,[]
85,8,5,4772,True,,leaf,,,False,-0.0002904382244272576,,[]
85,9,2,9869,False,category,"category in ['0104', '0201', '0203', '1501', '2401', '2502', '2514', '2703', '2704', '2802', '2901', '3001']",10.0,11.0,False,-0.36613017511893914,,"[""0104"", ""0201"", ""0203"", ""1501"", ""2401"", ""2502"", ""2514"", ""2703"", ""2704"", ""2802"", ""2901"", ""3001""]"
85,10,3,1319,True,,leaf,,,False,-0.0002904382244272576,,[]
85,11,3,8550,False,baseline_ratio,baseline_ratio <= 1.47128,12.0,17.0,True,-0.41892523364485984,1.471275021423019,[]
85,12,4,6995,False,lag_1,lag_1 <= 0,13.0,14.0,True,-0.4795146324054247,0.0,[]
85,13,5,4679,True,,leaf,,,False,-0.0002904382244272576,,[]
85,14,5,2316,False,mean_6,mean_6 <= 1.95556,15.0,16.0,True,-0.32244196044711954,1.9555555555555555,[]
85,15,6,1665,True,,leaf,,,False,-0.0002904382244272576,,[]
85,16,6,651,True,,leaf,,,False,-0.0002904382244272576,,[]
85,17,4,1555,False,nonzero_12,nonzero_12 <= 0.208333,18.0,19.0,True,-0.1450479233226837,0.20833333333333331,[]
85,18,5,838,True,,leaf,,,False,-0.0002904382244272576,,[]
85,19,5,717,True,,leaf,,,False,0.00982456001339397,,[]
85,20,1,61122,False,lag_3,lag_3 <= 0,21.0,26.0,False,-0.019858666492180856,0.0,[]
85,21,2,11731,False,month_sin,month_sin <= 0.25,22.0,23.0,True,-0.12239161911251172,0.25000000000000006,[]
85,22,3,6677,True,,leaf,,,False,-0.0005295877493033517,,[]
85,23,3,5054,False,nonzero_12,nonzero_12 <= 0.458333,24.0,25.0,False,-0.235781990521327,0.45833333333333337,[]
85,24,4,2197,True,,leaf,,,False,-8.062225634308367e-05,,[]
85,25,4,2857,True,,leaf,,,False,-0.0013792067770897491,,[]
85,26,2,49391,False,month_cos,month_cos <= -6.12323e-17,27.0,28.0,True,0.004514078662375256,-6.123233995736765e-17,[]
85,27,3,25639,True,,leaf,,,False,0.0012386294127957054,,[]
85,28,3,23752,True,,leaf,,,False,-0.0008572398091513709,,[]
86,0,0,86094,False,nonzero_12,nonzero_12 <= 0.291667,1.0,22.0,False,0.0,0.29166666666666663,[]
86,1,1,24972,False,mean_6,mean_6 <= 0.5,2.0,11.0,True,-0.5394283884396766,0.5,[]
86,2,2,15103,False,category,"category in ['0104', '0811', '1309', '2403', '2502', '2506', '2901']",3.0,4.0,False,-0.6523522794944749,,"[""0104"", ""0811"", ""1309"", ""2403"", ""2502"", ""2506"", ""2901""]"
86,3,3,719,True,,leaf,,,False,-0.0002759163132058947,,[]
86,4,3,14384,False,category,"category in ['0105', '1510', '2401', '2702', '2801', 'прочее']",5.0,6.0,False,-0.6725024315687091,,"[""0105"", ""1510"", ""2401"", ""2702"", ""2801"", ""прочее""]"
86,5,4,1928,True,,leaf,,,False,-0.0002759163132058947,,[]
86,6,4,12456,False,month_sin,month_sin <= 0.25,7.0,10.0,True,-0.6484838761431092,0.25000000000000006,[]
86,7,5,7684,False,nonzero_12,nonzero_12 <= 0.208333,8.0,9.0,True,-0.5981284117494151,0.20833333333333331,[]
86,8,6,6568,True,,leaf,,,False,-0.0002759163132058947,,[]
86,9,6,1116,True,,leaf,,,False,-0.0002759163132058947,,[]
86,10,5,4772,True,,leaf,,,False,-0.0002759163132058947,,[]
86,11,2,9869,False,category,"category in ['0104', '0201', '0203', '1501', '2401', '2502', '2514', '2703', '2704', '2802', '2901', '3001']",12.0,13.0,False,-0.36613017511893914,,"[""0104"", ""0201"", ""0203"", ""1501"", ""2401"", ""2502"", ""2514"", ""2703"", ""2704"", ""2802"", ""2901"", ""3001""]"
86,12,3,1319,True,,leaf,,,False,-0.0002759163132058947,,[]
86,13,3,8550,False,baseline_ratio,baseline_ratio <= 1.47128,14.0,19.0,True,-0.41892523364485984,1.471275021423019,[]
86,14,4,6995,False,lag_1,lag_1 <= 0,15.0,16.0,True,-0.4795146324054247,0.0,[]
86,15,5,4679,True,,leaf,,,False,-0.0002759163132058947,,[]
86,16,5,2316,False,mean_6,mean_6 <= 1.95556,17.0,18.0,True,-0.32244196044711954,1.9555555555555555,[]
86,17,6,1665,True,,leaf,,,False,-0.0002759163132058947,,[]
86,18,6,651,True,,leaf,,,False,-0.0002759163132058947,,[]
86,19,4,1555,False,nonzero_12,nonzero_12 <= 0.208333,20.0,21.0,True,-0.1450479233226837,0.20833333333333331,[]
86,20,5,838,True,,leaf,,,False,-0.0002759163132058947,,[]
86,21,5,717,True,,leaf,,,False,0.009333332012724271,,[]
86,22,1,61122,False,nonzero_12,nonzero_12 <= 0.458333,23.0,28.0,False,-0.019760518222862004,0.45833333333333337,[]
86,23,2,10954,False,month_sin,month_sin <= -6.12323e-17,24.0,25.0,True,-0.12677854797519153,-6.123233995736766e-17,[]
86,24,3,6642,True,,leaf,,,False,-0.0003714545886299941,,[]
86,25,3,4312,False,lag_3,lag_3 <= 0,26.0,27.0,True,-0.31466913465987967,0.0,[]
86,26,4,2717,True,,leaf,,,False,-0.0004074784913775367,,[]
86,27,4,1595,True,,leaf,,,False,-0.0009027699853997193,,[]
86,28,2,50168,True,,leaf,,,False,0.0001328175945299062,,[]
87,0,0,86094,False,nonzero_12,nonzero_12 <= 0.291667,1.0,20.0,False,0.0,0.29166666666666663,[]
87,1,1,24972,False,mean_6,mean_6 <= 0.5,2.0,9.0,True,-0.5394283884396766,0.5,[]
87,2,2,15103,False,category,"category in ['0104', '0811', '1309', '2403', '2502', '2506', '2901']",3.0,4.0,False,-0.6523522794944749,,"[""0104"", ""0811"", ""1309"", ""2403"", ""2502"", ""2506"", ""2901""]"
87,3,3,719,True,,leaf,,,False,-0.00026212049754559995,,[]
87,4,3,14384,False,category,"category in ['0105', '1510', '2401', '2702', '2801', 'прочее']",5.0,6.0,False,-0.6725024315687091,,"[""0105"", ""1510"", ""2401"", ""2702"", ""2801"", ""прочее""]"
87,5,4,1928,True,,leaf,,,False,-0.00026212049754559995,,[]
87,6,4,12456,False,month_sin,month_sin <= 0.25,7.0,8.0,True,-0.6484838761431092,0.25000000000000006,[]
87,7,5,7684,True,,leaf,,,False,-0.00026212049754559995,,[]
87,8,5,4772,True,,leaf,,,False,-0.00026212049754559995,,[]
87,9,2,9869,False,category,"category in ['0104', '0201', '0203', '1501', '2401', '2502', '2514', '2703', '2704', '2802', '2901', '3001']",10.0,11.0,False,-0.36613017511893914,,"[""0104"", ""0201"", ""0203"", ""1501"", ""2401"", ""2502"", ""2514"", ""2703"", ""2704"", ""2802"", ""2901"", ""3001""]"
87,10,3,1319,True,,leaf,,,False,-0.00026212049754559995,,[]
87,11,3,8550,False,baseline_ratio,baseline_ratio <= 1.47128,12.0,17.0,True,-0.41892523364485984,1.471275021423019,[]
87,12,4,6995,False,lag_1,lag_1 <= 0,13.0,14.0,True,-0.4795146324054247,0.0,[]
87,13,5,4679,True,,leaf,,,False,-0.00026212049754559995,,[]
87,14,5,2316,False,mean_6,mean_6 <= 1.95556,15.0,16.0,True,-0.32244196044711954,1.9555555555555555,[]
87,15,6,1665,True,,leaf,,,False,-0.00026212049754559995,,[]
87,16,6,651,True,,leaf,,,False,-0.00026212049754559995,,[]
87,17,4,1555,False,nonzero_12,nonzero_12 <= 0.208333,18.0,19.0,True,-0.1450479233226837,0.20833333333333331,[]
87,18,5,838,True,,leaf,,,False,-0.00026212049754559995,,[]
87,19,5,717,True,,leaf,,,False,0.008866665412088057,,[]
87,20,1,61122,False,nonzero_12,nonzero_12 <= 0.458333,21.0,28.0,False,-0.019727802133089053,0.45833333333333337,[]
87,21,2,10954,False,month_sin,month_sin <= -6.12323e-17,22.0,23.0,True,-0.12586647209047794,-6.123233995736766e-17,[]
87,22,3,6642,True,,leaf,,,False,-0.00035288185919849494,,[]
87,23,3,4312,False,lag_3,lag_3 <= 0,24.0,25.0,True,-0.3123553910226747,0.0,[]
87,24,4,2717,True,,leaf,,,False,-0.00038710456680865983,,[]
87,25,4,1595,False,category,"category in ['0104', '0107', '0302', '0811', '1305', '2802', '2901', '3002']",26.0,27.0,True,-0.1264797507788162,,"[""0104"", ""0107"", ""0302"", ""0811"", ""1305"", ""2802"", ""2901"", ""3002""]"
87,26,5,862,True,,leaf,,,False,6.874490269694195e-05,,[]
87,27,5,733,True,,leaf,,,False,-0.001673242060953575,,[]
87,28,2,50168,True,,leaf,,,False,0.00012617671480341167,,[]
88,0,0,86094,False,nonzero_12,nonzero_12 <= 0.291667,1.0,16.0,False,0.0,0.29166666666666663,[]
88,1,1,24972,False,mean_6,mean_6 <= 0.5,2.0,9.0,True,-0.5394283884396766,0.5,[]
88,2,2,15103,False,category,"category in ['0104', '0811', '1309', '2403', '2502', '2506', '2901']",3.0,4.0,False,-0.6523522794944749,,"[""0104"", ""0811"", ""1309"", ""2403"", ""2502"", ""2506"", ""2901""]"
88,3,3,719,True,,leaf,,,False,-0.00024901447266832,,[]
88,4,3,14384,False,category,"category in ['0105', '1510', '2401', '2702', '2801', 'прочее']",5.0,6.0,False,-0.6725024315687091,,"[""0105"", ""1510"", ""2401"", ""2702"", ""2801"", ""прочее""]"
88,5,4,1928,True,,leaf,,,False,-0.00024901447266832,,[]
88,6,4,12456,False,month_sin,month_sin <= 0.25,7.0,8.0,True,-0.6484838761431092,0.25000000000000006,[]
88,7,5,7684,True,,leaf,,,False,-0.00024901447266832,,[]
88,8,5,4772,True,,leaf,,,False,-0.00024901447266832,,[]
88,9,2,9869,False,category,"category in ['0104', '0201', '0203', '1501', '2401', '2502', '2514', '2703', '2704', '2802', '2901', '3001']",10.0,11.0,False,-0.36613017511893914,,"[""0104"", ""0201"", ""0203"", ""1501"", ""2401"", ""2502"", ""2514"", ""2703"", ""2704"", ""2802"", ""2901"", ""3001""]"
88,10,3,1319,True,,leaf,,,False,-0.00024901447266832,,[]
88,11,3,8550,False,baseline_ratio,baseline_ratio <= 1.47128,12.0,15.0,True,-0.41892523364485984,1.471275021423019,[]
88,12,4,6995,False,lag_1,lag_1 <= 0,13.0,14.0,True,-0.4795146324054247,0.0,[]
88,13,5,4679,True,,leaf,,,False,-0.00024901447266832,,[]
88,14,5,2316,True,,leaf,,,False,-0.00024901447266832,,[]
88,15,4,1555,True,,leaf,,,False,-0.00024901447266832,,[]
88,16,1,61122,False,log_scale,log_scale <= 0.949081,17.0,22.0,False,-0.016161748347837467,0.9490805546971459,[]
88,17,2,8019,False,month_sin,month_sin <= -6.12323e-17,18.0,19.0,True,-0.1291568065761614,-6.123233995736766e-17,[]
88,18,3,4196,True,,leaf,,,False,-0.00034163560611149375,,[]
88,19,3,3823,False,category,"category in ['0104', '0107', '0811', '1203', '2403', '2510', '2704']",20.0,21.0,False,-0.2569788677276285,,"[""0104"", ""0107"", ""0811"", ""1203"", ""2403"", ""2510"", ""2704""]"
88,20,4,346,True,,leaf,,,False,0.021778458017328584,,[]
88,21,4,3477,True,,leaf,,,False,-0.0011168412385456608,,[]
88,22,2,53103,False,cv_12,cv_12 <= 1.24492,23.0,24.0,True,0.0009225613315007625,1.244917639031269,[]
88,23,3,39250,True,,leaf,,,False,0.0007601236325571276,,[]
88,24,3,13853,False,category,"category in ['0103', '0104', '0105', '0107', '0808', '1201', '1302', '1306', '1309', '1510', '2502', '2506', '2703', '2802', '2803', '2901']",25.0,26.0,False,-0.055759936521676406,,"[""0103"", ""0104"", ""0105"", ""0107"", ""0808"", ""1201"", ""1302"", ""1306"", ""1309"", ""1510"", ""2502"", ""2506"", ""2703"", ""2802"", ""2803"", ""2901""]"
88,25,4,3369,True,,leaf,,,False,0.0046898015698486565,,[]
88,26,4,10484,False,mean_6,mean_6 <= 1.84247,27.0,28.0,True,-0.09395845244901849,1.8424657534246578,[]
88,27,5,7858,True,,leaf,,,False,-0.0015399928309890818,,[]
88,28,5,2626,True,,leaf,,,False,0.0030006912323208342,,[]
89,0,0,86094,False,nonzero_12,nonzero_12 <= 0.291667,1.0,12.0,False,0.0,0.29166666666666663,[]
89,1,1,24972,False,mean_6,mean_6 <= 0.5,2.0,5.0,True,-0.5392682731566728,0.5,[]
89,2,2,15103,False,category,"category in ['0104', '0811', '1309', '2403', '2502', '2506', '2901']",3.0,4.0,False,-0.6523522794944749,,"[""0104"", ""0811"", ""1309"", ""2403"", ""2502"", ""2506"", ""2901""]"
89,3,3,719,True,,leaf,,,False,-0.000236563749034904,,[]
89,4,3,14384,True,,leaf,,,False,-0.000236563749034904,,[]
89,5,2,9869,False,category,"category in ['0104', '0201', '0203', '1501', '2401', '2502', '2514', '2703', '2704', '2802', '2901', '3001']",6.0,7.0,False,-0.36572527583763537,,"[""0104"", ""0201"", ""0203"", ""1501"", ""2401"", ""2502"", ""2514"", ""2703"", ""2704"", ""2802"", ""2901"", ""3001""]"
89,6,3,1319,True,,leaf,,,False,-0.000236563749034904,,[]
89,7,3,8550,False,baseline_ratio,baseline_ratio <= 1.47128,8.0,11.0,True,-0.41845794392523367,1.471275021423019,[]
89,8,4,6995,False,lag_1,lag_1 <= 0,9.0,10.0,True,-0.47894361170592437,0.0,[]
89,9,5,4679,True,,leaf,,,False,-0.000236563749034904,,[]
89,10,5,2316,True,,leaf,,,False,-0.000236563749034904,,[]
89,11,4,1555,True,,leaf,,,False,-0.000236563749034904,,[]
89,12,1,61122,False,nonzero_12,nonzero_12 <= 0.375,13.0,22.0,False,-0.0018975332068311196,0.375,[]
89,13,2,5733,False,mean_3,mean_3 <= 0.097561,14.0,19.0,False,0.08723663590457949,0.0975609756097561,[]
89,14,3,1191,False,category,"category in ['0302', '1305', '1501', '2004', '2506', '2514', '2702', '2703', '2801', '3002']",15.0,18.0,True,0.4787676935886761,,"[""0302"", ""1305"", ""1501"", ""2004"", ""2506"", ""2514"", ""2702"", ""2703"", ""2801"", ""3002""]"
89,15,4,882,False,month_cos,month_cos <= -0.933013,16.0,17.0,False,0.6860986547085202,-0.9330127018922194,[]
89,16,5,107,True,,leaf,,,False,-0.0003863795673794201,,[]
89,17,5,775,True,,leaf,,,False,4.07782249281982e-05,,[]
89,18,4,309,True,,leaf,,,False,-0.0011977694543248256,,[]
89,19,3,4542,False,category,"category in ['0103', '0105', '0108', '0808', '0811', '1303', '1305', '1309', '2004', '2403', '2702', '2703', '2803']",20.0,21.0,False,-0.01625659050966608,,"[""0103"", ""0105"", ""0108"", ""0808"", ""0811"", ""1303"", ""1305"", ""1309"", ""2004"", ""2403"", ""2702"", ""2703"", ""2803""]"
89,20,4,1090,True,,leaf,,,False,-0.0022665005164911553,,[]
89,21,4,3452,True,,leaf,,,False,4.013765093283445e-05,,[]
89,22,2,55389,False,nonzero_12,nonzero_12 <= 0.458333,23.0,28.0,False,-0.011137385151356522,0.45833333333333337,[]
89,23,3,5221,False,category,"category in ['0103', '0104', '0107', '0108', '0811', '2403', '2802', '2803', '2902', 'прочее']",24.0,25.0,False,-0.14050850697763334,,"[""0103"", ""0104"", ""0107"", ""0108"", ""0811"", ""2403"", ""2802"", ""2803"", ""2902"", ""прочее""]"
89,24,4,712,True,,leaf,,,False,0.022210260045753463,,[]
89,25,4,4509,False,month_sin,month_sin <= -6.12323e-17,26.0,27.0,True,-0.191414029652578,-6.123233995736766e-17,[]
89,26,5,2828,True,,leaf,,,False,-0.006975680516034204,,[]
89,27,5,1681,True,,leaf,,,False,-0.003491183281989068,,[]
89,28,3,50168,True,,leaf,,,False,9.275755026673938e-05,,[]
90,0,0,86094,False,nonzero_12,nonzero_12 <= 0.291667,1.0,12.0,False,0.0,0.29166666666666663,[]
90,1,1,24972,False,mean_6,mean_6 <= 0.5,2.0,5.0,True,-0.5392682731566728,0.5,[]
90,2,2,15103,False,category,"category in ['0104', '0811', '1309', '2403', '2502', '2506', '2901']",3.0,4.0,False,-0.6523522794944749,,"[""0104"", ""0811"", ""1309"", ""2403"", ""2502"", ""2506"", ""2901""]"
90,3,3,719,True,,leaf,,,False,-0.0002247355615831588,,[]
90,4,3,14384,True,,leaf,,,False,-0.0002247355615831588,,[]
90,5,2,9869,False,category,"category in ['0104', '0201', '0203', '1501', '2401', '2502', '2514', '2703', '2704', '2802', '2901', '3001']",6.0,7.0,False,-0.36572527583763537,,"[""0104"", ""0201"", ""0203"", ""1501"", ""2401"", ""2502"", ""2514"", ""2703"", ""2704"", ""2802"", ""2901"", ""3001""]"
90,6,3,1319,True,,leaf,,,False,-0.0002247355615831588,,[]
90,7,3,8550,False,baseline_ratio,baseline_ratio <= 1.47128,8.0,11.0,True,-0.41845794392523367,1.471275021423019,[]
90,8,4,6995,False,lag_1,lag_1 <= 0,9.0,10.0,True,-0.47894361170592437,0.0,[]
90,9,5,4679,True,,leaf,,,False,-0.0002247355615831588,,[]
90,10,5,2316,True,,leaf,,,False,-0.0002247355615831588,,[]
90,11,4,1555,True,,leaf,,,False,-0.0002247355615831588,,[]
90,12,1,61122,False,nonzero_12,nonzero_12 <= 0.375,13.0,22.0,False,-0.0014395079500098148,0.375,[]
90,13,2,5733,False,mean_3,mean_3 <= 0.097561,14.0,19.0,False,0.09315688664461083,0.0975609756097561,[]
90,14,3,1191,False,category,"category in ['0302', '1305', '1501', '2004', '2506', '2514', '2702', '2703', '2801', '3002']",15.0,18.0,True,0.4787676935886761,,"[""0302"", ""1305"", ""1501"", ""2004"", ""2506"", ""2514"", ""2702"", ""2703"", ""2801"", ""3002""]"
90,15,4,882,False,month_cos,month_cos <= -0.933013,16.0,17.0,False,0.6860986547085202,-0.9330127018922194,[]
90,16,5,107,True,,leaf,,,False,-0.0003670605890104491,,[]
90,17,5,775,True,,leaf,,,False,3.873931368178829e-05,,[]
90,18,4,309,True,,leaf,,,False,-0.0011378809816085843,,[]
90,19,3,4542,False,trend_factor,trend_factor <= 0.913045,20.0,21.0,False,-0.008787346221441126,0.9130450200477968,[]
90,20,4,479,True,,leaf,,,False,0.03872152038290514,,[]
90,21,4,4063,True,,leaf,,,False,-0.0003265607083525608,,[]
90,22,2,55389,False,nonzero_12,nonzero_12 <= 0.458333,23.0,28.0,False,-0.011245690355421578,0.45833333333333337,[]
90,23,3,5221,False,month_sin,month_sin <= -6.12323e-17,24.0,25.0,True,-0.1412731791244504,-6.123233995736766e-17,[]
90,24,4,3340,True,,leaf,,,False,-0.005263682484171698,,[]
90,25,4,1881,False,category,"category in ['0104', '0107', '0811', '1305', '1306', '2802', '2803', '2901']",26.0,27.0,False,-0.3093601269169751,,"[""0104"", ""0107"", ""0811"", ""1305"", ""1306"", ""2802"", ""2803"", ""2901""]"
90,26,5,223,True,,leaf,,,False,0.0242128891646855,,[]
90,27,5,1658,True,,leaf,,,False,-0.003447601398997401,,[]
90,28,3,50168,True,,leaf,,,False,8.811967275340339e-05,,[]
91,0,0,86094,False,nonzero_12,nonzero_12 <= 0.291667,1.0,12.0,False,0.0,0.29166666666666663,[]
91,1,1,24972,False,mean_6,mean_6 <= 0.5,2.0,5.0,True,-0.5392682731566728,0.5,[]
91,2,2,15103,False,category,"category in ['0104', '0811', '1309', '2403', '2502', '2506', '2901']",3.0,4.0,False,-0.6523522794944749,,"[""0104"", ""0811"", ""1309"", ""2403"", ""2502"", ""2506"", ""2901""]"
91,3,3,719,True,,leaf,,,False,-0.00021349878350400086,,[]
91,4,3,14384,True,,leaf,,,False,-0.00021349878350400086,,[]
91,5,2,9869,False,category,"category in ['0104', '0201', '0203', '1501', '2401', '2502', '2514', '2703', '2704', '2802', '2901', '3001']",6.0,7.0,False,-0.36572527583763537,,"[""0104"", ""0201"", ""0203"", ""1501"", ""2401"", ""2502"", ""2514"", ""2703"", ""2704"", ""2802"", ""2901"", ""3001""]"
91,6,3,1319,True,,leaf,,,False,-0.00021349878350400086,,[]
91,7,3,8550,False,baseline_ratio,baseline_ratio <= 1.47128,8.0,11.0,True,-0.41845794392523367,1.471275021423019,[]
91,8,4,6995,False,lag_1,lag_1 <= 0,9.0,10.0,True,-0.47894361170592437,0.0,[]
91,9,5,4679,True,,leaf,,,False,-0.00021349878350400086,,[]
91,10,5,2316,True,,leaf,,,False,-0.00021349878350400086,,[]
91,11,4,1555,True,,leaf,,,False,-0.00021349878350400086,,[]
91,12,1,61122,False,nonzero_12,nonzero_12 <= 0.375,13.0,22.0,False,-0.0012104953215991625,0.375,[]
91,13,2,5733,False,mean_3,mean_3 <= 0,14.0,19.0,False,0.09454988681873586,0.0,[]
91,14,3,1149,False,month_cos,month_cos <= -0.933013,15.0,16.0,False,0.4909404659188956,-0.9330127018922194,[]
91,15,4,145,True,,leaf,,,False,-0.0003698651391820977,,[]
91,16,4,1004,False,category,"category in ['0107', '0201', '0811', '1302', '1303', '2803']",17.0,18.0,False,0.6252465483234714,,"[""0107"", ""0201"", ""0811"", ""1302"", ""1303"", ""2803""]"
91,17,5,168,True,,leaf,,,False,-0.0018200410354986003,,[]
91,18,5,836,True,,leaf,,,False,3.680234799769887e-05,,[]
91,19,3,4584,False,trend_factor,trend_factor <= 0.913045,20.0,21.0,False,-0.0056595559425337396,0.9130450200477968,[]
91,20,4,486,True,,leaf,,,False,0.03699870454530193,,[]
91,21,4,4098,True,,leaf,,,False,-0.000302092945175614,,[]
91,22,2,55389,False,nonzero_12,nonzero_12 <= 0.458333,23.0,28.0,False,-0.011137385151356522,0.45833333333333337,[]
91,23,3,5221,False,month_sin,month_sin <= -6.12323e-17,24.0,25.0,True,-0.1385968266105907,-6.123233995736766e-17,[]
91,24,4,3340,True,,leaf,,,False,-0.005000498359963115,,[]
91,25,4,1881,False,category,"category in ['0103', '0104', '0107', '0811', '1303', '1305', '1306', '1501', '2401', '2802', '2803', '2901']",26.0,27.0,False,-0.30830248545742994,,"[""0103"", ""0104"", ""0107"", ""0811"", ""1303"", ""1305"", ""1306"", ""1501"", ""2401"", ""2802"", ""2803"", ""2901""]"
91,26,5,511,True,,leaf,,,False,-0.0002684689516781619,,[]
91,27,5,1370,True,,leaf,,,False,-0.003144244047939745,,[]
91,28,3,50168,True,,leaf,,,False,8.371368911573446e-05,,[]
92,0,0,86094,False,nonzero_12,nonzero_12 <= 0.291667,1.0,14.0,False,0.0,0.29166666666666663,[]
92,1,1,24972,False,mean_6,mean_6 <= 0.5,2.0,7.0,True,-0.5392682731566728,0.5,[]
92,2,2,15103,False,category,"category in ['0104', '0811', '1309', '2403', '2502', '2506', '2901']",3.0,4.0,False,-0.6523522794944749,,"[""0104"", ""0811"", ""1309"", ""2403"", ""2502"", ""2506"", ""2901""]"
92,3,3,719,True,,leaf,,,False,-0.00020282384432880084,,[]
92,4,3,14384,False,category,"category in ['0105', '1510', '2401', '2702', '2801', 'прочее']",5.0,6.0,False,-0.6725024315687091,,"[""0105"", ""1510"", ""2401"", ""2702"", ""2801"", ""прочее""]"
92,5,4,1928,True,,leaf,,,False,-0.00020282384432880084,,[]
92,6,4,12456,True,,leaf,,,False,-0.00020282384432880084,,[]
92,7,2,9869,False,category,"category in ['0104', '0201', '0203', '1501', '2401', '2502', '2514', '2703', '2704', '2802', '2901', '3001']",8.0,9.0,False,-0.36572527583763537,,"[""0104"", ""0201"", ""0203"", ""1501"", ""2401"", ""2502"", ""2514"", ""2703"", ""2704"", ""2802"", ""2901"", ""3001""]"
92,8,3,1319,True,,leaf,,,False,-0.00020282384432880084,,[]
92,9,3,8550,False,baseline_ratio,baseline_ratio <= 1.47128,10.0,13.0,True,-0.41845794392523367,1.471275021423019,[]
92,10,4,6995,False,lag_1,lag_1 <= 0,11.0,12.0,True,-0.47894361170592437,0.0,[]
92,11,5,4679,True,,leaf,,,False,-0.00020282384432880084,,[]
92,12,5,2316,True,,leaf,,,False,-0.00020282384432880084,,[]
92,13,4,1555,True,,leaf,,,False,-0.00020282384432880084,,[]
92,14,1,61122,False,nonzero_12,nonzero_12 <= 0.375,15.0,22.0,False,-0.0010469148727344107,0.375,[]
92,15,2,5733,False,mean_3,mean_3 <= 0,16.0,21.0,False,0.09524638690579837,0.0,[]
92,16,3,1149,False,month_cos,month_cos <= -0.933013,17.0,18.0,False,0.4909404659188956,-0.9330127018922194,[]
92,17,4,145,True,,leaf,,,False,-0.0003513718822229928,,[]
92,18,4,1004,False,category,"category in ['0107', '0201', '0811', '1302', '1303', '2803']",19.0,20.0,False,0.6252465483234714,,"[""0107"", ""0201"", ""0811"", ""1302"", ""1303"", ""2803""]"
92,19,5,168,True,,leaf,,,False,-0.0017290389837236705,,[]
92,20,5,836,True,,leaf,,,False,3.496223059781393e-05,,[]
92,21,3,4584,True,,leaf,,,False,-6.105735081887744e-05,,[]
92,22,2,55389,False,nonzero_12,nonzero_12 <= 0.458333,23.0,28.0,False,-0.011029079947291468,0.45833333333333337,[]
92,23,3,5221,False,month_sin,month_sin <= -6.12323e-17,24.0,25.0,True,-0.13630281017013957,-6.123233995736766e-17,[]
92,24,4,3340,True,,leaf,,,False,-0.004750473441964957,,[]
92,25,4,1881,False,category,"category in ['0103', '0104', '0107', '0811', '1303', '1305', '1306', '1501', '2401', '2802', '2803', '2901']",26.0,27.0,False,-0.30830248545742994,,"[""0103"", ""0104"", ""0107"", ""0811"", ""1303"", ""1305"", ""1306"", ""1501"", ""2401"", ""2802"", ""2803"", ""2901""]"
92,26,5,511,True,,leaf,,,False,-0.00025504550409425383,,[]
92,27,5,1370,True,,leaf,,,False,-0.0029870318455427576,,[]
92,28,3,50168,True,,leaf,,,False,7.952800465994976e-05,,[]
93,0,0,86094,False,nonzero_12,nonzero_12 <= 0.291667,1.0,14.0,False,0.0,0.29166666666666663,[]
93,1,1,24972,False,mean_6,mean_6 <= 0.5,2.0,7.0,True,-0.5392682731566728,0.5,[]
93,2,2,15103,False,category,"category in ['0104', '0811', '1309', '2403', '2502', '2506', '2901']",3.0,4.0,False,-0.6523522794944749,,"[""0104"", ""0811"", ""1309"", ""2403"", ""2502"", ""2506"", ""2901""]"
93,3,3,719,True,,leaf,,,False,-0.00019268265211236078,,[]
93,4,3,14384,False,category,"category in ['0105', '1510', '2401', '2702', '2801', 'прочее']",5.0,6.0,False,-0.6725024315687091,,"[""0105"", ""1510"", ""2401"", ""2702"", ""2801"", ""прочее""]"
93,5,4,1928,True,,leaf,,,False,-0.00019268265211236078,,[]
93,6,4,12456,True,,leaf,,,False,-0.00019268265211236078,,[]
93,7,2,9869,False,category,"category in ['0104', '0201', '0203', '1501', '2401', '2502', '2514', '2703', '2704', '2802', '2901', '3001']",8.0,9.0,False,-0.36572527583763537,,"[""0104"", ""0201"", ""0203"", ""1501"", ""2401"", ""2502"", ""2514"", ""2703"", ""2704"", ""2802"", ""2901"", ""3001""]"
93,8,3,1319,True,,leaf,,,False,-0.00019268265211236078,,[]
93,9,3,8550,False,baseline_ratio,baseline_ratio <= 1.47128,10.0,13.0,True,-0.41845794392523367,1.471275021423019,[]
93,10,4,6995,False,lag_1,lag_1 <= 0,11.0,12.0,True,-0.47894361170592437,0.0,[]
93,11,5,4679,True,,leaf,,,False,-0.00019268265211236078,,[]
93,12,5,2316,True,,leaf,,,False,-0.00019268265211236078,,[]
93,13,4,1555,True,,leaf,,,False,-0.00019268265211236078,,[]
93,14,1,61122,False,nonzero_12,nonzero_12 <= 0.375,15.0,22.0,False,-0.0010141987829614604,0.375,[]
93,15,2,5733,False,mean_3,mean_3 <= 0,16.0,21.0,False,0.09524638690579837,0.0,[]
93,16,3,1149,False,month_cos,month_cos <= -0.933013,17.0,18.0,False,0.4909404659188956,-0.9330127018922194,[]
93,17,4,145,True,,leaf,,,False,-0.0003338032881118431,,[]
93,18,4,1004,False,category,"category in ['0107', '0201', '0811', '1302', '1303', '2803']",19.0,20.0,False,0.6252465483234714,,"[""0107"", ""0201"", ""0811"", ""1302"", ""1303"", ""2803""]"
93,19,5,168,True,,leaf,,,False,-0.001642587034537487,,[]
93,20,5,836,True,,leaf,,,False,3.3214119067923236e-05,,[]
93,21,3,4584,True,,leaf,,,False,-5.800448327793357e-05,,[]
93,22,2,55389,False,nonzero_12,nonzero_12 <= 0.458333,23.0,28.0,False,-0.010992978212603116,0.45833333333333337,[]
93,23,3,5221,False,month_sin,month_sin <= -6.12323e-17,24.0,25.0,True,-0.13439112980309692,-6.123233995736766e-17,[]
93,24,4,3340,True,,leaf,,,False,-0.004512949769866708,,[]
93,25,4,1881,False,category,"category in ['0103', '0104', '0107', '0811', '1303', '1305', '1306', '1501', '2401', '2802', '2803', '2901']",26.0,27.0,False,-0.30830248545742994,,"[""0103"", ""0104"", ""0107"", ""0811"", ""1303"", ""1305"", ""1306"", ""1501"", ""2401"", ""2802"", ""2803"", ""2901""]"
93,26,5,511,True,,leaf,,,False,-0.00024229322888954112,,[]
93,27,5,1370,True,,leaf,,,False,-0.00283768025326562,,[]
93,28,3,50168,True,,leaf,,,False,7.555160442695302e-05,,[]
94,0,0,86094,False,nonzero_12,nonzero_12 <= 0.291667,1.0,14.0,False,0.0,0.29166666666666663,[]
94,1,1,24972,False,mean_6,mean_6 <= 0.5,2.0,7.0,True,-0.5392682731566728,0.5,[]
94,2,2,15103,False,category,"category in ['0104', '0811', '1309', '2403', '2502', '2506', '2901']",3.0,4.0,False,-0.6523522794944749,,"[""0104"", ""0811"", ""1309"", ""2403"", ""2502"", ""2506"", ""2901""]"
94,3,3,719,True,,leaf,,,False,-0.00018304851950674275,,[]
94,4,3,14384,False,category,"category in ['0105', '1510', '2401', '2702', '2801', 'прочее']",5.0,6.0,False,-0.6725024315687091,,"[""0105"", ""1510"", ""2401"", ""2702"", ""2801"", ""прочее""]"
94,5,4,1928,True,,leaf,,,False,-0.00018304851950674275,,[]
94,6,4,12456,True,,leaf,,,False,-0.00018304851950674275,,[]
94,7,2,9869,False,category,"category in ['0104', '0201', '0203', '1501', '2401', '2502', '2514', '2703', '2704', '2802', '2901', '3001']",8.0,9.0,False,-0.36572527583763537,,"[""0104"", ""0201"", ""0203"", ""1501"", ""2401"", ""2502"", ""2514"", ""2703"", ""2704"", ""2802"", ""2901"", ""3001""]"
94,8,3,1319,True,,leaf,,,False,-0.00018304851950674275,,[]
94,9,3,8550,False,baseline_ratio,baseline_ratio <= 1.47128,10.0,13.0,True,-0.41845794392523367,1.471275021423019,[]
94,10,4,6995,False,lag_1,lag_1 <= 0,11.0,12.0,True,-0.47894361170592437,0.0,[]
94,11,5,4679,True,,leaf,,,False,-0.00018304851950674275,,[]
94,12,5,2316,True,,leaf,,,False,-0.00018304851950674275,,[]
94,13,4,1555,True,,leaf,,,False,-0.00018304851950674275,,[]
94,14,1,61122,False,nonzero_12,nonzero_12 <= 0.375,15.0,22.0,False,-0.0006870378852319571,0.375,[]
94,15,2,5733,False,mean_3,mean_3 <= 0,16.0,21.0,False,0.09524638690579837,0.0,[]
94,16,3,1149,False,month_cos,month_cos <= -0.933013,17.0,18.0,False,0.4909404659188956,-0.9330127018922194,[]
94,17,4,145,True,,leaf,,,False,-0.00031711312370625097,,[]
94,18,4,1004,False,category,"category in ['0107', '0201', '0811', '1302', '1303', '2803']",19.0,20.0,False,0.6252465483234714,,"[""0107"", ""0201"", ""0811"", ""1302"", ""1303"", ""2803""]"
94,19,5,168,True,,leaf,,,False,-0.0015604576828106126,,[]
94,20,5,836,True,,leaf,,,False,3.155341311452707e-05,,[]
94,21,3,4584,True,,leaf,,,False,-5.5104259114036894e-05,,[]
94,22,2,55389,False,nonzero_12,nonzero_12 <= 0.458333,23.0,28.0,False,-0.010631960865719598,0.45833333333333337,[]
94,23,3,5221,False,month_sin,month_sin <= -6.12323e-17,24.0,25.0,True,-0.13018543299560315,-6.123233995736766e-17,[]
94,24,4,3340,True,,leaf,,,False,-0.004287302281373375,,[]
94,25,4,1881,False,category,"category in ['0104', '0107', '0811', '1305', '1306', '2802', '2803', '2901']",26.0,27.0,False,-0.3008989952406134,,"[""0104"", ""0107"", ""0811"", ""1305"", ""1306"", ""2802"", ""2803"", ""2901""]"
94,26,5,223,True,,leaf,,,False,0.023040535090684322,,[]
94,27,5,1658,True,,leaf,,,False,-0.002826773521710125,,[]
94,28,3,50168,True,,leaf,,,False,7.177402420560781e-05,,[]
95,0,0,86094,False,nonzero_12,nonzero_12 <= 0.291667,1.0,14.0,False,0.0,0.29166666666666663,[]
95,1,1,24972,False,mean_6,mean_6 <= 0.5,2.0,7.0,True,-0.5392682731566728,0.5,[]
95,2,2,15103,False,category,"category in ['0104', '0811', '1309', '2403', '2502', '2506', '2901']",3.0,4.0,False,-0.6523522794944749,,"[""0104"", ""0811"", ""1309"", ""2403"", ""2502"", ""2506"", ""2901""]"
95,3,3,719,True,,leaf,,,False,-0.00017389609353140562,,[]
95,4,3,14384,False,category,"category in ['0105', '1510', '2401', '2702', '2801', 'прочее']",5.0,6.0,False,-0.6725024315687091,,"[""0105"", ""1510"", ""2401"", ""2702"", ""2801"", ""прочее""]"
95,5,4,1928,True,,leaf,,,False,-0.00017389609353140562,,[]
95,6,4,12456,True,,leaf,,,False,-0.00017389609353140562,,[]
95,7,2,9869,False,category,"category in ['0104', '0201', '0203', '1501', '2401', '2502', '2514', '2703', '2704', '2802', '2901', '3001']",8.0,9.0,False,-0.36572527583763537,,"[""0104"", ""0201"", ""0203"", ""1501"", ""2401"", ""2502"", ""2514"", ""2703"", ""2704"", ""2802"", ""2901"", ""3001""]"
95,8,3,1319,True,,leaf,,,False,-0.00017389609353140562,,[]
95,9,3,8550,False,baseline_ratio,baseline_ratio <= 1.47128,10.0,13.0,True,-0.41845794392523367,1.471275021423019,[]
95,10,4,6995,False,lag_1,lag_1 <= 0,11.0,12.0,True,-0.47894361170592437,0.0,[]
95,11,5,4679,True,,leaf,,,False,-0.00017389609353140562,,[]
95,12,5,2316,True,,leaf,,,False,-0.00017389609353140562,,[]
95,13,4,1555,True,,leaf,,,False,-0.00017389609353140562,,[]
95,14,1,61122,False,nonzero_12,nonzero_12 <= 0.375,15.0,22.0,False,-0.00013086435909180134,0.375,[]
95,15,2,5733,False,mean_3,mean_3 <= 0,16.0,21.0,False,0.09524638690579837,0.0,[]
95,16,3,1149,False,month_cos,month_cos <= -0.933013,17.0,18.0,False,0.4909404659188956,-0.9330127018922194,[]
95,17,4,145,True,,leaf,,,False,-0.00030125746752093845,,[]
95,18,4,1004,False,category,"category in ['0107', '0201', '0811', '1302', '1303', '2803']",19.0,20.0,False,0.6252465483234714,,"[""0107"", ""0201"", ""0811"", ""1302"", ""1303"", ""2803""]"
95,19,5,168,True,,leaf,,,False,-0.001482434798670082,,[]
95,20,5,836,True,,leaf,,,False,2.997574245880072e-05,,[]
95,21,3,4584,True,,leaf,,,False,-5.234904615833505e-05,,[]
95,22,2,55389,False,cv_12,cv_12 <= 1.34368,23.0,26.0,True,-0.010018231376017617,1.3436834556303823,[]
95,23,3,45739,False,log_scale,log_scale <= 0.733969,24.0,25.0,False,0.006797962797001027,0.7339691750802004,[]
95,24,4,1963,True,,leaf,,,False,-0.0071486024463819275,,[]
95,25,4,43776,True,,leaf,,,False,0.0005509432064339904,,[]
95,26,3,9650,False,category,"category in ['0103', '0104', '0105', '0107', '0808', '1201', '1302', '1306', '1309', '1510', '2403', '2502', '2702', '2703', '2802', '2803']",27.0,28.0,False,-0.08964803312629399,,"[""0103"", ""0104"", ""0105"", ""0107"", ""0808"", ""1201"", ""1302"", ""1306"", ""1309"", ""1510"", ""2403"", ""2502"", ""2702"", ""2703"", ""2802"", ""2803""]"
95,27,4,2254,True,,leaf,,,False,0.0033711725989946347,,[]
95,28,4,7396,True,,leaf,,,False,-0.0033996330359582897,,[]
96,0,0,86094,False,nonzero_12,nonzero_12 <= 0.291667,1.0,16.0,False,0.0,0.29166666666666663,[]
96,1,1,24972,False,mean_6,mean_6 <= 0.5,2.0,9.0,True,-0.5392682731566728,0.5,[]
96,2,2,15103,False,category,"category in ['0104', '0811', '1309', '2403', '2502', '2506', '2901']",3.0,4.0,False,-0.6523522794944749,,"[""0104"", ""0811"", ""1309"", ""2403"", ""2502"", ""2506"", ""2901""]"
96,3,3,719,True,,leaf,,,False,-0.00016520128885483536,,[]
96,4,3,14384,False,category,"category in ['0105', '1510', '2401', '2702', '2801', 'прочее']",5.0,6.0,False,-0.6725024315687091,,"[""0105"", ""1510"", ""2401"", ""2702"", ""2801"", ""прочее""]"
96,5,4,1928,True,,leaf,,,False,-0.00016520128885483536,,[]
96,6,4,12456,False,month_sin,month_sin <= 0.25,7.0,8.0,True,-0.6484838761431092,0.25000000000000006,[]
96,7,5,7684,True,,leaf,,,False,-0.00016520128885483536,,[]
96,8,5,4772,True,,leaf,,,False,-0.00016520128885483536,,[]
96,9,2,9869,False,category,"category in ['0104', '0201', '0203', '1501', '2401', '2502', '2514', '2703', '2704', '2802', '2901', '3001']",10.0,11.0,False,-0.36572527583763537,,"[""0104"", ""0201"", ""0203"", ""1501"", ""2401"", ""2502"", ""2514"", ""2703"", ""2704"", ""2802"", ""2901"", ""3001""]"
96,10,3,1319,True,,leaf,,,False,-0.00016520128885483536,,[]
96,11,3,8550,False,baseline_ratio,baseline_ratio <= 1.47128,12.0,15.0,True,-0.41845794392523367,1.471275021423019,[]
96,12,4,6995,False,lag_1,lag_1 <= 0,13.0,14.0,True,-0.47894361170592437,0.0,[]
96,13,5,4679,True,,leaf,,,False,-0.00016520128885483536,,[]
96,14,5,2316,True,,leaf,,,False,-0.00016520128885483536,,[]
96,15,4,1555,True,,leaf,,,False,-0.00016520128885483536,,[]
96,16,1,61122,False,nonzero_12,nonzero_12 <= 0.375,17.0,24.0,False,0.0007851861545508081,0.375,[]
96,17,2,5733,False,mean_3,mean_3 <= 0,18.0,23.0,False,0.09594288699286087,0.0,[]
96,18,3,1149,False,month_cos,month_cos <= -0.933013,19.0,20.0,False,0.4909404659188956,-0.9330127018922194,[]
96,19,4,145,True,,leaf,,,False,-0.00028619459414489147,,[]
96,20,4,1004,False,category,"category in ['0107', '0201', '0811', '1302', '1303', '2803']",21.0,22.0,False,0.6252465483234714,,"[""0107"", ""0201"", ""0811"", ""1302"", ""1303"", ""2803""]"
96,21,5,168,True,,leaf,,,False,-0.001408313058736578,,[]
96,22,5,836,True,,leaf,,,False,2.8476955335860682e-05,,[]
96,23,3,4584,True,,leaf,,,False,-4.973159385041829e-05,,[]
96,24,2,55389,False,lag_3,lag_3 <= 0.120446,25.0,28.0,False,-0.009079586274120472,0.1204460966542751,[]
96,25,3,9615,False,nonzero_12,nonzero_12 <= 0.458333,26.0,27.0,False,-0.08654545454545455,0.45833333333333337,[]
96,26,4,2339,True,,leaf,,,False,-0.0032832198991140623,,[]
96,27,4,7276,True,,leaf,,,False,-0.001299498453160527,,[]
96,28,3,45774,True,,leaf,,,False,0.00023774997046988223,,[]
97,0,0,86094,False,nonzero_12,nonzero_12 <= 0.291667,1.0,14.0,False,0.0,0.29166666666666663,[]
97,1,1,24972,False,mean_6,mean_6 <= 0.5,2.0,7.0,True,-0.5392682731566728,0.5,[]
97,2,2,15103,False,category,"category in ['0104', '0811', '1309', '2403', '2502', '2506', '2901']",3.0,4.0,False,-0.6523522794944749,,"[""0104"", ""0811"", ""1309"", ""2403"", ""2502"", ""2506"", ""2901""]"
97,3,3,719,True,,leaf,,,False,-0.00015694122441209358,,[]
97,4,3,14384,False,category,"category in ['0105', '1510', '2401', '2702', '2801', 'прочее']",5.0,6.0,False,-0.6725024315687091,,"[""0105"", ""1510"", ""2401"", ""2702"", ""2801"", ""прочее""]"
97,5,4,1928,True,,leaf,,,False,-0.00015694122441209358,,[]
97,6,4,12456,True,,leaf,,,False,-0.00015694122441209358,,[]
97,7,2,9869,False,category,"category in ['0104', '0201', '0203', '1501', '2401', '2502', '2514', '2703', '2704', '2802', '2901', '3001']",8.0,9.0,False,-0.36572527583763537,,"[""0104"", ""0201"", ""0203"", ""1501"", ""2401"", ""2502"", ""2514"", ""2703"", ""2704"", ""2802"", ""2901"", ""3001""]"
97,8,3,1319,True,,leaf,,,False,-0.00015694122441209358,,[]
97,9,3,8550,False,baseline_ratio,baseline_ratio <= 1.47128,10.0,13.0,True,-0.41845794392523367,1.471275021423019,[]
97,10,4,6995,False,lag_1,lag_1 <= 0,11.0,12.0,True,-0.47894361170592437,0.0,[]
97,11,5,4679,True,,leaf,,,False,-0.00015694122441209358,,[]
97,12,5,2316,True,,leaf,,,False,-0.00015694122441209358,,[]
97,13,4,1555,True,,leaf,,,False,-0.00015694122441209358,,[]
97,14,1,61122,False,nonzero_12,nonzero_12 <= 0.375,15.0,22.0,False,0.0008506183340967088,0.375,[]
97,15,2,5733,False,mean_3,mean_3 <= 0,16.0,21.0,False,0.0973358871669859,0.0,[]
97,16,3,1149,False,month_cos,month_cos <= -0.933013,17.0,18.0,False,0.4909404659188956,-0.9330127018922194,[]
97,17,4,145,True,,leaf,,,False,-0.0002718848644376469,,[]
97,18,4,1004,False,category,"category in ['0107', '0201', '0811', '1302', '1303', '2803']",19.0,20.0,False,0.6252465483234714,,"[""0107"", ""0201"", ""0811"", ""1302"", ""1303"", ""2803""]"
97,19,5,168,True,,leaf,,,False,-0.001337897405799749,,[]
97,20,5,836,True,,leaf,,,False,2.7053107569067647e-05,,[]
97,21,3,4584,True,,leaf,,,False,-4.724501415789738e-05,,[]
97,22,2,55389,False,lag_3,lag_3 <= 0.520967,23.0,28.0,False,-0.009151789743497176,0.5209669462259497,[]
97,23,3,17895,False,nonzero_12,nonzero_12 <= 0.458333,24.0,25.0,False,-0.060485897793912315,0.45833333333333337,[]
97,24,4,2518,True,,leaf,,,False,-0.003119058904158359,,[]
97,25,4,15377,False,category,"category in ['0105', '0108', '0201', '0302', '1305', '1306', '1501', '2401', '2514', '2703', '2803', '2901', '2902', 'прочее']",26.0,27.0,False,-0.03502957041658543,,"[""0105"", ""0108"", ""0201"", ""0302"", ""1305"", ""1306"", ""1501"", ""2401"", ""2514"", ""2703"", ""2803"", ""2901"", ""2902"", ""прочее""]"
97,26,5,5891,True,,leaf,,,False,-0.003438879859648891,,[]
97,27,5,9486,True,,leaf,,,False,0.0003284779929308866,,[]
97,28,3,37494,True,,leaf,,,False,0.00048627000161008687,,[]
98,0,0,86094,False,nonzero_12,nonzero_12 <= 0.291667,1.0,14.0,False,0.0,0.29166666666666663,[]
98,1,1,24972,False,mean_6,mean_6 <= 0.5,2.0,7.0,True,-0.5392682731566728,0.5,[]
98,2,2,15103,False,category,"category in ['0104', '0811', '1309', '2403', '2502', '2506', '2901']",3.0,4.0,False,-0.6523522794944749,,"[""0104"", ""0811"", ""1309"", ""2403"", ""2502"", ""2506"", ""2901""]"
98,3,3,719,True,,leaf,,,False,-0.0001490941631914889,,[]
98,4,3,14384,False,category,"category in ['0105', '1510', '2401', '2702', '2801', 'прочее']",5.0,6.0,False,-0.6725024315687091,,"[""0105"", ""1510"", ""2401"", ""2702"", ""2801"", ""прочее""]"
98,5,4,1928,True,,leaf,,,False,-0.0001490941631914889,,[]
98,6,4,12456,True,,leaf,,,False,-0.0001490941631914889,,[]
98,7,2,9869,False,category,"category in ['0104', '0201', '0203', '1501', '2401', '2502', '2514', '2703', '2704', '2802', '2901', '3001']",8.0,9.0,False,-0.36572527583763537,,"[""0104"", ""0201"", ""0203"", ""1501"", ""2401"", ""2502"", ""2514"", ""2703"", ""2704"", ""2802"", ""2901"", ""3001""]"
98,8,3,1319,True,,leaf,,,False,-0.0001490941631914889,,[]
98,9,3,8550,False,baseline_ratio,baseline_ratio <= 1.47128,10.0,13.0,True,-0.41845794392523367,1.471275021423019,[]
98,10,4,6995,False,lag_1,lag_1 <= 0,11.0,12.0,True,-0.47894361170592437,0.0,[]
98,11,5,4679,True,,leaf,,,False,-0.0001490941631914889,,[]
98,12,5,2316,True,,leaf,,,False,-0.0001490941631914889,,[]
98,13,4,1555,True,,leaf,,,False,-0.0001490941631914889,,[]
98,14,1,61122,False,mean_3,mean_3 <= 0,15.0,22.0,False,0.0014067918602368645,0.0,[]
98,15,2,2602,False,nonzero_12,nonzero_12 <= 0.375,16.0,21.0,False,0.14854517611026033,0.375,[]
98,16,3,1149,False,month_cos,month_cos <= -0.933013,17.0,18.0,False,0.4909404659188956,-0.9330127018922194,[]
98,17,4,145,True,,leaf,,,False,-0.0002582906212157646,,[]
98,18,4,1004,False,category,"category in ['0107', '0201', '0811', '1302', '1303', '2803']",19.0,20.0,False,0.6252465483234714,,"[""0107"", ""0201"", ""0811"", ""1302"", ""1303"", ""2803""]"
98,19,5,168,True,,leaf,,,False,-0.0012710025355097616,,[]
98,20,5,836,True,,leaf,,,False,2.5700452190614263e-05,,[]
98,21,3,1453,True,,leaf,,,False,-5.732945962802748e-05,,[]
98,22,2,58520,False,baseline_ratio,baseline_ratio <= 1.00837,23.0,26.0,False,-0.005159747138219716,1.0083690068604771,[]
98,23,3,28025,False,category,"category in ['0103', '0104', '0107', '0108', '0808', '1201', '1302', '1306', '1309', '2403', '2506', '2510', '2514', '2703', '2704', '2801', '2802', '3002']",24.0,25.0,True,-0.037631532013554486,,"[""0103"", ""0104"", ""0107"", ""0108"", ""0808"", ""1201"", ""1302"", ""1306"", ""1309"", ""2403"", ""2506"", ""2510"", ""2514"", ""2703"", ""2704"", ""2801"", ""2802"", ""3002""]"
98,24,4,15335,True,,leaf,,,False,6.458045880930534e-05,,[]
98,25,4,12690,True,,leaf,,,False,-0.002168287357942731,,[]
98,26,3,30495,False,seasonal_index,seasonal_index <= 1.30891,27.0,28.0,True,0.0246844779544337,1.30891111305073,[]
98,27,4,20183,True,,leaf,,,False,0.002583277338823886,,[]
98,28,4,10312,True,,leaf,,,False,-0.0015148158406412594,,[]
99,0,0,86094,False,nonzero_12,nonzero_12 <= 0.291667,1.0,12.0,False,0.0,0.29166666666666663,[]
99,1,1,24972,False,mean_6,mean_6 <= 0.5,2.0,5.0,True,-0.5392682731566728,0.5,[]
99,2,2,15103,False,category,"category in ['0104', '0811', '1309', '2403', '2502', '2506', '2901']",3.0,4.0,False,-0.6523522794944749,,"[""0104"", ""0811"", ""1309"", ""2403"", ""2502"", ""2506"", ""2901""]"
99,3,3,719,True,,leaf,,,False,-0.00014163945503191445,,[]
99,4,3,14384,True,,leaf,,,False,-0.00014163945503191445,,[]
99,5,2,9869,False,category,"category in ['0104', '0201', '0203', '1501', '2401', '2502', '2514', '2703', '2704', '2802', '2901', '3001']",6.0,7.0,False,-0.36572527583763537,,"[""0104"", ""0201"", ""0203"", ""1501"", ""2401"", ""2502"", ""2514"", ""2703"", ""2704"", ""2802"", ""2901"", ""3001""]"
99,6,3,1319,True,,leaf,,,False,-0.00014163945503191445,,[]
99,7,3,8550,False,baseline_ratio,baseline_ratio <= 1.47128,8.0,11.0,True,-0.41845794392523367,1.471275021423019,[]
99,8,4,6995,False,lag_1,lag_1 <= 0,9.0,10.0,True,-0.47894361170592437,0.0,[]
99,9,5,4679,True,,leaf,,,False,-0.00014163945503191445,,[]
99,10,5,2316,True,,leaf,,,False,-0.00014163945503191445,,[]
99,11,4,1555,True,,leaf,,,False,-0.00014163945503191445,,[]
99,12,1,61122,False,mean_3,mean_3 <= 0,13.0,20.0,False,0.0012759275011450632,0.0,[]
99,13,2,2602,False,nonzero_12,nonzero_12 <= 0.375,14.0,19.0,False,0.14854517611026033,0.375,[]
99,14,3,1149,False,month_cos,month_cos <= -0.933013,15.0,16.0,False,0.4909404659188956,-0.9330127018922194,[]
99,15,4,145,True,,leaf,,,False,-0.00024537609015497637,,[]
99,16,4,1004,False,category,"category in ['0107', '0201', '0811', '1302', '1303', '2803']",17.0,18.0,False,0.6252465483234714,,"[""0107"", ""0201"", ""0811"", ""1302"", ""1303"", ""2803""]"
99,17,5,168,True,,leaf,,,False,-0.0012074524087342733,,[]
99,18,5,836,True,,leaf,,,False,2.4415429581083548e-05,,[]
99,19,3,1453,True,,leaf,,,False,-5.44629866466261e-05,,[]
99,20,2,58520,False,trend_factor,trend_factor <= 0.99305,21.0,26.0,False,-0.0052964291816162655,0.9930496218922821,[]
99,21,3,21120,False,mean_3,mean_3 <= 1.65237,22.0,23.0,True,0.03454803596781827,1.652367908277089,[]
99,22,4,17931,True,,leaf,,,False,0.0003552216425199428,,[]
99,23,4,3189,False,category,"category in ['0103', '0104', '0108', '0302', '1201', '1302', '1309', '2004', '2401', '2506', '2902', '3002']",24.0,25.0,True,0.17974366989684276,,"[""0103"", ""0104"", ""0108"", ""0302"", ""1201"", ""1302"", ""1309"", ""2004"", ""2401"", ""2506"", ""2902"", ""3002""]"
99,24,5,1978,True,,leaf,,,False,0.004948190149917592,,[]
99,25,5,1211,True,,leaf,,,False,0.03187806634162146,,[]
99,26,3,37400,False,category,"category in ['0104', '2510', '2704']",27.0,28.0,False,-0.027800053461641272,,"[""0104"", ""2510"", ""2704""]"
99,27,4,294,True,,leaf,,,False,0.053431403846392306,,[]
99,28,4,37106,True,,leaf,,,False,-0.000932540964015023,,[]
100,0,0,86094,False,nonzero_12,nonzero_12 <= 0.291667,1.0,16.0,False,0.0,0.29166666666666663,[]
100,1,1,24972,False,mean_6,mean_6 <= 0.5,2.0,9.0,True,-0.5392682731566728,0.5,[]
100,2,2,15103,False,category,"category in ['0104', '0811', '1309', '2403', '2502', '2506', '2901']",3.0,4.0,False,-0.6523522794944749,,"[""0104"", ""0811"", ""1309"", ""2403"", ""2502"", ""2506"", ""2901""]"
100,3,3,719,True,,leaf,,,False,-0.00013455748228031873,,[]
100,4,3,14384,False,category,"category in ['0105', '1510', '2401', '2702', '2801', 'прочее']",5.0,6.0,False,-0.6725024315687091,,"[""0105"", ""1510"", ""2401"", ""2702"", ""2801"", ""прочее""]"
100,5,4,1928,True,,leaf,,,False,-0.00013455748228031873,,[]
100,6,4,12456,False,month_sin,month_sin <= 0.25,7.0,8.0,True,-0.6484838761431092,0.25000000000000006,[]
100,7,5,7684,True,,leaf,,,False,-0.00013455748228031873,,[]
100,8,5,4772,True,,leaf,,,False,-0.00013455748228031873,,[]
100,9,2,9869,False,category,"category in ['0104', '0201', '0203', '1501', '2401', '2502', '2514', '2703', '2704', '2802', '2901', '3001']",10.0,11.0,False,-0.36572527583763537,,"[""0104"", ""0201"", ""0203"", ""1501"", ""2401"", ""2502"", ""2514"", ""2703"", ""2704"", ""2802"", ""2901"", ""3001""]"
100,10,3,1319,True,,leaf,,,False,-0.00013455748228031873,,[]
100,11,3,8550,False,baseline_ratio,baseline_ratio <= 1.47128,12.0,15.0,True,-0.41845794392523367,1.471275021423019,[]
100,12,4,6995,False,lag_1,lag_1 <= 0,13.0,14.0,True,-0.47894361170592437,0.0,[]
100,13,5,4679,True,,leaf,,,False,-0.00013455748228031873,,[]
100,14,5,2316,True,,leaf,,,False,-0.00013455748228031873,,[]
100,15,4,1555,True,,leaf,,,False,-0.00013455748228031873,,[]
100,16,1,61122,False,nonzero_12,nonzero_12 <= 0.375,17.0,24.0,False,0.0017993849375122686,0.375,[]
100,17,2,5733,False,mean_3,mean_3 <= 0,18.0,23.0,False,0.1036043879505485,0.0,[]
100,18,3,1149,False,month_cos,month_cos <= -0.933013,19.0,20.0,False,0.4909404659188956,-0.9330127018922194,[]
100,19,4,145,True,,leaf,,,False,-0.00023310728564722755,,[]
100,20,4,1004,False,category,"category in ['0107', '0201', '0811', '1302', '1303', '2803']",21.0,22.0,False,0.6252465483234714,,"[""0107"", ""0201"", ""0811"", ""1302"", ""1303"", ""2803""]"
100,21,5,168,True,,leaf,,,False,-0.0011470797882975597,,[]
100,22,5,836,True,,leaf,,,False,2.319465810202937e-05,,[]
100,23,3,4584,True,,leaf,,,False,2.9377411835758943e-05,,[]
100,24,2,55389,False,lag_3,lag_3 <= 0.120446,25.0,28.0,False,-0.008754670661925305,0.1204460966542751,[]
100,25,3,9615,False,nonzero_12,nonzero_12 <= 0.458333,26.0,27.0,False,-0.08093506493506493,0.45833333333333337,[]
100,26,4,2339,True,,leaf,,,False,-0.002861895698339798,,[]
100,27,4,7276,True,,leaf,,,False,-0.0011371409998902728,,[]
100,28,3,45774,True,,leaf,,,False,0.0002056083622989091,,[]
101,0,0,86094,False,nonzero_12,nonzero_12 <= 0.291667,1.0,14.0,False,0.0,0.29166666666666663,[]
101,1,1,24972,False,mean_6,mean_6 <= 0.5,2.0,7.0,True,-0.5392682731566728,0.5,[]
101,2,2,15103,False,category,"category in ['0104', '0811', '1309', '2403', '2502', '2506', '2901']",3.0,4.0,False,-0.6523522794944749,,"[""0104"", ""0811"", ""1309"", ""2403"", ""2502"", ""2506"", ""2901""]"
101,3,3,719,True,,leaf,,,False,-0.0001278296081663028,,[]
101,4,3,14384,False,category,"category in ['0105', '1510', '2401', '2702', '2801', 'прочее']",5.0,6.0,False,-0.6725024315687091,,"[""0105"", ""1510"", ""2401"", ""2702"", ""2801"", ""прочее""]"
101,5,4,1928,True,,leaf,,,False,-0.0001278296081663028,,[]
101,6,4,12456,True,,leaf,,,False,-0.0001278296081663028,,[]
101,7,2,9869,False,category,"category in ['0104', '0201', '0203', '1501', '2401', '2502', '2514', '2703', '2704', '2802', '2901', '3001']",8.0,9.0,False,-0.36572527583763537,,"[""0104"", ""0201"", ""0203"", ""1501"", ""2401"", ""2502"", ""2514"", ""2703"", ""2704"", ""2802"", ""2901"", ""3001""]"
101,8,3,1319,True,,leaf,,,False,-0.0001278296081663028,,[]
101,9,3,8550,False,baseline_ratio,baseline_ratio <= 1.47128,10.0,13.0,True,-0.41845794392523367,1.471275021423019,[]
101,10,4,6995,False,lag_1,lag_1 <= 0,11.0,12.0,True,-0.47894361170592437,0.0,[]
101,11,5,4679,True,,leaf,,,False,-0.0001278296081663028,,[]
101,12,5,2316,True,,leaf,,,False,-0.0001278296081663028,,[]
101,13,4,1555,True,,leaf,,,False,-0.0001278296081663028,,[]
101,14,1,61122,False,mean_3,mean_3 <= 0,15.0,26.0,False,0.00585618006935811,0.0,[]
101,15,2,2602,False,category,"category in ['0302', '0303', '1201', '1305', '2004', '2401', '2402', '2506', '2514', '2702', '2703', '2801', '3002']",16.0,25.0,True,0.2450229709035222,,"[""0302"", ""0303"", ""1201"", ""1305"", ""2004"", ""2401"", ""2402"", ""2506"", ""2514"", ""2702"", ""2703"", ""2801"", ""3002""]"
101,16,3,1824,False,month_sin,month_sin <= 0.25,17.0,22.0,False,0.40021810250817885,0.25000000000000006,[]
101,17,4,790,False,nonzero_12,nonzero_12 <= 0.375,18.0,21.0,False,0.08,0.375,[]
101,18,5,378,False,month_sin,month_sin <= -6.12323e-17,19.0,20.0,True,0.33505154639175255,-6.123233995736766e-17,[]
101,19,6,275,True,,leaf,,,False,0.0006806367666814771,,[]
101,20,6,103,True,,leaf,,,False,-0.00020029434174269513,,[]
101,21,5,412,True,,leaf,,,False,-0.004737453312929365,,[]
101,22,4,1034,False,nonzero_12,nonzero_12 <= 0.458333,23.0,24.0,True,0.6417624521072797,0.45833333333333337,[]
101,23,5,707,True,,leaf,,,False,2.20349251969279e-05,,[]
101,24,5,327,True,,leaf,,,False,0.001598289287316263,,[]
101,25,3,778,True,,leaf,,,False,-0.0005882798153710314,,[]
101,26,2,58520,False,lag_3,lag_3 <= 0.520967,27.0,28.0,False,-0.004818042029728345,0.5209669462259497,[]
101,27,3,18636,True,,leaf,,,False,-0.001255980331435241,,[]
101,28,3,39884,True,,leaf,,,False,0.00034266513215377515,,[]
102,0,0,86094,False,nonzero_12,nonzero_12 <= 0.291667,1.0,16.0,False,0.0,0.29166666666666663,[]
102,1,1,24972,False,mean_6,mean_6 <= 0.5,2.0,9.0,True,-0.5392682731566728,0.5,[]
102,2,2,15103,False,category,"category in ['0104', '0811', '1309', '2403', '2502', '2506', '2901']",3.0,4.0,False,-0.6523522794944749,,"[""0104"", ""0811"", ""1309"", ""2403"", ""2502"", ""2506"", ""2901""]"
102,3,3,719,True,,leaf,,,False,-0.00012143812775798767,,[]
102,4,3,14384,False,category,"category in ['0105', '1510', '2401', '2702', '2801', 'прочее']",5.0,6.0,False,-0.6725024315687091,,"[""0105"", ""1510"", ""2401"", ""2702"", ""2801"", ""прочее""]"
102,5,4,1928,True,,leaf,,,False,-0.00012143812775798767,,[]
102,6,4,12456,False,month_sin,month_sin <= 0.25,7.0,8.0,True,-0.6484838761431092,0.25000000000000006,[]
102,7,5,7684,True,,leaf,,,False,-0.00012143812775798767,,[]
102,8,5,4772,True,,leaf,,,False,-0.00012143812775798767,,[]
102,9,2,9869,False,category,"category in ['0104', '0201', '0203', '1501', '2401', '2502', '2514', '2703', '2704', '2802', '2901', '3001']",10.0,11.0,False,-0.36572527583763537,,"[""0104"", ""0201"", ""0203"", ""1501"", ""2401"", ""2502"", ""2514"", ""2703"", ""2704"", ""2802"", ""2901"", ""3001""]"
102,10,3,1319,True,,leaf,,,False,-0.00012143812775798767,,[]
102,11,3,8550,False,baseline_ratio,baseline_ratio <= 1.47128,12.0,15.0,True,-0.41845794392523367,1.471275021423019,[]
102,12,4,6995,False,lag_1,lag_1 <= 0,13.0,14.0,True,-0.47894361170592437,0.0,[]
102,13,5,4679,True,,leaf,,,False,-0.00012143812775798767,,[]
102,14,5,2316,True,,leaf,,,False,-0.00012143812775798767,,[]
102,15,4,1555,True,,leaf,,,False,-0.00012143812775798767,,[]
102,16,1,61122,False,log_scale,log_scale <= 0.733969,17.0,20.0,False,-0.0016358044886475168,0.7339691750802004,[]
102,17,2,4729,False,category,"category in ['0103', '0105', '0111', '0808', '1302', '1306', '1501', '1510', '2703', '2803']",18.0,19.0,False,-0.11162692551171133,,"[""0103"", ""0105"", ""0111"", ""0808"", ""1302"", ""1306"", ""1501"", ""1510"", ""2703"", ""2803""]"
102,18,3,889,True,,leaf,,,False,-0.0038605248493617083,,[]
102,19,3,3840,True,,leaf,,,False,-2.2440068508953675e-07,,[]
102,20,2,56393,False,mean_3,mean_3 <= 0,21.0,24.0,False,0.0076059784054039676,0.0,[]
102,21,3,1882,False,category,"category in ['0811', '1302', '1309', '2703', '2901', 'прочее']",22.0,23.0,False,0.16807610993657504,,"[""0811"", ""1302"", ""1309"", ""2703"", ""2901"", ""прочее""]"
102,22,4,191,True,,leaf,,,False,-0.0034484693504570592,,[]
102,23,4,1691,True,,leaf,,,False,0.00011141078096501991,,[]
102,24,3,54511,False,category,"category in ['0103', '0107', '0808', '1302', '2403', '2510', '2514', '2601', '2703', '2704', '2802']",25.0,28.0,False,0.002035912767557455,,"[""0103"", ""0107"", ""0808"", ""1302"", ""2403"", ""2510"", ""2514"", ""2601"", ""2703"", ""2704"", ""2802""]"
102,25,4,9845,False,unit,unit in ['м'],26.0,27.0,False,0.06443429731100964,,"[""м""]"
102,26,5,368,True,,leaf,,,False,0.017035795227101903,,[]
102,27,5,9477,True,,leaf,,,False,0.002754044849357618,,[]
102,28,4,44666,True,,leaf,,,False,-0.0003315597159232159,,[]
103,0,0,86094,False,nonzero_12,nonzero_12 <= 0.291667,1.0,16.0,False,0.0,0.29166666666666663,[]
103,1,1,24972,False,mean_6,mean_6 <= 0.5,2.0,9.0,True,-0.5392682731566728,0.5,[]
103,2,2,15103,False,category,"category in ['0104', '0811', '1309', '2403', '2502', '2506', '2901']",3.0,4.0,False,-0.6523522794944749,,"[""0104"", ""0811"", ""1309"", ""2403"", ""2502"", ""2506"", ""2901""]"
103,3,3,719,True,,leaf,,,False,-0.0001153662213700883,,[]
103,4,3,14384,False,category,"category in ['0105', '1510', '2401', '2702', '2801', 'прочее']",5.0,6.0,False,-0.6725024315687091,,"[""0105"", ""1510"", ""2401"", ""2702"", ""2801"", ""прочее""]"
103,5,4,1928,True,,leaf,,,False,-0.0001153662213700883,,[]
103,6,4,12456,False,month_sin,month_sin <= 0.25,7.0,8.0,True,-0.6484838761431092,0.25000000000000006,[]
103,7,5,7684,True,,leaf,,,False,-0.0001153662213700883,,[]
103,8,5,4772,True,,leaf,,,False,-0.0001153662213700883,,[]
103,9,2,9869,False,category,"category in ['0104', '0201', '0203', '1501', '2401', '2502', '2514', '2703', '2704', '2802', '2901', '3001']",10.0,11.0,False,-0.36572527583763537,,"[""0104"", ""0201"", ""0203"", ""1501"", ""2401"", ""2502"", ""2514"", ""2703"", ""2704"", ""2802"", ""2901"", ""3001""]"
103,10,3,1319,True,,leaf,,,False,-0.0001153662213700883,,[]
103,11,3,8550,False,baseline_ratio,baseline_ratio <= 1.47128,12.0,15.0,True,-0.41845794392523367,1.471275021423019,[]
103,12,4,6995,False,lag_1,lag_1 <= 0,13.0,14.0,True,-0.47894361170592437,0.0,[]
103,13,5,4679,True,,leaf,,,False,-0.0001153662213700883,,[]
103,14,5,2316,True,,leaf,,,False,-0.0001153662213700883,,[]
103,15,4,1555,True,,leaf,,,False,-0.0001153662213700883,,[]
103,16,1,61122,False,log_scale,log_scale <= 0.882389,17.0,20.0,False,-0.0004580252568213047,0.8823891801984737,[]
103,17,2,6856,False,category,"category in ['0104', '0107', '0201', '0811', '1203', '1305', '2004', '2402', '2403', '2510', '2704']",18.0,19.0,False,-0.07893970288377512,,"[""0104"", ""0107"", ""0201"", ""0811"", ""1203"", ""1305"", ""2004"", ""2402"", ""2403"", ""2510"", ""2704""]"
103,18,3,795,True,,leaf,,,False,0.013561717748416783,,[]
103,19,3,6061,True,,leaf,,,False,-0.00043464885325165465,,[]
103,20,2,54266,False,mean_3,mean_3 <= 0,21.0,28.0,False,0.009470115704915617,0.0,[]
103,21,3,1617,False,category,"category in ['0811', '1302', '1303', '1309', '2502', '2506', '2703', 'прочее']",22.0,23.0,False,0.2095881991395206,,"[""0811"", ""1302"", ""1303"", ""1309"", ""2502"", ""2506"", ""2703"", ""прочее""]"
103,22,4,311,True,,leaf,,,False,-0.0003864423570796268,,[]
103,23,4,1306,False,nonzero_12,nonzero_12 <= 0.458333,24.0,27.0,True,0.30243161094224924,0.45833333333333337,[]
103,24,5,804,False,month_sin,month_sin <= 0.25,25.0,26.0,False,0.48157248157248156,0.25000000000000006,[]
103,25,6,390,True,,leaf,,,False,0.0006410343892991522,,[]
103,26,6,414,True,,leaf,,,False,0.00010584024191676893,,[]
103,27,5,502,True,,leaf,,,False,0.00018977290538222085,,[]
103,28,3,52649,True,,leaf,,,False,9.315097268381979e-05,,[]
104,0,0,86094,False,nonzero_12,nonzero_12 <= 0.291667,1.0,18.0,False,0.0,0.29166666666666663,[]
104,1,1,24972,False,mean_6,mean_6 <= 0.5,2.0,9.0,True,-0.5392682731566728,0.5,[]
104,2,2,15103,False,category,"category in ['0104', '0811', '1309', '2403', '2502', '2506', '2901']",3.0,4.0,False,-0.6523522794944749,,"[""0104"", ""0811"", ""1309"", ""2403"", ""2502"", ""2506"", ""2901""]"
104,3,3,719,True,,leaf,,,False,-0.00010959791030158387,,[]
104,4,3,14384,False,category,"category in ['0105', '1510', '2401', '2702', '2801', 'прочее']",5.0,6.0,False,-0.6725024315687091,,"[""0105"", ""1510"", ""2401"", ""2702"", ""2801"", ""прочее""]"
104,5,4,1928,True,,leaf,,,False,-0.00010959791030158387,,[]
104,6,4,12456,False,month_sin,month_sin <= 0.25,7.0,8.0,True,-0.6484838761431092,0.25000000000000006,[]
104,7,5,7684,True,,leaf,,,False,-0.00010959791030158387,,[]
104,8,5,4772,True,,leaf,,,False,-0.00010959791030158387,,[]
104,9,2,9869,False,category,"category in ['0104', '0201', '0203', '1501', '2401', '2502', '2514', '2703', '2704', '2802', '2901', '3001']",10.0,11.0,False,-0.36572527583763537,,"[""0104"", ""0201"", ""0203"", ""1501"", ""2401"", ""2502"", ""2514"", ""2703"", ""2704"", ""2802"", ""2901"", ""3001""]"
104,10,3,1319,True,,leaf,,,False,-0.00010959791030158387,,[]
104,11,3,8550,False,baseline_ratio,baseline_ratio <= 1.47128,12.0,15.0,True,-0.41845794392523367,1.471275021423019,[]
104,12,4,6995,False,lag_1,lag_1 <= 0,13.0,14.0,True,-0.47894361170592437,0.0,[]
104,13,5,4679,True,,leaf,,,False,-0.00010959791030158387,,[]
104,14,5,2316,True,,leaf,,,False,-0.00010959791030158387,,[]
104,15,4,1555,False,nonzero_12,nonzero_12 <= 0.208333,16.0,17.0,True,-0.1450479233226837,0.20833333333333331,[]
104,16,5,838,True,,leaf,,,False,-0.00010959791030158387,,[]
104,17,5,717,True,,leaf,,,False,0.008562748703850393,,[]
104,18,1,61122,False,mean_3,mean_3 <= 0,19.0,28.0,False,0.004776549106850749,0.0,[]
104,19,2,2602,False,category,"category in ['0108', '0201', '0302', '0303', '1201', '1305', '2004', '2401', '2506', '2514', '2702', '2703', '2801', '3002']",20.0,27.0,True,0.2228177641653905,,"[""0108"", ""0201"", ""0302"", ""0303"", ""1201"", ""1305"", ""2004"", ""2401"", ""2506"", ""2514"", ""2702"", ""2703"", ""2801"", ""3002""]"
104,20,3,1852,False,month_sin,month_sin <= 0.25,21.0,24.0,False,0.3651987110633727,0.25000000000000006,[]
104,21,4,821,False,nonzero_12,nonzero_12 <= 0.375,22.0,23.0,False,0.08543922984356198,0.375,[]
104,22,5,396,True,,leaf,,,False,0.000608430729800361,,[]
104,23,5,425,True,,leaf,,,False,-0.004538202905796105,,[]
104,24,4,1031,False,nonzero_12,nonzero_12 <= 0.458333,25.0,26.0,True,0.5850144092219021,0.45833333333333337,[]
104,25,5,707,True,,leaf,,,False,2.1519262011747675e-05,,[]
104,26,5,324,True,,leaf,,,False,0.00147264085208247,,[]
104,27,3,750,True,,leaf,,,False,-0.00037077163767647054,,[]
104,28,2,58520,True,,leaf,,,False,-0.00010418320651098823,,[]
105,0,0,86094,False,nonzero_12,nonzero_12 <= 0.291667,1.0,20.0,False,0.0,0.29166666666666663,[]
105,1,1,24972,False,mean_6,mean_6 <= 0.5,2.0,9.0,True,-0.5392682731566728,0.5,[]
105,2,2,15103,False,category,"category in ['0104', '0811', '1309', '2403', '2502', '2506', '2901']",3.0,4.0,False,-0.6523522794944749,,"[""0104"", ""0811"", ""1309"", ""2403"", ""2502"", ""2506"", ""2901""]"
105,3,3,719,True,,leaf,,,False,-0.00010411801478650467,,[]
105,4,3,14384,False,category,"category in ['0105', '1510', '2401', '2702', '2801', 'прочее']",5.0,6.0,False,-0.6725024315687091,,"[""0105"", ""1510"", ""2401"", ""2702"", ""2801"", ""прочее""]"
105,5,4,1928,True,,leaf,,,False,-0.00010411801478650467,,[]
105,6,4,12456,False,month_sin,month_sin <= 0.25,7.0,8.0,True,-0.6484838761431092,0.25000000000000006,[]
105,7,5,7684,True,,leaf,,,False,-0.00010411801478650467,,[]
105,8,5,4772,True,,leaf,,,False,-0.00010411801478650467,,[]
105,9,2,9869,False,category,"category in ['0104', '0201', '0203', '1501', '2401', '2502', '2514', '2703', '2704', '2802', '2901', '3001']",10.0,11.0,False,-0.36572527583763537,,"[""0104"", ""0201"", ""0203"", ""1501"", ""2401"", ""2502"", ""2514"", ""2703"", ""2704"", ""2802"", ""2901"", ""3001""]"
105,10,3,1319,True,,leaf,,,False,-0.00010411801478650467,,[]
105,11,3,8550,False,baseline_ratio,baseline_ratio <= 1.47128,12.0,17.0,True,-0.41845794392523367,1.471275021423019,[]
105,12,4,6995,False,lag_1,lag_1 <= 0,13.0,14.0,True,-0.47894361170592437,0.0,[]
105,13,5,4679,True,,leaf,,,False,-0.00010411801478650467,,[]
105,14,5,2316,False,mean_6,mean_6 <= 1.95556,15.0,16.0,True,-0.32244196044711954,1.9555555555555555,[]
105,15,6,1665,True,,leaf,,,False,-0.00010411801478650467,,[]
105,16,6,651,True,,leaf,,,False,-0.00010411801478650467,,[]
105,17,4,1555,False,nonzero_12,nonzero_12 <= 0.208333,18.0,19.0,True,-0.1450479233226837,0.20833333333333331,[]
105,18,5,838,True,,leaf,,,False,-0.00010411801478650467,,[]
105,19,5,717,True,,leaf,,,False,0.008134611268657872,,[]
105,20,1,61122,False,mean_3,mean_3 <= 0,21.0,28.0,False,0.004809265196623699,0.0,[]
105,21,2,2602,False,category,"category in ['0108', '0201', '0302', '0303', '1201', '1305', '2004', '2401', '2506', '2514', '2702', '2703', '2801', '3002']",22.0,27.0,True,0.22052067381316998,,"[""0108"", ""0201"", ""0302"", ""0303"", ""1201"", ""1305"", ""2004"", ""2401"", ""2506"", ""2514"", ""2702"", ""2703"", ""2801"", ""3002""]"
105,22,3,1852,False,month_sin,month_sin <= 0.25,23.0,24.0,False,0.3619763694951665,0.25000000000000006,[]
105,23,4,821,True,,leaf,,,False,0.0005724274342278375,,[]
105,24,4,1031,False,nonzero_12,nonzero_12 <= 0.458333,25.0,26.0,True,0.5830931796349664,0.45833333333333337,[]
105,25,5,707,True,,leaf,,,False,2.044329891116029e-05,,[]
105,26,5,324,True,,leaf,,,False,0.0013990088094783472,,[]
105,27,3,750,True,,leaf,,,False,-0.00035223305579264695,,[]
105,28,2,58520,True,,leaf,,,False,-9.897404618544049e-05,,[]
106,0,0,86094,False,nonzero_12,nonzero_12 <= 0.291667,1.0,20.0,False,0.0,0.29166666666666663,[]
106,1,1,24972,False,mean_6,mean_6 <= 0.5,2.0,9.0,True,-0.5392682731566728,0.5,[]
106,2,2,15103,False,category,"category in ['0104', '0811', '1309', '2403', '2502', '2506', '2901']",3.0,4.0,False,-0.6523522794944749,,"[""0104"", ""0811"", ""1309"", ""2403"", ""2502"", ""2506"", ""2901""]"
106,3,3,719,True,,leaf,,,False,-9.891211404717943e-05,,[]
106,4,3,14384,False,category,"category in ['0105', '1510', '2401', '2702', '2801', 'прочее']",5.0,6.0,False,-0.6725024315687091,,"[""0105"", ""1510"", ""2401"", ""2702"", ""2801"", ""прочее""]"
106,5,4,1928,True,,leaf,,,False,-9.891211404717943e-05,,[]
106,6,4,12456,False,month_sin,month_sin <= 0.25,7.0,8.0,True,-0.6484838761431092,0.25000000000000006,[]
106,7,5,7684,True,,leaf,,,False,-9.891211404717943e-05,,[]
106,8,5,4772,True,,leaf,,,False,-9.891211404717943e-05,,[]
106,9,2,9869,False,category,"category in ['0104', '0201', '0203', '1501', '2401', '2502', '2514', '2703', '2704', '2802', '2901', '3001']",10.0,11.0,False,-0.36572527583763537,,"[""0104"", ""0201"", ""0203"", ""1501"", ""2401"", ""2502"", ""2514"", ""2703"", ""2704"", ""2802"", ""2901"", ""3001""]"
106,10,3,1319,True,,leaf,,,False,-9.891211404717943e-05,,[]
106,11,3,8550,False,baseline_ratio,baseline_ratio <= 1.47128,12.0,17.0,True,-0.41845794392523367,1.471275021423019,[]
106,12,4,6995,False,lag_1,lag_1 <= 0,13.0,14.0,True,-0.47894361170592437,0.0,[]
106,13,5,4679,True,,leaf,,,False,-9.891211404717943e-05,,[]
106,14,5,2316,False,mean_6,mean_6 <= 1.95556,15.0,16.0,True,-0.32244196044711954,1.9555555555555555,[]
106,15,6,1665,True,,leaf,,,False,-9.891211404717943e-05,,[]
106,16,6,651,True,,leaf,,,False,-9.891211404717943e-05,,[]
106,17,4,1555,False,nonzero_12,nonzero_12 <= 0.208333,18.0,19.0,True,-0.1450479233226837,0.20833333333333331,[]
106,18,5,838,True,,leaf,,,False,-9.891211404717943e-05,,[]
106,19,5,717,True,,leaf,,,False,0.0077278807052249794,,[]
106,20,1,61122,False,mean_3,mean_3 <= 0,21.0,28.0,False,0.00484198128639665,0.0,[]
106,21,2,2602,False,category,"category in ['0108', '0201', '0302', '0303', '1201', '1305', '2004', '2401', '2506', '2514', '2702', '2703', '2801', '3002']",22.0,27.0,True,0.21898928024502298,,"[""0108"", ""0201"", ""0302"", ""0303"", ""1201"", ""1305"", ""2004"", ""2401"", ""2506"", ""2514"", ""2702"", ""2703"", ""2801"", ""3002""]"
106,22,3,1852,False,month_sin,month_sin <= 0.25,23.0,24.0,False,0.359828141783029,0.25000000000000006,[]
106,23,4,821,True,,leaf,,,False,0.0005438060625164456,,[]
106,24,4,1031,False,nonzero_12,nonzero_12 <= 0.458333,25.0,26.0,True,0.579250720461095,0.45833333333333337,[]
106,25,5,707,True,,leaf,,,False,1.9421133965602276e-05,,[]
106,26,5,324,True,,leaf,,,False,0.0013290583690044296,,[]
106,27,3,750,True,,leaf,,,False,-0.00033462140300301465,,[]
106,28,2,58520,True,,leaf,,,False,-9.402534387616957e-05,,[]
107,0,0,86094,False,nonzero_12,nonzero_12 <= 0.291667,1.0,18.0,False,0.0,0.29166666666666663,[]
107,1,1,24972,False,mean_6,mean_6 <= 0.5,2.0,9.0,True,-0.5395084460811784,0.5,[]
107,2,2,15103,False,category,"category in ['0104', '0811', '1309', '2403', '2502', '2506', '2901']",3.0,4.0,False,-0.6523522794944749,,"[""0104"", ""0811"", ""1309"", ""2403"", ""2502"", ""2506"", ""2901""]"
107,3,3,719,True,,leaf,,,False,-9.396650834482046e-05,,[]
107,4,3,14384,False,category,"category in ['0105', '1510', '2401', '2702', '2801', 'прочее']",5.0,6.0,False,-0.6725024315687091,,"[""0105"", ""1510"", ""2401"", ""2702"", ""2801"", ""прочее""]"
107,5,4,1928,True,,leaf,,,False,-9.396650834482046e-05,,[]
107,6,4,12456,False,month_sin,month_sin <= 0.25,7.0,8.0,True,-0.6484838761431092,0.25000000000000006,[]
107,7,5,7684,True,,leaf,,,False,-9.396650834482046e-05,,[]
107,8,5,4772,True,,leaf,,,False,-9.396650834482046e-05,,[]
107,9,2,9869,False,category,"category in ['0104', '0201', '0203', '1501', '2401', '2502', '2514', '2703', '2704', '2802', '2901', '3001']",10.0,11.0,False,-0.36633262475959105,,"[""0104"", ""0201"", ""0203"", ""1501"", ""2401"", ""2502"", ""2514"", ""2703"", ""2704"", ""2802"", ""2901"", ""3001""]"
107,10,3,1319,True,,leaf,,,False,-9.396650834482046e-05,,[]
107,11,3,8550,False,baseline_ratio,baseline_ratio <= 1.47128,12.0,17.0,True,-0.41915887850467287,1.471275021423019,[]
107,12,4,6995,False,lag_1,lag_1 <= 0,13.0,14.0,True,-0.47894361170592437,0.0,[]
107,13,5,4679,True,,leaf,,,False,-9.396650834482046e-05,,[]
107,14,5,2316,False,mean_6,mean_6 <= 1.95556,15.0,16.0,True,-0.32244196044711954,1.9555555555555555,[]
107,15,6,1665,True,,leaf,,,False,-9.396650834482046e-05,,[]
107,16,6,651,True,,leaf,,,False,-9.396650834482046e-05,,[]
107,17,4,1555,True,,leaf,,,False,-9.396650834482046e-05,,[]
107,18,1,61122,False,mean_3,mean_3 <= 0,19.0,26.0,False,0.004940129555715501,0.0,[]
107,19,2,2602,False,category,"category in ['0108', '0201', '0302', '0303', '1201', '1305', '2004', '2401', '2506', '2514', '2702', '2703', '2801', '3002']",20.0,25.0,True,0.21822358346094947,,"[""0108"", ""0201"", ""0302"", ""0303"", ""1201"", ""1305"", ""2004"", ""2401"", ""2506"", ""2514"", ""2702"", ""2703"", ""2801"", ""3002""]"
107,20,3,1852,False,month_sin,month_sin <= 0.25,21.0,22.0,False,0.35875402792696026,0.25000000000000006,[]
107,21,4,821,True,,leaf,,,False,0.0005166157593906233,,[]
107,22,4,1031,False,nonzero_12,nonzero_12 <= 0.458333,23.0,24.0,True,0.5773294908741594,0.45833333333333337,[]
107,23,5,707,True,,leaf,,,False,1.8450077267322163e-05,,[]
107,24,5,324,True,,leaf,,,False,0.0012626054505542079,,[]
107,25,3,750,True,,leaf,,,False,-0.0003178903328528639,,[]
107,26,2,58520,False,trend_factor,trend_factor <= 0.99305,27.0,28.0,False,-0.004578848453784384,0.9930496218922821,[]
107,27,3,21120,True,,leaf,,,False,0.0012573502827420175,,[]
107,28,3,37400,True,,leaf,,,False,-0.0007693883536030678,,[]
108,0,0,86094,False,nonzero_12,nonzero_12 <= 0.291667,1.0,18.0,False,0.0,0.29166666666666663,[]
108,1,1,24972,False,mean_6,mean_6 <= 0.5,2.0,9.0,True,-0.5395084460811784,0.5,[]
108,2,2,15103,False,category,"category in ['0104', '0811', '1309', '2403', '2502', '2506', '2901']",3.0,4.0,False,-0.6523522794944749,,"[""0104"", ""0811"", ""1309"", ""2403"", ""2502"", ""2506"", ""2901""]"
108,3,3,719,True,,leaf,,,False,-8.926818292757943e-05,,[]
108,4,3,14384,False,category,"category in ['0105', '1510', '2401', '2702', '2801', 'прочее']",5.0,6.0,False,-0.6725024315687091,,"[""0105"", ""1510"", ""2401"", ""2702"", ""2801"", ""прочее""]"
108,5,4,1928,True,,leaf,,,False,-8.926818292757943e-05,,[]
108,6,4,12456,False,month_sin,month_sin <= 0.25,7.0,8.0,True,-0.6484838761431092,0.25000000000000006,[]
108,7,5,7684,True,,leaf,,,False,-8.926818292757943e-05,,[]
108,8,5,4772,True,,leaf,,,False,-8.926818292757943e-05,,[]
108,9,2,9869,False,category,"category in ['0104', '0201', '0203', '1501', '2401', '2502', '2514', '2703', '2704', '2802', '2901', '3001']",10.0,11.0,False,-0.36633262475959105,,"[""0104"", ""0201"", ""0203"", ""1501"", ""2401"", ""2502"", ""2514"", ""2703"", ""2704"", ""2802"", ""2901"", ""3001""]"
108,10,3,1319,True,,leaf,,,False,-8.926818292757943e-05,,[]
108,11,3,8550,False,baseline_ratio,baseline_ratio <= 1.47128,12.0,17.0,True,-0.41915887850467287,1.471275021423019,[]
108,12,4,6995,False,lag_1,lag_1 <= 0,13.0,14.0,True,-0.47894361170592437,0.0,[]
108,13,5,4679,True,,leaf,,,False,-8.926818292757943e-05,,[]
108,14,5,2316,False,mean_6,mean_6 <= 1.95556,15.0,16.0,True,-0.32244196044711954,1.9555555555555555,[]
108,15,6,1665,True,,leaf,,,False,-8.926818292757943e-05,,[]
108,16,6,651,True,,leaf,,,False,-8.926818292757943e-05,,[]
108,17,4,1555,True,,leaf,,,False,-8.926818292757943e-05,,[]
108,18,1,61122,False,mean_3,mean_3 <= 0,19.0,28.0,False,0.005659883530720409,0.0,[]
108,19,2,2602,False,category,"category in ['0108', '0201', '0302', '0303', '1201', '1305', '2004', '2401', '2506', '2514', '2702', '2703', '2801', '3002']",20.0,27.0,True,0.21822358346094947,,"[""0108"", ""0201"", ""0302"", ""0303"", ""1201"", ""1305"", ""2004"", ""2401"", ""2506"", ""2514"", ""2702"", ""2703"", ""2801"", ""3002""]"
108,20,3,1852,False,month_sin,month_sin <= 0.25,21.0,24.0,False,0.35875402792696026,0.25000000000000006,[]
108,21,4,821,False,nonzero_12,nonzero_12 <= 0.375,22.0,23.0,False,0.08062575210589651,0.375,[]
108,22,5,396,True,,leaf,,,False,0.0004963667305035975,,[]
108,23,5,425,True,,leaf,,,False,-0.004392935223313044,,[]
108,24,4,1031,False,nonzero_12,nonzero_12 <= 0.458333,25.0,26.0,True,0.5773294908741594,0.45833333333333337,[]
108,25,5,707,True,,leaf,,,False,1.7527573403956054e-05,,[]
108,26,5,324,True,,leaf,,,False,0.0011994751780264976,,[]
108,27,3,750,True,,leaf,,,False,-0.0003019958162102207,,[]
108,28,2,58520,True,,leaf,,,False,-7.517215350911767e-05,,[]
109,0,0,86094,False,nonzero_12,nonzero_12 <= 0.291667,1.0,16.0,False,0.0,0.29166666666666663,[]
109,1,1,24972,False,mean_6,mean_6 <= 0.5,2.0,9.0,True,-0.5395084460811784,0.5,[]
109,2,2,15103,False,category,"category in ['0104', '0811', '1309', '2403', '2502', '2506', '2901']",3.0,4.0,False,-0.6523522794944749,,"[""0104"", ""0811"", ""1309"", ""2403"", ""2502"", ""2506"", ""2901""]"
109,3,3,719,True,,leaf,,,False,-8.480477378120047e-05,,[]
109,4,3,14384,False,category,"category in ['0105', '1510', '2401', '2702', '2801', 'прочее']",5.0,6.0,False,-0.6725024315687091,,"[""0105"", ""1510"", ""2401"", ""2702"", ""2801"", ""прочее""]"
109,5,4,1928,True,,leaf,,,False,-8.480477378120047e-05,,[]
109,6,4,12456,False,month_sin,month_sin <= 0.25,7.0,8.0,True,-0.6484838761431092,0.25000000000000006,[]
109,7,5,7684,True,,leaf,,,False,-8.480477378120047e-05,,[]
109,8,5,4772,True,,leaf,,,False,-8.480477378120047e-05,,[]
109,9,2,9869,False,category,"category in ['0104', '0201', '0203', '1501', '2401', '2502', '2514', '2703', '2704', '2802', '2901', '3001']",10.0,11.0,False,-0.36633262475959105,,"[""0104"", ""0201"", ""0203"", ""1501"", ""2401"", ""2502"", ""2514"", ""2703"", ""2704"", ""2802"", ""2901"", ""3001""]"
109,10,3,1319,True,,leaf,,,False,-8.480477378120047e-05,,[]
109,11,3,8550,False,baseline_ratio,baseline_ratio <= 1.47128,12.0,15.0,True,-0.41915887850467287,1.471275021423019,[]
109,12,4,6995,False,lag_1,lag_1 <= 0,13.0,14.0,True,-0.47894361170592437,0.0,[]
109,13,5,4679,True,,leaf,,,False,-8.480477378120047e-05,,[]
109,14,5,2316,True,,leaf,,,False,-8.480477378120047e-05,,[]
109,15,4,1555,True,,leaf,,,False,-8.480477378120047e-05,,[]
109,16,1,61122,False,mean_3,mean_3 <= 0,17.0,28.0,False,0.00579074788981221,0.0,[]
109,17,2,2602,False,category,"category in ['0108', '0201', '0302', '0303', '1201', '1305', '2401', '2506', '2514', '2702', '2703', '2801', '3002']",18.0,27.0,True,0.21286370597243492,,"[""0108"", ""0201"", ""0302"", ""0303"", ""1201"", ""1305"", ""2401"", ""2506"", ""2514"", ""2702"", ""2703"", ""2801"", ""3002""]"
109,18,3,1776,False,nonzero_12,nonzero_12 <= 0.375,19.0,22.0,False,0.3673012318029115,0.375,[]
109,19,4,850,False,month_cos,month_cos <= -0.933013,20.0,21.0,False,0.6395348837209303,-0.9330127018922194,[]
109,20,5,100,True,,leaf,,,False,-0.00032657587740283746,,[]
109,21,5,750,True,,leaf,,,False,0.00014694314486574924,,[]
109,22,4,926,False,month_sin,month_sin <= 0.25,23.0,24.0,False,0.11324786324786325,0.25000000000000006,[]
109,23,5,412,True,,leaf,,,False,-0.004173288462147391,,[]
109,24,5,514,False,nonzero_12,nonzero_12 <= 0.458333,25.0,26.0,False,0.30916030534351147,0.45833333333333337,[]
109,25,6,210,True,,leaf,,,False,9.568016254294105e-05,,[]
109,26,6,304,True,,leaf,,,False,0.0011673251070448973,,[]
109,27,3,826,True,,leaf,,,False,-0.00020821901661540574,,[]
109,28,2,58520,True,,leaf,,,False,-7.141354583366179e-05,,[]
110,0,0,86094,False,nonzero_12,nonzero_12 <= 0.291667,1.0,24.0,False,0.0,0.29166666666666663,[]
110,1,1,24972,False,mean_6,mean_6 <= 0.5,2.0,11.0,True,-0.5395084460811784,0.5,[]
110,2,2,15103,False,category,"category in ['0104', '0811', '1309', '2403', '2502', '2506', '2901']",3.0,4.0,False,-0.6523522794944749,,"[""0104"", ""0811"", ""1309"", ""2403"", ""2502"", ""2506"", ""2901""]"
110,3,3,719,True,,leaf,,,False,-8.056453509214045e-05,,[]
110,4,3,14384,False,category,"category in ['0105', '1510', '2401', '2702', '2801', 'прочее']",5.0,6.0,False,-0.6725024315687091,,"[""0105"", ""1510"", ""2401"", ""2702"", ""2801"", ""прочее""]"
110,5,4,1928,True,,leaf,,,False,-8.056453509214045e-05,,[]
110,6,4,12456,False,month_sin,month_sin <= 0.25,7.0,10.0,True,-0.6484838761431092,0.25000000000000006,[]
110,7,5,7684,False,nonzero_12,nonzero_12 <= 0.208333,8.0,9.0,True,-0.5981284117494151,0.20833333333333331,[]
110,8,6,6568,True,,leaf,,,False,-8.056453509214045e-05,,[]
110,9,6,1116,True,,leaf,,,False,-8.056453509214045e-05,,[]
110,10,5,4772,True,,leaf,,,False,-8.056453509214045e-05,,[]
110,11,2,9869,False,category,"category in ['0104', '0201', '0203', '1501', '2401', '2502', '2514', '2703', '2704', '2802', '2901', '3001']",12.0,15.0,False,-0.36633262475959105,,"[""0104"", ""0201"", ""0203"", ""1501"", ""2401"", ""2502"", ""2514"", ""2703"", ""2704"", ""2802"", ""2901"", ""3001""]"
110,12,3,1319,False,lag_1,lag_1 <= 0.328859,13.0,14.0,True,-0.023325808878856283,0.3288590604026846,[]
110,13,4,686,True,,leaf,,,False,-8.056453509214045e-05,,[]
110,14,4,633,True,,leaf,,,False,0.03758270118859207,,[]
110,15,3,8550,False,baseline_ratio,baseline_ratio <= 1.47128,16.0,21.0,True,-0.41915887850467287,1.471275021423019,[]
110,16,4,6995,False,lag_1,lag_1 <= 0,17.0,18.0,True,-0.47894361170592437,0.0,[]
110,17,5,4679,True,,leaf,,,False,-8.056453509214045e-05,,[]
110,18,5,2316,False,mean_6,mean_6 <= 1.95556,19.0,20.0,True,-0.32244196044711954,1.9555555555555555,[]
110,19,6,1665,True,,leaf,,,False,-8.056453509214045e-05,,[]
110,20,6,651,True,,leaf,,,False,-8.056453509214045e-05,,[]
110,21,4,1555,False,nonzero_12,nonzero_12 <= 0.208333,22.0,23.0,True,-0.1488817891373802,0.20833333333333331,[]
110,22,5,838,True,,leaf,,,False,-8.056453509214045e-05,,[]
110,23,5,717,True,,leaf,,,False,0.007354888643216411,,[]
110,24,1,61122,False,mean_3,mean_3 <= 0,25.0,28.0,False,0.0019956814761499706,0.0,[]
110,25,2,2602,False,category,"category in ['0108', '0201', '0302', '0303', '1201', '1501', '2401', '2402', '2506', '2514', '2702', '2703', '2803', '3002']",26.0,27.0,True,0.1225114854517611,,"[""0108"", ""0201"", ""0302"", ""0303"", ""1201"", ""1501"", ""2401"", ""2402"", ""2506"", ""2514"", ""2702"", ""2703"", ""2803"", ""3002""]"
110,26,3,1789,True,,leaf,,,False,9.0896154415794e-05,,[]
110,27,3,813,True,,leaf,,,False,-0.00024120862807322453,,[]
110,28,2,58520,True,,leaf,,,False,-6.78428685419787e-05,,[]
111,0,0,86094,False,nonzero_12,nonzero_12 <= 0.291667,1.0,26.0,False,0.0,0.29166666666666663,[]
111,1,1,24972,False,mean_6,mean_6 <= 0.5,2.0,11.0,True,-0.5395084460811784,0.5,[]
111,2,2,15103,False,category,"category in ['0104', '0811', '1309', '2403', '2502', '2506', '2901']",3.0,4.0,False,-0.6523522794944749,,"[""0104"", ""0811"", ""1309"", ""2403"", ""2502"", ""2506"", ""2901""]"
111,3,3,719,True,,leaf,,,False,-7.653630833753342e-05,,[]
111,4,3,14384,False,category,"category in ['0105', '1510', '2401', '2702', '2801', 'прочее']",5.0,6.0,False,-0.6725024315687091,,"[""0105"", ""1510"", ""2401"", ""2702"", ""2801"", ""прочее""]"
111,5,4,1928,True,,leaf,,,False,-7.653630833753342e-05,,[]
111,6,4,12456,False,month_sin,month_sin <= 0.25,7.0,10.0,True,-0.6484838761431092,0.25000000000000006,[]
111,7,5,7684,False,nonzero_12,nonzero_12 <= 0.208333,8.0,9.0,True,-0.5981284117494151,0.20833333333333331,[]
111,8,6,6568,True,,leaf,,,False,-7.653630833753342e-05,,[]
111,9,6,1116,True,,leaf,,,False,-7.653630833753342e-05,,[]
111,10,5,4772,True,,leaf,,,False,-7.653630833753342e-05,,[]
111,11,2,9869,False,category,"category in ['0104', '0201', '0203', '1501', '2401', '2502', '2514', '2703', '2704', '2802', '2901', '3001']",12.0,15.0,False,-0.36633262475959105,,"[""0104"", ""0201"", ""0203"", ""1501"", ""2401"", ""2502"", ""2514"", ""2703"", ""2704"", ""2802"", ""2901"", ""3001""]"
111,12,3,1319,False,lag_1,lag_1 <= 0.328859,13.0,14.0,True,-0.023325808878856283,0.3288590604026846,[]
111,13,4,686,True,,leaf,,,False,-7.653630833753342e-05,,[]
111,14,4,633,True,,leaf,,,False,0.035703566129162465,,[]
111,15,3,8550,False,baseline_ratio,baseline_ratio <= 1.47128,16.0,23.0,True,-0.41915887850467287,1.471275021423019,[]
111,16,4,6995,False,lag_1,lag_1 <= 0,17.0,20.0,True,-0.47894361170592437,0.0,[]
111,17,5,4679,False,nonzero_12,nonzero_12 <= 0.208333,18.0,19.0,True,-0.5555555555555556,0.20833333333333331,[]
111,18,6,3242,True,,leaf,,,False,-7.653630833753342e-05,,[]
111,19,6,1437,True,,leaf,,,False,-7.653630833753342e-05,,[]
111,20,5,2316,False,mean_6,mean_6 <= 1.95556,21.0,22.0,True,-0.32244196044711954,1.9555555555555555,[]
111,21,6,1665,True,,leaf,,,False,-7.653630833753342e-05,,[]
111,22,6,651,True,,leaf,,,False,-7.653630833753342e-05,,[]
111,23,4,1555,False,nonzero_12,nonzero_12 <= 0.208333,24.0,25.0,True,-0.1488817891373802,0.20833333333333331,[]
111,24,5,838,True,,leaf,,,False,-7.653630833753342e-05,,[]
111,25,5,717,True,,leaf,,,False,0.00698714421105559,,[]
111,26,1,61122,False,mean_6,mean_6 <= 1.95556,27.0,28.0,True,0.0018648171170581693,1.9555555555555555,[]
111,27,2,56000,True,,leaf,,,False,-1.2902780526449698e-05,,[]
111,28,2,5122,True,,leaf,,,False,0.00823824434172916,,[]
112,0,0,86094,False,nonzero_12,nonzero_12 <= 0.291667,1.0,26.0,False,0.0,0.29166666666666663,[]
112,1,1,24972,False,mean_6,mean_6 <= 0.5,2.0,11.0,True,-0.5395084460811784,0.5,[]
112,2,2,15103,False,category,"category in ['0104', '0811', '1309', '2403', '2502', '2506', '2901']",3.0,4.0,False,-0.6523522794944749,,"[""0104"", ""0811"", ""1309"", ""2403"", ""2502"", ""2506"", ""2901""]"
112,3,3,719,True,,leaf,,,False,-7.270949292065675e-05,,[]
112,4,3,14384,False,category,"category in ['0105', '1510', '2401', '2702', '2801', 'прочее']",5.0,6.0,False,-0.6725024315687091,,"[""0105"", ""1510"", ""2401"", ""2702"", ""2801"", ""прочее""]"
112,5,4,1928,True,,leaf,,,False,-7.270949292065675e-05,,[]
112,6,4,12456,False,month_sin,month_sin <= 0.25,7.0,10.0,True,-0.6484838761431092,0.25000000000000006,[]
112,7,5,7684,False,nonzero_12,nonzero_12 <= 0.208333,8.0,9.0,True,-0.5981284117494151,0.20833333333333331,[]
112,8,6,6568,True,,leaf,,,False,-7.270949292065675e-05,,[]
112,9,6,1116,True,,leaf,,,False,-7.270949292065675e-05,,[]
112,10,5,4772,True,,leaf,,,False,-7.270949292065675e-05,,[]
112,11,2,9869,False,category,"category in ['0104', '0201', '0203', '1501', '2401', '2502', '2514', '2703', '2704', '2802', '2901', '3001']",12.0,15.0,False,-0.36633262475959105,,"[""0104"", ""0201"", ""0203"", ""1501"", ""2401"", ""2502"", ""2514"", ""2703"", ""2704"", ""2802"", ""2901"", ""3001""]"
112,12,3,1319,False,lag_1,lag_1 <= 0.328859,13.0,14.0,True,-0.023325808878856283,0.3288590604026846,[]
112,13,4,686,True,,leaf,,,False,-7.270949292065675e-05,,[]
112,14,4,633,True,,leaf,,,False,0.033918387822704336,,[]
112,15,3,8550,False,baseline_ratio,baseline_ratio <= 1.47128,16.0,23.0,True,-0.41915887850467287,1.471275021423019,[]
112,16,4,6995,False,lag_1,lag_1 <= 0,17.0,20.0,True,-0.47894361170592437,0.0,[]
112,17,5,4679,False,nonzero_12,nonzero_12 <= 0.208333,18.0,19.0,True,-0.5555555555555556,0.20833333333333331,[]
112,18,6,3242,True,,leaf,,,False,-7.270949292065675e-05,,[]
112,19,6,1437,True,,leaf,,,False,-7.270949292065675e-05,,[]
112,20,5,2316,False,mean_6,mean_6 <= 1.95556,21.0,22.0,True,-0.32244196044711954,1.9555555555555555,[]
112,21,6,1665,True,,leaf,,,False,-7.270949292065675e-05,,[]
112,22,6,651,True,,leaf,,,False,-7.270949292065675e-05,,[]
112,23,4,1555,False,nonzero_12,nonzero_12 <= 0.208333,24.0,25.0,True,-0.1488817891373802,0.20833333333333331,[]
112,24,5,838,True,,leaf,,,False,-7.270949292065675e-05,,[]
112,25,5,717,True,,leaf,,,False,0.006637787000502811,,[]
112,26,1,61122,False,mean_3,mean_3 <= 0,27.0,28.0,False,0.0015049401295557155,0.0,[]
112,27,2,2602,True,,leaf,,,False,1.0560973701698889e-05,,[]
112,28,2,58520,True,,leaf,,,False,-7.959789088733682e-05,,[]
113,0,0,86094,False,nonzero_12,nonzero_12 <= 0.291667,1.0,26.0,False,0.0,0.29166666666666663,[]
113,1,1,24972,False,mean_6,mean_6 <= 0.5,2.0,11.0,True,-0.5396685613641822,0.5,[]
113,2,2,15103,False,category,"category in ['0104', '0811', '1309', '2403', '2502', '2506', '2901']",3.0,4.0,False,-0.6523522794944749,,"[""0104"", ""0811"", ""1309"", ""2403"", ""2502"", ""2506"", ""2901""]"
113,3,3,719,True,,leaf,,,False,-6.90740182746239e-05,,[]
113,4,3,14384,False,category,"category in ['0105', '1510', '2401', '2702', '2801', 'прочее']",5.0,6.0,False,-0.6725024315687091,,"[""0105"", ""1510"", ""2401"", ""2702"", ""2801"", ""прочее""]"
113,5,4,1928,True,,leaf,,,False,-6.90740182746239e-05,,[]
113,6,4,12456,False,month_sin,month_sin <= 0.25,7.0,10.0,True,-0.6484838761431092,0.25000000000000006,[]
113,7,5,7684,False,nonzero_12,nonzero_12 <= 0.208333,8.0,9.0,True,-0.5981284117494151,0.20833333333333331,[]
113,8,6,6568,True,,leaf,,,False,-6.90740182746239e-05,,[]
113,9,6,1116,True,,leaf,,,False,-6.90740182746239e-05,,[]
113,10,5,4772,True,,leaf,,,False,-6.90740182746239e-05,,[]
113,11,2,9869,False,category,"category in ['0104', '0201', '0203', '1501', '2401', '2502', '2514', '2703', '2704', '2802', '2901', '3001']",12.0,15.0,False,-0.3667375240408948,,"[""0104"", ""0201"", ""0203"", ""1501"", ""2401"", ""2502"", ""2514"", ""2703"", ""2704"", ""2802"", ""2901"", ""3001""]"
113,12,3,1319,False,lag_1,lag_1 <= 0.328859,13.0,14.0,True,-0.02633559066967645,0.3288590604026846,[]
113,13,4,686,True,,leaf,,,False,-6.90740182746239e-05,,[]
113,14,4,633,True,,leaf,,,False,0.032222468431569125,,[]
113,15,3,8550,False,baseline_ratio,baseline_ratio <= 1.47128,16.0,23.0,True,-0.41915887850467287,1.471275021423019,[]
113,16,4,6995,False,lag_1,lag_1 <= 0,17.0,20.0,True,-0.47894361170592437,0.0,[]
113,17,5,4679,False,nonzero_12,nonzero_12 <= 0.208333,18.0,19.0,True,-0.5555555555555556,0.20833333333333331,[]
113,18,6,3242,True,,leaf,,,False,-6.90740182746239e-05,,[]
113,19,6,1437,True,,leaf,,,False,-6.90740182746239e-05,,[]
113,20,5,2316,False,mean_6,mean_6 <= 1.95556,21.0,22.0,True,-0.32244196044711954,1.9555555555555555,[]
113,21,6,1665,True,,leaf,,,False,-6.90740182746239e-05,,[]
113,22,6,651,True,,leaf,,,False,-6.90740182746239e-05,,[]
113,23,4,1555,False,nonzero_12,nonzero_12 <= 0.208333,24.0,25.0,True,-0.1488817891373802,0.20833333333333331,[]
113,24,5,838,True,,leaf,,,False,-6.90740182746239e-05,,[]
113,25,5,717,True,,leaf,,,False,0.006305897650477671,,[]
113,26,1,61122,False,mean_3,mean_3 <= 0,27.0,28.0,False,0.0015703723091016163,0.0,[]
113,27,2,2602,True,,leaf,,,False,1.0032925016613945e-05,,[]
113,28,2,58520,True,,leaf,,,False,-7.561799634296929e-05,,[]
114,0,0,86094,False,nonzero_12,nonzero_12 <= 0.291667,1.0,28.0,False,0.0,0.29166666666666663,[]
114,1,1,24972,False,mean_6,mean_6 <= 0.5,2.0,11.0,True,-0.5398286766471859,0.5,[]
114,2,2,15103,False,category,"category in ['0104', '0811', '1309', '2403', '2502', '2506', '2901']",3.0,4.0,False,-0.6523522794944749,,"[""0104"", ""0811"", ""1309"", ""2403"", ""2502"", ""2506"", ""2901""]"
114,3,3,719,True,,leaf,,,False,-6.562031736089272e-05,,[]
114,4,3,14384,False,category,"category in ['0105', '1510', '2401', '2702', '2801', 'прочее']",5.0,6.0,False,-0.6725024315687091,,"[""0105"", ""1510"", ""2401"", ""2702"", ""2801"", ""прочее""]"
114,5,4,1928,True,,leaf,,,False,-6.562031736089272e-05,,[]
114,6,4,12456,False,month_sin,month_sin <= 0.25,7.0,10.0,True,-0.6484838761431092,0.25000000000000006,[]
114,7,5,7684,False,nonzero_12,nonzero_12 <= 0.208333,8.0,9.0,True,-0.5981284117494151,0.20833333333333331,[]
114,8,6,6568,True,,leaf,,,False,-6.562031736089272e-05,,[]
114,9,6,1116,True,,leaf,,,False,-6.562031736089272e-05,,[]
114,10,5,4772,True,,leaf,,,False,-6.562031736089272e-05,,[]
114,11,2,9869,False,category,"category in ['0104', '0201', '0203', '1501', '2401', '2502', '2514', '2703', '2704', '2802', '2901', '3001']",12.0,15.0,False,-0.3671424233221986,,"[""0104"", ""0201"", ""0203"", ""1501"", ""2401"", ""2502"", ""2514"", ""2703"", ""2704"", ""2802"", ""2901"", ""3001""]"
114,12,3,1319,False,mean_3,mean_3 <= 1.71429,13.0,14.0,True,-0.02784048156508653,1.7142857142857142,[]
114,13,4,804,True,,leaf,,,False,-6.562031736089272e-05,,[]
114,14,4,515,True,,leaf,,,False,0.030134251808236284,,[]
114,15,3,8550,False,baseline_ratio,baseline_ratio <= 1.47128,16.0,23.0,True,-0.41939252336448596,1.471275021423019,[]
114,16,4,6995,False,lag_1,lag_1 <= 0,17.0,20.0,True,-0.47894361170592437,0.0,[]
114,17,5,4679,False,nonzero_12,nonzero_12 <= 0.208333,18.0,19.0,True,-0.5555555555555556,0.20833333333333331,[]
114,18,6,3242,True,,leaf,,,False,-6.562031736089272e-05,,[]
114,19,6,1437,True,,leaf,,,False,-6.562031736089272e-05,,[]
114,20,5,2316,False,mean_6,mean_6 <= 1.95556,21.0,22.0,True,-0.32244196044711954,1.9555555555555555,[]
114,21,6,1665,True,,leaf,,,False,-6.562031736089272e-05,,[]
114,22,6,651,True,,leaf,,,False,-6.562031736089272e-05,,[]
114,23,4,1555,False,category,"category in ['1302', '1303', '2004', '2801']",24.0,25.0,False,-0.1501597444089457,,"[""1302"", ""1303"", ""2004"", ""2801""]"
114,24,5,333,True,,leaf,,,False,0.06670020064200324,,[]
114,25,5,1222,False,nonzero_12,nonzero_12 <= 0.208333,26.0,27.0,True,-0.237012987012987,0.20833333333333331,[]
114,26,6,676,True,,leaf,,,False,-6.562031736089272e-05,,[]
114,27,6,546,True,,leaf,,,False,-0.0076457608684098516,,[]
114,28,1,61122,True,,leaf,,,False,4.374673860087932e-06,,[]
115,0,0,86094,False,nonzero_12,nonzero_12 <= 0.291667,1.0,26.0,False,0.0,0.29166666666666663,[]
115,1,1,24972,False,mean_6,mean_6 <= 0.5,2.0,11.0,True,-0.5399087342886879,0.5,[]
115,2,2,15103,False,category,"category in ['0104', '0811', '1309', '2403', '2502', '2506', '2901']",3.0,4.0,False,-0.6523522794944749,,"[""0104"", ""0811"", ""1309"", ""2403"", ""2502"", ""2506"", ""2901""]"
115,3,3,719,True,,leaf,,,False,-6.233930149284808e-05,,[]
115,4,3,14384,False,category,"category in ['0105', '1510', '2401', '2702', '2801', 'прочее']",5.0,6.0,False,-0.6725024315687091,,"[""0105"", ""1510"", ""2401"", ""2702"", ""2801"", ""прочее""]"
115,5,4,1928,True,,leaf,,,False,-6.233930149284808e-05,,[]
115,6,4,12456,False,month_sin,month_sin <= 0.25,7.0,10.0,True,-0.6484838761431092,0.25000000000000006,[]
115,7,5,7684,False,nonzero_12,nonzero_12 <= 0.208333,8.0,9.0,True,-0.5981284117494151,0.20833333333333331,[]
115,8,6,6568,True,,leaf,,,False,-6.233930149284808e-05,,[]
115,9,6,1116,True,,leaf,,,False,-6.233930149284808e-05,,[]
115,10,5,4772,True,,leaf,,,False,-6.233930149284808e-05,,[]
115,11,2,9869,False,category,"category in ['0104', '0201', '0203', '1501', '2401', '2502', '2514', '2703', '2704', '2802', '2901', '3001']",12.0,15.0,False,-0.3673448729628505,,"[""0104"", ""0201"", ""0203"", ""1501"", ""2401"", ""2502"", ""2514"", ""2703"", ""2704"", ""2802"", ""2901"", ""3001""]"
115,12,3,1319,False,mean_3,mean_3 <= 1.71429,13.0,14.0,True,-0.02784048156508653,1.7142857142857142,[]
115,13,4,804,True,,leaf,,,False,-6.233930149284808e-05,,[]
115,14,4,515,True,,leaf,,,False,0.028627539217824474,,[]
115,15,3,8550,False,baseline_ratio,baseline_ratio <= 1.47128,16.0,23.0,True,-0.41962616822429905,1.471275021423019,[]
115,16,4,6995,False,lag_1,lag_1 <= 0,17.0,20.0,True,-0.47894361170592437,0.0,[]
115,17,5,4679,False,nonzero_12,nonzero_12 <= 0.208333,18.0,19.0,True,-0.5555555555555556,0.20833333333333331,[]
115,18,6,3242,True,,leaf,,,False,-6.233930149284808e-05,,[]
115,19,6,1437,True,,leaf,,,False,-6.233930149284808e-05,,[]
115,20,5,2316,False,mean_6,mean_6 <= 1.95556,21.0,22.0,True,-0.32244196044711954,1.9555555555555555,[]
115,21,6,1665,True,,leaf,,,False,-6.233930149284808e-05,,[]
115,22,6,651,True,,leaf,,,False,-6.233930149284808e-05,,[]
115,23,4,1555,False,nonzero_12,nonzero_12 <= 0.208333,24.0,25.0,True,-0.15143769968051118,0.20833333333333331,[]
115,24,5,838,True,,leaf,,,False,-6.233930149284808e-05,,[]
115,25,5,717,True,,leaf,,,False,0.006372890811374279,,[]
115,26,1,61122,False,mean_3,mean_3 <= 0,27.0,28.0,False,0.0017993849375122686,0.0,[]
115,27,2,2602,True,,leaf,,,False,9.312545072778852e-06,,[]
115,28,2,58520,True,,leaf,,,False,-7.205583021882289e-05,,[]
116,0,0,86094,False,nonzero_12,nonzero_12 <= 0.291667,1.0,26.0,False,0.0,0.29166666666666663,[]
116,1,1,24972,False,mean_6,mean_6 <= 0.5,2.0,11.0,True,-0.5402289648546954,0.5,[]
116,2,2,15103,False,category,"category in ['0104', '0811', '1309', '2403', '2502', '2506', '2901']",3.0,4.0,False,-0.6523522794944749,,"[""0104"", ""0811"", ""1309"", ""2403"", ""2502"", ""2506"", ""2901""]"
116,3,3,719,True,,leaf,,,False,-5.9222336418205674e-05,,[]
116,4,3,14384,False,category,"category in ['0105', '1510', '2401', '2702', '2801', 'прочее']",5.0,6.0,False,-0.6725024315687091,,"[""0105"", ""1510"", ""2401"", ""2702"", ""2801"", ""прочее""]"
116,5,4,1928,True,,leaf,,,False,-5.9222336418205674e-05,,[]
116,6,4,12456,False,month_sin,month_sin <= 0.25,7.0,10.0,True,-0.6484838761431092,0.25000000000000006,[]
116,7,5,7684,False,nonzero_12,nonzero_12 <= 0.208333,8.0,9.0,True,-0.5981284117494151,0.20833333333333331,[]
116,8,6,6568,True,,leaf,,,False,-5.9222336418205674e-05,,[]
116,9,6,1116,True,,leaf,,,False,-5.9222336418205674e-05,,[]
116,10,5,4772,True,,leaf,,,False,-5.9222336418205674e-05,,[]
116,11,2,9869,False,category,"category in ['0104', '0201', '0203', '1501', '2401', '2502', '2514', '2703', '2704', '2802', '2901', '3001']",12.0,15.0,False,-0.36815467152545805,,"[""0104"", ""0201"", ""0203"", ""1501"", ""2401"", ""2502"", ""2514"", ""2703"", ""2704"", ""2802"", ""2901"", ""3001""]"
116,12,3,1319,False,mean_3,mean_3 <= 1.33333,13.0,14.0,True,-0.03235515425131678,1.3333333333333333,[]
116,13,4,675,True,,leaf,,,False,-5.9222336418205674e-05,,[]
116,14,4,644,True,,leaf,,,False,0.026790483486599233,,[]
116,15,3,8550,False,baseline_ratio,baseline_ratio <= 1.47128,16.0,23.0,True,-0.41985981308411213,1.471275021423019,[]
116,16,4,6995,False,lag_1,lag_1 <= 0,17.0,20.0,True,-0.47894361170592437,0.0,[]
116,17,5,4679,False,nonzero_12,nonzero_12 <= 0.208333,18.0,19.0,True,-0.5555555555555556,0.20833333333333331,[]
116,18,6,3242,True,,leaf,,,False,-5.9222336418205674e-05,,[]
116,19,6,1437,True,,leaf,,,False,-5.9222336418205674e-05,,[]
116,20,5,2316,False,mean_6,mean_6 <= 1.95556,21.0,22.0,True,-0.32244196044711954,1.9555555555555555,[]
116,21,6,1665,True,,leaf,,,False,-5.9222336418205674e-05,,[]
116,22,6,651,True,,leaf,,,False,-5.9222336418205674e-05,,[]
116,23,4,1555,False,nonzero_12,nonzero_12 <= 0.208333,24.0,25.0,True,-0.15271565495207667,0.20833333333333331,[]
116,24,5,838,True,,leaf,,,False,-5.9222336418205674e-05,,[]
116,25,5,717,True,,leaf,,,False,0.0060542462708055664,,[]
116,26,1,61122,False,mean_3,mean_3 <= 0,27.0,28.0,False,0.0019302492966040698,0.0,[]
116,27,2,2602,True,,leaf,,,False,8.846917819139908e-06,,[]
116,28,2,58520,True,,leaf,,,False,-6.8453038707883e-05,,[]
117,0,0,86094,False,nonzero_12,nonzero_12 <= 0.291667,1.0,26.0,False,0.0,0.29166666666666663,[]
117,1,1,24972,False,mean_6,mean_6 <= 0.5,2.0,11.0,True,-0.5402289648546954,0.5,[]
117,2,2,15103,False,category,"category in ['0104', '0811', '1309', '2403', '2502', '2506', '2901']",3.0,4.0,False,-0.6523522794944749,,"[""0104"", ""0811"", ""1309"", ""2403"", ""2502"", ""2506"", ""2901""]"
117,3,3,719,True,,leaf,,,False,-5.6261219597295394e-05,,[]
117,4,3,14384,False,category,"category in ['0105', '1510', '2401', '2702', '2801', 'прочее']",5.0,6.0,False,-0.6725024315687091,,"[""0105"", ""1510"", ""2401"", ""2702"", ""2801"", ""прочее""]"
117,5,4,1928,True,,leaf,,,False,-5.6261219597295394e-05,,[]
117,6,4,12456,False,month_sin,month_sin <= 0.25,7.0,10.0,True,-0.6484838761431092,0.25000000000000006,[]
117,7,5,7684,False,nonzero_12,nonzero_12 <= 0.208333,8.0,9.0,True,-0.5981284117494151,0.20833333333333331,[]
117,8,6,6568,True,,leaf,,,False,-5.6261219597295394e-05,,[]
117,9,6,1116,True,,leaf,,,False,-5.6261219597295394e-05,,[]
117,10,5,4772,True,,leaf,,,False,-5.6261219597295394e-05,,[]
117,11,2,9869,False,category,"category in ['0104', '0201', '0203', '1501', '2401', '2502', '2514', '2703', '2704', '2802', '2901', '3001']",12.0,15.0,False,-0.36815467152545805,,"[""0104"", ""0201"", ""0203"", ""1501"", ""2401"", ""2502"", ""2514"", ""2703"", ""2704"", ""2802"", ""2901"", ""3001""]"
117,12,3,1319,False,mean_3,mean_3 <= 1.33333,13.0,14.0,True,-0.03235515425131678,1.3333333333333333,[]
117,13,4,675,True,,leaf,,,False,-5.6261219597295394e-05,,[]
117,14,4,644,True,,leaf,,,False,0.025450959312269275,,[]
117,15,3,8550,False,baseline_ratio,baseline_ratio <= 1.47128,16.0,23.0,True,-0.41985981308411213,1.471275021423019,[]
117,16,4,6995,False,lag_1,lag_1 <= 0,17.0,20.0,True,-0.47894361170592437,0.0,[]
117,17,5,4679,False,nonzero_12,nonzero_12 <= 0.208333,18.0,19.0,True,-0.5555555555555556,0.20833333333333331,[]
117,18,6,3242,True,,leaf,,,False,-5.6261219597295394e-05,,[]
117,19,6,1437,True,,leaf,,,False,-5.6261219597295394e-05,,[]
117,20,5,2316,False,mean_6,mean_6 <= 1.95556,21.0,22.0,True,-0.32244196044711954,1.9555555555555555,[]
117,21,6,1665,True,,leaf,,,False,-5.6261219597295394e-05,,[]
117,22,6,651,True,,leaf,,,False,-5.6261219597295394e-05,,[]
117,23,4,1555,False,nonzero_12,nonzero_12 <= 0.208333,24.0,25.0,True,-0.15271565495207667,0.20833333333333331,[]
117,24,5,838,True,,leaf,,,False,-5.6261219597295394e-05,,[]
117,25,5,717,True,,leaf,,,False,0.005751533957265288,,[]
117,26,1,61122,False,mean_3,mean_3 <= 0,27.0,28.0,False,0.002453706732971275,0.0,[]
117,27,2,2602,True,,leaf,,,False,8.404571928182913e-06,,[]
117,28,2,58520,True,,leaf,,,False,-6.503038677249107e-05,,[]
118,0,0,86094,False,nonzero_12,nonzero_12 <= 0.291667,1.0,26.0,False,0.0,0.29166666666666663,[]
118,1,1,24972,False,mean_6,mean_6 <= 0.5,2.0,11.0,True,-0.5402289648546954,0.5,[]
118,2,2,15103,False,category,"category in ['0104', '0811', '1309', '2403', '2502', '2506', '2901']",3.0,4.0,False,-0.6523522794944749,,"[""0104"", ""0811"", ""1309"", ""2403"", ""2502"", ""2506"", ""2901""]"
118,3,3,719,True,,leaf,,,False,-5.3448158617430626e-05,,[]
118,4,3,14384,False,category,"category in ['0105', '1510', '2401', '2702', '2801', 'прочее']",5.0,6.0,False,-0.6725024315687091,,"[""0105"", ""1510"", ""2401"", ""2702"", ""2801"", ""прочее""]"
118,5,4,1928,True,,leaf,,,False,-5.3448158617430626e-05,,[]
118,6,4,12456,False,month_sin,month_sin <= 0.25,7.0,10.0,True,-0.6484838761431092,0.25000000000000006,[]
118,7,5,7684,False,nonzero_12,nonzero_12 <= 0.208333,8.0,9.0,True,-0.5981284117494151,0.20833333333333331,[]
118,8,6,6568,True,,leaf,,,False,-5.3448158617430626e-05,,[]
118,9,6,1116,True,,leaf,,,False,-5.3448158617430626e-05,,[]
118,10,5,4772,True,,leaf,,,False,-5.3448158617430626e-05,,[]
118,11,2,9869,False,category,"category in ['0104', '0201', '0203', '1501', '2401', '2502', '2514', '2703', '2704', '2802', '2901', '3001']",12.0,15.0,False,-0.36815467152545805,,"[""0104"", ""0201"", ""0203"", ""1501"", ""2401"", ""2502"", ""2514"", ""2703"", ""2704"", ""2802"", ""2901"", ""3001""]"
118,12,3,1319,False,mean_3,mean_3 <= 1.33333,13.0,14.0,True,-0.03235515425131678,1.3333333333333333,[]
118,13,4,675,True,,leaf,,,False,-5.3448158617430626e-05,,[]
118,14,4,644,True,,leaf,,,False,0.024178411346655805,,[]
118,15,3,8550,False,baseline_ratio,baseline_ratio <= 1.47128,16.0,23.0,True,-0.41985981308411213,1.471275021423019,[]
118,16,4,6995,False,lag_1,lag_1 <= 0,17.0,20.0,True,-0.47894361170592437,0.0,[]
118,17,5,4679,False,nonzero_12,nonzero_12 <= 0.208333,18.0,19.0,True,-0.5555555555555556,0.20833333333333331,[]
118,18,6,3242,True,,leaf,,,False,-5.3448158617430626e-05,,[]
118,19,6,1437,True,,leaf,,,False,-5.3448158617430626e-05,,[]
118,20,5,2316,False,mean_6,mean_6 <= 1.95556,21.0,22.0,True,-0.32244196044711954,1.9555555555555555,[]
118,21,6,1665,True,,leaf,,,False,-5.3448158617430626e-05,,[]
118,22,6,651,True,,leaf,,,False,-5.3448158617430626e-05,,[]
118,23,4,1555,False,nonzero_12,nonzero_12 <= 0.208333,24.0,25.0,True,-0.15271565495207667,0.20833333333333331,[]
118,24,5,838,True,,leaf,,,False,-5.3448158617430626e-05,,[]
118,25,5,717,True,,leaf,,,False,0.0054639572594020235,,[]
118,26,1,61122,False,mean_3,mean_3 <= 0,27.0,28.0,False,0.0025191389125171757,0.0,[]
118,27,2,2602,True,,leaf,,,False,7.984343331773766e-06,,[]
118,28,2,58520,True,,leaf,,,False,-6.177886743386763e-05,,[]
119,0,0,86094,False,nonzero_12,nonzero_12 <= 0.291667,1.0,28.0,False,0.0,0.29166666666666663,[]
119,1,1,24972,False,mean_6,mean_6 <= 0.5,2.0,11.0,True,-0.5403890801376992,0.5,[]
119,2,2,15103,False,category,"category in ['0104', '0811', '1309', '2403', '2502', '2506', '2901']",3.0,4.0,False,-0.6523522794944749,,"[""0104"", ""0811"", ""1309"", ""2403"", ""2502"", ""2506"", ""2901""]"
119,3,3,719,True,,leaf,,,False,-5.077575068655909e-05,,[]
119,4,3,14384,False,category,"category in ['0105', '1510', '2401', '2702', '2801', 'прочее']",5.0,6.0,False,-0.6725024315687091,,"[""0105"", ""1510"", ""2401"", ""2702"", ""2801"", ""прочее""]"
119,5,4,1928,True,,leaf,,,False,-5.077575068655909e-05,,[]
119,6,4,12456,False,month_sin,month_sin <= 0.25,7.0,10.0,True,-0.6484838761431092,0.25000000000000006,[]
119,7,5,7684,False,nonzero_12,nonzero_12 <= 0.208333,8.0,9.0,True,-0.5981284117494151,0.20833333333333331,[]
119,8,6,6568,True,,leaf,,,False,-5.077575068655909e-05,,[]
119,9,6,1116,True,,leaf,,,False,-5.077575068655909e-05,,[]
119,10,5,4772,True,,leaf,,,False,-5.077575068655909e-05,,[]
119,11,2,9869,False,category,"category in ['0104', '0201', '0203', '1501', '2401', '2502', '2514', '2703', '2704', '2802', '2901', '3001']",12.0,17.0,False,-0.3685595708067618,,"[""0104"", ""0201"", ""0203"", ""1501"", ""2401"", ""2502"", ""2514"", ""2703"", ""2704"", ""2802"", ""2901"", ""3001""]"
119,12,3,1319,False,month_sin,month_sin <= -6.12323e-17,13.0,14.0,True,-0.035364936042136946,-6.123233995736766e-17,[]
119,13,4,906,True,,leaf,,,False,0.022969490779323018,,[]
119,14,4,413,False,category,"category in ['0104', '0201', '2901']",15.0,16.0,False,-0.2860520094562648,,"[""0104"", ""0201"", ""2901""]"
119,15,5,155,True,,leaf,,,False,0.029858797059972932,,[]
119,16,5,258,True,,leaf,,,False,-5.077575068655909e-05,,[]
119,17,3,8550,False,baseline_ratio,baseline_ratio <= 1.47128,18.0,25.0,True,-0.41985981308411213,1.471275021423019,[]
119,18,4,6995,False,lag_1,lag_1 <= 0,19.0,22.0,True,-0.47894361170592437,0.0,[]
119,19,5,4679,False,nonzero_12,nonzero_12 <= 0.208333,20.0,21.0,True,-0.5555555555555556,0.20833333333333331,[]
119,20,6,3242,True,,leaf,,,False,-5.077575068655909e-05,,[]
119,21,6,1437,True,,leaf,,,False,-5.077575068655909e-05,,[]
119,22,5,2316,False,mean_6,mean_6 <= 1.95556,23.0,24.0,True,-0.32244196044711954,1.9555555555555555,[]
119,23,6,1665,True,,leaf,,,False,-5.077575068655909e-05,,[]
119,24,6,651,True,,leaf,,,False,-5.077575068655909e-05,,[]
119,25,4,1555,False,nonzero_12,nonzero_12 <= 0.208333,26.0,27.0,True,-0.15271565495207667,0.20833333333333331,[]
119,26,5,838,True,,leaf,,,False,-5.077575068655909e-05,,[]
119,27,5,717,True,,leaf,,,False,0.0051907593964319225,,[]
119,28,1,61122,True,,leaf,,,False,2.4285212594897628e-06,,[]
120,0,0,86094,False,nonzero_12,nonzero_12 <= 0.291667,1.0,28.0,False,0.0,0.29166666666666663,[]
120,1,1,24972,False,mean_6,mean_6 <= 0.5,2.0,11.0,True,-0.5403890801376992,0.5,[]
120,2,2,15103,False,category,"category in ['0104', '0811', '1309', '2403', '2502', '2506', '2901']",3.0,4.0,False,-0.6523522794944749,,"[""0104"", ""0811"", ""1309"", ""2403"", ""2502"", ""2506"", ""2901""]"
120,3,3,719,True,,leaf,,,False,-4.823696315223114e-05,,[]
120,4,3,14384,False,category,"category in ['0105', '1510', '2401', '2702', '2801', 'прочее']",5.0,6.0,False,-0.6725024315687091,,"[""0105"", ""1510"", ""2401"", ""2702"", ""2801"", ""прочее""]"
120,5,4,1928,True,,leaf,,,False,-4.823696315223114e-05,,[]
120,6,4,12456,False,month_sin,month_sin <= 0.25,7.0,10.0,True,-0.6484838761431092,0.25000000000000006,[]
120,7,5,7684,False,nonzero_12,nonzero_12 <= 0.208333,8.0,9.0,True,-0.5981284117494151,0.20833333333333331,[]
120,8,6,6568,True,,leaf,,,False,-4.823696315223114e-05,,[]
120,9,6,1116,True,,leaf,,,False,-4.823696315223114e-05,,[]
120,10,5,4772,True,,leaf,,,False,-4.823696315223114e-05,,[]
120,11,2,9869,False,category,"category in ['0104', '0201', '0203', '1501', '2401', '2502', '2514', '2703', '2704', '2802', '2901', '3001']",12.0,17.0,False,-0.3685595708067618,,"[""0104"", ""0201"", ""0203"", ""1501"", ""2401"", ""2502"", ""2514"", ""2703"", ""2704"", ""2802"", ""2901"", ""3001""]"
120,12,3,1319,False,month_sin,month_sin <= -6.12323e-17,13.0,14.0,True,-0.035364936042136946,-6.123233995736766e-17,[]
120,13,4,906,True,,leaf,,,False,0.02182101624035687,,[]
120,14,4,413,False,category,"category in ['0104', '0201', '2901']",15.0,16.0,False,-0.2860520094562648,,"[""0104"", ""0201"", ""2901""]"
120,15,5,155,True,,leaf,,,False,0.028365857206974283,,[]
120,16,5,258,True,,leaf,,,False,-4.823696315223114e-05,,[]
120,17,3,8550,False,baseline_ratio,baseline_ratio <= 1.47128,18.0,25.0,True,-0.41985981308411213,1.471275021423019,[]
120,18,4,6995,False,lag_1,lag_1 <= 0,19.0,22.0,True,-0.47894361170592437,0.0,[]
120,19,5,4679,False,nonzero_12,nonzero_12 <= 0.208333,20.0,21.0,True,-0.5555555555555556,0.20833333333333331,[]
120,20,6,3242,True,,leaf,,,False,-4.823696315223114e-05,,[]
120,21,6,1437,True,,leaf,,,False,-4.823696315223114e-05,,[]
120,22,5,2316,False,mean_6,mean_6 <= 1.95556,23.0,24.0,True,-0.32244196044711954,1.9555555555555555,[]
120,23,6,1665,True,,leaf,,,False,-4.823696315223114e-05,,[]
120,24,6,651,True,,leaf,,,False,-4.823696315223114e-05,,[]
120,25,4,1555,False,nonzero_12,nonzero_12 <= 0.208333,26.0,27.0,True,-0.15271565495207667,0.20833333333333331,[]
120,26,5,838,True,,leaf,,,False,-4.823696315223114e-05,,[]
120,27,5,717,True,,leaf,,,False,0.0049312214266103264,,[]
120,28,1,61122,True,,leaf,,,False,2.3070951965152745e-06,,[]
121,0,0,86094,False,nonzero_12,nonzero_12 <= 0.291667,1.0,28.0,False,0.0,0.29166666666666663,[]
121,1,1,24972,False,mean_6,mean_6 <= 0.5,2.0,11.0,True,-0.540469137779201,0.5,[]
121,2,2,15103,False,category,"category in ['0104', '0811', '1309', '2403', '2502', '2506', '2901']",3.0,4.0,False,-0.6523522794944749,,"[""0104"", ""0811"", ""1309"", ""2403"", ""2502"", ""2506"", ""2901""]"
121,3,3,719,True,,leaf,,,False,-4.582511499461958e-05,,[]
121,4,3,14384,False,category,"category in ['0105', '1510', '2401', '2702', '2801', 'прочее']",5.0,6.0,False,-0.6725024315687091,,"[""0105"", ""1510"", ""2401"", ""2702"", ""2801"", ""прочее""]"
121,5,4,1928,True,,leaf,,,False,-4.582511499461958e-05,,[]
121,6,4,12456,False,month_sin,month_sin <= 0.25,7.0,10.0,True,-0.6484838761431092,0.25000000000000006,[]
121,7,5,7684,False,nonzero_12,nonzero_12 <= 0.208333,8.0,9.0,True,-0.5981284117494151,0.20833333333333331,[]
121,8,6,6568,True,,leaf,,,False,-4.582511499461958e-05,,[]
121,9,6,1116,True,,leaf,,,False,-4.582511499461958e-05,,[]
121,10,5,4772,True,,leaf,,,False,-4.582511499461958e-05,,[]
121,11,2,9869,False,category,"category in ['0104', '0201', '0203', '1501', '2401', '2502', '2514', '2703', '2704', '2802', '2901', '3001']",12.0,17.0,False,-0.3687620204474137,,"[""0104"", ""0201"", ""0203"", ""1501"", ""2401"", ""2502"", ""2514"", ""2703"", ""2704"", ""2802"", ""2901"", ""3001""]"
121,12,3,1319,False,month_sin,month_sin <= -6.12323e-17,13.0,14.0,True,-0.03686982693754703,-6.123233995736766e-17,[]
121,13,4,906,True,,leaf,,,False,0.020729965428339027,,[]
121,14,4,413,False,category,"category in ['0104', '0201', '2901']",15.0,16.0,False,-0.2860520094562648,,"[""0104"", ""0201"", ""2901""]"
121,15,5,155,True,,leaf,,,False,0.02694756434662557,,[]
121,16,5,258,True,,leaf,,,False,-4.582511499461958e-05,,[]
121,17,3,8550,False,baseline_ratio,baseline_ratio <= 1.47128,18.0,25.0,True,-0.41985981308411213,1.471275021423019,[]
121,18,4,6995,False,lag_1,lag_1 <= 0,19.0,22.0,True,-0.47894361170592437,0.0,[]
121,19,5,4679,False,nonzero_12,nonzero_12 <= 0.208333,20.0,21.0,True,-0.5555555555555556,0.20833333333333331,[]
121,20,6,3242,True,,leaf,,,False,-4.582511499461958e-05,,[]
121,21,6,1437,True,,leaf,,,False,-4.582511499461958e-05,,[]
121,22,5,2316,False,mean_6,mean_6 <= 1.95556,23.0,24.0,True,-0.32244196044711954,1.9555555555555555,[]
121,23,6,1665,True,,leaf,,,False,-4.582511499461958e-05,,[]
121,24,6,651,True,,leaf,,,False,-4.582511499461958e-05,,[]
121,25,4,1555,False,nonzero_12,nonzero_12 <= 0.208333,26.0,27.0,True,-0.15271565495207667,0.20833333333333331,[]
121,26,5,838,True,,leaf,,,False,-4.582511499461958e-05,,[]
121,27,5,717,True,,leaf,,,False,0.00468466035527981,,[]
121,28,1,61122,True,,leaf,,,False,2.191740436689511e-06,,[]
122,0,0,86094,False,nonzero_12,nonzero_12 <= 0.291667,1.0,28.0,False,0.0,0.29166666666666663,[]
122,1,1,24972,False,mean_6,mean_6 <= 0.5,2.0,11.0,True,-0.5406292530622048,0.5,[]
122,2,2,15103,False,category,"category in ['0104', '0811', '1309', '2403', '2502', '2506', '2901']",3.0,4.0,False,-0.6523522794944749,,"[""0104"", ""0811"", ""1309"", ""2403"", ""2502"", ""2506"", ""2901""]"
122,3,3,719,True,,leaf,,,False,-4.35338592448886e-05,,[]
122,4,3,14384,False,category,"category in ['0105', '1510', '2401', '2702', '2801', 'прочее']",5.0,6.0,False,-0.6725024315687091,,"[""0105"", ""1510"", ""2401"", ""2702"", ""2801"", ""прочее""]"
122,5,4,1928,True,,leaf,,,False,-4.35338592448886e-05,,[]
122,6,4,12456,False,month_sin,month_sin <= 0.25,7.0,10.0,True,-0.6484838761431092,0.25000000000000006,[]
122,7,5,7684,False,nonzero_12,nonzero_12 <= 0.208333,8.0,9.0,True,-0.5981284117494151,0.20833333333333331,[]
122,8,6,6568,True,,leaf,,,False,-4.35338592448886e-05,,[]
122,9,6,1116,True,,leaf,,,False,-4.35338592448886e-05,,[]
122,10,5,4772,True,,leaf,,,False,-4.35338592448886e-05,,[]
122,11,2,9869,False,category,"category in ['0104', '0201', '0203', '1501', '2401', '2502', '2514', '2703', '2704', '2802', '2901', '3001']",12.0,17.0,False,-0.36916691972871746,,"[""0104"", ""0201"", ""0203"", ""1501"", ""2401"", ""2502"", ""2514"", ""2703"", ""2704"", ""2802"", ""2901"", ""3001""]"
122,12,3,1319,False,month_sin,month_sin <= -6.12323e-17,13.0,14.0,True,-0.0398796087283672,-6.123233995736766e-17,[]
122,13,4,906,True,,leaf,,,False,0.019693467156922075,,[]
122,14,4,413,False,category,"category in ['0104', '0201', '2901']",15.0,16.0,False,-0.2907801418439716,,"[""0104"", ""0201"", ""2901""]"
122,15,5,155,True,,leaf,,,False,0.02560018612929429,,[]
122,16,5,258,True,,leaf,,,False,-4.35338592448886e-05,,[]
122,17,3,8550,False,baseline_ratio,baseline_ratio <= 1.47128,18.0,25.0,True,-0.41985981308411213,1.471275021423019,[]
122,18,4,6995,False,lag_1,lag_1 <= 0,19.0,22.0,True,-0.47894361170592437,0.0,[]
122,19,5,4679,False,nonzero_12,nonzero_12 <= 0.208333,20.0,21.0,True,-0.5555555555555556,0.20833333333333331,[]
122,20,6,3242,True,,leaf,,,False,-4.35338592448886e-05,,[]
122,21,6,1437,True,,leaf,,,False,-4.35338592448886e-05,,[]
122,22,5,2316,False,mean_6,mean_6 <= 1.95556,23.0,24.0,True,-0.32244196044711954,1.9555555555555555,[]
122,23,6,1665,True,,leaf,,,False,-4.35338592448886e-05,,[]
122,24,6,651,True,,leaf,,,False,-4.35338592448886e-05,,[]
122,25,4,1555,False,nonzero_12,nonzero_12 <= 0.208333,26.0,27.0,True,-0.15271565495207667,0.20833333333333331,[]
122,26,5,838,True,,leaf,,,False,-4.35338592448886e-05,,[]
122,27,5,717,True,,leaf,,,False,0.00445042733751582,,[]
122,28,1,61122,True,,leaf,,,False,2.0821534148550352e-06,,[]
123,0,0,86094,False,nonzero_12,nonzero_12 <= 0.291667,1.0,28.0,False,0.0,0.29166666666666663,[]
123,1,1,24972,False,mean_6,mean_6 <= 0.5,2.0,11.0,True,-0.5407093107037066,0.5,[]
123,2,2,15103,False,category,"category in ['0104', '0811', '1309', '2403', '2502', '2506', '2901']",3.0,4.0,False,-0.6523522794944749,,"[""0104"", ""0811"", ""1309"", ""2403"", ""2502"", ""2506"", ""2901""]"
123,3,3,719,True,,leaf,,,False,-4.135716628264417e-05,,[]
123,4,3,14384,False,category,"category in ['0105', '1510', '2401', '2702', '2801', 'прочее']",5.0,6.0,False,-0.6725024315687091,,"[""0105"", ""1510"", ""2401"", ""2702"", ""2801"", ""прочее""]"
123,5,4,1928,True,,leaf,,,False,-4.135716628264417e-05,,[]
123,6,4,12456,False,month_sin,month_sin <= 0.25,7.0,10.0,True,-0.6484838761431092,0.25000000000000006,[]
123,7,5,7684,False,nonzero_12,nonzero_12 <= 0.208333,8.0,9.0,True,-0.5981284117494151,0.20833333333333331,[]
123,8,6,6568,True,,leaf,,,False,-4.135716628264417e-05,,[]
123,9,6,1116,True,,leaf,,,False,-4.135716628264417e-05,,[]
123,10,5,4772,True,,leaf,,,False,-4.135716628264417e-05,,[]
123,11,2,9869,False,category,"category in ['0104', '0201', '0203', '1501', '2401', '2502', '2514', '2703', '2704', '2802', '2901', '3001']",12.0,17.0,False,-0.36936936936936937,,"[""0104"", ""0201"", ""0203"", ""1501"", ""2401"", ""2502"", ""2514"", ""2703"", ""2704"", ""2802"", ""2901"", ""3001""]"
123,12,3,1319,False,month_sin,month_sin <= -6.12323e-17,13.0,14.0,True,-0.04138449962377728,-6.123233995736766e-17,[]
123,13,4,906,True,,leaf,,,False,0.01870879379907597,,[]
123,14,4,413,False,category,"category in ['0104', '0201', '2901']",15.0,16.0,False,-0.2907801418439716,,"[""0104"", ""0201"", ""2901""]"
123,15,5,155,True,,leaf,,,False,0.024320176822829578,,[]
123,16,5,258,True,,leaf,,,False,-4.135716628264417e-05,,[]
123,17,3,8550,False,baseline_ratio,baseline_ratio <= 1.47128,18.0,25.0,True,-0.41985981308411213,1.471275021423019,[]
123,18,4,6995,False,lag_1,lag_1 <= 0,19.0,22.0,True,-0.47894361170592437,0.0,[]
123,19,5,4679,False,nonzero_12,nonzero_12 <= 0.208333,20.0,21.0,True,-0.5555555555555556,0.20833333333333331,[]
123,20,6,3242,True,,leaf,,,False,-4.135716628264417e-05,,[]
123,21,6,1437,True,,leaf,,,False,-4.135716628264417e-05,,[]
123,22,5,2316,False,mean_6,mean_6 <= 1.95556,23.0,24.0,True,-0.32244196044711954,1.9555555555555555,[]
123,23,6,1665,True,,leaf,,,False,-4.135716628264417e-05,,[]
123,24,6,651,True,,leaf,,,False,-4.135716628264417e-05,,[]
123,25,4,1555,False,nonzero_12,nonzero_12 <= 0.208333,26.0,27.0,True,-0.15271565495207667,0.20833333333333331,[]
123,26,5,838,True,,leaf,,,False,-4.135716628264417e-05,,[]
123,27,5,717,True,,leaf,,,False,0.004227905970640028,,[]
123,28,1,61122,True,,leaf,,,False,1.9780457441122834e-06,,[]
124,0,0,86094,False,nonzero_12,nonzero_12 <= 0.291667,1.0,28.0,False,0.0,0.29166666666666663,[]
124,1,1,24972,False,mean_6,mean_6 <= 0.5,2.0,11.0,True,-0.5407893683452085,0.5,[]
124,2,2,15103,False,category,"category in ['0104', '0811', '1309', '2403', '2502', '2506', '2901']",3.0,4.0,False,-0.6523522794944749,,"[""0104"", ""0811"", ""1309"", ""2403"", ""2502"", ""2506"", ""2901""]"
124,3,3,719,True,,leaf,,,False,-3.928930796851196e-05,,[]
124,4,3,14384,False,category,"category in ['0105', '1510', '2401', '2702', '2801', 'прочее']",5.0,6.0,False,-0.6725024315687091,,"[""0105"", ""1510"", ""2401"", ""2702"", ""2801"", ""прочее""]"
124,5,4,1928,True,,leaf,,,False,-3.928930796851196e-05,,[]
124,6,4,12456,False,month_sin,month_sin <= 0.25,7.0,10.0,True,-0.6484838761431092,0.25000000000000006,[]
124,7,5,7684,False,nonzero_12,nonzero_12 <= 0.208333,8.0,9.0,True,-0.5981284117494151,0.20833333333333331,[]
124,8,6,6568,True,,leaf,,,False,-3.928930796851196e-05,,[]
124,9,6,1116,True,,leaf,,,False,-3.928930796851196e-05,,[]
124,10,5,4772,True,,leaf,,,False,-3.928930796851196e-05,,[]
124,11,2,9869,False,category,"category in ['0104', '0201', '0203', '1501', '2401', '2502', '2514', '2703', '2704', '2802', '2901', '3001']",12.0,17.0,False,-0.36957181901002123,,"[""0104"", ""0201"", ""0203"", ""1501"", ""2401"", ""2502"", ""2514"", ""2703"", ""2704"", ""2802"", ""2901"", ""3001""]"
124,12,3,1319,False,month_sin,month_sin <= -6.12323e-17,13.0,14.0,True,-0.04288939051918736,-6.123233995736766e-17,[]
124,13,4,906,True,,leaf,,,False,0.01777335410912217,,[]
124,14,4,413,False,category,"category in ['0104', '0201', '2901']",15.0,16.0,False,-0.2907801418439716,,"[""0104"", ""0201"", ""2901""]"
124,15,5,155,True,,leaf,,,False,0.023104167981688097,,[]
124,16,5,258,True,,leaf,,,False,-3.928930796851196e-05,,[]
124,17,3,8550,False,baseline_ratio,baseline_ratio <= 1.47128,18.0,25.0,True,-0.41985981308411213,1.471275021423019,[]
124,18,4,6995,False,lag_1,lag_1 <= 0,19.0,22.0,True,-0.47894361170592437,0.0,[]
124,19,5,4679,False,nonzero_12,nonzero_12 <= 0.208333,20.0,21.0,True,-0.5555555555555556,0.20833333333333331,[]
124,20,6,3242,True,,leaf,,,False,-3.928930796851196e-05,,[]
124,21,6,1437,True,,leaf,,,False,-3.928930796851196e-05,,[]
124,22,5,2316,False,mean_6,mean_6 <= 1.95556,23.0,24.0,True,-0.32244196044711954,1.9555555555555555,[]
124,23,6,1665,True,,leaf,,,False,-3.928930796851196e-05,,[]
124,24,6,651,True,,leaf,,,False,-3.928930796851196e-05,,[]
124,25,4,1555,False,nonzero_12,nonzero_12 <= 0.208333,26.0,27.0,True,-0.15271565495207667,0.20833333333333331,[]
124,26,5,838,True,,leaf,,,False,-3.928930796851196e-05,,[]
124,27,5,717,True,,leaf,,,False,0.004016510672108027,,[]
124,28,1,61122,True,,leaf,,,False,1.8791434569066694e-06,,[]
125,0,0,86094,False,nonzero_12,nonzero_12 <= 0.291667,1.0,26.0,False,0.0,0.29166666666666663,[]
125,1,1,24972,False,mean_6,mean_6 <= 0.5,2.0,11.0,True,-0.5410295412697141,0.5,[]
125,2,2,15103,False,category,"category in ['0104', '0811', '1309', '2403', '2502', '2506', '2901']",3.0,4.0,False,-0.6523522794944749,,"[""0104"", ""0811"", ""1309"", ""2403"", ""2502"", ""2506"", ""2901""]"
125,3,3,719,True,,leaf,,,False,-3.7324842570086364e-05,,[]
125,4,3,14384,False,category,"category in ['0105', '1510', '2401', '2702', '2801', 'прочее']",5.0,6.0,False,-0.6725024315687091,,"[""0105"", ""1510"", ""2401"", ""2702"", ""2801"", ""прочее""]"
125,5,4,1928,True,,leaf,,,False,-3.7324842570086364e-05,,[]
125,6,4,12456,False,month_sin,month_sin <= 0.25,7.0,10.0,True,-0.6484838761431092,0.25000000000000006,[]
125,7,5,7684,False,nonzero_12,nonzero_12 <= 0.208333,8.0,9.0,True,-0.5981284117494151,0.20833333333333331,[]
125,8,6,6568,True,,leaf,,,False,-3.7324842570086364e-05,,[]
125,9,6,1116,True,,leaf,,,False,-3.7324842570086364e-05,,[]
125,10,5,4772,True,,leaf,,,False,-3.7324842570086364e-05,,[]
125,11,2,9869,False,lag_1,lag_1 <= 0.370813,12.0,17.0,True,-0.3701791679319769,0.3708125570615914,[]
125,12,3,6417,False,baseline_ratio,baseline_ratio <= 1.47128,13.0,16.0,True,-0.46351330325190604,1.471275021423019,[]
125,13,4,5238,False,category,"category in ['0105', '0108', '0111', '0302', '1302', '1303', '1304', '1306', '2004', '2402', '2702', '2703', '2801', '3002', 'прочее']",14.0,15.0,True,-0.5240091463414634,,"[""0105"", ""0108"", ""0111"", ""0302"", ""1302"", ""1303"", ""1304"", ""1306"", ""2004"", ""2402"", ""2702"", ""2703"", ""2801"", ""3002"", ""прочее""]"
125,14,5,4059,True,,leaf,,,False,-3.7324842570086364e-05,,[]
125,15,5,1179,True,,leaf,,,False,-3.7324842570086364e-05,,[]
125,16,4,1179,True,,leaf,,,False,-3.7324842570086364e-05,,[]
125,17,3,3452,False,month_sin,month_sin <= -6.12323e-17,18.0,23.0,True,-0.19584055459272098,-6.123233995736766e-17,[]
125,18,4,2406,False,mean_6,mean_6 <= 1.92467,19.0,22.0,True,-0.09271523178807947,1.9246704331450095,[]
125,19,5,1567,False,category,"category in ['0104', '2004', '2502', '2514', '2703', '2802', '2901']",20.0,21.0,False,-0.20228281547241597,,"[""0104"", ""2004"", ""2502"", ""2514"", ""2703"", ""2802"", ""2901""]"
125,20,6,289,True,,leaf,,,False,0.027603431977323834,,[]
125,21,6,1278,True,,leaf,,,False,-3.7324842570086364e-05,,[]
125,22,5,839,True,,leaf,,,False,0.02741989204219343,,[]
125,23,4,1046,False,category,"category in ['0104', '0811', '2901']",24.0,25.0,False,-0.42992424242424243,,"[""0104"", ""0811"", ""2901""]"
125,24,5,115,True,,leaf,,,False,0.015942425274042177,,[]
125,25,5,931,True,,leaf,,,False,-3.7324842570086364e-05,,[]
125,26,1,61122,False,mean_3,mean_3 <= 0,27.0,28.0,False,0.0025845710920630767,0.0,[]
125,27,2,2602,True,,leaf,,,False,6.941791189756652e-06,,[]
125,28,2,58520,True,,leaf,,,False,-5.9333259037597236e-05,,[]
126,0,0,86094,False,nonzero_12,nonzero_12 <= 0.291667,1.0,26.0,False,0.0,0.29166666666666663,[]
126,1,1,24972,False,mean_6,mean_6 <= 0.5,2.0,11.0,True,-0.5419902329677367,0.5,[]
126,2,2,15103,False,category,"category in ['0104', '0811', '1309', '2403', '2502', '2506', '2901']",3.0,4.0,False,-0.6523522794944749,,"[""0104"", ""0811"", ""1309"", ""2403"", ""2502"", ""2506"", ""2901""]"
126,3,3,719,True,,leaf,,,False,-3.5458600441582046e-05,,[]
126,4,3,14384,False,category,"category in ['0105', '1510', '2401', '2702', '2801', 'прочее']",5.0,6.0,False,-0.6725024315687091,,"[""0105"", ""1510"", ""2401"", ""2702"", ""2801"", ""прочее""]"
126,5,4,1928,True,,leaf,,,False,-3.5458600441582046e-05,,[]
126,6,4,12456,False,month_sin,month_sin <= 0.25,7.0,10.0,True,-0.6484838761431092,0.25000000000000006,[]
126,7,5,7684,False,nonzero_12,nonzero_12 <= 0.208333,8.0,9.0,True,-0.5981284117494151,0.20833333333333331,[]
126,8,6,6568,True,,leaf,,,False,-3.5458600441582046e-05,,[]
126,9,6,1116,True,,leaf,,,False,-3.5458600441582046e-05,,[]
126,10,5,4772,True,,leaf,,,False,-3.5458600441582046e-05,,[]
126,11,2,9869,False,lag_1,lag_1 <= 0.370813,12.0,17.0,True,-0.37260856361979955,0.3708125570615914,[]
126,12,3,6417,False,baseline_ratio,baseline_ratio <= 1.47128,13.0,16.0,True,-0.46351330325190604,1.471275021423019,[]
126,13,4,5238,False,category,"category in ['0105', '0108', '0111', '0302', '1302', '1303', '1304', '1306', '2004', '2402', '2702', '2703', '2801', '3002', 'прочее']",14.0,15.0,True,-0.5240091463414634,,"[""0105"", ""0108"", ""0111"", ""0302"", ""1302"", ""1303"", ""1304"", ""1306"", ""2004"", ""2402"", ""2702"", ""2703"", ""2801"", ""3002"", ""прочее""]"
126,14,5,4059,True,,leaf,,,False,-3.5458600441582046e-05,,[]
126,15,5,1179,True,,leaf,,,False,-3.5458600441582046e-05,,[]
126,16,4,1179,True,,leaf,,,False,-3.5458600441582046e-05,,[]
126,17,3,3452,False,month_sin,month_sin <= -6.12323e-17,18.0,23.0,True,-0.2027729636048527,-6.123233995736766e-17,[]
126,18,4,2406,False,mean_6,mean_6 <= 1.92467,19.0,22.0,True,-0.10264900662251655,1.9246704331450095,[]
126,19,5,1567,False,category,"category in ['0104', '1302', '1303', '1305', '2004', '2502', '2506', '2514', '2703', '2802', '2901']",20.0,21.0,False,-0.21623335447051364,,"[""0104"", ""1302"", ""1303"", ""1305"", ""2004"", ""2502"", ""2506"", ""2514"", ""2703"", ""2802"", ""2901""]"
126,20,6,495,True,,leaf,,,False,0.011570781531137367,,[]
126,21,6,1072,True,,leaf,,,False,-3.5458600441582046e-05,,[]
126,22,5,839,True,,leaf,,,False,0.026048897440083752,,[]
126,23,4,1046,False,category,"category in ['0104', '0811', '2901']",24.0,25.0,False,-0.42992424242424243,,"[""0104"", ""0811"", ""2901""]"
126,24,5,115,True,,leaf,,,False,0.015145304010340067,,[]
126,25,5,931,True,,leaf,,,False,-3.5458600441582046e-05,,[]
126,26,1,61122,False,mean_3,mean_3 <= 0,27.0,28.0,False,0.0026500032716089772,0.0,[]
126,27,2,2602,True,,leaf,,,False,6.59470163026882e-06,,[]
126,28,2,58520,True,,leaf,,,False,-5.6366596085719035e-05,,[]
127,0,0,86094,False,nonzero_12,nonzero_12 <= 0.291667,1.0,26.0,False,0.0,0.29166666666666663,[]
127,1,1,24972,False,mean_6,mean_6 <= 0.5,2.0,11.0,True,-0.5421503482507405,0.5,[]
127,2,2,15103,False,category,"category in ['0104', '0811', '1309', '2403', '2502', '2506', '2901']",3.0,4.0,False,-0.6523522794944749,,"[""0104"", ""0811"", ""1309"", ""2403"", ""2502"", ""2506"", ""2901""]"
127,3,3,719,True,,leaf,,,False,-3.3685670419502947e-05,,[]
127,4,3,14384,False,category,"category in ['0105', '1510', '2401', '2702', '2801', 'прочее']",5.0,6.0,False,-0.6725024315687091,,"[""0105"", ""1510"", ""2401"", ""2702"", ""2801"", ""прочее""]"
127,5,4,1928,True,,leaf,,,False,-3.3685670419502947e-05,,[]
127,6,4,12456,False,month_sin,month_sin <= 0.25,7.0,10.0,True,-0.6484838761431092,0.25000000000000006,[]
127,7,5,7684,False,nonzero_12,nonzero_12 <= 0.208333,8.0,9.0,True,-0.5981284117494151,0.20833333333333331,[]
127,8,6,6568,True,,leaf,,,False,-3.3685670419502947e-05,,[]
127,9,6,1116,True,,leaf,,,False,-3.3685670419502947e-05,,[]
127,10,5,4772,True,,leaf,,,False,-3.3685670419502947e-05,,[]
127,11,2,9869,False,month_sin,month_sin <= 0.25,12.0,23.0,True,-0.3730134629011034,0.25000000000000006,[]
127,12,3,6752,False,lag_1,lag_1 <= 0.370813,13.0,18.0,True,-0.2883762200532387,0.3708125570615914,[]
127,13,4,4211,False,nonzero_12,nonzero_12 <= 0.208333,14.0,17.0,True,-0.39113954039327176,0.20833333333333331,[]
127,14,5,2883,False,category,"category in ['0105', '0108', '0111', '0302', '1304', '1305', '2004', '2402', '2702', '2703', '2801', '3002', 'прочее']",15.0,16.0,True,-0.47805046664362255,,"[""0105"", ""0108"", ""0111"", ""0302"", ""1304"", ""1305"", ""2004"", ""2402"", ""2702"", ""2703"", ""2801"", ""3002"", ""прочее""]"
127,15,6,1931,True,,leaf,,,False,-3.3685670419502947e-05,,[]
127,16,6,952,True,,leaf,,,False,-3.3685670419502947e-05,,[]
127,17,5,1328,True,,leaf,,,False,-3.3685670419502947e-05,,[]
127,18,4,2541,False,mean_6,mean_6 <= 1.92467,19.0,22.0,True,-0.11720893767150137,1.9246704331450095,[]
127,19,5,1684,False,category,"category in ['0105', '0302', '0811', '1306', '1501', '2801', '2803', '3002', 'прочее']",20.0,21.0,True,-0.23022432113341204,,"[""0105"", ""0302"", ""0811"", ""1306"", ""1501"", ""2801"", ""2803"", ""3002"", ""прочее""]"
127,20,6,1023,True,,leaf,,,False,-3.3685670419502947e-05,,[]
127,21,6,661,True,,leaf,,,False,-3.3685670419502947e-05,,[]
127,22,5,857,True,,leaf,,,False,0.024746452568079568,,[]
127,23,3,3117,False,category,"category in ['0103', '0104', '0201', '0203', '0811', '1305', '2506', '2901']",24.0,25.0,False,-0.5548448992644708,,"[""0103"", ""0104"", ""0201"", ""0203"", ""0811"", ""1305"", ""2506"", ""2901""]"
127,24,4,398,True,,leaf,,,False,-3.3685670419502947e-05,,[]
127,25,4,2719,True,,leaf,,,False,-3.3685670419502947e-05,,[]
127,26,1,61122,False,mean_3,mean_3 <= 0,27.0,28.0,False,0.0027481515409278285,0.0,[]
127,27,2,2602,True,,leaf,,,False,6.264966548755379e-06,,[]
127,28,2,58520,True,,leaf,,,False,-5.3548266281430726e-05,,[]
128,0,0,86094,False,nonzero_12,nonzero_12 <= 0.291667,1.0,26.0,False,0.0,0.29166666666666663,[]
128,1,1,24972,False,mean_6,mean_6 <= 0.5,2.0,11.0,True,-0.5424705788167481,0.5,[]
128,2,2,15103,False,category,"category in ['0104', '0811', '1309', '2403', '2502', '2506', '2901']",3.0,4.0,False,-0.6523522794944749,,"[""0104"", ""0811"", ""1309"", ""2403"", ""2502"", ""2506"", ""2901""]"
128,3,3,719,True,,leaf,,,False,-3.20013868985278e-05,,[]
128,4,3,14384,False,category,"category in ['0105', '1510', '2401', '2702', '2801', 'прочее']",5.0,6.0,False,-0.6725024315687091,,"[""0105"", ""1510"", ""2401"", ""2702"", ""2801"", ""прочее""]"
128,5,4,1928,True,,leaf,,,False,-3.20013868985278e-05,,[]
128,6,4,12456,False,month_sin,month_sin <= 0.25,7.0,10.0,True,-0.6484838761431092,0.25000000000000006,[]
128,7,5,7684,False,nonzero_12,nonzero_12 <= 0.208333,8.0,9.0,True,-0.5981284117494151,0.20833333333333331,[]
128,8,6,6568,True,,leaf,,,False,-3.20013868985278e-05,,[]
128,9,6,1116,True,,leaf,,,False,-3.20013868985278e-05,,[]
128,10,5,4772,True,,leaf,,,False,-3.20013868985278e-05,,[]
128,11,2,9869,False,month_sin,month_sin <= 0.25,12.0,23.0,True,-0.3738232614637109,0.25000000000000006,[]
128,12,3,6752,False,lag_1,lag_1 <= 0.370813,13.0,18.0,True,-0.28955930198166224,0.3708125570615914,[]
128,13,4,4211,False,nonzero_12,nonzero_12 <= 0.208333,14.0,17.0,True,-0.39113954039327176,0.20833333333333331,[]
128,14,5,2883,False,category,"category in ['0105', '0108', '0111', '0302', '1304', '1305', '2004', '2402', '2702', '2703', '2801', '3002', 'прочее']",15.0,16.0,True,-0.47805046664362255,,"[""0105"", ""0108"", ""0111"", ""0302"", ""1304"", ""1305"", ""2004"", ""2402"", ""2702"", ""2703"", ""2801"", ""3002"", ""прочее""]"
128,15,6,1931,True,,leaf,,,False,-3.20013868985278e-05,,[]
128,16,6,952,True,,leaf,,,False,-3.20013868985278e-05,,[]
128,17,5,1328,True,,leaf,,,False,-3.20013868985278e-05,,[]
128,18,4,2541,False,mean_6,mean_6 <= 1.92467,19.0,22.0,True,-0.12034496275970208,1.9246704331450095,[]
128,19,5,1684,False,category,"category in ['0105', '0302', '0811', '1306', '1501', '2801', '2803', '3002', 'прочее']",20.0,21.0,True,-0.23022432113341204,,"[""0105"", ""0302"", ""0811"", ""1306"", ""1501"", ""2801"", ""2803"", ""3002"", ""прочее""]"
128,20,6,1023,True,,leaf,,,False,-3.20013868985278e-05,,[]
128,21,6,661,True,,leaf,,,False,-3.20013868985278e-05,,[]
128,22,5,857,True,,leaf,,,False,0.02350912993967559,,[]
128,23,3,3117,False,category,"category in ['0103', '0104', '0201', '0203', '0811', '1305', '2506', '2901']",24.0,25.0,False,-0.5548448992644708,,"[""0103"", ""0104"", ""0201"", ""0203"", ""0811"", ""1305"", ""2506"", ""2901""]"
128,24,4,398,True,,leaf,,,False,-3.20013868985278e-05,,[]
128,25,4,2719,True,,leaf,,,False,-3.20013868985278e-05,,[]
128,26,1,61122,False,mean_3,mean_3 <= 0,27.0,28.0,False,0.003206176797749133,0.0,[]
128,27,2,2602,True,,leaf,,,False,5.95171822131761e-06,,[]
128,28,2,58520,True,,leaf,,,False,-5.0870852967360716e-05,,[]
129,0,0,86094,False,nonzero_12,nonzero_12 <= 0.291667,1.0,26.0,False,0.0,0.29166666666666663,[]
129,1,1,24972,False,mean_6,mean_6 <= 0.5,2.0,11.0,True,-0.5426306940997518,0.5,[]
129,2,2,15103,False,category,"category in ['0104', '0811', '1309', '2403', '2502', '2506', '2901']",3.0,4.0,False,-0.6523522794944749,,"[""0104"", ""0811"", ""1309"", ""2403"", ""2502"", ""2506"", ""2901""]"
129,3,3,719,True,,leaf,,,False,-3.0401317553601408e-05,,[]
129,4,3,14384,False,category,"category in ['0105', '1510', '2401', '2702', '2801', 'прочее']",5.0,6.0,False,-0.6725024315687091,,"[""0105"", ""1510"", ""2401"", ""2702"", ""2801"", ""прочее""]"
129,5,4,1928,True,,leaf,,,False,-3.0401317553601408e-05,,[]
129,6,4,12456,False,month_sin,month_sin <= 0.25,7.0,10.0,True,-0.6484838761431092,0.25000000000000006,[]
129,7,5,7684,False,nonzero_12,nonzero_12 <= 0.208333,8.0,9.0,True,-0.5981284117494151,0.20833333333333331,[]
129,8,6,6568,True,,leaf,,,False,-3.0401317553601408e-05,,[]
129,9,6,1116,True,,leaf,,,False,-3.0401317553601408e-05,,[]
129,10,5,4772,True,,leaf,,,False,-3.0401317553601408e-05,,[]
129,11,2,9869,False,month_sin,month_sin <= 0.25,12.0,23.0,True,-0.3742281607450147,0.25000000000000006,[]
129,12,3,6752,False,lag_1,lag_1 <= 0.370813,13.0,18.0,True,-0.290150842945874,0.3708125570615914,[]
129,13,4,4211,False,nonzero_12,nonzero_12 <= 0.208333,14.0,17.0,True,-0.39113954039327176,0.20833333333333331,[]
129,14,5,2883,False,category,"category in ['0105', '0108', '0111', '0302', '1304', '1305', '2004', '2402', '2702', '2703', '2801', '3002', 'прочее']",15.0,16.0,True,-0.47805046664362255,,"[""0105"", ""0108"", ""0111"", ""0302"", ""1304"", ""1305"", ""2004"", ""2402"", ""2702"", ""2703"", ""2801"", ""3002"", ""прочее""]"
129,15,6,1931,True,,leaf,,,False,-3.0401317553601408e-05,,[]
129,16,6,952,True,,leaf,,,False,-3.0401317553601408e-05,,[]
129,17,5,1328,True,,leaf,,,False,-3.0401317553601408e-05,,[]
129,18,4,2541,False,mean_6,mean_6 <= 1.92467,19.0,22.0,True,-0.12191297530380243,1.9246704331450095,[]
129,19,5,1684,False,category,"category in ['0105', '0302', '0811', '1306', '1501', '2801', '2803', '3002', 'прочее']",20.0,21.0,True,-0.23022432113341204,,"[""0105"", ""0302"", ""0811"", ""1306"", ""1501"", ""2801"", ""2803"", ""3002"", ""прочее""]"
129,20,6,1023,True,,leaf,,,False,-3.0401317553601408e-05,,[]
129,21,6,661,True,,leaf,,,False,-3.0401317553601408e-05,,[]
129,22,5,857,True,,leaf,,,False,0.022333673442691812,,[]
129,23,3,3117,False,category,"category in ['0103', '0104', '0201', '0203', '0811', '1305', '2506', '2901']",24.0,25.0,False,-0.5548448992644708,,"[""0103"", ""0104"", ""0201"", ""0203"", ""0811"", ""1305"", ""2506"", ""2901""]"
129,24,4,398,True,,leaf,,,False,-3.0401317553601408e-05,,[]
129,25,4,2719,True,,leaf,,,False,-3.0401317553601408e-05,,[]
129,26,1,61122,False,mean_3,mean_3 <= 0,27.0,28.0,False,0.003206176797749133,0.0,[]
129,27,2,2602,True,,leaf,,,False,5.65413231025173e-06,,[]
129,28,2,58520,True,,leaf,,,False,-4.832731031899074e-05,,[]
130,0,0,86094,False,nonzero_12,nonzero_12 <= 0.291667,1.0,26.0,False,0.0,0.29166666666666663,[]
130,1,1,24972,False,mean_6,mean_6 <= 0.5,2.0,11.0,True,-0.5427908093827556,0.5,[]
130,2,2,15103,False,category,"category in ['0104', '0811', '1309', '2403', '2502', '2506', '2901']",3.0,4.0,False,-0.6523522794944749,,"[""0104"", ""0811"", ""1309"", ""2403"", ""2502"", ""2506"", ""2901""]"
130,3,3,719,True,,leaf,,,False,-2.8881251675921338e-05,,[]
130,4,3,14384,False,category,"category in ['0105', '1510', '2401', '2702', '2801', 'прочее']",5.0,6.0,False,-0.6725024315687091,,"[""0105"", ""1510"", ""2401"", ""2702"", ""2801"", ""прочее""]"
130,5,4,1928,True,,leaf,,,False,-2.8881251675921338e-05,,[]
130,6,4,12456,False,month_sin,month_sin <= 0.25,7.0,10.0,True,-0.6484838761431092,0.25000000000000006,[]
130,7,5,7684,False,nonzero_12,nonzero_12 <= 0.208333,8.0,9.0,True,-0.5981284117494151,0.20833333333333331,[]
130,8,6,6568,True,,leaf,,,False,-2.8881251675921338e-05,,[]
130,9,6,1116,True,,leaf,,,False,-2.8881251675921338e-05,,[]
130,10,5,4772,True,,leaf,,,False,-2.8881251675921338e-05,,[]
130,11,2,9869,False,month_sin,month_sin <= 0.25,12.0,23.0,True,-0.37463306002631847,0.25000000000000006,[]
130,12,3,6752,False,lag_1,lag_1 <= 0.370813,13.0,18.0,True,-0.2907423839100858,0.3708125570615914,[]
130,13,4,4211,False,nonzero_12,nonzero_12 <= 0.208333,14.0,17.0,True,-0.39113954039327176,0.20833333333333331,[]
130,14,5,2883,False,category,"category in ['0105', '0108', '0111', '0302', '1304', '1305', '2004', '2402', '2702', '2703', '2801', '3002', 'прочее']",15.0,16.0,True,-0.47805046664362255,,"[""0105"", ""0108"", ""0111"", ""0302"", ""1304"", ""1305"", ""2004"", ""2402"", ""2702"", ""2703"", ""2801"", ""3002"", ""прочее""]"
130,15,6,1931,True,,leaf,,,False,-2.8881251675921338e-05,,[]
130,16,6,952,True,,leaf,,,False,-2.8881251675921338e-05,,[]
130,17,5,1328,True,,leaf,,,False,-2.8881251675921338e-05,,[]
130,18,4,2541,False,mean_6,mean_6 <= 1.92467,19.0,22.0,True,-0.12348098784790279,1.9246704331450095,[]
130,19,5,1684,False,category,"category in ['0105', '0302', '0811', '1306', '1501', '2801', '2803', '3002', 'прочее']",20.0,21.0,True,-0.23022432113341204,,"[""0105"", ""0302"", ""0811"", ""1306"", ""1501"", ""2801"", ""2803"", ""3002"", ""прочее""]"
130,20,6,1023,True,,leaf,,,False,-2.8881251675921338e-05,,[]
130,21,6,661,True,,leaf,,,False,-2.8881251675921338e-05,,[]
130,22,5,857,True,,leaf,,,False,0.02121698977055722,,[]
130,23,3,3117,False,category,"category in ['0103', '0104', '0201', '0203', '0811', '1305', '2506', '2901']",24.0,25.0,False,-0.5548448992644708,,"[""0103"", ""0104"", ""0201"", ""0203"", ""0811"", ""1305"", ""2506"", ""2901""]"
130,24,4,398,True,,leaf,,,False,-2.8881251675921338e-05,,[]
130,25,4,2719,True,,leaf,,,False,-2.8881251675921338e-05,,[]
130,26,1,61122,False,mean_3,mean_3 <= 0,27.0,28.0,False,0.0033370411568409346,0.0,[]
130,27,2,2602,True,,leaf,,,False,5.371425694739143e-06,,[]
130,28,2,58520,True,,leaf,,,False,-4.5910944803043146e-05,,[]
131,0,0,86094,False,nonzero_12,nonzero_12 <= 0.291667,1.0,26.0,False,0.0,0.29166666666666663,[]
131,1,1,24972,False,mean_6,mean_6 <= 0.5,2.0,11.0,True,-0.5428708670242575,0.5,[]
131,2,2,15103,False,category,"category in ['0104', '0811', '1309', '2403', '2502', '2506', '2901']",3.0,4.0,False,-0.6523522794944749,,"[""0104"", ""0811"", ""1309"", ""2403"", ""2502"", ""2506"", ""2901""]"
131,3,3,719,True,,leaf,,,False,-2.7437189092125274e-05,,[]
131,4,3,14384,False,category,"category in ['0105', '1510', '2401', '2702', '2801', 'прочее']",5.0,6.0,False,-0.6725024315687091,,"[""0105"", ""1510"", ""2401"", ""2702"", ""2801"", ""прочее""]"
131,5,4,1928,True,,leaf,,,False,-2.7437189092125274e-05,,[]
131,6,4,12456,False,month_sin,month_sin <= 0.25,7.0,10.0,True,-0.6484838761431092,0.25000000000000006,[]
131,7,5,7684,False,nonzero_12,nonzero_12 <= 0.208333,8.0,9.0,True,-0.5981284117494151,0.20833333333333331,[]
131,8,6,6568,True,,leaf,,,False,-2.7437189092125274e-05,,[]
131,9,6,1116,True,,leaf,,,False,-2.7437189092125274e-05,,[]
131,10,5,4772,True,,leaf,,,False,-2.7437189092125274e-05,,[]
131,11,2,9869,False,month_sin,month_sin <= 0.25,12.0,23.0,True,-0.3748355096669703,0.25000000000000006,[]
131,12,3,6752,False,lag_1,lag_1 <= 0.370813,13.0,18.0,True,-0.29103815439219166,0.3708125570615914,[]
131,13,4,4211,False,nonzero_12,nonzero_12 <= 0.208333,14.0,17.0,True,-0.39113954039327176,0.20833333333333331,[]
131,14,5,2883,False,category,"category in ['0105', '0108', '0111', '0302', '1304', '1305', '2004', '2402', '2702', '2703', '2801', '3002', 'прочее']",15.0,16.0,True,-0.47805046664362255,,"[""0105"", ""0108"", ""0111"", ""0302"", ""1304"", ""1305"", ""2004"", ""2402"", ""2702"", ""2703"", ""2801"", ""3002"", ""прочее""]"
131,15,6,1931,True,,leaf,,,False,-2.7437189092125274e-05,,[]
131,16,6,952,True,,leaf,,,False,-2.7437189092125274e-05,,[]
131,17,5,1328,True,,leaf,,,False,-2.7437189092125274e-05,,[]
131,18,4,2541,False,mean_6,mean_6 <= 1.92467,19.0,22.0,True,-0.12426499411995295,1.9246704331450095,[]
131,19,5,1684,False,category,"category in ['0105', '0302', '0811', '1306', '1501', '2801', '2803', '3002', 'прочее']",20.0,21.0,True,-0.23022432113341204,,"[""0105"", ""0302"", ""0811"", ""1306"", ""1501"", ""2801"", ""2803"", ""3002"", ""прочее""]"
131,20,6,1023,True,,leaf,,,False,-2.7437189092125274e-05,,[]
131,21,6,661,True,,leaf,,,False,-2.7437189092125274e-05,,[]
131,22,5,857,True,,leaf,,,False,0.020156140282029358,,[]
131,23,3,3117,False,category,"category in ['0103', '0104', '0201', '0203', '0811', '1305', '2506', '2901']",24.0,25.0,False,-0.5548448992644708,,"[""0103"", ""0104"", ""0201"", ""0203"", ""0811"", ""1305"", ""2506"", ""2901""]"
131,24,4,398,True,,leaf,,,False,-2.7437189092125274e-05,,[]
131,25,4,2719,True,,leaf,,,False,-2.7437189092125274e-05,,[]
131,26,1,61122,False,baseline_ratio,baseline_ratio <= 1.00837,27.0,28.0,False,-0.0006543217954590067,1.0083690068604771,[]
131,27,2,29824,True,,leaf,,,False,-0.0002267697224630716,,[]
131,28,2,31298,True,,leaf,,,False,0.0004899699792666681,,[]
132,0,0,86094,False,nonzero_12,nonzero_12 <= 0.291667,1.0,26.0,False,0.0,0.29166666666666663,[]
132,1,1,24972,False,mean_6,mean_6 <= 0.5,2.0,11.0,True,-0.5429509246657593,0.5,[]
132,2,2,15103,False,category,"category in ['0104', '0811', '1309', '2403', '2502', '2506', '2901']",3.0,4.0,False,-0.6523522794944749,,"[""0104"", ""0811"", ""1309"", ""2403"", ""2502"", ""2506"", ""2901""]"
132,3,3,719,True,,leaf,,,False,-2.606532963751901e-05,,[]
132,4,3,14384,False,category,"category in ['0105', '1510', '2401', '2702', '2801', 'прочее']",5.0,6.0,False,-0.6725024315687091,,"[""0105"", ""1510"", ""2401"", ""2702"", ""2801"", ""прочее""]"
132,5,4,1928,True,,leaf,,,False,-2.606532963751901e-05,,[]
132,6,4,12456,False,month_sin,month_sin <= 0.25,7.0,10.0,True,-0.6484838761431092,0.25000000000000006,[]
132,7,5,7684,False,nonzero_12,nonzero_12 <= 0.208333,8.0,9.0,True,-0.5981284117494151,0.20833333333333331,[]
132,8,6,6568,True,,leaf,,,False,-2.606532963751901e-05,,[]
132,9,6,1116,True,,leaf,,,False,-2.606532963751901e-05,,[]
132,10,5,4772,True,,leaf,,,False,-2.606532963751901e-05,,[]
132,11,2,9869,False,month_sin,month_sin <= 0.25,12.0,23.0,True,-0.37503795930762224,0.25000000000000006,[]
132,12,3,6752,False,lag_1,lag_1 <= 0.370813,13.0,18.0,True,-0.29133392487429755,0.3708125570615914,[]
132,13,4,4211,False,nonzero_12,nonzero_12 <= 0.208333,14.0,17.0,True,-0.39113954039327176,0.20833333333333331,[]
132,14,5,2883,False,category,"category in ['0105', '0108', '0111', '0302', '1304', '1305', '2004', '2402', '2702', '2703', '2801', '3002', 'прочее']",15.0,16.0,True,-0.47805046664362255,,"[""0105"", ""0108"", ""0111"", ""0302"", ""1304"", ""1305"", ""2004"", ""2402"", ""2702"", ""2703"", ""2801"", ""3002"", ""прочее""]"
132,15,6,1931,True,,leaf,,,False,-2.606532963751901e-05,,[]
132,16,6,952,True,,leaf,,,False,-2.606532963751901e-05,,[]
132,17,5,1328,True,,leaf,,,False,-2.606532963751901e-05,,[]
132,18,4,2541,False,mean_6,mean_6 <= 1.92467,19.0,22.0,True,-0.12504900039200315,1.9246704331450095,[]
132,19,5,1684,False,category,"category in ['0105', '0302', '0811', '1306', '1501', '2801', '2803', '3002', 'прочее']",20.0,21.0,True,-0.23022432113341204,,"[""0105"", ""0302"", ""0811"", ""1306"", ""1501"", ""2801"", ""2803"", ""3002"", ""прочее""]"
132,20,6,1023,True,,leaf,,,False,-2.606532963751901e-05,,[]
132,21,6,661,True,,leaf,,,False,-2.606532963751901e-05,,[]
132,22,5,857,True,,leaf,,,False,0.01914833326792789,,[]
132,23,3,3117,False,category,"category in ['0103', '0104', '0201', '0203', '0811', '1305', '2506', '2901']",24.0,25.0,False,-0.5548448992644708,,"[""0103"", ""0104"", ""0201"", ""0203"", ""0811"", ""1305"", ""2506"", ""2901""]"
132,24,4,398,True,,leaf,,,False,-2.606532963751901e-05,,[]
132,25,4,2719,True,,leaf,,,False,-2.606532963751901e-05,,[]
132,26,1,61122,False,mean_3,mean_3 <= 0,27.0,28.0,False,0.003696918144343388,0.0,[]
132,27,2,2602,True,,leaf,,,False,1.644134053315577e-05,,[]
132,28,2,58520,True,,leaf,,,False,-4.645804402137824e-05,,[]
133,0,0,86094,False,nonzero_12,nonzero_12 <= 0.291667,1.0,26.0,False,0.0,0.29166666666666663,[]
133,1,1,24972,False,mean_6,mean_6 <= 0.5,2.0,11.0,True,-0.5429509246657593,0.5,[]
133,2,2,15103,False,category,"category in ['0104', '0811', '1309', '2403', '2502', '2506', '2901']",3.0,4.0,False,-0.6523522794944749,,"[""0104"", ""0811"", ""1309"", ""2403"", ""2502"", ""2506"", ""2901""]"
133,3,3,719,True,,leaf,,,False,-2.476206315564306e-05,,[]
133,4,3,14384,False,category,"category in ['0105', '1510', '2401', '2702', '2801', 'прочее']",5.0,6.0,False,-0.6725024315687091,,"[""0105"", ""1510"", ""2401"", ""2702"", ""2801"", ""прочее""]"
133,5,4,1928,True,,leaf,,,False,-2.476206315564306e-05,,[]
133,6,4,12456,False,month_sin,month_sin <= 0.25,7.0,10.0,True,-0.6484838761431092,0.25000000000000006,[]
133,7,5,7684,False,nonzero_12,nonzero_12 <= 0.208333,8.0,9.0,True,-0.5981284117494151,0.20833333333333331,[]
133,8,6,6568,True,,leaf,,,False,-2.476206315564306e-05,,[]
133,9,6,1116,True,,leaf,,,False,-2.476206315564306e-05,,[]
133,10,5,4772,True,,leaf,,,False,-2.476206315564306e-05,,[]
133,11,2,9869,False,month_sin,month_sin <= 0.25,12.0,23.0,True,-0.37503795930762224,0.25000000000000006,[]
133,12,3,6752,False,lag_1,lag_1 <= 0.370813,13.0,18.0,True,-0.29133392487429755,0.3708125570615914,[]
133,13,4,4211,False,nonzero_12,nonzero_12 <= 0.208333,14.0,17.0,True,-0.39113954039327176,0.20833333333333331,[]
133,14,5,2883,False,category,"category in ['0105', '0108', '0111', '0302', '1304', '1305', '2004', '2402', '2702', '2703', '2801', '3002', 'прочее']",15.0,16.0,True,-0.47805046664362255,,"[""0105"", ""0108"", ""0111"", ""0302"", ""1304"", ""1305"", ""2004"", ""2402"", ""2702"", ""2703"", ""2801"", ""3002"", ""прочее""]"
133,15,6,1931,True,,leaf,,,False,-2.476206315564306e-05,,[]
133,16,6,952,True,,leaf,,,False,-2.476206315564306e-05,,[]
133,17,5,1328,True,,leaf,,,False,-2.476206315564306e-05,,[]
133,18,4,2541,False,mean_6,mean_6 <= 1.92467,19.0,22.0,True,-0.12504900039200315,1.9246704331450095,[]
133,19,5,1684,False,category,"category in ['0105', '0302', '0811', '1306', '1501', '2801', '2803', '3002', 'прочее']",20.0,21.0,True,-0.23022432113341204,,"[""0105"", ""0302"", ""0811"", ""1306"", ""1501"", ""2801"", ""2803"", ""3002"", ""прочее""]"
133,20,6,1023,True,,leaf,,,False,-2.476206315564306e-05,,[]
133,21,6,661,True,,leaf,,,False,-2.476206315564306e-05,,[]
133,22,5,857,True,,leaf,,,False,0.018190916604531492,,[]
133,23,3,3117,False,category,"category in ['0103', '0104', '0201', '0203', '0811', '1305', '2506', '2901']",24.0,25.0,False,-0.5548448992644708,,"[""0103"", ""0104"", ""0201"", ""0203"", ""0811"", ""1305"", ""2506"", ""2901""]"
133,24,4,398,True,,leaf,,,False,-2.476206315564306e-05,,[]
133,25,4,2719,True,,leaf,,,False,-2.476206315564306e-05,,[]
133,26,1,61122,False,mean_3,mean_3 <= 0,27.0,28.0,False,0.003795066413662239,0.0,[]
133,27,2,2602,True,,leaf,,,False,1.5619273506497978e-05,,[]
133,28,2,58520,True,,leaf,,,False,-4.4135141820309555e-05,,[]
134,0,0,86094,False,nonzero_12,nonzero_12 <= 0.291667,1.0,26.0,False,0.0,0.29166666666666663,[]
134,1,1,24972,False,mean_6,mean_6 <= 0.5,2.0,11.0,True,-0.5430309823072612,0.5,[]
134,2,2,15103,False,category,"category in ['0104', '0811', '1309', '2403', '2502', '2506', '2901']",3.0,4.0,False,-0.6523522794944749,,"[""0104"", ""0811"", ""1309"", ""2403"", ""2502"", ""2506"", ""2901""]"
134,3,3,719,True,,leaf,,,False,-2.3523959997860907e-05,,[]
134,4,3,14384,False,category,"category in ['0105', '1510', '2401', '2702', '2801', 'прочее']",5.0,6.0,False,-0.6725024315687091,,"[""0105"", ""1510"", ""2401"", ""2702"", ""2801"", ""прочее""]"
134,5,4,1928,True,,leaf,,,False,-2.3523959997860907e-05,,[]
134,6,4,12456,False,month_sin,month_sin <= 0.25,7.0,10.0,True,-0.6484838761431092,0.25000000000000006,[]
134,7,5,7684,False,nonzero_12,nonzero_12 <= 0.208333,8.0,9.0,True,-0.5981284117494151,0.20833333333333331,[]
134,8,6,6568,True,,leaf,,,False,-2.3523959997860907e-05,,[]
134,9,6,1116,True,,leaf,,,False,-2.3523959997860907e-05,,[]
134,10,5,4772,True,,leaf,,,False,-2.3523959997860907e-05,,[]
134,11,2,9869,False,month_sin,month_sin <= 0.25,12.0,23.0,True,-0.3752404089482741,0.25000000000000006,[]
134,12,3,6752,False,lag_1,lag_1 <= 0.370813,13.0,18.0,True,-0.29162969535640343,0.3708125570615914,[]
134,13,4,4211,False,nonzero_12,nonzero_12 <= 0.208333,14.0,17.0,True,-0.39113954039327176,0.20833333333333331,[]
134,14,5,2883,False,category,"category in ['0105', '0108', '0111', '0302', '1304', '1305', '2004', '2402', '2702', '2703', '2801', '3002', 'прочее']",15.0,16.0,True,-0.47805046664362255,,"[""0105"", ""0108"", ""0111"", ""0302"", ""1304"", ""1305"", ""2004"", ""2402"", ""2702"", ""2703"", ""2801"", ""3002"", ""прочее""]"
134,15,6,1931,True,,leaf,,,False,-2.3523959997860907e-05,,[]
134,16,6,952,True,,leaf,,,False,-2.3523959997860907e-05,,[]
134,17,5,1328,True,,leaf,,,False,-2.3523959997860907e-05,,[]
134,18,4,2541,False,mean_6,mean_6 <= 1.92467,19.0,22.0,True,-0.1258330066640533,1.9246704331450095,[]
134,19,5,1684,False,category,"category in ['0105', '0302', '0811', '1306', '1501', '2801', '2803', '3002', 'прочее']",20.0,21.0,True,-0.23022432113341204,,"[""0105"", ""0302"", ""0811"", ""1306"", ""1501"", ""2801"", ""2803"", ""3002"", ""прочее""]"
134,20,6,1023,True,,leaf,,,False,-2.3523959997860907e-05,,[]
134,21,6,661,True,,leaf,,,False,-2.3523959997860907e-05,,[]
134,22,5,857,True,,leaf,,,False,0.017281370774304916,,[]
134,23,3,3117,False,category,"category in ['0103', '0104', '0201', '0203', '0811', '1305', '2506', '2901']",24.0,25.0,False,-0.5548448992644708,,"[""0103"", ""0104"", ""0201"", ""0203"", ""0811"", ""1305"", ""2506"", ""2901""]"
134,24,4,398,True,,leaf,,,False,-2.3523959997860907e-05,,[]
134,25,4,2719,True,,leaf,,,False,-2.3523959997860907e-05,,[]
134,26,1,61122,False,mean_3,mean_3 <= 0,27.0,28.0,False,0.00389321468298109,0.0,[]
134,27,2,2602,True,,leaf,,,False,1.4838309831173082e-05,,[]
134,28,2,58520,True,,leaf,,,False,-4.192838472929346e-05,,[]
135,0,0,86094,False,nonzero_12,nonzero_12 <= 0.291667,1.0,26.0,False,0.0,0.29166666666666663,[]
135,1,1,24972,False,mean_6,mean_6 <= 0.5,2.0,11.0,True,-0.543191097590265,0.5,[]
135,2,2,15103,False,category,"category in ['0104', '0811', '1309', '2403', '2502', '2506', '2901']",3.0,4.0,False,-0.6523522794944749,,"[""0104"", ""0811"", ""1309"", ""2403"", ""2502"", ""2506"", ""2901""]"
135,3,3,719,True,,leaf,,,False,-2.2347761997967862e-05,,[]
135,4,3,14384,False,category,"category in ['0105', '1510', '2401', '2702', '2801', 'прочее']",5.0,6.0,False,-0.6725024315687091,,"[""0105"", ""1510"", ""2401"", ""2702"", ""2801"", ""прочее""]"
135,5,4,1928,True,,leaf,,,False,-2.2347761997967862e-05,,[]
135,6,4,12456,False,month_sin,month_sin <= 0.25,7.0,10.0,True,-0.6484838761431092,0.25000000000000006,[]
135,7,5,7684,False,nonzero_12,nonzero_12 <= 0.208333,8.0,9.0,True,-0.5981284117494151,0.20833333333333331,[]
135,8,6,6568,True,,leaf,,,False,-2.2347761997967862e-05,,[]
135,9,6,1116,True,,leaf,,,False,-2.2347761997967862e-05,,[]
135,10,5,4772,True,,leaf,,,False,-2.2347761997967862e-05,,[]
135,11,2,9869,False,month_sin,month_sin <= 0.25,12.0,23.0,True,-0.37564530822957787,0.25000000000000006,[]
135,12,3,6752,False,lag_1,lag_1 <= 0.370813,13.0,18.0,True,-0.2922212363206152,0.3708125570615914,[]
135,13,4,4211,False,nonzero_12,nonzero_12 <= 0.208333,14.0,17.0,True,-0.39113954039327176,0.20833333333333331,[]
135,14,5,2883,False,category,"category in ['0105', '0108', '0111', '0302', '1304', '1305', '2004', '2402', '2702', '2703', '2801', '3002', 'прочее']",15.0,16.0,True,-0.47805046664362255,,"[""0105"", ""0108"", ""0111"", ""0302"", ""1304"", ""1305"", ""2004"", ""2402"", ""2702"", ""2703"", ""2801"", ""3002"", ""прочее""]"
135,15,6,1931,True,,leaf,,,False,-2.2347761997967862e-05,,[]
135,16,6,952,True,,leaf,,,False,-2.2347761997967862e-05,,[]
135,17,5,1328,True,,leaf,,,False,-2.2347761997967862e-05,,[]
135,18,4,2541,False,mean_6,mean_6 <= 1.92467,19.0,22.0,True,-0.12740101920815367,1.9246704331450095,[]
135,19,5,1684,False,category,"category in ['0105', '0302', '0811', '1306', '1501', '2801', '2803', '3002', 'прочее']",20.0,21.0,True,-0.23022432113341204,,"[""0105"", ""0302"", ""0811"", ""1306"", ""1501"", ""2801"", ""2803"", ""3002"", ""прочее""]"
135,20,6,1023,True,,leaf,,,False,-2.2347761997967862e-05,,[]
135,21,6,661,True,,leaf,,,False,-2.2347761997967862e-05,,[]
135,22,5,857,True,,leaf,,,False,0.01641730223558967,,[]
135,23,3,3117,False,category,"category in ['0103', '0104', '0201', '0203', '0811', '1305', '2506', '2901']",24.0,25.0,False,-0.5548448992644708,,"[""0103"", ""0104"", ""0201"", ""0203"", ""0811"", ""1305"", ""2506"", ""2901""]"
135,24,4,398,True,,leaf,,,False,-2.2347761997967862e-05,,[]
135,25,4,2719,True,,leaf,,,False,-2.2347761997967862e-05,,[]
135,26,1,61122,False,mean_3,mean_3 <= 0,27.0,28.0,False,0.00389321468298109,0.0,[]
135,27,2,2602,True,,leaf,,,False,1.4096394339614428e-05,,[]
135,28,2,58520,True,,leaf,,,False,-3.983196549282931e-05,,[]
136,0,0,86094,False,nonzero_12,nonzero_12 <= 0.291667,1.0,26.0,False,0.0,0.29166666666666663,[]
136,1,1,24972,False,mean_6,mean_6 <= 0.5,2.0,11.0,True,-0.5432711552317668,0.5,[]
136,2,2,15103,False,category,"category in ['0104', '0811', '1309', '2403', '2502', '2506', '2901']",3.0,4.0,False,-0.6523522794944749,,"[""0104"", ""0811"", ""1309"", ""2403"", ""2502"", ""2506"", ""2901""]"
136,3,3,719,True,,leaf,,,False,-2.123037389806947e-05,,[]
136,4,3,14384,False,category,"category in ['0105', '1510', '2401', '2702', '2801', 'прочее']",5.0,6.0,False,-0.6725024315687091,,"[""0105"", ""1510"", ""2401"", ""2702"", ""2801"", ""прочее""]"
136,5,4,1928,True,,leaf,,,False,-2.123037389806947e-05,,[]
136,6,4,12456,False,month_sin,month_sin <= 0.25,7.0,10.0,True,-0.6484838761431092,0.25000000000000006,[]
136,7,5,7684,False,nonzero_12,nonzero_12 <= 0.208333,8.0,9.0,True,-0.5981284117494151,0.20833333333333331,[]
136,8,6,6568,True,,leaf,,,False,-2.123037389806947e-05,,[]
136,9,6,1116,True,,leaf,,,False,-2.123037389806947e-05,,[]
136,10,5,4772,True,,leaf,,,False,-2.123037389806947e-05,,[]
136,11,2,9869,False,month_sin,month_sin <= 0.25,12.0,23.0,True,-0.3758477578702298,0.25000000000000006,[]
136,12,3,6752,False,lag_1,lag_1 <= 0.370813,13.0,18.0,True,-0.2925170068027211,0.3708125570615914,[]
136,13,4,4211,False,nonzero_12,nonzero_12 <= 0.208333,14.0,17.0,True,-0.39113954039327176,0.20833333333333331,[]
136,14,5,2883,False,category,"category in ['0105', '0108', '0111', '0302', '1304', '1305', '2004', '2402', '2702', '2703', '2801', '3002', 'прочее']",15.0,16.0,True,-0.47805046664362255,,"[""0105"", ""0108"", ""0111"", ""0302"", ""1304"", ""1305"", ""2004"", ""2402"", ""2702"", ""2703"", ""2801"", ""3002"", ""прочее""]"
136,15,6,1931,True,,leaf,,,False,-2.123037389806947e-05,,[]
136,16,6,952,True,,leaf,,,False,-2.123037389806947e-05,,[]
136,17,5,1328,True,,leaf,,,False,-2.123037389806947e-05,,[]
136,18,4,2541,False,mean_6,mean_6 <= 1.92467,19.0,22.0,True,-0.12818502548020383,1.9246704331450095,[]
136,19,5,1684,False,category,"category in ['0105', '0302', '0811', '1306', '1501', '2801', '2803', '3002', 'прочее']",20.0,21.0,True,-0.23022432113341204,,"[""0105"", ""0302"", ""0811"", ""1306"", ""1501"", ""2801"", ""2803"", ""3002"", ""прочее""]"
136,20,6,1023,True,,leaf,,,False,-2.123037389806947e-05,,[]
136,21,6,661,True,,leaf,,,False,-2.123037389806947e-05,,[]
136,22,5,857,True,,leaf,,,False,0.015596437123810187,,[]
136,23,3,3117,False,category,"category in ['0103', '0104', '0201', '0203', '0811', '1305', '2506', '2901']",24.0,25.0,False,-0.5548448992644708,,"[""0103"", ""0104"", ""0201"", ""0203"", ""0811"", ""1305"", ""2506"", ""2901""]"
136,24,4,398,True,,leaf,,,False,-2.123037389806947e-05,,[]
136,25,4,2719,True,,leaf,,,False,-2.123037389806947e-05,,[]
136,26,1,61122,False,mean_3,mean_3 <= 0,27.0,28.0,False,0.003925930772754041,0.0,[]
136,27,2,2602,True,,leaf,,,False,1.3391574622633707e-05,,[]
136,28,2,58520,True,,leaf,,,False,-3.784036721818751e-05,,[]
137,0,0,86094,False,nonzero_12,nonzero_12 <= 0.291667,1.0,26.0,False,0.0,0.29166666666666663,[]
137,1,1,24972,False,mean_6,mean_6 <= 0.5,2.0,11.0,True,-0.5432711552317668,0.5,[]
137,2,2,15103,False,category,"category in ['0104', '0811', '1309', '2403', '2502', '2506', '2901']",3.0,4.0,False,-0.6523522794944749,,"[""0104"", ""0811"", ""1309"", ""2403"", ""2502"", ""2506"", ""2901""]"
137,3,3,719,True,,leaf,,,False,-2.0168855203165995e-05,,[]
137,4,3,14384,False,category,"category in ['0105', '1510', '2401', '2702', '2801', 'прочее']",5.0,6.0,False,-0.6725024315687091,,"[""0105"", ""1510"", ""2401"", ""2702"", ""2801"", ""прочее""]"
137,5,4,1928,True,,leaf,,,False,-2.0168855203165995e-05,,[]
137,6,4,12456,False,month_sin,month_sin <= 0.25,7.0,10.0,True,-0.6484838761431092,0.25000000000000006,[]
137,7,5,7684,False,nonzero_12,nonzero_12 <= 0.208333,8.0,9.0,True,-0.5981284117494151,0.20833333333333331,[]
137,8,6,6568,True,,leaf,,,False,-2.0168855203165995e-05,,[]
137,9,6,1116,True,,leaf,,,False,-2.0168855203165995e-05,,[]
137,10,5,4772,True,,leaf,,,False,-2.0168855203165995e-05,,[]
137,11,2,9869,False,month_sin,month_sin <= 0.25,12.0,23.0,True,-0.3758477578702298,0.25000000000000006,[]
137,12,3,6752,False,lag_1,lag_1 <= 0.370813,13.0,18.0,True,-0.2925170068027211,0.3708125570615914,[]
137,13,4,4211,False,nonzero_12,nonzero_12 <= 0.208333,14.0,17.0,True,-0.39113954039327176,0.20833333333333331,[]
137,14,5,2883,False,category,"category in ['0105', '0108', '0111', '0302', '1304', '1305', '2004', '2402', '2702', '2703', '2801', '3002', 'прочее']",15.0,16.0,True,-0.47805046664362255,,"[""0105"", ""0108"", ""0111"", ""0302"", ""1304"", ""1305"", ""2004"", ""2402"", ""2702"", ""2703"", ""2801"", ""3002"", ""прочее""]"
137,15,6,1931,True,,leaf,,,False,-2.0168855203165995e-05,,[]
137,16,6,952,True,,leaf,,,False,-2.0168855203165995e-05,,[]
137,17,5,1328,True,,leaf,,,False,-2.0168855203165995e-05,,[]
137,18,4,2541,False,mean_6,mean_6 <= 1.92467,19.0,22.0,True,-0.12818502548020383,1.9246704331450095,[]
137,19,5,1684,False,category,"category in ['0105', '0302', '0811', '1306', '1501', '2801', '2803', '3002', 'прочее']",20.0,21.0,True,-0.23022432113341204,,"[""0105"", ""0302"", ""0811"", ""1306"", ""1501"", ""2801"", ""2803"", ""3002"", ""прочее""]"
137,20,6,1023,True,,leaf,,,False,-2.0168855203165995e-05,,[]
137,21,6,661,True,,leaf,,,False,-2.0168855203165995e-05,,[]
137,22,5,857,True,,leaf,,,False,0.014816615267619676,,[]
137,23,3,3117,False,category,"category in ['0103', '0104', '0201', '0203', '0811', '1305', '2506', '2901']",24.0,25.0,False,-0.5548448992644708,,"[""0103"", ""0104"", ""0201"", ""0203"", ""0811"", ""1305"", ""2506"", ""2901""]"
137,24,4,398,True,,leaf,,,False,-2.0168855203165995e-05,,[]
137,25,4,2719,True,,leaf,,,False,-2.0168855203165995e-05,,[]
137,26,1,61122,False,mean_3,mean_3 <= 0,27.0,28.0,False,0.0038604985932081397,0.0,[]
137,27,2,2602,True,,leaf,,,False,1.272199589150202e-05,,[]
137,28,2,58520,True,,leaf,,,False,-3.5948348857280305e-05,,[]
138,0,0,86094,False,nonzero_12,nonzero_12 <= 0.291667,1.0,26.0,False,0.0,0.29166666666666663,[]
138,1,1,24972,False,mean_6,mean_6 <= 0.5,2.0,11.0,True,-0.5435113281562726,0.5,[]
138,2,2,15103,False,category,"category in ['0104', '0811', '1309', '2403', '2502', '2506', '2901']",3.0,4.0,False,-0.6523522794944749,,"[""0104"", ""0811"", ""1309"", ""2403"", ""2502"", ""2506"", ""2901""]"
138,3,3,719,True,,leaf,,,False,-1.9160412443007698e-05,,[]
138,4,3,14384,False,category,"category in ['0105', '1510', '2401', '2702', '2801', 'прочее']",5.0,6.0,False,-0.6725024315687091,,"[""0105"", ""1510"", ""2401"", ""2702"", ""2801"", ""прочее""]"
138,5,4,1928,True,,leaf,,,False,-1.9160412443007698e-05,,[]
138,6,4,12456,False,month_sin,month_sin <= 0.25,7.0,10.0,True,-0.6484838761431092,0.25000000000000006,[]
138,7,5,7684,False,nonzero_12,nonzero_12 <= 0.208333,8.0,9.0,True,-0.5981284117494151,0.20833333333333331,[]
138,8,6,6568,True,,leaf,,,False,-1.9160412443007698e-05,,[]
138,9,6,1116,True,,leaf,,,False,-1.9160412443007698e-05,,[]
138,10,5,4772,True,,leaf,,,False,-1.9160412443007698e-05,,[]
138,11,2,9869,False,month_sin,month_sin <= 0.25,12.0,23.0,True,-0.37645510679218547,0.25000000000000006,[]
138,12,3,6752,False,lag_1,lag_1 <= 0.370813,13.0,18.0,True,-0.29340431824903873,0.3708125570615914,[]
138,13,4,4211,False,nonzero_12,nonzero_12 <= 0.208333,14.0,17.0,True,-0.39113954039327176,0.20833333333333331,[]
138,14,5,2883,False,category,"category in ['0105', '0108', '0111', '0302', '1304', '1305', '2004', '2402', '2702', '2703', '2801', '3002', 'прочее']",15.0,16.0,True,-0.47805046664362255,,"[""0105"", ""0108"", ""0111"", ""0302"", ""1304"", ""1305"", ""2004"", ""2402"", ""2702"", ""2703"", ""2801"", ""3002"", ""прочее""]"
138,15,6,1931,True,,leaf,,,False,-1.9160412443007698e-05,,[]
138,16,6,952,True,,leaf,,,False,-1.9160412443007698e-05,,[]
138,17,5,1328,True,,leaf,,,False,-1.9160412443007698e-05,,[]
138,18,4,2541,False,mean_6,mean_6 <= 1.92467,19.0,22.0,True,-0.13053704429635438,1.9246704331450095,[]
138,19,5,1684,False,category,"category in ['0105', '0302', '0811', '1306', '1501', '2801', '2803', '3002', 'прочее']",20.0,21.0,True,-0.23022432113341204,,"[""0105"", ""0302"", ""0811"", ""1306"", ""1501"", ""2801"", ""2803"", ""3002"", ""прочее""]"
138,20,6,1023,True,,leaf,,,False,-1.9160412443007698e-05,,[]
138,21,6,661,True,,leaf,,,False,-1.9160412443007698e-05,,[]
138,22,5,857,True,,leaf,,,False,0.014075784504238693,,[]
138,23,3,3117,False,category,"category in ['0103', '0104', '0201', '0203', '0811', '1305', '2506', '2901']",24.0,25.0,False,-0.5548448992644708,,"[""0103"", ""0104"", ""0201"", ""0203"", ""0811"", ""1305"", ""2506"", ""2901""]"
138,24,4,398,True,,leaf,,,False,-1.9160412443007698e-05,,[]
138,25,4,2719,True,,leaf,,,False,-1.9160412443007698e-05,,[]
138,26,1,61122,False,mean_3,mean_3 <= 0,27.0,28.0,False,0.0039586468625269905,0.0,[]
138,27,2,2602,True,,leaf,,,False,1.208589609692692e-05,,[]
138,28,2,58520,True,,leaf,,,False,-3.415093141441758e-05,,[]
139,0,0,86094,False,nonzero_12,nonzero_12 <= 0.291667,1.0,26.0,False,0.0,0.29166666666666663,[]
139,1,1,24972,False,mean_6,mean_6 <= 0.5,2.0,11.0,True,-0.5435113281562726,0.5,[]
139,2,2,15103,False,category,"category in ['0104', '0811', '1309', '2403', '2502', '2506', '2901']",3.0,4.0,False,-0.6523522794944749,,"[""0104"", ""0811"", ""1309"", ""2403"", ""2502"", ""2506"", ""2901""]"
139,3,3,719,True,,leaf,,,False,-1.820239182085731e-05,,[]
139,4,3,14384,False,category,"category in ['0105', '1510', '2401', '2702', '2801', 'прочее']",5.0,6.0,False,-0.6725024315687091,,"[""0105"", ""1510"", ""2401"", ""2702"", ""2801"", ""прочее""]"
139,5,4,1928,True,,leaf,,,False,-1.820239182085731e-05,,[]
139,6,4,12456,False,month_sin,month_sin <= 0.25,7.0,10.0,True,-0.6484838761431092,0.25000000000000006,[]
139,7,5,7684,False,nonzero_12,nonzero_12 <= 0.208333,8.0,9.0,True,-0.5981284117494151,0.20833333333333331,[]
139,8,6,6568,True,,leaf,,,False,-1.820239182085731e-05,,[]
139,9,6,1116,True,,leaf,,,False,-1.820239182085731e-05,,[]
139,10,5,4772,True,,leaf,,,False,-1.820239182085731e-05,,[]
139,11,2,9869,False,month_sin,month_sin <= 0.25,12.0,23.0,True,-0.37645510679218547,0.25000000000000006,[]
139,12,3,6752,False,lag_1,lag_1 <= 0.370813,13.0,18.0,True,-0.29340431824903873,0.3708125570615914,[]
139,13,4,4211,False,nonzero_12,nonzero_12 <= 0.208333,14.0,17.0,True,-0.39113954039327176,0.20833333333333331,[]
139,14,5,2883,False,category,"category in ['0105', '0108', '0111', '0302', '1304', '1305', '2004', '2402', '2702', '2703', '2801', '3002', 'прочее']",15.0,16.0,True,-0.47805046664362255,,"[""0105"", ""0108"", ""0111"", ""0302"", ""1304"", ""1305"", ""2004"", ""2402"", ""2702"", ""2703"", ""2801"", ""3002"", ""прочее""]"
139,15,6,1931,True,,leaf,,,False,-1.820239182085731e-05,,[]
139,16,6,952,True,,leaf,,,False,-1.820239182085731e-05,,[]
139,17,5,1328,True,,leaf,,,False,-1.820239182085731e-05,,[]
139,18,4,2541,False,mean_6,mean_6 <= 1.92467,19.0,22.0,True,-0.13053704429635438,1.9246704331450095,[]
139,19,5,1684,False,category,"category in ['0105', '0302', '0811', '1306', '1501', '2801', '2803', '3002', 'прочее']",20.0,21.0,True,-0.23022432113341204,,"[""0105"", ""0302"", ""0811"", ""1306"", ""1501"", ""2801"", ""2803"", ""3002"", ""прочее""]"
139,20,6,1023,True,,leaf,,,False,-1.820239182085731e-05,,[]
139,21,6,661,True,,leaf,,,False,-1.820239182085731e-05,,[]
139,22,5,857,True,,leaf,,,False,0.013371995279026756,,[]
139,23,3,3117,False,category,"category in ['0103', '0104', '0201', '0203', '0811', '1305', '2506', '2901']",24.0,25.0,False,-0.5548448992644708,,"[""0103"", ""0104"", ""0201"", ""0203"", ""0811"", ""1305"", ""2506"", ""2901""]"
139,24,4,398,True,,leaf,,,False,-1.820239182085731e-05,,[]
139,25,4,2719,True,,leaf,,,False,-1.820239182085731e-05,,[]
139,26,1,61122,False,mean_3,mean_3 <= 0,27.0,28.0,False,0.003991362952299941,0.0,[]
139,27,2,2602,True,,leaf,,,False,1.1481601292080574e-05,,[]
139,28,2,58520,True,,leaf,,,False,-3.2443384843698515e-05,,[]
140,0,0,86094,False,nonzero_12,nonzero_12 <= 0.291667,1.0,28.0,False,0.0,0.29166666666666663,[]
140,1,1,24972,False,mean_6,mean_6 <= 0.5,2.0,11.0,True,-0.5438315587222801,0.5,[]
140,2,2,15103,False,category,"category in ['0104', '0811', '1309', '2403', '2502', '2506', '2901']",3.0,4.0,False,-0.6523522794944749,,"[""0104"", ""0811"", ""1309"", ""2403"", ""2502"", ""2506"", ""2901""]"
140,3,3,719,True,,leaf,,,False,-1.7292272229814445e-05,,[]
140,4,3,14384,False,category,"category in ['0105', '1510', '2401', '2702', '2801', 'прочее']",5.0,6.0,False,-0.6725024315687091,,"[""0105"", ""1510"", ""2401"", ""2702"", ""2801"", ""прочее""]"
140,5,4,1928,True,,leaf,,,False,-1.7292272229814445e-05,,[]
140,6,4,12456,False,month_sin,month_sin <= 0.25,7.0,10.0,True,-0.6484838761431092,0.25000000000000006,[]
140,7,5,7684,False,nonzero_12,nonzero_12 <= 0.208333,8.0,9.0,True,-0.5981284117494151,0.20833333333333331,[]
140,8,6,6568,True,,leaf,,,False,-1.7292272229814445e-05,,[]
140,9,6,1116,True,,leaf,,,False,-1.7292272229814445e-05,,[]
140,10,5,4772,True,,leaf,,,False,-1.7292272229814445e-05,,[]
140,11,2,9869,False,month_sin,month_sin <= 0.25,12.0,25.0,True,-0.377264905354793,0.25000000000000006,[]
140,12,3,6752,False,category,"category in ['0105', '0108', '0111', '1304', '2402', '2702', 'прочее']",13.0,14.0,False,-0.29458740017746227,,"[""0105"", ""0108"", ""0111"", ""1304"", ""2402"", ""2702"", ""прочее""]"
140,13,4,543,True,,leaf,,,False,-1.7292272229814445e-05,,[]
140,14,4,6209,False,lag_1,lag_1 <= 0.370813,15.0,20.0,True,-0.2567936967358096,0.3708125570615914,[]
140,15,5,3792,False,baseline_ratio,baseline_ratio <= 1.47128,16.0,19.0,True,-0.35086796422935296,1.471275021423019,[]
140,16,6,2757,False,category,"category in ['0107', '0201', '0302', '1302', '1303', '1305', '2004', '2506', '2703', '2801', '3002']",17.0,18.0,True,-0.43115287314781353,,"[""0107"", ""0201"", ""0302"", ""1302"", ""1303"", ""1305"", ""2004"", ""2506"", ""2703"", ""2801"", ""3002""]"
140,17,7,2203,True,,leaf,,,False,-1.7292272229814445e-05,,[]
140,18,7,554,True,,leaf,,,False,-1.7292272229814445e-05,,[]
140,19,6,1035,True,,leaf,,,False,-1.7292272229814445e-05,,[]
140,20,5,2417,False,mean_6,mean_6 <= 1.95556,21.0,24.0,True,-0.10836423568191182,1.9555555555555555,[]
140,21,6,1590,False,category,"category in ['0302', '0811', '1306', '1501', '2801', '2803', '3002']",22.0,23.0,True,-0.205,,"[""0302"", ""0811"", ""1306"", ""1501"", ""2801"", ""2803"", ""3002""]"
140,22,7,951,True,,leaf,,,False,-1.7292272229814445e-05,,[]
140,23,7,639,True,,leaf,,,False,-1.7292272229814445e-05,,[]
140,24,6,827,True,,leaf,,,False,0.014514471313238745,,[]
140,25,3,3117,False,category,"category in ['0103', '0104', '0201', '0203', '0811', '1305', '2506', '2901']",26.0,27.0,False,-0.5548448992644708,,"[""0103"", ""0104"", ""0201"", ""0203"", ""0811"", ""1305"", ""2506"", ""2901""]"
140,26,4,398,True,,leaf,,,False,-1.7292272229814445e-05,,[]
140,27,4,2719,True,,leaf,,,False,-1.7292272229814445e-05,,[]
140,28,1,61122,True,,leaf,,,False,5.7509163217812275e-06,,[]
141,0,0,86094,False,nonzero_12,nonzero_12 <= 0.291667,1.0,28.0,False,0.0,0.29166666666666663,[]
141,1,1,24972,False,mean_6,mean_6 <= 0.5,2.0,11.0,True,-0.5439116163637819,0.5,[]
141,2,2,15103,False,category,"category in ['0104', '0811', '1309', '2403', '2502', '2506', '2901']",3.0,4.0,False,-0.6523522794944749,,"[""0104"", ""0811"", ""1309"", ""2403"", ""2502"", ""2506"", ""2901""]"
141,3,3,719,True,,leaf,,,False,-1.642765861832372e-05,,[]
141,4,3,14384,False,category,"category in ['0105', '1510', '2401', '2702', '2801', 'прочее']",5.0,6.0,False,-0.6725024315687091,,"[""0105"", ""1510"", ""2401"", ""2702"", ""2801"", ""прочее""]"
141,5,4,1928,True,,leaf,,,False,-1.642765861832372e-05,,[]
141,6,4,12456,False,month_sin,month_sin <= 0.25,7.0,10.0,True,-0.6484838761431092,0.25000000000000006,[]
141,7,5,7684,False,nonzero_12,nonzero_12 <= 0.208333,8.0,9.0,True,-0.5981284117494151,0.20833333333333331,[]
141,8,6,6568,True,,leaf,,,False,-1.642765861832372e-05,,[]
141,9,6,1116,True,,leaf,,,False,-1.642765861832372e-05,,[]
141,10,5,4772,True,,leaf,,,False,-1.642765861832372e-05,,[]
141,11,2,9869,False,month_sin,month_sin <= 0.25,12.0,25.0,True,-0.37746735499544487,0.25000000000000006,[]
141,12,3,6752,False,category,"category in ['0105', '0108', '0111', '1304', '2402', '2702', 'прочее']",13.0,14.0,False,-0.29488317065956815,,"[""0105"", ""0108"", ""0111"", ""1304"", ""2402"", ""2702"", ""прочее""]"
141,13,4,543,True,,leaf,,,False,-1.642765861832372e-05,,[]
141,14,4,6209,False,lag_1,lag_1 <= 0.370813,15.0,20.0,True,-0.25711529184756393,0.3708125570615914,[]
141,15,5,3792,False,baseline_ratio,baseline_ratio <= 1.47128,16.0,19.0,True,-0.35086796422935296,1.471275021423019,[]
141,16,6,2757,False,category,"category in ['0107', '0201', '0302', '1302', '1303', '1305', '2004', '2506', '2703', '2801', '3002']",17.0,18.0,True,-0.43115287314781353,,"[""0107"", ""0201"", ""0302"", ""1302"", ""1303"", ""1305"", ""2004"", ""2506"", ""2703"", ""2801"", ""3002""]"
141,17,7,2203,True,,leaf,,,False,-1.642765861832372e-05,,[]
141,18,7,554,True,,leaf,,,False,-1.642765861832372e-05,,[]
141,19,6,1035,True,,leaf,,,False,-1.642765861832372e-05,,[]
141,20,5,2417,False,mean_6,mean_6 <= 1.95556,21.0,24.0,True,-0.10918829831067162,1.9555555555555555,[]
141,21,6,1590,False,category,"category in ['0302', '0811', '1306', '1501', '2801', '2803', '3002']",22.0,23.0,True,-0.205,,"[""0302"", ""0811"", ""1306"", ""1501"", ""2801"", ""2803"", ""3002""]"
141,22,7,951,True,,leaf,,,False,-1.642765861832372e-05,,[]
141,23,7,639,True,,leaf,,,False,-1.642765861832372e-05,,[]
141,24,6,827,True,,leaf,,,False,0.013788747747576808,,[]
141,25,3,3117,False,category,"category in ['0103', '0104', '0201', '0203', '0811', '1305', '2506', '2901']",26.0,27.0,False,-0.5548448992644708,,"[""0103"", ""0104"", ""0201"", ""0203"", ""0811"", ""1305"", ""2506"", ""2901""]"
141,26,4,398,True,,leaf,,,False,-1.642765861832372e-05,,[]
141,27,4,2719,True,,leaf,,,False,-1.642765861832372e-05,,[]
141,28,1,61122,True,,leaf,,,False,5.463370505692166e-06,,[]
142,0,0,86094,False,nonzero_12,nonzero_12 <= 0.291667,1.0,28.0,False,0.0,0.29166666666666663,[]
142,1,1,24972,False,mean_6,mean_6 <= 0.5,2.0,11.0,True,-0.5440717316467857,0.5,[]
142,2,2,15103,False,category,"category in ['0104', '0811', '1309', '2403', '2502', '2506', '2901']",3.0,4.0,False,-0.6523522794944749,,"[""0104"", ""0811"", ""1309"", ""2403"", ""2502"", ""2506"", ""2901""]"
142,3,3,719,True,,leaf,,,False,-1.5606275687407537e-05,,[]
142,4,3,14384,False,category,"category in ['0105', '1510', '2401', '2702', '2801', 'прочее']",5.0,6.0,False,-0.6725024315687091,,"[""0105"", ""1510"", ""2401"", ""2702"", ""2801"", ""прочее""]"
142,5,4,1928,True,,leaf,,,False,-1.5606275687407537e-05,,[]
142,6,4,12456,False,month_sin,month_sin <= 0.25,7.0,10.0,True,-0.6484838761431092,0.25000000000000006,[]
142,7,5,7684,False,nonzero_12,nonzero_12 <= 0.208333,8.0,9.0,True,-0.5981284117494151,0.20833333333333331,[]
142,8,6,6568,True,,leaf,,,False,-1.5606275687407537e-05,,[]
142,9,6,1116,True,,leaf,,,False,-1.5606275687407537e-05,,[]
142,10,5,4772,True,,leaf,,,False,-1.5606275687407537e-05,,[]
142,11,2,9869,False,month_sin,month_sin <= 0.25,12.0,25.0,True,-0.37787225427674864,0.25000000000000006,[]
142,12,3,6752,False,category,"category in ['0105', '0108', '0111', '1304', '2402', '2702', 'прочее']",13.0,14.0,False,-0.29547471162378,,"[""0105"", ""0108"", ""0111"", ""1304"", ""2402"", ""2702"", ""прочее""]"
142,13,4,543,True,,leaf,,,False,-1.5606275687407537e-05,,[]
142,14,4,6209,False,lag_1,lag_1 <= 0.370813,15.0,20.0,True,-0.2577584820710725,0.3708125570615914,[]
142,15,5,3792,False,baseline_ratio,baseline_ratio <= 1.47128,16.0,19.0,True,-0.35086796422935296,1.471275021423019,[]
142,16,6,2757,False,category,"category in ['0107', '0201', '0302', '1302', '1303', '1305', '2004', '2506', '2703', '2801', '3002']",17.0,18.0,True,-0.43115287314781353,,"[""0107"", ""0201"", ""0302"", ""1302"", ""1303"", ""1305"", ""2004"", ""2506"", ""2703"", ""2801"", ""3002""]"
142,17,7,2203,True,,leaf,,,False,-1.5606275687407537e-05,,[]
142,18,7,554,True,,leaf,,,False,-1.5606275687407537e-05,,[]
142,19,6,1035,True,,leaf,,,False,-1.5606275687407537e-05,,[]
142,20,5,2417,False,mean_3,mean_3 <= 3.73333,21.0,24.0,True,-0.11083642356819118,3.7333333333333334,[]
142,21,6,1998,False,category,"category in ['0104', '2004', '2514', '2703', '2802', '2901']",22.0,23.0,False,-0.17131474103585656,,"[""0104"", ""2004"", ""2514"", ""2703"", ""2802"", ""2901""]"
142,22,7,324,True,,leaf,,,False,0.025662800696632865,,[]
142,23,7,1674,True,,leaf,,,False,-1.5606275687407537e-05,,[]
142,24,6,419,True,,leaf,,,False,0.043831017677271135,,[]
142,25,3,3117,False,category,"category in ['0103', '0104', '0201', '0203', '0811', '1305', '2506', '2901']",26.0,27.0,False,-0.5548448992644708,,"[""0103"", ""0104"", ""0201"", ""0203"", ""0811"", ""1305"", ""2506"", ""2901""]"
142,26,4,398,True,,leaf,,,False,-1.5606275687407537e-05,,[]
142,27,4,2719,True,,leaf,,,False,-1.5606275687407537e-05,,[]
142,28,1,61122,True,,leaf,,,False,5.190201980407557e-06,,[]
143,0,0,86094,False,nonzero_12,nonzero_12 <= 0.291667,1.0,28.0,False,0.0,0.29166666666666663,[]
143,1,1,24972,False,mean_6,mean_6 <= 0.5,2.0,11.0,True,-0.5443119045712913,0.5,[]
143,2,2,15103,False,category,"category in ['0104', '0811', '1309', '2403', '2502', '2506', '2901']",3.0,4.0,False,-0.6523522794944749,,"[""0104"", ""0811"", ""1309"", ""2403"", ""2502"", ""2506"", ""2901""]"
143,3,3,719,True,,leaf,,,False,-1.482596190303716e-05,,[]
143,4,3,14384,False,category,"category in ['0105', '1510', '2401', '2702', '2801', 'прочее']",5.0,6.0,False,-0.6725024315687091,,"[""0105"", ""1510"", ""2401"", ""2702"", ""2801"", ""прочее""]"
143,5,4,1928,True,,leaf,,,False,-1.482596190303716e-05,,[]
143,6,4,12456,False,month_sin,month_sin <= 0.25,7.0,10.0,True,-0.6484838761431092,0.25000000000000006,[]
143,7,5,7684,False,nonzero_12,nonzero_12 <= 0.208333,8.0,9.0,True,-0.5981284117494151,0.20833333333333331,[]
143,8,6,6568,True,,leaf,,,False,-1.482596190303716e-05,,[]
143,9,6,1116,True,,leaf,,,False,-1.482596190303716e-05,,[]
143,10,5,4772,True,,leaf,,,False,-1.482596190303716e-05,,[]
143,11,2,9869,False,month_sin,month_sin <= 0.25,12.0,25.0,True,-0.37847960319870433,0.25000000000000006,[]
143,12,3,6752,False,category,"category in ['0105', '0108', '0111', '1304', '2402', '2702', 'прочее']",13.0,14.0,False,-0.2963620230700976,,"[""0105"", ""0108"", ""0111"", ""1304"", ""2402"", ""2702"", ""прочее""]"
143,13,4,543,True,,leaf,,,False,-1.482596190303716e-05,,[]
143,14,4,6209,False,lag_1,lag_1 <= 0.370813,15.0,20.0,True,-0.25872326740633544,0.3708125570615914,[]
143,15,5,3792,False,baseline_ratio,baseline_ratio <= 1.47128,16.0,19.0,True,-0.35086796422935296,1.471275021423019,[]
143,16,6,2757,False,category,"category in ['0107', '0201', '0302', '1302', '1303', '1305', '2004', '2506', '2703', '2801', '3002']",17.0,18.0,True,-0.43115287314781353,,"[""0107"", ""0201"", ""0302"", ""1302"", ""1303"", ""1305"", ""2004"", ""2506"", ""2703"", ""2801"", ""3002""]"
143,17,7,2203,True,,leaf,,,False,-1.482596190303716e-05,,[]
143,18,7,554,True,,leaf,,,False,-1.482596190303716e-05,,[]
143,19,6,1035,True,,leaf,,,False,-1.482596190303716e-05,,[]
143,20,5,2417,False,mean_3,mean_3 <= 3.73333,21.0,24.0,True,-0.11330861145447053,3.7333333333333334,[]
143,21,6,1998,False,category,"category in ['0104', '2004', '2514', '2703', '2802', '2901']",22.0,23.0,False,-0.17231075697211157,,"[""0104"", ""2004"", ""2514"", ""2703"", ""2802"", ""2901""]"
143,22,7,324,True,,leaf,,,False,0.024379660661801222,,[]
143,23,7,1674,True,,leaf,,,False,-1.482596190303716e-05,,[]
143,24,6,419,True,,leaf,,,False,0.041639466793407576,,[]
143,25,3,3117,False,category,"category in ['0103', '0104', '0201', '0203', '0811', '1305', '2506', '2901']",26.0,27.0,False,-0.5548448992644708,,"[""0103"", ""0104"", ""0201"", ""0203"", ""0811"", ""1305"", ""2506"", ""2901""]"
143,26,4,398,True,,leaf,,,False,-1.482596190303716e-05,,[]
143,27,4,2719,True,,leaf,,,False,-1.482596190303716e-05,,[]
143,28,1,61122,True,,leaf,,,False,4.930691881387179e-06,,[]
144,0,0,86094,False,nonzero_12,nonzero_12 <= 0.291667,1.0,26.0,False,0.0,0.29166666666666663,[]
144,1,1,24972,False,mean_6,mean_6 <= 0.5,2.0,11.0,True,-0.544472019854295,0.5,[]
144,2,2,15103,False,category,"category in ['0104', '0811', '1309', '2403', '2502', '2506', '2901']",3.0,4.0,False,-0.6523522794944749,,"[""0104"", ""0811"", ""1309"", ""2403"", ""2502"", ""2506"", ""2901""]"
144,3,3,719,True,,leaf,,,False,-1.4084663807885303e-05,,[]
144,4,3,14384,False,category,"category in ['0105', '1510', '2401', '2702', '2801', 'прочее']",5.0,6.0,False,-0.6725024315687091,,"[""0105"", ""1510"", ""2401"", ""2702"", ""2801"", ""прочее""]"
144,5,4,1928,True,,leaf,,,False,-1.4084663807885303e-05,,[]
144,6,4,12456,False,month_sin,month_sin <= 0.25,7.0,10.0,True,-0.6484838761431092,0.25000000000000006,[]
144,7,5,7684,False,nonzero_12,nonzero_12 <= 0.208333,8.0,9.0,True,-0.5981284117494151,0.20833333333333331,[]
144,8,6,6568,True,,leaf,,,False,-1.4084663807885303e-05,,[]
144,9,6,1116,True,,leaf,,,False,-1.4084663807885303e-05,,[]
144,10,5,4772,True,,leaf,,,False,-1.4084663807885303e-05,,[]
144,11,2,9869,False,month_sin,month_sin <= 0.25,12.0,23.0,True,-0.3788845024800081,0.25000000000000006,[]
144,12,3,6752,False,category,"category in ['0105', '0108', '0111', '1304', '2402', '2702', 'прочее']",13.0,14.0,False,-0.2969535640343094,,"[""0105"", ""0108"", ""0111"", ""1304"", ""2402"", ""2702"", ""прочее""]"
144,13,4,543,True,,leaf,,,False,-1.4084663807885303e-05,,[]
144,14,4,6209,False,lag_1,lag_1 <= 0.370813,15.0,20.0,True,-0.259366457629844,0.3708125570615914,[]
144,15,5,3792,False,baseline_ratio,baseline_ratio <= 1.47128,16.0,19.0,True,-0.35086796422935296,1.471275021423019,[]
144,16,6,2757,False,category,"category in ['0107', '0201', '0302', '1302', '1303', '1305', '2004', '2506', '2703', '2801', '3002']",17.0,18.0,True,-0.43115287314781353,,"[""0107"", ""0201"", ""0302"", ""1302"", ""1303"", ""1305"", ""2004"", ""2506"", ""2703"", ""2801"", ""3002""]"
144,17,7,2203,True,,leaf,,,False,-1.4084663807885303e-05,,[]
144,18,7,554,True,,leaf,,,False,-1.4084663807885303e-05,,[]
144,19,6,1035,True,,leaf,,,False,-1.4084663807885303e-05,,[]
144,20,5,2417,False,mean_6,mean_6 <= 1.47389,21.0,22.0,True,-0.11495673671199011,1.4738878143133463,[]
144,21,6,1211,True,,leaf,,,False,-1.4084663807885303e-05,,[]
144,22,6,1206,True,,leaf,,,False,0.0040932554100431345,,[]
144,23,3,3117,False,category,"category in ['0103', '0104', '0201', '0203', '0811', '1305', '2506', '2901']",24.0,25.0,False,-0.5548448992644708,,"[""0103"", ""0104"", ""0201"", ""0203"", ""0811"", ""1305"", ""2506"", ""2901""]"
144,24,4,398,True,,leaf,,,False,-1.4084663807885303e-05,,[]
144,25,4,2719,True,,leaf,,,False,-1.4084663807885303e-05,,[]
144,26,1,61122,False,baseline_ratio,baseline_ratio <= 1.89713,27.0,28.0,True,0.003173460707976183,1.8971304485494838,[]
144,27,2,51954,True,,leaf,,,False,-3.115282779916917e-05,,[]
144,28,2,9168,True,,leaf,,,False,0.0030957179569420126,,[]
145,0,0,86094,False,nonzero_12,nonzero_12 <= 0.291667,1.0,26.0,False,0.0,0.29166666666666663,[]
145,1,1,24972,False,mean_6,mean_6 <= 0.5,2.0,11.0,True,-0.544472019854295,0.5,[]
145,2,2,15103,False,category,"category in ['0104', '0811', '1309', '2403', '2502', '2506', '2901']",3.0,4.0,False,-0.6523522794944749,,"[""0104"", ""0811"", ""1309"", ""2403"", ""2502"", ""2506"", ""2901""]"
145,3,3,719,True,,leaf,,,False,-1.3380430617491037e-05,,[]
145,4,3,14384,False,category,"category in ['0105', '1510', '2401', '2702', '2801', 'прочее']",5.0,6.0,False,-0.6725024315687091,,"[""0105"", ""1510"", ""2401"", ""2702"", ""2801"", ""прочее""]"
145,5,4,1928,True,,leaf,,,False,-1.3380430617491037e-05,,[]
145,6,4,12456,False,month_sin,month_sin <= 0.25,7.0,10.0,True,-0.6484838761431092,0.25000000000000006,[]
145,7,5,7684,False,nonzero_12,nonzero_12 <= 0.208333,8.0,9.0,True,-0.5981284117494151,0.20833333333333331,[]
145,8,6,6568,True,,leaf,,,False,-1.3380430617491037e-05,,[]
145,9,6,1116,True,,leaf,,,False,-1.3380430617491037e-05,,[]
145,10,5,4772,True,,leaf,,,False,-1.3380430617491037e-05,,[]
145,11,2,9869,False,month_sin,month_sin <= 0.25,12.0,23.0,True,-0.3788845024800081,0.25000000000000006,[]
145,12,3,6752,False,category,"category in ['0105', '0108', '0111', '1304', '2402', '2702', 'прочее']",13.0,14.0,False,-0.2969535640343094,,"[""0105"", ""0108"", ""0111"", ""1304"", ""2402"", ""2702"", ""прочее""]"
145,13,4,543,True,,leaf,,,False,-1.3380430617491037e-05,,[]
145,14,4,6209,False,lag_1,lag_1 <= 0.370813,15.0,20.0,True,-0.259366457629844,0.3708125570615914,[]
145,15,5,3792,False,baseline_ratio,baseline_ratio <= 1.47128,16.0,19.0,True,-0.35086796422935296,1.471275021423019,[]
145,16,6,2757,False,category,"category in ['0107', '0201', '0302', '1302', '1303', '1305', '2004', '2506', '2703', '2801', '3002']",17.0,18.0,True,-0.43115287314781353,,"[""0107"", ""0201"", ""0302"", ""1302"", ""1303"", ""1305"", ""2004"", ""2506"", ""2703"", ""2801"", ""3002""]"
145,17,7,2203,True,,leaf,,,False,-1.3380430617491037e-05,,[]
145,18,7,554,True,,leaf,,,False,-1.3380430617491037e-05,,[]
145,19,6,1035,True,,leaf,,,False,-1.3380430617491037e-05,,[]
145,20,5,2417,False,mean_6,mean_6 <= 1.47389,21.0,22.0,True,-0.11495673671199011,1.4738878143133463,[]
145,21,6,1211,True,,leaf,,,False,-1.3380430617491037e-05,,[]
145,22,6,1206,True,,leaf,,,False,0.003888592639540975,,[]
145,23,3,3117,False,category,"category in ['0103', '0104', '0201', '0203', '0811', '1305', '2506', '2901']",24.0,25.0,False,-0.5548448992644708,,"[""0103"", ""0104"", ""0201"", ""0203"", ""0811"", ""1305"", ""2506"", ""2901""]"
145,24,4,398,True,,leaf,,,False,-1.3380430617491037e-05,,[]
145,25,4,2719,True,,leaf,,,False,-1.3380430617491037e-05,,[]
145,26,1,61122,False,mean_3,mean_3 <= 0,27.0,28.0,False,0.0034679055159327356,0.0,[]
145,27,2,2602,True,,leaf,,,False,1.1398403582971599e-05,,[]
145,28,2,58520,True,,leaf,,,False,-3.839595551000386e-05,,[]
146,0,0,86094,False,nonzero_12,nonzero_12 <= 0.291667,1.0,26.0,False,0.0,0.29166666666666663,[]
146,1,1,24972,False,mean_6,mean_6 <= 0.5,2.0,11.0,True,-0.5445520774957969,0.5,[]
146,2,2,15103,False,category,"category in ['0104', '0811', '1309', '2403', '2502', '2506', '2901']",3.0,4.0,False,-0.6523522794944749,,"[""0104"", ""0811"", ""1309"", ""2403"", ""2502"", ""2506"", ""2901""]"
146,3,3,719,True,,leaf,,,False,-1.2711409086616484e-05,,[]
146,4,3,14384,False,category,"category in ['0105', '1510', '2401', '2702', '2801', 'прочее']",5.0,6.0,False,-0.6725024315687091,,"[""0105"", ""1510"", ""2401"", ""2702"", ""2801"", ""прочее""]"
146,5,4,1928,True,,leaf,,,False,-1.2711409086616484e-05,,[]
146,6,4,12456,False,month_sin,month_sin <= 0.25,7.0,10.0,True,-0.6484838761431092,0.25000000000000006,[]
146,7,5,7684,False,nonzero_12,nonzero_12 <= 0.208333,8.0,9.0,True,-0.5981284117494151,0.20833333333333331,[]
146,8,6,6568,True,,leaf,,,False,-1.2711409086616484e-05,,[]
146,9,6,1116,True,,leaf,,,False,-1.2711409086616484e-05,,[]
146,10,5,4772,True,,leaf,,,False,-1.2711409086616484e-05,,[]
146,11,2,9869,False,month_sin,month_sin <= 0.25,12.0,23.0,True,-0.37908695212065996,0.25000000000000006,[]
146,12,3,6752,False,category,"category in ['0105', '0108', '0111', '1304', '2402', '2702', 'прочее']",13.0,14.0,False,-0.2972493345164153,,"[""0105"", ""0108"", ""0111"", ""1304"", ""2402"", ""2702"", ""прочее""]"
146,13,4,543,True,,leaf,,,False,-1.2711409086616484e-05,,[]
146,14,4,6209,False,lag_1,lag_1 <= 0.370813,15.0,20.0,True,-0.25968805274159834,0.3708125570615914,[]
146,15,5,3792,False,baseline_ratio,baseline_ratio <= 1.47128,16.0,19.0,True,-0.35086796422935296,1.471275021423019,[]
146,16,6,2757,False,category,"category in ['0107', '0201', '0302', '1302', '1303', '1305', '2004', '2506', '2703', '2801', '3002']",17.0,18.0,True,-0.43115287314781353,,"[""0107"", ""0201"", ""0302"", ""1302"", ""1303"", ""1305"", ""2004"", ""2506"", ""2703"", ""2801"", ""3002""]"
146,17,7,2203,True,,leaf,,,False,-1.2711409086616484e-05,,[]
146,18,7,554,True,,leaf,,,False,-1.2711409086616484e-05,,[]
146,19,6,1035,True,,leaf,,,False,-1.2711409086616484e-05,,[]
146,20,5,2417,False,mean_6,mean_6 <= 1.47389,21.0,22.0,True,-0.11578079934074989,1.4738878143133463,[]
146,21,6,1211,True,,leaf,,,False,-1.2711409086616484e-05,,[]
146,22,6,1206,True,,leaf,,,False,0.0036941630075639277,,[]
146,23,3,3117,False,category,"category in ['0103', '0104', '0201', '0203', '0811', '1305', '2506', '2901']",24.0,25.0,False,-0.5548448992644708,,"[""0103"", ""0104"", ""0201"", ""0203"", ""0811"", ""1305"", ""2506"", ""2901""]"
146,24,4,398,True,,leaf,,,False,-1.2711409086616484e-05,,[]
146,25,4,2719,True,,leaf,,,False,-1.2711409086616484e-05,,[]
146,26,1,61122,False,mean_3,mean_3 <= 0,27.0,28.0,False,0.0037296342341163386,0.0,[]
146,27,2,2602,True,,leaf,,,False,1.0828483403823019e-05,,[]
146,28,2,58520,True,,leaf,,,False,-3.6476157734502415e-05,,[]
147,0,0,86094,False,nonzero_12,nonzero_12 <= 0.291667,1.0,26.0,False,0.0,0.29166666666666663,[]
147,1,1,24972,False,mean_6,mean_6 <= 0.5,2.0,11.0,True,-0.5446321351372988,0.5,[]
147,2,2,15103,False,category,"category in ['0104', '0811', '1309', '2403', '2502', '2506', '2901']",3.0,4.0,False,-0.6523522794944749,,"[""0104"", ""0811"", ""1309"", ""2403"", ""2502"", ""2506"", ""2901""]"
147,3,3,719,True,,leaf,,,False,-1.207583863228566e-05,,[]
147,4,3,14384,False,category,"category in ['0105', '1510', '2401', '2702', '2801', 'прочее']",5.0,6.0,False,-0.6725024315687091,,"[""0105"", ""1510"", ""2401"", ""2702"", ""2801"", ""прочее""]"
147,5,4,1928,True,,leaf,,,False,-1.207583863228566e-05,,[]
147,6,4,12456,False,month_sin,month_sin <= 0.25,7.0,10.0,True,-0.6484838761431092,0.25000000000000006,[]
147,7,5,7684,False,nonzero_12,nonzero_12 <= 0.208333,8.0,9.0,True,-0.5981284117494151,0.20833333333333331,[]
147,8,6,6568,True,,leaf,,,False,-1.207583863228566e-05,,[]
147,9,6,1116,True,,leaf,,,False,-1.207583863228566e-05,,[]
147,10,5,4772,True,,leaf,,,False,-1.207583863228566e-05,,[]
147,11,2,9869,False,month_sin,month_sin <= 0.25,12.0,23.0,True,-0.3792894017613119,0.25000000000000006,[]
147,12,3,6752,False,category,"category in ['0105', '0108', '0111', '1304', '2402', '2702', 'прочее']",13.0,14.0,False,-0.29754510499852116,,"[""0105"", ""0108"", ""0111"", ""1304"", ""2402"", ""2702"", ""прочее""]"
147,13,4,543,True,,leaf,,,False,-1.207583863228566e-05,,[]
147,14,4,6209,False,lag_1,lag_1 <= 0.370813,15.0,20.0,True,-0.2600096478533526,0.3708125570615914,[]
147,15,5,3792,False,baseline_ratio,baseline_ratio <= 1.47128,16.0,19.0,True,-0.35086796422935296,1.471275021423019,[]
147,16,6,2757,False,category,"category in ['0107', '0201', '0302', '1302', '1303', '1305', '2004', '2506', '2703', '2801', '3002']",17.0,18.0,True,-0.43115287314781353,,"[""0107"", ""0201"", ""0302"", ""1302"", ""1303"", ""1305"", ""2004"", ""2506"", ""2703"", ""2801"", ""3002""]"
147,17,7,2203,True,,leaf,,,False,-1.207583863228566e-05,,[]
147,18,7,554,True,,leaf,,,False,-1.207583863228566e-05,,[]
147,19,6,1035,True,,leaf,,,False,-1.207583863228566e-05,,[]
147,20,5,2417,False,mean_6,mean_6 <= 1.47389,21.0,22.0,True,-0.11660486196950968,1.4738878143133463,[]
147,21,6,1211,True,,leaf,,,False,-1.207583863228566e-05,,[]
147,22,6,1206,True,,leaf,,,False,0.003509454857185729,,[]
147,23,3,3117,False,category,"category in ['0103', '0104', '0201', '0203', '0811', '1305', '2506', '2901']",24.0,25.0,False,-0.5548448992644708,,"[""0103"", ""0104"", ""0201"", ""0203"", ""0811"", ""1305"", ""2506"", ""2901""]"
147,24,4,398,True,,leaf,,,False,-1.207583863228566e-05,,[]
147,25,4,2719,True,,leaf,,,False,-1.207583863228566e-05,,[]
147,26,1,61122,False,category,"category in ['0111', '0203', '0303', '1140', '1305', '1306', '1309', '1501', '1510', '2004', '2402', '2506', '2702', '2803', '2902', 'прочее']",27.0,28.0,False,0.0028790159000196295,,"[""0111"", ""0203"", ""0303"", ""1140"", ""1305"", ""1306"", ""1309"", ""1501"", ""1510"", ""2004"", ""2402"", ""2506"", ""2702"", ""2803"", ""2902"", ""прочее""]"
147,27,2,8327,True,,leaf,,,False,-0.0010949393422447328,,[]
147,28,2,52795,True,,leaf,,,False,8.672257125325974e-05,,[]
148,0,0,86094,False,nonzero_12,nonzero_12 <= 0.291667,1.0,24.0,False,0.0,0.29166666666666663,[]
148,1,1,24972,False,mean_6,mean_6 <= 0.5,2.0,11.0,True,-0.5446321351372988,0.5,[]
148,2,2,15103,False,category,"category in ['0104', '0811', '1309', '2403', '2502', '2506', '2901']",3.0,4.0,False,-0.6523522794944749,,"[""0104"", ""0811"", ""1309"", ""2403"", ""2502"", ""2506"", ""2901""]"
148,3,3,719,True,,leaf,,,False,-1.1472046700671375e-05,,[]
148,4,3,14384,False,category,"category in ['0105', '1510', '2401', '2702', '2801', 'прочее']",5.0,6.0,False,-0.6725024315687091,,"[""0105"", ""1510"", ""2401"", ""2702"", ""2801"", ""прочее""]"
148,5,4,1928,True,,leaf,,,False,-1.1472046700671375e-05,,[]
148,6,4,12456,False,month_sin,month_sin <= 0.25,7.0,10.0,True,-0.6484838761431092,0.25000000000000006,[]
148,7,5,7684,False,nonzero_12,nonzero_12 <= 0.208333,8.0,9.0,True,-0.5981284117494151,0.20833333333333331,[]
148,8,6,6568,True,,leaf,,,False,-1.1472046700671375e-05,,[]
148,9,6,1116,True,,leaf,,,False,-1.1472046700671375e-05,,[]
148,10,5,4772,True,,leaf,,,False,-1.1472046700671375e-05,,[]
148,11,2,9869,False,month_sin,month_sin <= 0.25,12.0,21.0,True,-0.3792894017613119,0.25000000000000006,[]
148,12,3,6752,False,category,"category in ['0105', '0108', '0111', '1304', '2402', '2702', 'прочее']",13.0,14.0,False,-0.29754510499852116,,"[""0105"", ""0108"", ""0111"", ""1304"", ""2402"", ""2702"", ""прочее""]"
148,13,4,543,True,,leaf,,,False,-1.1472046700671375e-05,,[]
148,14,4,6209,False,lag_1,lag_1 <= 0.370813,15.0,20.0,True,-0.2600096478533526,0.3708125570615914,[]
148,15,5,3792,False,baseline_ratio,baseline_ratio <= 1.47128,16.0,19.0,True,-0.35086796422935296,1.471275021423019,[]
148,16,6,2757,False,category,"category in ['0107', '0201', '0302', '1302', '1303', '1305', '2004', '2506', '2703', '2801', '3002']",17.0,18.0,True,-0.43115287314781353,,"[""0107"", ""0201"", ""0302"", ""1302"", ""1303"", ""1305"", ""2004"", ""2506"", ""2703"", ""2801"", ""3002""]"
148,17,7,2203,True,,leaf,,,False,-1.1472046700671375e-05,,[]
148,18,7,554,True,,leaf,,,False,-1.1472046700671375e-05,,[]
148,19,6,1035,True,,leaf,,,False,-1.1472046700671375e-05,,[]
148,20,5,2417,True,,leaf,,,False,-1.1472046700671375e-05,,[]
148,21,3,3117,False,category,"category in ['0103', '0104', '0201', '0203', '0811', '1305', '2506', '2901']",22.0,23.0,False,-0.5548448992644708,,"[""0103"", ""0104"", ""0201"", ""0203"", ""0811"", ""1305"", ""2506"", ""2901""]"
148,22,4,398,True,,leaf,,,False,-1.1472046700671375e-05,,[]
148,23,4,2719,True,,leaf,,,False,-1.1472046700671375e-05,,[]
148,24,1,61122,False,mean_3,mean_3 <= 0,25.0,28.0,False,0.004056795131845842,0.0,[]
148,25,2,2602,False,category,"category in ['0103', '0107', '0811', '1302', '1303', '1306', '1309', '2901', 'прочее']",26.0,27.0,False,0.12710566615620214,,"[""0103"", ""0107"", ""0811"", ""1302"", ""1303"", ""1306"", ""1309"", ""2901"", ""прочее""]"
148,26,3,453,True,,leaf,,,False,-0.0015647291934821651,,[]
148,27,3,2149,True,,leaf,,,False,6.315469672856068e-05,,[]
148,28,2,58520,True,,leaf,,,False,-3.24273430846738e-05,,[]
149,0,0,86094,False,nonzero_12,nonzero_12 <= 0.291667,1.0,26.0,False,0.0,0.29166666666666663,[]
149,1,1,24972,False,mean_6,mean_6 <= 0.5,2.0,11.0,True,-0.5446321351372988,0.5,[]
149,2,2,15103,False,category,"category in ['0104', '0811', '1309', '2403', '2502', '2506', '2901']",3.0,4.0,False,-0.6523522794944749,,"[""0104"", ""0811"", ""1309"", ""2403"", ""2502"", ""2506"", ""2901""]"
149,3,3,719,True,,leaf,,,False,-1.0898444365637807e-05,,[]
149,4,3,14384,False,category,"category in ['0105', '1510', '2401', '2702', '2801', 'прочее']",5.0,6.0,False,-0.6725024315687091,,"[""0105"", ""1510"", ""2401"", ""2702"", ""2801"", ""прочее""]"
149,5,4,1928,True,,leaf,,,False,-1.0898444365637807e-05,,[]
149,6,4,12456,False,month_sin,month_sin <= 0.25,7.0,10.0,True,-0.6484838761431092,0.25000000000000006,[]
149,7,5,7684,False,nonzero_12,nonzero_12 <= 0.208333,8.0,9.0,True,-0.5981284117494151,0.20833333333333331,[]
149,8,6,6568,True,,leaf,,,False,-1.0898444365637807e-05,,[]
149,9,6,1116,True,,leaf,,,False,-1.0898444365637807e-05,,[]
149,10,5,4772,True,,leaf,,,False,-1.0898444365637807e-05,,[]
149,11,2,9869,False,month_sin,month_sin <= 0.25,12.0,23.0,True,-0.3792894017613119,0.25000000000000006,[]
149,12,3,6752,False,category,"category in ['0105', '0108', '0111', '1304', '2402', '2702', 'прочее']",13.0,14.0,False,-0.29754510499852116,,"[""0105"", ""0108"", ""0111"", ""1304"", ""2402"", ""2702"", ""прочее""]"
149,13,4,543,True,,leaf,,,False,-1.0898444365637807e-05,,[]
149,14,4,6209,False,lag_1,lag_1 <= 0.370813,15.0,20.0,True,-0.2600096478533526,0.3708125570615914,[]
149,15,5,3792,False,baseline_ratio,baseline_ratio <= 1.47128,16.0,19.0,True,-0.35086796422935296,1.471275021423019,[]
149,16,6,2757,False,category,"category in ['0107', '0201', '0302', '1302', '1303', '1305', '2004', '2506', '2703', '2801', '3002']",17.0,18.0,True,-0.43115287314781353,,"[""0107"", ""0201"", ""0302"", ""1302"", ""1303"", ""1305"", ""2004"", ""2506"", ""2703"", ""2801"", ""3002""]"
149,17,7,2203,True,,leaf,,,False,-1.0898444365637807e-05,,[]
149,18,7,554,True,,leaf,,,False,-1.0898444365637807e-05,,[]
149,19,6,1035,True,,leaf,,,False,-1.0898444365637807e-05,,[]
149,20,5,2417,False,mean_6,mean_6 <= 1.47389,21.0,22.0,True,-0.11660486196950968,1.4738878143133463,[]
149,21,6,1211,True,,leaf,,,False,-1.0898444365637807e-05,,[]
149,22,6,1206,True,,leaf,,,False,0.003334555716661478,,[]
149,23,3,3117,False,category,"category in ['0103', '0104', '0201', '0203', '0811', '1305', '2506', '2901']",24.0,25.0,False,-0.5548448992644708,,"[""0103"", ""0104"", ""0201"", ""0203"", ""0811"", ""1305"", ""2506"", ""2901""]"
149,24,4,398,True,,leaf,,,False,-1.0898444365637807e-05,,[]
149,25,4,2719,True,,leaf,,,False,-1.0898444365637807e-05,,[]
149,26,1,61122,False,mean_6,mean_6 <= 1.95556,27.0,28.0,True,0.0009160505136426094,1.9555555555555555,[]
149,27,2,56000,True,,leaf,,,False,-1.3812043289910086e-05,,[]
149,28,2,5122,True,,leaf,,,False,0.00775787331440132,,[]
