№,Номенклатура,Номенклатура.Код,Ед.изм,янв. 2024,февр. 2024,март 2024,апр. 2024,май 2024,июнь 2024,июль 2024,авг. 2024,сент. 2024,окт. 2024,нояб. 2024,дек. 2024,янв. 2025,февр. 2025,март 2025,апр. 2025,май 2025,июнь 2025,июль 2025,авг. 2025,сент. 2025,окт. 2025,нояб. 2025,дек. 2025,янв. 2026,февр. 2026,март 2026,апр. 2026,май 2026,июнь 2026,июль 2026,авг. 2026,сент. 2026
,,,,,,,,,,,,,,,,,,,,,,,,,,,,,,,,,,,,
,,,,,,,,,,,,,,,,,,,,,,,,,,,,,,,,,,,,
1," AtlasDesign Розетка 1я Алюминий без  з/к без штор. 16А, в сборе, ATN000340 (10)",300200635_,шт,,,,,,,,,,,,,,,,,,,,,,,,,,,,,,,,,
2," S174  (1кл, инд с/у 16А, IP44) Переключатель ""Wessen 59"" ВС 616-157Б-18 (60) !!!",030200128_,шт,,,,,,,,,,,,,,,,,,7,7,5,5,5,3,1,,,,,,,,,
3," S175 2кл инд с/у 16А ""Wessen 59"" ВС 516-251-18 (10/60)",030200092_,шт,1,1,1,1,1,1,1,1,1,1,1,1,1,1,1,1,1,1,1,7,7,7,7,,,,,,,,,,
4," S1766 1кл с/у 16А ""Wessen 59"" ВС 116-154-18 (10/60)",030200073_,шт,3,3,3,3,3,3,3,15,15,15,15,15,15,3,3,3,3,3,3,3,3,3,3,,12,12,12,12,12,12,12,12,12
5," S178  3кл с/у 16А  ""Wessen 59"" ВС 0516-351-18 (10/60)",300100004_,шт,1,1,1,1,1,1,1,9,9,9,9,9,5,1,1,1,1,1,1,1,1,1,1,,4,4,4,4,4,4,4,4,4
6," S179   2кл с/у 16А  ""Wessen 59"" ВС 510-252-18 (10/60) !!!",030200382_,шт,228,227,223,222,221,212,208,205,131,165,160,160,158,158,158,158,158,158,158,167,164,161,152,142,127,118,111,107,88,43,39,34,34
7," S181 1кл с/у 16А Переключатель ""Wessen 59"" ВС 616-156-1-86 (10/60) !!!",030200345,шт,,,,,,,,,,,,,,,,,,10,10,10,10,10,10,10,10,10,10,10,10,10,10,10,10
8," S181 1кл с/у 16А Переключатель ""Wessen 59"" ВС 616-156-18 (10/60) !!!",030200125_,шт,,,,,,,,,,,,,,,,,,2,3,3,3,3,3,1,,,,,,,,,
9," S182   1кл с/у 16А, IP44 Переключатель ""Wessen 59"" ВС 616-156Б-18 (60) !!!",030200126_,шт,,,,,,,,,,,,,,,,,,1,1,1,1,1,1,,,,,,,,,,
10," S183  Переключатель 1кл, с инд.,с/у 16А ""Wessen 59"" ВС 616-157-18 (60) !!!",030200127_,шт,1,1,1,1,1,1,1,1,1,1,1,1,1,1,1,1,1,6,6,6,6,6,2,,,,,,,,,,
11," S184  Диммер (с/у 600Вт) ""Wessen 59"" ВПП-5С2-18(2/16) !!!",030200141_,шт,2,2,2,2,2,2,2,2,2,2,2,2,2,2,2,2,2,18,18,18,18,18,18,,16,14,,,,,,,
12," S185 роз-ТВ. с\у  ""Wessen 59"" РТС 151-18 (60) !!!",030200096_,шт,4,4,2,2,2,2,2,123,123,123,123,123,123,123,123,123,123,123,123,3,3,3,3,1,,,,,,,,,
13," S186  с/у. з/ш 16А  ""Wessen 59""  РС 16-151-18 (10/60) !!!",030200072_,шт,128,126,123,121,115,89,88,1182,1182,1182,1182,1182,1182,1175,1175,1175,1175,1232,1308,1308,1289,1272,1256,1252,24,24,24,24,23,3,3,3,3
14," S187 с/у. з/ш. з/к.16А ""Wessen 59"" РС 16-152-18 (10/60) !!!",030200093_,шт,208,174,152,150,150,148,81,1046,1030,1030,1030,1030,1022,1021,1021,1021,1021,1248,1331,1331,1331,1330,1330,1288,336,56,22,12,3,3,3,3,3
15," S188   с/у. з/ш, 2-я 16А  ""Wessen 59"" РС 16-254-18 (6/36) !!!",030200135_,шт,208,208,205,200,199,172,172,172,172,172,172,172,147,147,147,147,147,243,250,249,249,247,247,244,206,204,188,167,154,106,63,17,
16," S189  с/у. з/ш, з,к, 2-я 16А  ""Wessen 59"" РС 16-255-18 (6/36) !!!",030200136_,шт,71,51,48,48,46,40,20,203,203,203,203,203,200,200,200,200,199,305,454,494,492,471,475,473,219,136,130,125,90,78,55,55,30
17," S190  с/у. з/ш. з/к.16А, IP44 ""Wessen 59"" РС 16-152Б-18 (10/60) !!!",030200134_,шт,1073,1063,1061,1061,1061,1061,1061,1204,1199,1198,1198,1198,1232,1232,1232,1232,1232,1274,1274,1274,1272,1272,1272,1271,1080,1076,1055,1055,972,936,925,898,868
18," S191 роз тел. с\у 1А ""Wessen 59"" РСИ 152 Т-18 (60) !!!",030200094_,шт,9,9,9,9,9,9,7,7,7,6,6,6,6,6,6,6,6,16,16,16,16,16,16,,,,,,,,,,
19," S192 роз информ. с\у 1А  ""Wessen 59"" РСИ 152 К5Е-18 (60) !!!",030200090_,шт,1,1,1,1,1,1,1,5,5,5,5,5,5,1,1,1,1,2,5,5,5,5,5,,,,,,,,,,
20," S193 2-я роз тел с\у 1А  ""Wessen 59"" РСИ 251 ТТ-18 !!! (60)",030200129_,шт,,,,,,,,,,,,,,,,,,2,2,2,2,2,2,,,,,,,,,,
21," S194 2-я роз тел/комп с\у 1А  ""Wessen 59"" РСИ 251 ТК5Е-18 (60) !!!",030200095_,шт,5,5,5,5,5,5,5,5,5,5,5,5,5,5,5,5,5,5,6,6,4,4,4,,,,,,,,,,
22," S195 2-я роз информ. с\у 1А  ""Wessen 59"" РСИ 251 КК5Е-1-86 (60) !!!",030200142_,шт,56,53,53,53,52,52,24,24,22,22,22,22,20,20,20,20,20,20,30,30,30,30,30,22,22,22,21,21,20,20,20,20,20
23," S196  с/у.  2-я16А  ""Wessen 59"" РС 6-253-18 (60) !!! ",030200143_,шт,,,,,,,,,,,,,,,,,,13,13,13,13,13,13,,,,,,,,,,
24," S266  3кл с/у 10А  ""Wessen 59"" ВС 0510-351-18 (10/60) !!!",300100018_,шт,5,5,5,5,5,5,5,5,5,5,5,5,9,9,9,9,9,17,17,17,17,17,17,,,,,,,,,,
25, SE Wessen Суппорт для крепления в кабель-канал 60-75 !!!,030200063_,шт,,,,,,,,,,,,,,,,,,146,146,146,146,146,146,146,146,146,146,146,146,146,146,146,146
26," SE Розетка ""В45"" РН 16-113-б для каб.каналов !!!",030200069_,шт,,,,,,,,,,,,,,,,,,47,47,47,47,47,47,47,47,47,47,47,47,47,47,47,47
27," КОРОБКА ПОДЪЕМНАЯ С/У Д/СИЛ. РОЗЕТОК,БЕЛ",300200495_,шт,2,,,,,,,,,,,,,,,,,,,,,,,,,,,,,,,,
28, Распределительная коробка с/у для твердых стен  70х40 IP30 IMT35120 Systeme Electric (175),280300174_,шт,1891,1095,866,1918,8619,7186,5849,6581,6344,6093,4005,3030,4066,3438,4135,5466,4852,4372,3610,3204,2585,2151,3562,3501,2924,2047,986,1154,2802,2447,2570,1690,1758
29, Распределительная коробка с/у для твердых стен  75х30 карболит IP30 У-195 Systeme Electric (108),030300013_,шт,568,361,341,232,664,664,614,564,549,478,458,452,400,251,248,356,355,355,229,196,1,1,245,243,224,216,216,216,108,1,1,1,1
30, Распределительная коробка с/у для твердых стен 100х100х50 IP30 IMT35122 Systeme Electric (72),030200220_,шт,1604,85,34,6236,12917,13083,11919,11447,9254,7831,6373,5760,6567,5827,4828,3964,9393,6942,5704,6280,4579,8218,6559,6067,4484,3624,3967,4093,4819,3571,3057,2707,2430
31, Распределительная коробка с/у для твердых стен 100х50 IP30 IMT35121 Systeme Electric (84),030200219_,шт,12787,12248,790,7134,39852,37381,34496,34124,31257,28722,25851,24428,23292,18395,14819,23800,20798,15686,9456,11452,3892,17290,16045,10008,18330,15611,5291,21442,18756,3316,20040,24274,20089
32, Распределительная коробка с/у для твердых стен 102х15 карболит IP30 У-191 Systeme Electric (100),030300078_,шт,13,13,13,113,211,208,149,610,610,580,578,532,525,524,514,12,12,112,72,112,17,117,117,116,111,111,106,106,106,106,106,90,85
33, Распределительная коробка с/у для твердых стен 102х36 карболит IP30 У-192 Systeme Electric (56),030300014_,шт,919,869,814,734,2134,1978,1867,1616,1366,1150,949,807,891,891,857,4419,4228,2833,2833,2288,1871,1854,942,1346,1789,1488,1094,1618,1786,1841,378,1208,1203
34," РОЗЕТКА О/У 4- ая б/з б/шт.16А, БЕЛЫЙ Этюд",030200298_,шт,,,,,,,,,,,,,,,,,,,,,,,,,,,,,,,,,
35, Установочная коробка для полых стен г/к  65х45 IMT35150 Systeme Electric (210),030200193_,шт,22295,1941,7,37104,116088,101151,82296,106177,85244,68677,45940,43377,75764,59196,47796,120359,94722,76865,51750,54660,66772,57716,62879,62177,56251,37220,50849,63163,80753,55619,49273,25273,27322
36, Установочная коробка для полых стен г/к  65х60 IMT35151 System Electric(120),030201459_,шт,,,,,,,,,,,,,,,,,,,,,,,,,,,,,3683,3765,3018,10808,7053
37, Установочная коробка для твердых стен 65х45 IMT35100 Systeme Electric (200),030200192_,шт,71594,9623,49,87989,277173,248438,203372,274046,224194,161521,115696,118075,183707,134016,115664,61718,250037,199124,136329,130563,139191,160264,142023,139814,158392,119081,160838,161697,179594,133507,109510,132895,93532
38, Установочная коробка для твердых стен 65х60 IMT35101 Systeme Electric (120),030200201_,шт,13134,2206,1,30519,91391,79917,64641,95609,81310,62867,47749,34668,58306,34973,39967,16250,83377,60339,41049,36039,47075,32307,53510,61391,56202,38692,56369,48589,62016,38466,38999,59302,33675
39,"A398 Роз. с з/к 16А с/у б/рамки ""ATLAS"" алюминий ATN343 (10)",300200428_,шт,929,543,2097,1864,5609,5063,4502,3934,3226,2866,2482,2299,2228,1999,2035,3190,3086,2451,2038,2059,1889,1183,1471,1695,1276,1185,1503,1123,1404,1282,972,897,890
40,"A404 USB розетка - 2 порта с/у б/рамки ""ATLAS"" алюминий ATN333 (1)",300200442_,шт,1,1,1,1,1,1,1,1,1,1,1,1,1,1,1,1,1,1,1,1,1,1,1,1,1,1,1,1,1,1,1,1,1
41,"ARTGALLERY НАКЛАДКА для информационных функций типа Keystone, ШАМПАНЬ",GAL000584,шт,,,,,,,,,,,,,,,,,,,,,,,,,,,,,,,,,
42,"ATLASDESIGN 5-постовая РАМКА, универсальная, АКВАМАРИН",ATN001105,шт,,,,,,,,49,49,49,49,49,49,49,49,49,49,49,49,49,49,49,49,49,49,49,49,49,49,49,49,49,49
43,"ATLASDESIGN ART 1-клавишный ВЫКЛЮЧАТЕЛЬ, сх.1, 10АХ, механизм, БЕЛЫЙ !!!",ATN200111,шт,,,,,,,,5,5,5,5,5,5,4,4,4,4,4,4,4,4,4,4,4,4,4,4,4,4,4,4,4,4
44,"ATLASDESIGN ART 1-постовая РАМКА, БЕЛЫЙ !!!",ATN200101,шт,,,,,,,,130,130,130,130,130,130,129,129,129,129,129,129,129,129,129,129,129,129,129,129,129,129,129,129,129,129
45,"ATLASDESIGN ART 2-постовая РАМКА, БЕЛЫЙ !!!",ATN200102,шт,,,,,,,,135,135,135,135,135,135,135,135,135,135,135,135,135,135,135,135,135,135,135,135,135,135,135,135,135,135
46,"ATLASDESIGN ART РОЗЕТКА с заземлением со шторками, 16А, механизм, БЕЛЫЙ !!!",ATN200145,шт,,,,,,,,10,10,10,10,10,10,10,10,10,10,10,10,10,10,10,10,10,10,10,10,10,10,10,10,10,10
47,"AtlasDesign PROFI IP54 О/У 1-клавишный ВЫКЛЮЧАТЕЛЬ с подсветкой 10 АХ, АНТРАЦИТ !!!",ATN544013,шт,,,,,,,,24,24,24,24,24,24,24,24,24,24,24,24,24,24,24,24,24,24,24,24,24,24,24,24,24,24
48,"AtlasDesign PROFI IP54 О/У 1-клавишный ВЫКЛЮЧАТЕЛЬ с подсветкой 10 АХ, БЕЛЫЙ !!!",ATN540113,шт,,,,,,,,12,12,12,12,12,12,12,12,12,12,12,12,12,12,12,12,12,12,12,12,12,12,12,12,12,12
49,"AtlasDesign PROFI IP54 О/У 1-клавишный кнопочный ВЫКЛЮЧАТЕЛЬ 10 АХ, АНТРАЦИТ !!!",ATN544015,шт,,,,,,,,24,24,24,24,24,24,24,24,24,24,24,24,24,24,24,24,24,24,24,24,18,18,18,18,18,18
50,"AtlasDesign PROFI IP54 О/У 1-клавишный кнопочный ВЫКЛЮЧАТЕЛЬ 10 АХ, БЕЛЫЙ !!!",ATN540115,шт,,,,,,,,12,12,12,12,12,12,12,12,12,12,12,12,12,12,12,12,12,12,12,12,12,11,7,7,7,7
51,"ATLASDESIGN TV АНТЕННА коннектор, механизм, АЛЮМИНИЙ !!!",ATN000393,шт,,,,,,,,103,103,103,103,103,103,103,103,103,103,103,103,103,103,103,103,103,103,103,103,103,103,103,103,103,103
52,"ATLASDESIGN TV АНТЕННА коннектор, механизм, ЖЕМЧУГ !!!",ATN000493,шт,,,,,,,,18,18,18,18,18,17,16,16,16,16,16,16,16,16,16,16,16,17,17,17,17,17,17,17,17,17
53,"ATLASDESIGN USB РОЗЕТКА A+A, 5В/2,1 А, 2х5В/1,05 А, механизм, АКВАМАРИН",ATN001133,шт,,,,,,,,10,10,10,10,10,10,10,10,10,10,10,10,10,10,10,10,10,10,10,10,10,10,10,10,10,10
54,"ATLASDESIGN USB РОЗЕТКА A+A, 5В/2,1 А, 2х5В/1,05 А, механизм, ПЕСОЧНЫЙ !!!",ATN001233,шт,,,,,,,,6,6,6,6,6,6,6,6,6,6,6,6,6,6,6,6,6,6,6,6,6,6,6,6,6,6
55,"ATLASDESIGN USB РОЗЕТКА A+С, 5В/2,4А, 2х5В/1,2А, механизм, ЖЕМЧУГ",ATN000439,шт,1,1,1,1,1,1,1,1,1,1,1,1,1,1,1,1,1,1,1,1,1,1,1,1,1,1,1,1,1,1,1,1,1
56,"ATLASDESIGN USB РОЗЕТКА A+С, 5В/2,4А, 2х5В/1,2А, механизм, ПЕСОЧНЫЙ !!!",ATN001239,шт,,,,,,,,7,7,7,7,7,7,7,7,7,7,7,7,7,7,7,7,7,7,7,7,7,7,7,7,7,7
57,"ATLASDESIGN АУДИОРОЗЕТКА двойная, ЖЕМЧУГ !!!",ATN000487,шт,,,,,,,,4,4,4,4,4,3,2,2,2,2,2,2,2,2,2,2,2,3,3,3,3,3,3,3,3,3
58,"AtlasDesign ЗАГЛУШКА без суппорта для многопостовых рамок, ПЕСОЧНЫЙ",ATN001209,шт,,,,,,,,,,,,,,,,,,,,,,,,,,,,,,,,,
59,"ATLASDESIGN РОЗЕТКА 16А c 2 USB A+A, 5В/2,4А, 2х5В/1,2А, механизм, АКВАМАРИН",ATN001130,шт,,,,,,,,10,10,10,10,10,10,10,10,10,10,10,10,10,10,10,10,10,10,10,10,10,10,10,10,10,10
60,"ATLASDESIGN РОЗЕТКА 16А c 2 USB A+A, 5В/2,4А, 2х5В/1,2А, механизм, ПЕСОЧНЫЙ !!!",ATN001230,шт,,,,,,,,9,9,9,9,9,8,8,8,8,8,8,8,8,8,8,9,9,9,9,9,9,9,9,9,9,9
61,"ATLASDESIGN РОЗЕТКА 16А c 2 USB A+C, 5В/2,4А/3,0А, 2х5В/1,5А, механизм, АКВАМАР",ATN001132,шт,,,,,,,,10,10,10,10,10,10,10,10,10,10,10,10,10,10,10,10,10,10,10,10,10,10,10,10,10,10
62,"ATLASDESIGN РОЗЕТКА 16А c 2 USB A+C, 5В/2,4А/3,0А, 2х5В/1,5А, механизм, ШАМПАНЬ",ATN000532,шт,,,,,,,,,,,,,,,,,,,,,,,,,,,,,,,,,
63,"ATLASDESIGN РОЗЕТКА 16А с 2 USB A+C, 5В/2,4А/3,0А, 2х5В/1,5А, механизм, ПЕСОЧНЫЙ !!!",ATN001232,шт,,,,,,,,9,9,9,9,9,9,9,9,9,9,9,9,9,9,9,9,9,9,9,9,9,9,7,6,6,6
64,"AtlasDesign Розетка 1я бел. с з/к со штор. 16А, механизм,  ATN000145 !!!",300200458_,шт,,,,,,,,2,2,2,2,2,2,2,2,2,2,2,2,2,2,2,2,2,2,2,2,2,2,2,2,2,2
65,"ATLASDESIGN РОЗЕТКА без заземления со шторками, 16А, механизм, ЖЕМЧУГ !!!",ATN000449,шт,,,,,,,,12,12,12,12,12,11,10,10,10,10,10,10,10,10,10,10,10,,,,,11,11,11,11,11
66,"ATLASDESIGN РОЗЕТКА без заземления, 16А, в сборе, БЕЛЫЙ",300200417_,шт,,,,,,,,,,,,,,,,,,,,60,,,,,,,,,,,,,
67,"B001 Выкл 1кл о/у  10А 250B""BLANCA"" антрацит BLNVA101006 (15)",300201148_,шт,,,,,,,,,,,,,,,,,,1474,1330,1292,1270,1218,1117,1093,960,892,828,785,695,655,595,492,375
68,"B002 Выкл 2 кл о/у 10А 250B ""BLANCA"" антрацит BLNVA105016 (15)",300201149_,шт,,,,,,,,,,,,,,,,,255,245,106,213,197,160,113,135,105,97,88,106,89,82,84,75,69
69,"B003 Роз. о/у без з/к без ш/т 16А 250В ""BLANCA"" антрацит BLNRA000116 (18)",300201150_,шт,,,,,,,,,,,,,,,,,252,249,136,134,130,121,102,86,83,77,75,74,46,33,65,19,18
70,"B004 Роз. 2-ная о/у без з/к без ш/т 16А 250В ""BLANCA"" антрацит BLNRA000216 (10)",300201151_,шт,,,,,,,,,,,,,,,,,448,430,334,322,277,55,332,325,197,186,172,159,156,133,195,159,136
71,"B005 Роз. 3-ная о/у без з/к без ш/т16А 250В ""BLANCA"" антрацит BLNRA000316 (6)",300201152_,шт,,,,,,,,,,,,,,,,,240,237,186,107,68,98,86,79,39,39,61,60,65,65,41,49,42
72,"B006 Роз. 3-ная о/у с  з/к без ш/т 16А 250В ""BLANCA"" антрацит BLNRA010316 (5)",300201153_,шт,,,,,,,,,,,,,,,,,1176,1158,1084,1046,1005,884,872,826,656,627,524,492,442,413,370,331,273
73,"B007 Роз. 4-ная о/у без  з/к без ш/т 16А 250В ""BLANCA"" антрацит BLNRA000416 (5)",300201154_,шт,,,,,,,,,,,,,,,,,300,293,255,249,235,234,211,176,167,144,129,128,126,125,115,109,90
74,"B008 Роз. 4-ная о/у с  з/к со ш/т 16А 250В ""BLANCA"" антрацит BLNRA011416 (4)",300201155_,шт,,,,,,,,,,,,,,,,,,1196,1149,1118,1100,1078,1071,1040,967,878,837,679,629,614,588,572,517
75,"B009 Роз. о/у с з/к без ш/т 16А 250В ""BLANCA"" антрацит BLNRA010116 (12)",300200968_,шт,,,,,,,,,,,,,,,,,416,337,239,211,429,344,206,292,211,166,156,180,225,249,189,267,153
76,"B010 Роз. 2-ная о/у с з/к без ш/т 16А 250В ""BLANCA"" антрацит BLNRA010216 (8)",300200967_,шт,,,,,,,,,,,,,,,,,3200,3140,3033,2962,2826,2760,2475,2347,2167,2061,1780,1523,1271,1206,965,658,407
77,"Blanca BLNVS010101 С/У 1-клавишный выключатель (cх.1), 10А, 250B, белый BLNVS010101 Шнейдер",300200454_,шт,250,,,,,,,,,,,,,,,,,,,,,,,,,,,,,,,,
78,"Blanca BLNVS010501 С/У 2-клавишный выключатель (cх.1), 10А, 250B, белый  Шнейдер",300200456_,шт,,,,,,,,,,,,,,,,,,,,,,,,,,,,,,,,,
79,Blanca Выключатель 3кл. бел. С/У 10А 250B BLNVS100501,300200404_,шт,,,,,,,,,,,,,,,,,,,,,,,,,,,,,,,,,
80,"BLANCA О/У 1-клавишный ВЫКЛЮЧАТЕЛЬ (сх.1) ИЗОЛ.ПЛ., 10А, 250В, АЛЮМИНИЙ",BLNVA101013,шт,,,,,,,,60,60,60,60,60,60,,,,,,,,,,,,,,,,,,,,
81,"BLANCA О/У 1-клавишный ВЫКЛЮЧАТЕЛЬ (сх.1) ИЗОЛ.ПЛ., 10А, 250В, ТИТАН",BLNVA101014,шт,,,,,,,,45,45,45,45,45,45,,,,,,,,,,,,,,,,,,,,
82,"BLANCA О/У 1-клавишный ВЫКЛЮЧАТЕЛЬ (сх.1) ИЗОЛ.ПЛ., 10А, 250В, ЯСЕНЬ",BLNVA101015,шт,,,,,,,,11,11,11,11,11,11,,,,,,,,,,,,,,,,,,,,
83,"BLANCA О/У 1-клавишный ПЕРЕКЛЮЧАТЕЛЬ (сх.6) ИЗОЛ.ПЛ, 10А, 250В, АЛЮМИНИЙ",BLNVA106013,шт,,,,,,,,18,18,18,18,18,18,,,,,,,,,,,,,,,,,,,,
84,"BLANCA О/У 1-клавишный ПЕРЕКЛЮЧАТЕЛЬ (сх.6) ИЗОЛ.ПЛ, 10А, 250В, ТИТАН",BLNVA106014,шт,,,,,,,,22,22,22,22,22,22,,,,,,,,,,,,,,,,,,,,
85,"BLANCA О/У 1-клавишный ПЕРЕКЛЮЧАТЕЛЬ (сх.6) ИЗОЛ.ПЛ.,10А,250В,МОЛОЧНЫЙ",BLNVA106012,шт,,,,,,,,11,11,11,11,11,11,,,,,,,,,,,,,,,,,,,,
86,"BLANCA О/У 2-клавишный ВЫКЛЮЧАТЕЛЬ (сх.5) ИЗОЛ.ПЛ., 10А, 250В, АЛЮМИНИЙ",BLNVA105013,шт,,,,,,,,60,60,60,60,60,60,,,,,,,,,,,,,,,,,,,,
87,"BLANCA О/У 2-клавишный ВЫКЛЮЧАТЕЛЬ (сх.5) ИЗОЛ.ПЛ., 10А, 250В, ТИТАН",BLNVA105014,шт,,,,,,,,20,20,20,20,20,20,,,,,,,,,,,,,,,,,,,,
88,"BLANCA О/У 2-клавишный ВЫКЛЮЧАТЕЛЬ (сх.5) ИЗОЛ.ПЛ., 10А, 250В, ЯСЕНЬ",BLNVA105015,шт,,,,,,,,35,35,35,35,35,35,,,,,,,,,,,,,,,,,,,,
89,"BLANCA О/У РОЗЕТКА 3-ая без заземления без штор. ИЗОЛ.ПЛ., 16А, 250В, ЯСЕНЬ",BLNRA000315,шт,,,,,,,,60,60,60,60,60,60,,,,,,,,,,,,,,,,,,,,
90,"BLANCA О/У РОЗЕТКА 3-я с заземлением без штор. ИЗОЛ.ПЛ 16А, 250В, МОЛОЧНЫЙ",BLNRA010312,шт,,,,,,,,3,3,3,3,3,3,,,,,,,,,,,,,,,,,,,,
91,"BLANCA О/У РОЗЕТКА 3-я с заземлением без штор. ИЗОЛ.ПЛ.,16А, 250В, АЛЮМИНИЙ",BLNRA010313,шт,,,,,,,,43,43,43,43,43,43,,,,,,,,,,,,,,,,,,,,
92,"BLANCA О/У РОЗЕТКА 3-я с заземлением без штор. ИЗОЛ.ПЛ.,16А, 250В, ТИТАН",BLNRA010314,шт,,,,,,,,26,26,26,26,26,26,,,,,,,,,,,,,,,,,,,,
93,"BLANCA О/У РОЗЕТКА 3-я с заземлением без шторок ИЗОЛ.ПЛ.,16А, 250В, ЯСЕНЬ",BLNRA010315,шт,,,,,,,,16,16,16,16,16,16,,,,,,,,,,,,,,,,,,,,
94,"BLANCA О/У РОЗЕТКА 4-ая без заземления без штор. ИЗОЛ.ПЛ.,16А, 250В, ЯСЕНЬ",BLNRA000415,шт,,,,,,,,38,38,38,38,38,38,,,,,,,,,,,,,,,,,,,,
95,"BLANCA О/У РОЗЕТКА двойная с заземл. без штор. ИЗОЛ.ПЛ.,16А, 250В, АЛЮМИНИЙ",BLNRA010213,шт,,,,,,,,47,47,47,47,47,47,,,,,,,,,,,,,,,,,,,,
96,"BLANCA О/У РОЗЕТКА двойная с заземл. без штор. ИЗОЛ.ПЛ.,16А, 250В, ЯСЕНЬ",BLNRA010215,шт,,,,,,,,24,24,24,24,24,24,,,,,,,,,,,,,,,,,,,,
97,"BLANCA О/У РОЗЕТКА компьютерная RJ45, кат.5E, ИЗОЛ.ПЛ.,АЛЮМИНИЙ",BLNIA045003,шт,,,,,,,,26,26,26,26,26,26,,,,,,,,,,,,,,,,,,,,
98,"BLANCA О/У РОЗЕТКА с заземлением без шторок,(КОМПАКТ) ИЗОЛ.ПЛ. 16А, 250В, ЯСЕНЬ",BLNRA110115,шт,,,,,,,,1,1,1,1,1,1,,,,,,,,,,,,,,,,,,,,
99,Blanca Переключатель 1кл. бел. С/У 10А 250B BLNVS010601,300200410_,шт,,,,,,,,,,,,,,,,,,,,,,,,,,,,,,,,,
100,Blanca Розетка с/у двойная RJ11+ RJ45 кат 5Е бел. BLNIS045111,300200351_,шт,,,,,,,,,,,,,,,,,,,,,,,,,,,,,,,,,
101,"Blanca Силовой Комплект О/У 2К+3 32А, 250В розетка, вилка, подъем.коробка",300200413_,шт,1,,,22,52,36,26,55,26,4,51,58,24,56,61,49,90,91,77,86,69,63,43,55,40,31,36,51,46,33,36,28,29
102,"Blanca Силовой Комплект С/У 2К+3 32А, 250В розетка, вилка, монт.коробка",300200412_,шт,,,,,,,,,,,,,,,,,,,,,,,,,,,,,,,,,
103,City  9 ЩРВ-П 12 Прозрач./дв. Systeme Electric,010400436_,шт,34,8,5,134,458,400,319,406,306,237,205,213,296,278,298,585,538,510,432,348,315,266,205,230,217,196,190,181,151,129,109,84,67
104,City 9 ЩРВ-П  8 Прозрач./дв. Systeme Electric,010400432_,шт,9,9,52,95,208,204,176,129,35,114,85,115,114,108,129,197,184,176,169,164,146,145,133,128,126,118,117,111,105,101,93,87,84
105,City 9 ЩРВ-П 18 Прозрач./дв. Systeme Electric,010400440_,шт,18,9,6,81,281,219,188,305,236,206,138,143,173,166,170,130,254,213,173,151,128,150,133,146,124,104,86,100,82,65,42,45,46
106,City 9 ЩРВ-П 24 Прозрач./дв. Systeme Electric,010400444_,шт,86,13,11,142,624,509,376,559,406,382,311,388,419,404,454,353,749,647,543,429,354,420,392,418,378,340,280,272,222,167,114,132,90
107,City 9 ЩРВ-П 36 Прозрач./дв. Systeme Electric,010400447_,шт,49,3,112,160,501,427,324,450,312,334,265,342,348,371,356,699,603,530,482,392,311,346,296,282,248,220,183,150,127,79,39,10,76
108,City 9 ЩРН-П  8 Прозрач./дв. Systeme Electric,010400433_,шт,5,1,59,96,188,146,130,182,131,65,33,105,202,172,161,320,308,303,292,274,206,212,203,197,185,182,180,176,166,157,149,138,65
109,City 9 ЩРН-П 12 Прозрач./дв. Systeme Electric,010400437_,шт,3,1,1,102,255,199,159,300,208,127,109,152,220,201,214,434,413,362,327,267,219,166,152,154,147,123,110,120,125,112,78,81,63
110,City 9 ЩРН-П 18 Прозрач./дв. Systeme Electric,010400441_,шт,1,1,1,59,150,118,95,144,104,135,3,187,133,107,147,297,275,262,244,227,193,177,164,135,113,105,90,73,59,42,29,55,38
111,City 9 ЩРН-П 24 Прозрач./дв. Systeme Electric,010400445_,шт,15,1,59,95,214,186,163,190,116,102,45,115,128,139,166,287,239,211,163,154,140,146,104,140,119,99,110,97,91,75,59,64,39
112,City 9 ЩРН-П 36 Прозрач./дв. Systeme Electric,010400448_,шт,20,3,1,41,193,157,131,186,133,98,98,108,96,81,134,206,171,150,124,104,112,113,76,93,71,59,53,62,59,49,36,27,27
113,"G001 Роз. с з/к 16А механизм ""ARTGALLERY"" алюминий GAL0343 (10)",300200784_,шт,,,,,,,,,475,286,209,404,221,447,369,439,618,565,525,455,401,345,279,331,330,330,326,266,261,261,260,203,116
114,"G002 Выкл. 1 кл 10А ""ARTGALLERY"" алюминий GAL0311 (10)",300200785_,шт,,,,,,,,,126,38,151,376,327,265,250,249,246,232,212,195,172,175,163,155,154,154,152,161,158,158,158,173,166
115,"G003 Выкл. 1 кл с инд 10А механизм ""ARTGALLERY"" алюминий GAL0313 (10)",300200786_,шт,,,,,,,,,40,108,158,158,158,128,128,128,128,128,128,127,127,137,137,137,137,137,137,154,154,154,154,164,164
116,"G004 Выкл. 2 кл 10А механизм ""ARTGALLERY"" алюминий GAL0351 (10)",300200787_,шт,,,,,,,,,80,114,306,295,253,193,179,178,164,154,154,152,149,142,142,142,142,142,141,169,168,168,166,164,164
117,"G005 Выкл. 2 кл с инд 10А механизм ""ARTGALLERY"" алюминий GAL0353 (10)",300200788_,шт,,,,,,,,,30,,160,160,160,130,130,130,130,130,130,129,129,138,132,130,130,128,124,143,143,143,143,152,142
118,"G006 Роз. комп. RJ45 6A механизм ""ARTGALLERY"" алюминий GAL0386 (5)",300200789_,шт,,,,,,,,,24,,84,84,56,46,31,47,92,74,74,74,72,74,74,74,74,73,72,75,75,75,75,49,49
119,"G007 Переключ. 1 кл механизм ""ARTGALLERY"" алюминий GAL0361 (10)",300200790_,шт,,,,,,,,,20,,68,105,93,78,68,68,68,42,42,34,40,47,45,45,41,41,41,45,45,45,45,50,42
120,"G008 Перекрест. переключ. 1 кл ""ARTGALLERY"" алюминий GAL0371 (5)",300200791_,шт,,,,,,,,,25,4,46,96,95,85,82,82,82,81,69,69,69,72,72,72,72,72,72,81,81,81,81,91,91
121,"G009 Роз. 2-ная комп. RJ45+RJ45 6A механизм ""ARTGALLERY"" алюминий GAL0388 (1)",300200792_,шт,,,,,,,,,,18,18,17,17,12,12,12,12,12,12,12,12,12,12,12,12,12,12,5,4,4,4,2,2
122,"G010 Роз. с з/к с/ш 16A механизм ""ARTGALLERY"" алюминий GAL0345 (10)",300200793_,шт,,,,,,,,,80,69,109,107,104,74,74,74,74,74,74,73,73,90,90,90,90,90,90,90,90,90,90,100,100
123,"G011 Роз. TV оконечная механизм ""ARTGALLERY"" алюминий GAL0391 (5)",300200794_,шт,,,,,,,,,25,1,106,106,99,88,85,85,83,83,83,82,80,85,85,81,81,81,81,91,91,91,91,101,101
124,"G012 Рамка 1-ная ""ARTGALLERY"" алюминий GAL0301 (20)",300200795_,шт,,,,,,,,,265,461,732,681,560,497,471,491,485,416,415,373,343,318,280,260,257,254,246,283,282,282,282,263,233
125,"G013 Рамка 2-ная ""ARTGALLERY"" алюминий GAL0302 (10)",300200796_,шт,,,,,,,,,120,184,362,347,292,232,211,231,231,209,209,191,153,172,156,151,151,151,151,149,145,150,150,131,129
126,"G014 Рамка 3-ная ""ARTGALLERY"" алюминий GAL0303 (5)",300200797_,шт,,,,,,,,,30,150,183,180,164,124,116,115,113,111,111,103,100,112,104,101,101,101,101,109,108,108,107,107,102
127,"G015 Рамка 4-ная ""ARTGALLERY"" алюминий GAL0304 (5)",300200798_,шт,,,,,,,,,30,68,66,114,94,64,52,67,67,67,67,65,60,67,66,66,66,66,66,73,72,72,72,76,74
128,"G016 Рамка 5-ная ""ARTGALLERY"" алюминий GAL0305 (5)",300200799_,шт,,,,,,,,,20,,69,118,118,98,98,98,97,97,97,97,97,106,106,106,106,106,106,116,116,116,116,124,121
129,"G017 Переключ. 2 кл механизм ""ARTGALLERY"" алюминий GAL0365 (10)",300200800_,шт,,,,,,,,,20,,96,79,87,67,60,60,80,77,77,68,68,75,71,71,70,70,70,79,79,79,79,88,88
130,"G018 Рамка 1-ная IP44 ""ARTGALLERY"" алюминий GAL440301 (10)",300200801_,шт,,,,,,,,,94,83,73,73,53,63,63,62,62,60,60,60,60,66,62,62,63,61,53,53,53,49,49,49,49
131,"G019 Рамка 2-ная IP44 ""ARTGALLERY"" алюминий GAL440302 (5)",300200802_,шт,,,,,,,,,160,149,139,139,139,129,126,127,127,127,127,127,127,127,127,127,127,127,127,127,127,127,127,137,117
132,"G020 Роз. с з/к с/ш с крышкой 16A механизм IP44 ""ARTGALLERY"" алюминий GAL440346 (10)",300200803_,шт,,,,,,,,,30,9,53,103,96,86,76,77,77,73,73,69,69,77,77,75,75,74,68,77,73,73,72,72,72
133,"G021 Выкл. 1 кл кнопочный 10А механизм ""ARTGALLERY"" алюминий GAL0315 (5)",300200804_,шт,,,,,,,,,44,59,59,59,59,48,48,48,48,48,48,48,48,50,50,50,50,50,50,59,59,59,59,59,59
134,"G022 Вывод кабеля механизм ""ARTGALLERY"" алюминий GAL0399 (5)",300200805_,шт,,,,,,,,,45,59,54,54,54,44,44,44,44,44,44,44,44,49,49,49,49,49,49,59,56,56,56,49,49
135,"G023 Роз. 2-ная TV комп. RJ45 5Е ""ARTGALLERY"" алюминий GAL0389 (5)",300200806_,шт,,,,,,,,,44,33,33,63,63,53,53,53,53,53,53,53,52,56,54,51,51,51,51,60,60,60,60,60,60
136,"G024 Роз. USB A+C 45Вт высокоскор.заряд., механизм ""ARTGALLERY"" алюминий GAL0329 (1)",300200807_,шт,,,,,,,,,17,16,16,16,10,7,12,12,12,12,12,12,12,15,15,15,15,15,15,10,10,10,10,10,10
137,"G025 Диммер поворотно-нажимной механизм 400Вт ""ARTGALLERY"" алюминий GAL0323 (1)",300200808_,шт,,,,,,,,,7,10,15,15,15,12,12,12,12,12,12,11,11,14,14,14,14,14,14,14,14,14,14,14,14
138,"G026 Роз. с з/к с/ш LED 16A механизм IP20 ""ARTGALLERY"" алюминий GAL0346 (10)",300200809_,шт,,,,,,,,,47,44,44,44,47,37,37,37,37,36,36,36,36,36,34,34,34,34,34,34,34,34,34,34,34
139,"G027 Роз. с з/к механизм 16A ""ARTGALLERY"" шампань GAL0543 (10)",300200810_,шт,,,,,,,,,656,247,23,722,1106,1087,821,441,131,1373,1593,1602,1389,1335,1149,1045,873,684,637,710,578,359,329,315,168
140,"G028 Роз. с з/к с/ш механизм ""ARTGALLERY"" шампань GAL0545 (10)",300200811_,шт,,,,,,,,,99,37,23,293,260,260,260,258,245,217,217,188,213,212,212,210,204,204,204,204,204,119,118,125,125
141,"G029 Выкл. 1 кл 10А ""ARTGALLERY"" шампань GAL0511 (10)",300200812_,шт,,,,,,,,,136,200,133,434,345,305,277,173,384,591,554,562,553,540,492,457,383,338,293,282,267,207,188,126,117
142,"G030 Выкл. 1 кл с инд 10А механизм ""ARTGALLERY"" шампань GAL0513 (10)",300200813_,шт,,,,,,,,,50,27,37,38,107,107,105,125,125,125,125,130,144,144,144,144,144,144,144,154,154,154,154,170,158
143,"G031 Выкл. 2 кл 10А механизм ""ARTGALLERY"" шампань GAL0551 (10)",300200814_,шт,,,,,,,,,90,130,348,271,233,222,133,77,255,218,105,212,199,242,222,224,216,179,148,181,170,144,119,112,62
144,"G032 Выкл. 2 кл с инд 10А механизм ""ARTGALLERY"" шампань GAL0553 (10)",300200815_,шт,,,,,,,,,50,28,8,70,79,79,77,77,77,77,72,80,81,81,76,76,76,76,76,85,85,85,85,102,102
145,"G033 Роз. комп. RJ45, 6A механизм ""ARTGALLERY"" шампань GAL0586 (5)",300200816_,шт,,,,,,,,,45,,35,101,79,74,55,133,117,116,114,114,116,114,110,105,100,98,95,98,97,83,82,66,61
146,"G034 Переключ. 1 кл механизм ""ARTGALLERY"" шампань GAL0561 (10)",300200817_,шт,,,,,,,,,40,,83,159,147,147,119,79,55,53,19,137,134,134,121,114,80,55,43,73,73,67,87,84,73
147,"G035 Перекрест. переключ. 1 кл ""ARTGALLERY"" шампань GAL0571 (5)",300200818_,шт,,,,,,,,,20,,80,107,106,106,98,98,93,73,73,77,75,75,72,72,67,67,67,75,75,72,70,81,78
148,"G036 Роз. 2-ная комп. RJ45+RJ45 6A механизм ""ARTGALLERY"" шампань GAL0588 (1)",300200819_,шт,,,,,,,,,20,14,18,23,23,23,23,16,2,17,17,16,17,17,14,14,11,11,3,11,10,10,10,10,10
149,"G037 Роз. TV оконечная 1DB механизм ""ARTGALLERY"" шампань GAL0591 (5)",300200820_,шт,,,,,,,,,15,,80,69,66,66,57,53,50,50,48,59,59,59,55,49,41,41,41,48,48,45,44,44,43
150,"G038 Рамка 1-ная ""ARTGALLERY"" шампань GAL0501 (20)",300200821_,шт,,,,,,,,,255,,386,795,629,534,313,135,931,795,909,861,813,741,691,768,497,424,460,482,404,181,158,95,131
151,"G039 Рамка 2-ная ""ARTGALLERY"" шампань GAL0502 (10)",300200822_,шт,,,,,,,,,190,22,35,370,365,339,233,143,364,398,449,440,369,341,284,351,297,244,161,188,190,116,107,86,131
152,"G040 Рамка 3-ная ""ARTGALLERY"" шампань GAL0503 (5)",300200823_,шт,,,,,,,,,90,,58,249,205,196,119,99,250,223,208,211,187,172,160,175,148,119,101,104,93,46,42,42,36
153,"G041 Рамка 4-ная ""ARTGALLERY"" шампань GAL0504 (5)",300200824_,шт,,,,,,,,,45,,195,177,158,154,127,113,95,91,85,118,109,107,93,86,66,60,49,42,41,28,28,32,18
154,"G042 Рамка 5-ная ""ARTGALLERY"" шампань GAL0505 (5)",300200825_,шт,,,,,,,,,28,,15,85,77,71,67,74,67,67,67,70,78,76,76,74,72,71,70,74,74,72,72,71,69
155,"G043 Переключ. 2 кл механизм ""ARTGALLERY"" шампань GAL0565 (10)",300200826_,шт,,,,,,,,,40,60,50,170,133,133,99,91,88,112,72,122,117,120,113,108,94,88,84,90,79,52,52,47,36
156,"G044 Выкл. 1 кл кнопочный 10А механизм ""ARTGALLERY"" шампань GAL0515 (5)",300200827_,шт,,,,,,,,,,39,39,49,49,44,44,39,39,34,33,33,42,42,42,42,42,42,42,48,48,48,48,48,48
157,"G045 Вывод кабеля механизм ""ARTGALLERY"" шампань GAL0599 (5)",300200828_,шт,,,,,,,,,50,37,36,46,41,41,34,34,3,40,40,40,44,47,47,39,39,39,39,44,44,42,41,41,30
158,"G046 Роз. 2-ная TV комп. RJ45 5Е ""ARTGALLERY"" шампань GAL0589 (5)",300200829_,шт,,,,,,,,,50,19,19,139,139,139,139,149,149,149,149,159,169,169,169,169,169,169,169,178,178,178,178,178,178
159,"G047 Роз. USB A+C 45Вт высокоскор.заряд., механизм ""ARTGALLERY"" шампань GAL0529 (1)",300200830_,шт,,,,,,,,,,17,15,15,12,12,12,9,9,9,9,9,7,7,7,7,5,5,5,5,5,5,5,7,2
160,"G048 Диммер поворотно-нажимной механизм 400Вт ""ARTGALLERY"" шампань GAL0523 (1)",300200831_,шт,,,,,,,,,5,4,14,14,14,14,14,14,14,14,14,14,14,14,14,13,13,13,13,13,13,2,3,4,4
161,"G049 Роз. с з/к с/ш с крышкой 16А механизм IP20 ""ARTGALLERY"" шампань GAL0546 (10)",300200832_,шт,,,,,,,,,45,21,1,52,91,85,65,58,124,118,116,127,130,130,130,130,119,119,112,108,98,90,87,103,81
162,"G050 Выкл. 1 кл 10А ""ARTGALLERY"" лотос GAL1311 (5)",300200833_,шт,,,,,,,,,1286,1091,1061,979,950,930,891,885,871,862,822,822,830,836,825,820,811,794,791,765,765,737,718,727,703
163,"G051 Выкл. 1 кл с инд 10А механизм ""ARTGALLERY"" лотос GAL1313 (5)",300200834_,шт,,,,,,,,,,70,90,99,91,85,85,109,99,71,71,77,73,77,77,77,74,68,68,83,83,81,81,100,100
164,"G052 Выкл. 2 кл 10А механизм ""ARTGALLERY"" лотос GAL1351 (5)",300200835_,шт,,,,,,,,,,687,613,535,503,483,431,427,356,326,291,294,287,285,280,280,276,269,266,230,223,211,176,169,154
165,"G053 Выкл. 2 кл с инд 10А механизм ""ARTGALLERY"" лотос GAL1353 (5)",300200836_,шт,,,,,,,,,55,21,121,87,115,110,110,115,95,84,84,93,97,102,102,102,102,99,99,108,108,106,106,106,103
166,"G054 Диммер поворотно-нажимной механизм 400Вт ""ARTGALLERY"" лотос GAL1323 (1)",300200837_,шт,,,,,,,,,10,8,8,8,8,6,6,6,6,6,5,5,5,5,5,5,5,5,5,5,5,5,5,5,5
167,"G055 Роз. комп. RJ45 6A механизм ""ARTGALLERY"" лотос GAL1386 (5)",300200838_,шт,,,,,,,,,,,189,179,162,154,133,139,129,120,108,105,98,98,97,93,92,87,86,57,57,55,52,51,33
168,"G056 Переключ. 1 кл механизм ""ARTGALLERY"" лотос GAL1361 (5)",300200839_,шт,,,,,,,,,,299,279,246,235,225,205,207,180,176,142,143,141,140,140,134,130,130,122,129,124,117,113,105,97
169,"G057 Перекрест. переключ. 1 кл ""ARTGALLERY"" лотос GAL1371 (5)",300200840_,шт,,,,,,,,,55,14,29,157,157,157,154,161,144,144,142,151,156,161,161,161,161,160,160,167,167,165,164,173,153
170,"G058 Роз. 2-ная комп. RJ45+RJ45 6A механизм ""ARTGALLERY"" лотос GAL1388 (1)",300200841_,шт,,,,,,,,,47,43,43,41,41,35,33,33,33,33,33,33,35,35,35,35,35,35,35,35,27,24,24,24,24
171,"G059 Роз. с з/к 16А механизм ""ARTGALLERY"" лотос GAL1343 (5)",300200842_,шт,,,,,,,,,2989,2599,2475,1917,1646,1321,1085,906,347,1293,1354,1647,1527,1521,1521,1416,1357,1267,1242,1088,1085,965,848,816,639
172,"G060 Роз. с з/к с/ш 16А механизм ""ARTGALLERY"" лотос GAL1345 (5)",300200843_,шт,,,,,,,,,836,698,683,678,593,517,507,505,464,464,452,446,467,477,429,429,429,429,429,429,414,414,414,402,386
173,"G061 Роз. с з/к с/ш с крышкой 16А механизм IP20 ""ARTGALLERY"" лотос GAL1346 (5)",300200844_,шт,,,,,,,,,50,29,9,70,47,34,22,47,86,84,74,74,77,74,74,69,69,69,69,68,66,62,60,76,68
174,"G062 Роз. TV оконечная механизм ""ARTGALLERY"" лотос GAL1391 (5)",300200845_,шт,,,,,,,,,45,1,135,180,176,176,173,183,182,182,182,204,206,211,207,207,210,210,210,208,208,208,205,205,205
175,"G063 Рамка 1-ная ""ARTGALLERY"" лотос GAL1301 (10)",300200846_,шт,,,,,,,,,,2743,2480,1839,1695,1520,1412,1378,1677,1617,1517,1741,1723,1745,1723,1715,1637,1551,1533,1542,1537,1486,1397,1352,1256
176,"G064 Рамка 2-ная ""ARTGALLERY"" лотос GAL1302 (5)",300200847_,шт,,,,,,,,,1470,1298,1265,1133,1053,958,896,916,846,810,764,759,733,741,729,729,721,691,680,635,635,597,562,557,510
177,"G065 Рамка 3-ная ""ARTGALLERY"" лотос GAL1303 (5)",300200848_,шт,,,,,,,,,730,641,623,568,519,489,475,476,434,426,403,399,376,386,384,384,378,372,371,332,330,314,316,307,292
178,"G066 Рамка 4-ная ""ARTGALLERY"" лотос GAL1304 (5)",300200849_,шт,,,,,,,,,290,238,228,207,202,187,170,172,157,154,136,141,141,141,136,135,135,133,132,116,115,109,106,115,104
179,"G067 Рамка 5-ная ""ARTGALLERY"" лотос GAL1305 (5)",300200850_,шт,,,,,,,,,65,39,29,117,113,110,110,119,114,112,106,109,118,128,128,128,128,128,126,133,133,133,133,151,150
180,"G068 Переключ. 2 кл механизм ""ARTGALLERY"" лотос GAL1365 (5)",300200851_,шт,,,,,,,,,,,,100,53,50,34,27,51,24,61,65,61,59,58,58,58,54,45,45,45,42,35,30,10
181,"G069 Выкл. 1 кл кнопочный 10А механизм ""ARTGALLERY"" лотос GAL1315 (5)",300200852_,шт,,,,,,,,,44,23,13,93,93,88,88,88,88,82,87,84,94,99,94,79,74,74,74,79,79,79,79,96,96
182,"G070 Вывод кабеля механизм ""ARTGALLERY"" лотос GAL1399 (5)",300200853_,шт,,,,,,,,,45,32,52,32,46,40,38,34,41,41,33,31,34,35,30,30,31,31,31,37,37,36,36,38,16
183,"G071 Роз. 2-ная TV комп. RJ45 5Е ""ARTGALLERY"" лотос GAL1389 (5)",300200854_,шт,,,,,,,,,44,58,58,102,99,99,94,104,99,99,98,108,113,118,118,118,118,118,118,119,119,119,119,119,119
184,"G072 Роз. USB A+C 45Вт высокоскор.заряд., механизм ""ARTGALLERY"" лотос GAL1329 (1)",300200855_,шт,,,,,,,,,20,19,19,18,17,11,8,11,11,11,7,7,7,7,7,7,7,7,7,7,7,7,7,7,7
185,"G073 Роз. с з/к 16А механизм ""ARTGALLERY"" карбон GAL1043 (5)",300200856_,шт,,,,,,,,,2485,1856,1659,1280,1326,1033,1103,92,1935,1744,2154,1867,1767,1674,1586,1336,1189,1098,1023,1174,1140,894,618,157,364
186,"G074 Выкл. 1 кл 10А ""ARTGALLERY"" карбон GAL1011 (5)",300200857_,шт,,,,,,,,,486,274,738,590,502,456,381,384,229,429,367,332,362,302,315,376,355,342,329,368,359,312,222,67,130
187,"G075 Выкл. 1 кл с инд 10А механизм ""ARTGALLERY"" карбон GAL1013 (5)",300200858_,шт,,,,,,,,,40,17,,90,87,84,57,47,77,76,76,71,65,73,81,81,81,81,81,93,93,93,93,98,98
188,"G076 Выкл. 2 кл 10А механизм ""ARTGALLERY"" карбон GAL1051 (5)",300200859_,шт,,,,,,,,,340,112,7,670,567,528,433,429,309,497,462,417,428,397,360,320,302,283,276,288,281,264,204,149,140
189,"G077 Выкл. 2 кл с инд 10А механизм ""ARTGALLERY"" карбон GAL1053 (5)",300200860_,шт,,,,,,,,,45,20,,55,99,87,76,81,71,101,101,90,95,93,101,101,101,101,101,117,117,107,107,122,122
190,"G078 Роз. комп. RJ45 6A механизм ""ARTGALLERY"" карбон GAL1086 (5)",300200861_,шт,,,,,,,,,,,182,173,156,132,94,96,87,82,50,63,66,61,54,60,60,58,55,77,74,18,20,30,58
191,"G079 Переключ. 1 кл механизм ""ARTGALLERY"" карбон GAL1061 (5)",300200862_,шт,,,,,,,,,195,111,289,260,250,222,174,228,193,178,146,150,157,146,155,147,127,132,130,137,137,133,110,84,74
192,"G080 Перекрест. переключ. 1 кл ""ARTGALLERY"" карбон GAL1071 (5)",300200863_,шт,,,,,,,,,,24,79,95,89,83,60,63,110,108,89,89,94,93,96,89,89,89,86,99,99,99,92,94,92
193,"G081 Роз. 2-ная комп. RJ45+RJ45 6A механизм ""ARTGALLERY"" карбон GAL1088 (1)",300200864_,шт,,,,,,,,,27,19,,40,28,48,48,47,47,45,43,43,46,49,49,47,47,47,46,46,46,46,46,45,45
194,"G082 Роз. с з/к с/ш 16А механизм ""ARTGALLERY"" карбон GAL1045 (5)",300200865_,шт,,,,,,,,,190,51,531,531,530,528,525,525,488,398,328,309,365,356,249,242,243,243,243,236,236,236,138,,96
195,"G083 Роз. с з/к с/ш с крышкой 16А механизм IP20 ""ARTGALLERY"" карбон GAL1046 (5)",300200866_,шт,,,,,,,,,50,19,2,117,110,108,95,69,74,74,73,73,81,79,83,83,82,82,82,89,89,89,89,100,97
196,"G084 Роз. TV оконечная механизм ""ARTGALLERY"" карбон GAL1091 (5)",300200867_,шт,,,,,,,,,,50,30,26,32,32,28,36,31,28,18,27,27,33,36,35,34,34,34,42,42,42,42,41,41
197,"G085 Рамка 1-ная ""ARTGALLERY"" карбон GAL1001 (10)",300200868_,шт,,,,,,,,,1465,1037,1370,1134,989,831,702,682,1131,1018,996,980,941,805,642,604,566,544,519,580,531,443,257,,228
198,"G086 Рамка 2-ная ""ARTGALLERY"" карбон GAL1002 (5)",300200869_,шт,,,,,,,,,870,665,704,602,470,397,357,329,668,618,553,531,502,464,449,345,298,285,267,332,325,260,134,12,132
199,"G087 Рамка 3-ная ""ARTGALLERY"" карбон GAL1003 (5)",300200870_,шт,,,,,,,,,430,304,329,262,324,286,206,207,380,350,311,273,262,262,233,191,211,202,197,212,204,178,142,33,71
200,"G088 Рамка 4-ная ""ARTGALLERY"" карбон GAL1004 (5)",300200871_,шт,,,,,,,,,140,98,252,237,205,196,156,173,191,189,166,152,155,152,148,126,107,102,100,108,108,99,88,54,54
201,"G089 Рамка 5-ная ""ARTGALLERY"" карбон GAL1005 (5)",300200872_,шт,,,,,,,,,40,39,129,108,100,95,83,126,126,124,114,113,118,128,131,130,130,128,126,136,136,136,136,125,125
202,G090 Переключ. 2 кл механизм карбон GAL1065 (5),300200873_,шт,,,,,,,,,145,73,4,50,260,174,127,294,270,263,153,164,155,154,132,137,119,117,113,121,114,104,89,42,39
203,"G091 Диммер поворотно-нажимной механизм 400Вт ""ARTGALLERY"" карбон GAL1023 (1)",300200874_,шт,,,,,,,,,10,9,9,9,9,9,9,9,9,9,9,9,9,9,9,8,8,8,8,8,8,8,8,8,8
204,"G092 Роз. с з/к с/ш с крышкой 16А механизм IP44 ""ARTGALLERY"" карбон GAL441046 (5)",300200875_,шт,,,,,,,,,100,66,62,58,142,142,135,129,128,123,114,114,104,102,100,96,91,91,91,91,90,80,80,77,73
205,"G093 Рамка 1-ная IP44 ""ARTGALLERY"" карбон GAL441001 (5)",300200876_,шт,,,,,,,,,,160,160,159,156,156,155,155,154,148,148,148,148,148,148,148,148,148,148,148,148,148,148,145,145
206,"G094 Рамка 2-ная IP44 ""ARTGALLERY"" карбон GAL441002 (5)",300200877_,шт,,,,,,,,,,,40,39,39,39,39,39,39,39,39,39,39,38,38,38,38,38,38,38,38,38,38,37,36
207,"G095 Выкл. 1 кл кнопочный 10А механизм ""ARTGALLERY"" карбон GAL1015 (5)",300200878_,шт,,,,,,,,,,50,50,49,49,44,44,44,44,44,36,36,35,13,13,13,13,13,13,12,12,12,12,10,10
208,"G096 Вывод кабеля механизм ""ARTGALLERY"" карбон    GAL1099 (5)",300200879_,шт,,,,,,,,,45,13,2,92,83,80,74,87,85,84,79,77,74,79,75,72,69,69,67,67,67,67,65,60,56
209,"G097 Роз. 2-ная TV комп. RJ45 5Е ""ARTGALLERY"" карбон GAL1089 (5)",300200880_,шт,,,,,,,,,,46,27,26,50,50,40,60,58,58,58,58,58,60,65,65,65,62,62,72,72,72,72,72,72
210,"G098 Роз. USB A+C 45Вт высокоскор.заряд., механизм ""ARTGALLERY"" карбон GAL1029 (1)",300200881_,шт,,,,,,,,,,20,20,16,15,13,6,13,13,6,6,8,5,7,5,5,4,6,6,6,6,6,6,3,6
211,"G099 Рамка 1-ная ""ARTGALLERY"" золото GAL1601 (5)",300200882_,шт,,,,,,,,,286,262,229,194,194,181,165,161,125,96,136,136,136,146,146,146,146,136,136,105,105,85,85,81,43
212,"G100 Рамка 2-ная ""ARTGALLERY"" золото GAL1602 (5)",300200883_,шт,,,,,,,,,110,88,62,59,74,70,66,81,77,43,40,90,90,100,98,98,98,98,98,98,98,96,96,96,82
213,"G101 Рамка 3-ная ""ARTGALLERY"" золото GAL1603 (5)",300200884_,шт,,,,,,,,,70,69,60,60,60,57,55,55,45,42,42,42,42,52,52,52,52,52,52,52,52,37,37,36,33
214,"G102 Рамка 4-ная ""ARTGALLERY"" золото GAL1604 (5)",300200885_,шт,,,,,,,,,50,47,37,37,57,37,37,37,35,32,32,32,32,42,42,42,42,42,42,42,42,42,42,41,41
215,"G103 Рамка 5-ная ""ARTGALLERY"" золото GAL1605 (5)",300200886_,шт,,,,,,,,,30,39,39,39,39,39,39,39,38,37,37,36,36,46,46,46,46,46,46,46,46,46,46,46,46
216,"G104 Роз. с з/к 16А механизм ""ARTGALLERY"" сталь GAL0943 (5)",300200887_,шт,,,,,,,,,495,406,371,309,282,247,228,218,240,295,190,186,64,194,125,148,110,33,44,130,160,96,66,164,163
217,"G105 Выкл. 1 кл 10А ""ARTGALLERY"" сталь GAL0911 (5)",300200888_,шт,,,,,,,,,,150,134,110,102,92,68,77,92,92,82,81,80,80,68,48,44,37,28,,28,18,18,47,47
218,"G106 Выкл. 1 кл с инд механизм ""ARTGALLERY"" сталь GAL0913 (5)",300200889_,шт,,,,,,,,,,45,44,43,43,43,43,43,43,43,43,41,41,41,41,41,40,40,40,40,40,40,40,40,40
219,"G107 Выкл. 2 кл 10А механизм ""ARTGALLERY"" сталь GAL0951 (5)",300200890_,шт,,,,,,,,,98,73,63,69,92,90,86,96,96,95,89,88,88,88,78,68,62,53,45,34,34,26,17,47,47
220,"G108 Выкл. 2 кл с инд механизм ""ARTGALLERY"" сталь GAL0953 (5)",300200891_,шт,,,,,,,,,40,38,38,38,38,38,38,38,38,38,38,36,36,36,36,36,36,36,36,36,36,36,36,36,36
221,"G109 Роз. комп. RJ45 6A механизм ""ARTGALLERY"" сталь GAL0986 (5)",300200892_,шт,,,,,,,,,30,19,9,31,31,33,33,38,38,38,30,30,23,23,19,17,16,12,10,8,8,8,6,26,26
222,"G110 Переключ. 1 кл механизм ""ARTGALLERY"" сталь GAL0961 (5)",300200893_,шт,,,,,,,,,30,19,25,31,32,38,38,38,43,43,40,40,38,38,36,32,30,22,22,22,20,16,16,29,28
223,"G111 Перекрест. переключ. 1 кл ""ARTGALLERY"" сталь GAL0971 (5)",300200894_,шт,,,,,,,,,30,29,29,28,28,23,23,23,23,23,21,21,21,21,21,19,18,18,18,18,18,18,18,18,18
224,"G112 Роз. 2-ная комп. RJ45+RJ45 6А механизм ""ARTGALLERY"" сталь GAL0988 (1)",300200895_,шт,,,,,,,,,20,19,7,17,19,19,19,19,19,19,19,19,19,19,19,19,19,13,13,13,13,13,13,13,13
225,"G113 Роз. с з/к с/ш 16А механизм ""ARTGALLERY"" сталь GAL0945 (5)",300200896_,шт,,,,,,,,,100,89,77,20,100,100,79,79,114,114,114,114,114,114,114,114,114,107,107,107,107,102,102,118,118
226,"G114 Роз. TV оконечная механизм ""ARTGALLERY"" сталь GAL0991 (5)",300200897_,шт,,,,,,,,,30,18,18,55,55,55,55,55,55,55,55,54,54,54,54,53,53,53,53,53,53,53,53,62,62
227,"G115 Рамка 1-ная ""ARTGALLERY"" сталь GAL0901 (10)",300200898_,шт,,,,,,,,,294,227,212,168,149,124,96,131,225,224,213,201,182,175,152,137,85,26,,,88,65,29,105,104
228,"G116 Рамка 2-ная ""ARTGALLERY"" сталь GAL0902 (5)",300200899_,шт,,,,,,,,,149,119,107,109,102,92,81,92,88,88,63,73,28,68,45,73,49,39,36,37,67,47,44,52,51
229,"G117 Рамка 3-ная ""ARTGALLERY"" сталь GAL0903 (5)",300200900_,шт,,,,,,,,,50,36,31,39,57,51,38,74,71,71,66,66,66,66,58,51,45,39,35,31,31,28,24,43,43
230,"G118 Рамка 4-ная ""ARTGALLERY"" сталь GAL0904 (5)",300200901_,шт,,,,,,,,,40,28,27,42,42,41,41,41,40,40,28,28,23,23,22,20,18,17,17,15,15,12,12,29,29
231,"G119 Рамка 5-ная ""ARTGALLERY"" сталь GAL0905 (5)",300200902_,шт,,,,,,,,,30,18,28,48,48,45,44,45,45,45,45,45,45,45,45,44,44,42,42,42,42,42,42,61,61
232,"G120 Переключ. 2 кл механизм ""ARTGALLERY"" сталь GAL0965 (5)",300200903_,шт,,,,,,,,,30,19,29,37,39,33,33,33,43,43,35,34,34,34,34,32,30,30,30,28,28,28,28,45,45
233,"G121 Выкл. 1 кл кнопочный 10А механизм ""ARTGALLERY"" сталь GAL0915 (5)",300200904_,шт,,,,,,,,,,50,50,49,49,49,49,49,49,49,49,49,49,49,49,49,46,46,46,46,46,46,46,46,45
234,"G122 Вывод кабеля механизм ""ARTGALLERY"" сталь    GAL0999 (5)",300200905_,шт,,,,,,,,,,,,50,47,47,47,47,47,47,39,39,39,39,39,37,37,37,37,35,35,35,35,35,35
235,"G123 Роз. 2-ная TV комп. RJ45 5Е ""ARTGALLERY"" сталь GAL0989 (5)",300200906_,шт,,,,,,,,,50,49,49,49,49,49,48,48,48,48,48,47,47,47,47,47,47,47,47,47,47,47,47,47,47
236,"G124 Роз. USB A+C 45Вт высокоскор.заряд., механизм ""ARTGALLERY"" сталь GAL0929 (1)",300200907_,шт,,,,,,,,,,19,17,14,12,12,12,12,12,12,12,12,12,12,12,12,12,12,12,12,12,12,12,12,12
237,"G125 Диммер поворотно-нажимной механизм 400Вт ""ARTGALLERY"" сталь GAL0923 (1)",300200908_,шт,,,,,,,,,10,9,9,9,9,9,9,9,9,9,9,9,9,9,9,9,9,9,9,1,3,3,3,3,3
238,"G126 Роз. с з/к с/ш с крышкой 16А механизм IP20 ""ARTGALLERY"" сталь GAL0946 (5)",300200909_,шт,,,,,,,,,50,39,29,36,34,34,34,34,34,34,32,32,31,31,31,27,27,27,27,23,23,23,23,43,43
239,"G127 Роз. с з/к 16А механизм ""ARTGALLERY"" мокко GAL0643 (10)",300200910_,шт,,,,,,,,,675,449,806,685,611,426,297,310,237,547,412,352,65,709,491,517,584,535,434,523,457,334,196,341,202
240,"G128 Роз. с з/к с/ш 16А механизм ""ARTGALLERY"" мокко GAL0645 (10)",300200911_,шт,,,,,,,,,100,88,78,78,78,78,78,77,77,77,77,75,,40,31,41,41,41,41,41,41,21,8,44,44
241,"G129 Выкл. 1 кл 10А ""ARTGALLERY"" мокко GAL0611 (10)",300200912_,шт,,,,,,,,,126,87,172,114,148,135,139,102,91,121,112,121,31,148,109,116,111,110,82,83,78,49,28,65,51
242,"G130 Выкл. 1 кл с инд 10А механизм ""ARTGALLERY"" мокко GAL0613 (10)",300200913_,шт,,,,,,,,,40,29,69,49,68,68,68,67,67,67,67,65,65,75,75,75,75,75,75,92,92,92,88,105,99
243,"G131 Выкл. 2 кл 10А механизм ""ARTGALLERY"" мокко GAL0651 (10)",300200914_,шт,,,,,,,,,80,21,236,202,192,153,125,219,173,173,173,172,131,129,94,84,99,99,88,89,74,62,36,58,58
244,"G132 Выкл. 2 кл с инд 10А механизм ""ARTGALLERY"" мокко GAL0653 (10)",300200915_,шт,,,,,,,,,40,28,68,48,67,67,67,67,67,67,67,65,65,75,74,74,74,74,74,92,92,92,92,108,108
245,"G133 Роз. комп. RJ45 6A механизм, ""ARTGALLERY"" мокко GAL0686 (5)",300200916_,шт,,,,,,,,,44,32,20,38,52,46,46,55,49,49,46,45,15,35,28,28,26,26,15,18,16,14,8,35,30
246,"G134 Переключ. 1 кл механизм ""ARTGALLERY"" мокко GAL0661 (10)",300200917_,шт,,,,,,,,,40,25,15,75,72,58,58,57,37,57,47,47,14,64,54,50,47,47,42,50,48,48,34,51,47
247,"G135 Перекрест. переключ. 1 кл ""ARTGALLERY"" мокко GAL0671 (5)",300200918_,шт,,,,,,,,,25,11,1,61,61,58,58,58,58,58,58,56,50,55,53,51,51,51,48,48,48,48,44,64,64
248,"G136 Роз. 2-ная комп. RJ45+RJ45 6А механизм ""ARTGALLERY"" мокко GAL0688 (1)",300200919_,шт,,,,,,,,,17,16,16,16,16,11,11,11,11,11,10,10,10,13,13,13,13,13,10,6,3,2,4,4,4
249,"G137 Роз. TV оконечная механизм ""ARTGALLERY"" мокко GAL0691 (5)",300200920_,шт,,,,,,,,,15,7,7,50,50,49,35,35,45,45,45,39,36,41,38,37,36,36,36,41,41,41,41,50,49
250,"G138 Рамка 1-ная ""ARTGALLERY"" мокко GAL0601 (20)",300200921_,шт,,,,,,,,,265,159,291,133,314,233,380,317,184,304,306,321,44,449,332,375,366,329,255,311,283,224,133,184,130
251,"G139 Рамка 2-ная ""ARTGALLERY"" мокко GAL0602 (10)",300200922_,шт,,,,,,,,,170,127,250,179,203,129,205,152,26,216,221,230,157,222,166,161,189,172,143,153,130,108,37,72,96
252,"G140 Рамка 3-ная ""ARTGALLERY"" мокко GAL0603 (5)",300200923_,шт,,,,,,,,,80,52,127,104,117,97,66,80,114,108,105,49,77,130,100,116,96,86,81,81,79,79,67,67,53
253,"G141 Рамка 4-ная ""ARTGALLERY"" мокко GAL0604 (5)",300200924_,шт,,,,,,,,,40,27,13,53,53,50,46,61,59,56,54,54,32,32,23,28,27,27,17,24,24,22,13,30,30
254,"G142 Рамка 5-ная ""ARTGALLERY"" мокко GAL0605 (5)",300200925_,шт,,,,,,,,,20,26,15,65,63,63,63,63,63,63,62,62,62,72,71,71,71,71,62,70,70,70,70,79,79
255,"G143 Переключ. 2 кл механизм ""ARTGALLERY"" мокко GAL0665 (10)",300200926_,шт,,,,,,,,,40,26,86,66,66,35,32,33,27,27,12,57,46,66,50,50,48,48,48,57,57,45,19,23,18
256,"G144 Выкл. 1 кл кнопочный 10А механизм ""ARTGALLERY"" мокко GAL0615 (5)",300200927_,шт,,,,,,,,,44,43,42,32,32,32,32,32,32,32,32,32,32,37,25,25,25,25,5,18,18,18,18,18,18
257,"G145 Вывод кабеля механизм ""ARTGALLERY"" мокко GAL0699 (5)",300200928_,шт,,,,,,,,,50,49,49,46,46,36,36,34,32,32,32,32,32,32,31,31,31,31,31,35,35,34,34,34,32
258,"G146 Роз. 2-ная TV комп. RJ45 5Е ""ARTGALLERY"" мокко GAL0689 (5)",300200929_,шт,,,,,,,,,44,41,41,31,31,30,30,30,30,30,29,29,29,34,34,34,34,34,34,43,43,43,43,43,43
259,"G147 Роз. USB A+C 45Вт высокоскор.заряд., механизм ""ARTGALLERY"" мокко GAL0629 (1)",300200930_,шт,,,,,,,,,,10,30,30,29,29,27,27,27,27,27,27,27,27,27,26,26,26,24,24,24,24,17,17,17
260,"G148 Диммер поворотно-нажимной механизм 400Вт ""ARTGALLERY"" мокко GAL0623 (1)",300200931_,шт,,,,,,,,,2,11,11,11,11,11,11,11,11,11,11,11,11,11,11,11,11,11,11,11,11,11,11,11,5
261,"G149 Роз. с з/к с/ш с крышкой 16А механизм IP20 ""ARTGALLERY"" мокко GAL0646 (10)",300200932_,шт,,,,,,,,,40,28,18,68,68,53,53,48,1,51,48,48,48,58,56,56,56,56,54,59,59,59,59,72,72
262,"G150 Роз. с з/к 16А механизм ""ARTGALLERY"" базальт GAL1443 (5)",300200933_,шт,,,,,,,,,2495,2387,2349,2097,1905,1662,1436,1182,750,681,823,711,595,666,634,802,780,735,690,649,479,414,243,146,75
263,"G151 Выкл. 1 кл 10А ""ARTGALLERY"" базальт GAL1411 (5)",300200934_,шт,,,,,,,,,456,450,426,386,361,331,310,261,213,207,202,165,127,89,94,138,122,108,103,99,69,54,39,66,5
264,"G152 Выкл. 1 кл с инд 10А механизм ""ARTGALLERY"" базальт GAL1413 (5)",300200935_,шт,,,,,,,,,50,38,28,45,44,28,25,50,50,50,50,49,49,49,49,49,49,49,49,49,49,49,49,59,57
265,"G153 Выкл. 2 кл 10А механизм ""ARTGALLERY"" базальт GAL1451 (5)",300200936_,шт,,,,,,,,,350,322,304,225,212,211,172,95,105,137,111,118,117,125,112,150,150,133,129,123,94,83,62,73,51
266,"G154 Выкл. 2 кл с инд 10А механизм ""ARTGALLERY"" базальт GAL1453 (5)",300200937_,шт,,,,,,,,,50,38,33,47,48,30,20,20,60,60,60,59,59,59,59,59,59,59,59,59,59,59,59,70,69
267,"G155 Роз. комп. RJ45 6A механизм ""ARTGALLERY"" базальт GAL1486 (5)",300200938_,шт,,,,,,,,,,,196,190,185,164,152,148,132,132,132,127,115,108,106,106,106,99,97,93,90,90,80,80,70
268,"G156 Переключ. 1 кл механизм ""ARTGALLERY"" базальт GAL1461 (5)",300200939_,шт,,,,,,,,,200,185,175,164,160,159,159,139,139,139,112,103,89,80,76,73,74,62,59,57,55,53,45,54,35
269,"G157 Перекрест. переключ. 1 кл ""ARTGALLERY"" базальт GAL1471 (5)",300200940_,шт,,,,,,,,,,39,29,40,40,40,38,32,31,31,31,31,28,28,28,26,26,26,20,20,20,20,18,28,24
270,"G158 Роз. 2-ная комп. RJ45+RJ45 6A механизм ""ARTGALLERY"" базальт GAL1488 (1)",300200941_,шт,,,,,,,,,30,28,26,26,26,23,21,21,21,21,21,20,20,20,20,20,18,18,6,6,6,6,6,6,6
271,"G159 Роз. с з/к с/ш 16А механизм ""ARTGALLERY"" базальт GAL1445 (5)",300200942_,шт,,,,,,,,,200,189,113,93,173,57,37,172,263,263,263,198,198,198,196,194,94,14,75,95,95,95,41,97,77
272,"G160 Роз. с з/к с/ш с крышкой 16А механизм IP20 ""ARTGALLERY"" базальт GAL1446 (5)",300200943_,шт,,,,,,,,,50,38,26,30,28,28,24,39,54,52,47,40,38,32,28,29,29,29,29,29,18,18,14,23,15
273,"G161 Роз. TV оконечная 1DB механизм ""ARTGALLERY"" базальт GAL1491 (5)",300200944_,шт,,,,,,,,,50,38,38,58,58,55,55,55,55,55,55,53,53,51,51,51,51,47,46,46,46,46,46,56,56
274,"G162 Рамка 1-ная ""ARTGALLERY"" базальт GAL1401 (10)",300200945_,шт,,,,,,,,,1500,1427,1355,1206,1125,1057,968,855,683,653,609,541,481,386,336,379,352,300,295,285,234,217,110,127,24
275,"G163 Рамка 2-ная ""ARTGALLERY"" базальт GAL1402 (5)",300200946_,шт,,,,,,,,,900,868,835,742,694,605,547,476,375,352,327,287,247,204,192,282,244,219,204,193,166,149,114,114,35
276,"G164 Рамка 3-ная ""ARTGALLERY"" базальт GAL1403 (5)",300200947_,шт,,,,,,,,,450,432,408,387,357,316,288,246,213,206,197,168,143,133,130,129,126,113,107,104,93,77,64,54,29
277,"G165 Рамка 4-ная ""ARTGALLERY"" базальт GAL1404 (5)",300200948_,шт,,,,,,,,,150,137,125,114,108,91,82,72,68,68,66,57,50,47,43,53,52,44,43,40,33,33,16,25,17
278,"G166 Рамка 5-ная ""ARTGALLERY"" базальт GAL1405 (5)",300200949_,шт,,,,,,,,,50,37,27,49,49,47,46,45,45,45,45,43,43,43,43,43,42,42,41,41,37,37,36,46,41
279,"G167 Переключ. 2 кл механизм ""ARTGALLERY"" базальт GAL1465 (5)",300200950_,шт,,,,,,,,,,139,126,131,127,124,118,117,77,76,74,58,54,49,44,45,48,40,40,40,34,32,22,32,29
280,"G168 Диммер поворотно-нажимной механизм 400Вт ""ARTGALLERY"" базальт GAL1423 (1)",300200951_,шт,,,,,,,,,10,9,9,9,9,9,9,6,6,6,6,6,6,1,2,4,4,3,3,3,3,3,3,3,3
281,"G169 Выкл. 1 кл кнопочный 10А механизм ""ARTGALLERY"" базальт GAL1415 (5)",300200952_,шт,,,,,,,,,,49,49,49,49,45,45,45,37,37,37,37,37,37,37,37,37,37,37,35,28,28,27,27,27
282,"G170 Вывод кабеля механизм ""ARTGALLERY"" базальт GAL1499 (5)",300200953_,шт,,,,,,,,,50,49,46,43,43,33,33,33,32,32,29,29,29,29,25,25,25,23,21,21,10,9,5,10,10
283,"G171 Роз. 2-ная TV комп. RJ45 5Е ""ARTGALLERY"" базальт GAL1489 (5)",300200954_,шт,,,,,,,,,50,48,48,48,48,30,29,29,29,29,29,27,27,27,27,27,27,27,27,27,27,20,20,20,20
284,"G172 Роз. USB A+C 45Вт высокоскор.заряд., механизм ""ARTGALLERY"" базальт GAL1429 (1)",300200955_,шт,,,,,,,,,,15,15,20,20,20,20,20,20,20,20,17,17,17,17,17,17,17,17,17,17,17,17,17,15
285,"G384 Выкл 1 кл 10А с/у ""ATLAS"" жемчуг ATN412 (10)",300200371_,шт,32,32,251,424,670,612,588,552,513,505,490,448,454,448,440,412,407,420,388,358,291,268,262,235,231,225,220,205,188,181,161,141,116
286,"G385 Выкл 1 кл с инд 10А с/у б/рамки ""ATLAS"" жемчуг ATN413 (10)",300200420_,шт,30,30,50,28,109,109,109,147,142,132,122,110,116,113,113,109,69,65,62,62,61,51,48,42,36,36,36,36,31,31,11,18,18
287,"G386 Выкл 2 кл 10А с/у ""ATLAS"" жемчуг ATN452 (10)",300200375_,шт,47,47,96,157,635,609,588,575,502,458,431,358,315,305,273,159,204,183,220,209,183,142,129,147,131,64,78,57,98,76,37,157,132
288,"G387 Выкл 2 кл с инд 10А с/у б/рамки ""ATLAS"" жемчуг ATN453 (10)",300200422_,шт,12,12,22,12,85,75,74,79,76,63,63,53,71,61,61,60,53,52,50,50,46,46,43,41,39,39,39,39,36,36,13,19,19
289,"G388 Выкл 3 кл 10А с/у б/рамки ""ATLAS"" жемчуг ATN431 (10)",300200363_,шт,46,6,6,6,80,58,47,72,58,44,30,37,58,58,56,63,62,61,50,50,50,50,40,40,40,39,38,38,36,34,31,46,45
290,"G389 Диммер поворотно-нажимной с/у б/рамки 315Вт ""ATLAS"" жемчуг ATN434 (1)",300200423_,шт,1,1,1,1,1,1,1,1,1,1,1,1,1,1,1,1,1,1,1,1,1,1,1,1,1,1,1,1,1,1,1,1,1
291,"G390 Комп. роз. RJ45 5Е механизм б/рамки ""ATLAS"" жемчуг ATN483 (10)",300200368_,шт,17,57,205,182,190,159,127,121,90,85,105,37,173,171,161,172,156,149,130,125,105,90,83,77,74,58,55,47,45,31,27,29,38
292,"G391 Переключ. 1 кл 10А с/у б/рамки ""ATLAS"" жемчуг ATN461 (10)",300200367_,шт,16,26,64,107,246,217,181,186,159,133,124,150,149,203,195,250,232,232,189,177,156,133,130,127,127,125,125,125,118,94,94,80,80
293,"G392 Переключ. 1 кл с инд 10А с/у б/рамки  ""ATLAS"" жемчуг ATN463 (10)",300200426_,шт,13,13,9,9,29,29,27,43,42,42,42,42,39,39,39,38,36,36,36,35,35,35,35,35,35,35,35,35,35,35,35,35,35
294,"G393 Перекрест.переключ. 1 кл 10А с/у б/рамки ""ATLAS"" жемчуг ATN471 (5)",300200424_,шт,35,31,35,15,60,58,57,78,75,65,61,61,79,78,78,77,69,69,68,68,68,67,67,64,63,63,63,63,62,61,61,66,66
295,"G394 Роз. 2-ная с/у 16А ""ATLAS"" жемчуг ATN420 (6)",300200372_,шт,2,2,35,2,503,519,461,408,360,294,242,220,217,191,171,335,318,306,270,209,184,131,129,129,106,104,104,104,94,64,38,61,74
296,"G395 Роз. 2-ная с/у 16А с з/к з/ш ""ATLAS"" жемчуг ATN426 (6)",300200373_,шт,2,2,25,95,313,286,302,326,314,295,210,128,150,117,134,69,201,256,241,239,236,229,212,212,211,180,165,165,126,122,82,63,61
297,"G397 Роз. RJ45+RJ45 5Е кат 5Е механизм б/рамки ""ATLAS"" жемчуг ATN485 (10)",300200418_,шт,43,33,33,23,13,13,13,43,38,38,37,6,45,45,45,44,42,42,42,38,38,27,27,26,24,23,23,23,23,23,23,23,23
298,"G398 Роз. с з/к 16А с/у б/рамки ""ATLAS"" жемчуг ATN443 (10)",300200365_,шт,1,241,2116,1373,2943,2214,1792,2516,2222,1875,2033,1444,2289,2156,1732,3537,3085,2725,2245,1916,1844,1650,1363,1362,1188,986,1014,820,882,745,321,369,383
299,"G3988 Роз. без з/к без с/ш 16А б/рамки ""ATLAS"" жемчуг ATN441 (10) NEW",300200364_,шт,4,84,4,4,1,211,177,125,190,147,292,266,202,319,312,400,377,377,305,229,162,175,195,156,140,134,134,134,105,105,105,113,113
300,"G399 Роз. с з/к 16А с/у з/ш ""ATLAS"" жемчуг ATN444 (10)",300200374_,шт,11,6,221,208,590,556,464,466,434,412,411,404,395,392,392,377,360,400,360,330,271,271,269,169,157,157,156,156,154,104,100,103,100
301,"G401 ТV роз. оконечная с/у б/рамки ""ATLAS"" жемчуг ATN491  (10)",300200370_,шт,11,1,81,70,70,67,67,79,74,72,70,69,74,72,71,65,63,63,62,62,59,58,58,55,54,54,54,54,54,54,54,54,52
302,"G402 Телефонная роз. RJ11 механизм б/рамки ""ATLAS"" жемчуг ATN481 (10)",300200425_,шт,14,12,12,12,12,12,12,48,47,37,37,37,36,36,36,35,35,35,30,30,29,29,29,29,29,29,29,29,28,28,28,28,28
303,"G404 USB розетка - 2 порта с/у б/рамки ""ATLAS"" жемчуг ATN433 (1) !!!",300200419_,шт,1,1,1,1,1,1,1,4,4,4,4,4,4,4,4,3,3,3,3,3,3,3,1,1,1,1,1,1,1,1,1,1,1
304,"G405 Рамка 1-ная ""ATLAS"" жемчуг  ATN401 (20)",300200376_,шт,453,401,863,699,2482,2127,1882,1537,1191,934,851,1002,1229,1190,933,1116,1980,1827,1528,1278,1226,1033,987,990,973,886,835,733,643,587,333,265,264
305,"G406 Рамка 2-ная ""ATLAS"" жемчуг ATN402 (10)",300200377_,шт,8,24,501,352,1043,849,755,771,615,511,556,480,514,492,398,326,536,411,375,616,558,493,429,365,378,327,307,270,303,249,183,128,173
306,"G407 Рамка 3-ная ""ATLAS"" жемчуг ATN403 (15)",300200378_,шт,10,9,469,417,446,392,347,359,263,229,258,202,240,226,212,371,314,263,190,223,205,192,165,167,160,155,148,124,114,92,64,54,59
307,"G408 Рамка 4-ная ""ATLAS"" жемчуг ATN404 (15)",300200379_,шт,18,17,102,87,142,97,81,136,114,79,50,74,145,139,128,171,166,136,115,112,97,92,90,84,79,75,70,62,60,51,37,35,34
308,"G409 Рамка 5-ная ""ATLAS"" жемчуг ATN405 (5)",300200380_,шт,1,1,69,51,51,40,40,68,61,31,29,35,61,57,57,43,43,41,41,38,36,35,33,29,27,27,26,26,25,19,19,26,26
309,"G414 Переключ. 2 кл 10А с/у б/рамки ""ATLAS"" жемчуг ATN465 (10)",300200421_,шт,74,34,94,63,169,120,117,148,122,105,93,84,108,102,92,126,123,123,95,91,90,83,81,81,68,66,66,61,56,52,43,47,47
310,"GLOSSA 2-клавишный ВЫКЛЮЧАТЕЛЬ, сх.5, 10АХ, механизм, БЕЛЫЙ",щщщ0116254,шт,32,32,29,32,47,47,47,47,43,43,43,43,43,43,42,42,42,42,42,42,42,42,42,37,37,37,37,37,37,37,37,37,35
311,"K001 Роз. с з/к 16А с/у б/рамки ""ATLAS"" СТАЛЬ ATN943 (5)",300200520_,шт,2,2,2,1714,2348,2153,1894,1266,780,823,539,1102,1249,1154,1019,2158,1963,1831,1796,1676,1623,1109,900,761,377,381,364,549,601,438,432,703,617
312,"K002 Выкл 1 кл 10А с/у ""ATLAS"" СТАЛЬ ATN912 (5) NEW",300200521_,шт,81,81,139,131,239,219,183,159,126,88,89,68,114,92,90,203,203,195,194,142,140,134,109,106,47,49,41,38,67,65,64,66,66
313,"K003 Выкл 1 кл с инд 10А с/у б/рамки ""ATLAS"" СТАЛЬ ATN913 (5)",300200522_,шт,37,37,37,37,30,30,30,30,29,29,29,7,12,12,12,11,11,11,11,11,11,11,3,3,3,3,3,3,3,,,10,10
314,"K004 Выкл 2 кл 10А с/у ""ATLAS"" СТАЛЬ ATN952 (5) NEW",300200523_,шт,70,69,62,78,186,169,154,109,42,80,64,95,136,111,102,211,205,200,194,174,171,161,148,140,108,104,94,85,79,72,67,63,55
315,"K005 Выкл 2 кл с инд 10А с/у б/рамки ""ATLAS"" СТАЛЬ ATN953 (5)",300200524_,шт,17,17,22,27,27,27,19,19,18,13,6,9,9,9,9,13,13,13,13,13,13,13,7,7,7,2,7,7,6,5,5,8,5
316,"K006 Выкл 3 кл 10А с/у б/рамки ""ATLAS"" СТАЛЬ ATN931 (5)",300200525_,шт,10,10,25,22,27,41,39,84,82,67,56,53,48,47,45,44,44,44,44,42,43,43,43,43,32,32,31,30,30,30,28,42,41
317,"K007 Комп. роз. RJ45 5Е механизм б/рамки ""ATLAS"" СТАЛЬ ATN983 (5)",300200526_,шт,35,35,23,71,115,106,93,79,55,29,24,60,70,64,63,112,111,111,110,103,98,53,48,34,6,29,8,37,41,30,33,64,54
318,"K008 Переключ. 1 кл 10А с/у б/рамки ""ATLAS"" СТАЛЬ ATN961 (5)",300200527_,шт,48,48,30,41,85,85,71,482,459,435,419,401,400,400,396,395,372,359,358,358,358,338,326,314,289,289,289,289,288,286,286,290,288
319,"K010 Перекрест.переключ. 1 кл 10А с/у б/рамки ""ATLAS"" СТАЛЬ ATN971 (2)",300200529_,шт,12,12,12,12,19,19,11,114,114,104,94,79,77,77,77,76,76,75,75,75,75,71,69,65,60,60,60,59,59,59,59,68,68
320,"K011 Роз. 2-ная с/у 16А ""ATLAS"" СТАЛЬ ATN920 (6)",300200530_,шт,12,10,10,10,70,70,69,68,45,12,7,37,42,7,19,84,74,74,74,63,63,61,59,59,59,44,44,44,44,42,42,42,42
321,"K012 Роз. 2-ная с/у 16А с з/к з/ш ""ATLAS"" СТАЛЬ ATN926 (6)",300200531_,шт,79,79,79,72,99,99,89,83,47,37,24,8,55,47,46,105,103,103,83,82,82,82,70,35,31,31,29,15,32,27,25,23,21
322,"K013 Роз. RJ45+RJ45 5Е кат 5Е механизм б/рамки ""ATLAS"" СТАЛЬ ATN985 (5)",300200532_,шт,15,15,15,15,14,14,14,12,5,5,3,4,9,6,6,5,10,15,15,15,13,10,9,8,8,8,,5,5,5,5,4,3
323,"K014 Роз. с з/к 16А с/у з/ш ""ATLAS"" СТАЛЬ ATN944 (5)",300200533_,шт,14,14,14,34,128,128,106,106,89,89,88,60,59,54,54,58,58,58,56,56,56,54,51,51,51,51,51,48,48,48,48,47,47
324,"K015 ТV роз. оконечная с/у б/рамки ""ATLAS"" СТАЛЬ ATN991(5)",300200534_,шт,16,16,25,24,34,33,25,23,22,21,17,16,16,14,13,22,20,20,20,20,19,19,15,15,15,15,13,8,6,6,6,6,3
325,"K016 Телефонная роз. RJ11 механизм б/рамки ""ATLAS"" СТАЛЬ ATN981 (5)",300200535_,шт,4,4,4,4,6,6,4,22,20,20,20,20,19,19,19,18,18,18,18,17,17,2,7,7,7,7,7,7,7,7,7,7,7
326,"K017 Рамка 1-ная ""ATLAS"" СТАЛЬ ATN901 (5)",300200536_,шт,7,7,7,241,1007,890,784,1285,1193,1030,849,726,640,597,526,824,667,650,566,422,401,235,321,426,121,104,291,381,311,338,318,308,263
327,"K018 Рамка 2-ная ""ATLAS"" СТАЛЬ ATN902 (5)",300200537_,шт,,,,464,649,593,463,333,267,173,104,289,347,332,317,519,490,467,424,397,395,358,299,249,159,144,102,125,127,121,120,112,90
328,"K019 Рамка 3-ная ""ATLAS"" СТАЛЬ ATN903 (2)",300200538_,шт,34,31,31,155,242,214,128,202,142,96,77,124,145,137,132,256,248,212,206,185,176,161,156,132,100,98,85,79,74,53,47,58,46
329,"K020 Рамка 4-ная ""ATLAS"" СТАЛЬ ATN904 (2)",300200539_,шт,18,18,18,9,145,133,108,142,124,108,84,62,91,89,86,113,102,101,100,94,85,41,33,45,39,8,9,67,67,8,58,76,70
330,"K021 Рамка 5-ная ""ATLAS"" СТАЛЬ ATN905 (2)",300200540_,шт,9,9,13,7,22,17,10,137,127,114,100,95,96,96,96,84,83,83,82,82,82,81,105,105,100,99,99,99,99,99,99,83,82
331,"K022 Переключ. 2 кл 10А с/у б/рамки ""ATLAS"" СТАЛЬ ATN965 (5)",300200541_,шт,,,15,41,40,32,32,120,95,71,41,46,58,52,52,101,101,101,101,97,97,97,82,64,63,63,63,58,58,58,58,73,73
332,"K023 Роз. с з/к 16А с/у б/рамки ""ATLAS"" ШАМПАНЬ ATN543 (10)",300200542_,шт,1071,350,2177,1418,5596,3523,2063,4915,3369,3066,2791,4361,4885,4521,4477,4616,7663,7033,6532,5600,4981,4363,3615,3004,2610,2418,1944,2005,1697,1211,926,1245,890
333,"K0233 Роз. с з/к с з/ш, 16А, механизм ""ATLAS"" ШАМПАНЬ ATN545 (10)",300200624_,шт,1,1,161,144,570,520,520,490,436,429,354,350,282,282,266,261,256,250,250,215,215,202,156,110,103,102,102,85,47,43,63,68,56
334,"K02333 Роз. без з/к без с/ш 16А мех. ""ATLAS"" ШАМПАНЬ ATN541 (10) NEW",300200704_,шт,1,1,1,1,1,354,105,655,430,730,652,557,648,594,493,980,860,749,651,490,438,442,437,452,452,445,445,445,345,344,331,360,356
335,"K024 Выкл 1 кл 10А с/у ""ATLAS"" ШАМПАНЬ ATN512 (10)",300200543_,шт,39,18,232,81,568,370,181,654,391,525,301,691,627,643,595,516,1012,1096,1037,928,863,819,731,701,644,635,597,570,479,429,290,241,169
336,"K025 Выкл 1 кл с инд 10А с/у б/рамки ""ATLAS"" ШАМПАНЬ ATN513 (10)",300200544_,шт,36,20,40,37,114,114,114,112,100,83,49,44,44,44,36,54,45,42,40,36,25,39,39,31,31,31,31,20,19,19,16,5,15
337,"K026 Выкл 2 кл 10А с/у ""ATLAS"" ШАМПАНЬ ATN552 (10)",300200545_,шт,25,18,235,414,807,661,543,606,563,520,505,480,462,451,422,385,478,478,453,393,358,342,315,304,274,267,249,243,222,209,171,149,123
338,"K0266 Выкл. 2 кл 10А б/рамки ""ATLAS"" ШАМПАНЬ ATN551 (10) NEW",300200593_,шт,1,1,1,1,1,198,3,1246,1079,747,603,789,778,676,656,1198,945,847,779,725,664,604,528,412,384,367,321,256,282,250,258,223,142
339,"K027 Выкл 2 кл с инд 10А с/у б/рамки ""ATLAS"" ШАМПАНЬ ATN553 (10)",300200546_,шт,28,11,18,14,93,93,93,93,92,82,67,66,65,59,59,58,52,43,42,42,38,33,33,14,13,22,22,15,15,15,12,20,20
340,"K028 Выкл 3 кл 10А с/у б/рамки ""ATLAS"" ШАМПАНЬ ATN531 (10)",300200547_,шт,5,,19,7,95,79,59,80,60,27,25,75,47,38,57,121,98,92,84,74,65,68,64,53,67,62,57,53,52,38,31,24,14
341,"K029 Комп. роз. RJ45 5Е механизм б/рамки ""ATLAS"" ШАМПАНЬ ATN583 (10)",300200548_,шт,63,44,161,113,403,346,259,300,206,224,219,212,236,253,231,448,376,331,302,286,253,222,196,179,126,144,131,110,102,146,115,102,81
342,"K030 Переключ. 1 кл 10А с/у б/рамки ""ATLAS"" ШАМПАНЬ ATN561 (10)",300200549_,шт,65,47,176,153,486,421,360,405,317,283,196,198,243,233,183,428,108,84,348,333,293,301,229,311,273,270,257,235,168,191,182,151,113
343,"K031 Переключ. 1 кл с инд 10А с/у б/рамки  ""ATLAS"" ШАМПАНЬ ATN563  (10)",300200550_,шт,11,11,21,21,21,21,21,21,20,19,19,19,20,20,20,19,19,19,19,19,19,19,19,18,18,18,18,18,18,18,16,16,14
344,"K032 Перекрест.переключ. 1 кл 10А с/у б/рамки ""ATLAS"" ШАМПАНЬ ATN571 (5)",300200551_,шт,43,40,53,45,75,63,49,46,28,26,10,21,63,60,54,92,77,70,70,64,58,46,27,47,42,42,42,41,33,26,23,37,34
345,"K0322 Перекрест. перекл. 2 кл 10А с/у б/рамки ""ATLAS"" ШАМПАНЬ ATN573 (5) NEW",300200773_,шт,,,,,,95,94,92,48,60,57,53,9,4,50,82,65,63,61,55,45,45,35,45,40,40,34,32,20,15,17,25,24
346,"K033 Роз. 2-ная с/у 16А ""ATLAS"" ШАМПАНЬ ATN520 (6)",300200552_,шт,14,14,33,14,289,286,185,98,147,157,113,157,224,216,164,431,417,396,319,252,183,235,209,199,196,196,189,185,152,118,106,85,115
347,"K034 Роз. 2-ная с/у 16А с з/к з/ш ""ATLAS"" ШАМПАНЬ ATN526 (6)",300200553_,шт,33,28,189,321,378,234,204,310,243,162,59,221,222,200,159,103,413,292,215,232,134,288,248,267,228,230,187,163,198,157,134,114,82
348,"K035 Роз. RJ45+RJ45 5Е кат 5Е механизм б/рамки ""ATLAS"" ШАМПАНЬ ATN585 (10)",300200554_,шт,11,8,7,7,25,22,20,16,8,18,8,15,18,16,13,24,24,24,24,12,19,19,18,18,12,12,12,12,12,12,10,10,7
349,"K036 Роз. с з/к 16А с/у з/ш ""ATLAS"" ШАМПАНЬ ATN544 (10)",300200555_,шт,111,97,35,106,398,312,279,355,351,310,310,310,319,308,306,216,213,210,206,175,175,172,162,162,127,125,125,122,98,67,35,55,44
350,"K037 ТV роз. оконечная с/у б/рамки ""ATLAS"" ШАМПАНЬ ATN591(10)",300200556_,шт,4,9,55,50,139,120,107,106,52,86,81,88,94,93,84,121,94,94,88,84,84,83,74,73,69,69,69,69,67,66,63,57,52
351,"K038 Телефонная роз. RJ11 механизм б/рамки ""ATLAS"" ШАМПАНЬ ATN581 (10)",300200557_,шт,48,48,48,48,48,43,43,52,51,49,49,49,47,47,47,46,38,38,32,32,31,29,23,17,11,11,11,11,9,8,8,8,8
352,"K039 Рамка 1-ная ""ATLAS"" ШАМПАНЬ ATN501 (10)",300200558_,шт,594,490,1008,796,2585,2054,1004,908,1376,1635,1328,1784,2156,2137,2079,2113,3667,3172,3017,2235,2358,2347,2050,2334,1863,1706,1544,1363,1444,1178,719,1115,757
353,"K040 Рамка 2-ная ""ATLAS"" ШАМПАНЬ ATN502 (10)",300200559_,шт,646,537,501,316,1580,1190,796,1016,667,664,776,1041,1194,1057,1287,1304,2114,1907,1786,1569,1399,1177,927,1048,822,776,659,648,548,546,398,585,350
354,"K041 Рамка 3-ная ""ATLAS"" ШАМПАНЬ ATN503 (15)",300200560_,шт,101,53,224,154,584,418,237,459,311,351,379,523,575,570,550,1105,940,878,795,705,640,541,465,403,324,317,316,291,230,222,191,153,151
355,"K042 Рамка 4-ная ""ATLAS"" ШАМПАНЬ ATN504 (15)",300200561_,шт,8,1,160,109,319,254,199,281,195,184,193,189,241,211,274,440,283,288,256,308,295,241,212,241,211,209,190,183,157,133,109,84,87
356,"K043 Рамка 5-ная ""ATLAS"" ШАМПАНЬ ATN505 (5)",300200562_,шт,11,11,37,27,88,71,51,182,153,124,102,91,5,103,103,170,167,139,134,127,119,114,112,106,91,91,90,90,90,86,85,87,77
357,"K044 Переключ. 2 кл 10А с/у б/рамки ""ATLAS"" ШАМПАНЬ ATN565 (10)",300200563_,шт,75,46,357,310,431,363,307,361,242,206,205,190,217,222,186,364,206,168,248,276,227,198,168,179,171,167,145,133,128,99,77,63,71
358,"K045 Роз. с з/к 16А с/у б/рамки ""ATLAS"" ГРИФЕЛЬ ATN743 (10)",300200564_,шт,518,379,1049,841,2764,2279,2126,1980,1810,1674,1497,1234,995,924,891,1517,1509,1329,1044,882,795,615,620,610,540,472,245,433,446,433,413,326,262
359,"K046 Выкл 1 кл 10А с/у ""ATLAS"" ГРИФЕЛЬ ATN712 (10)",300200565_,шт,,,232,207,355,301,319,301,277,288,258,232,198,189,183,198,198,180,165,164,162,158,141,127,118,106,85,74,70,43,37,34,3
360,"K0461 Выкл. 1-кл 10А с/у б/рамки ""ATLAS"" ГРИФЕЛЬ ATN711 (10) NEW",300200590_,шт,2,1,1,1,1,311,293,291,279,218,197,126,146,130,97,195,194,175,171,153,136,91,114,97,78,42,38,23,62,72,61,121,103
361,"K047 Выкл 1 кл с инд 10А с/у б/рамки ""ATLAS"" ГРИФЕЛЬ ATN713 (10)",300200566_,шт,5,4,50,22,80,77,75,71,67,71,67,67,87,87,87,86,76,76,76,76,75,75,75,75,75,75,75,75,75,75,75,75,75
362,"K048 Выкл 2 кл 10А с/у ""ATLAS"" ГРИФЕЛЬ ATN752 (10)",300200567_,шт,22,3,28,14,269,249,243,234,230,225,198,186,184,177,177,170,160,157,148,148,148,140,132,122,118,118,118,110,109,104,104,91,88
363,"K0488 Выкл 2-кл 10А механизм ""ATLAS"" ГРИФЕЛЬ ATN751 (10)",300200591_,шт,31,16,84,74,172,147,138,157,135,138,107,90,82,80,71,109,108,102,94,76,59,32,40,58,58,45,22,38,27,37,33,43,41
364,"K049 Выкл 2 кл с инд 10А с/у б/рамки ""ATLAS"" ГРИФЕЛЬ ATN753 (10)",300200568_,шт,28,17,17,15,65,55,35,29,34,51,57,57,67,67,67,66,66,66,66,66,66,66,66,66,65,65,65,65,65,65,65,68,68
365,"K050 Выкл 3 кл 10А с/у б/рамки ""ATLAS"" ГРИФЕЛЬ ATN731 (10)",300200569_,шт,2,2,12,2,32,29,27,60,59,54,49,46,52,52,52,51,51,50,49,49,49,49,49,45,41,41,40,40,37,37,37,43,43
366,"K051 Комп. роз. RJ45 5Е механизм б/рамки ""ATLAS"" ГРИФЕЛЬ ATN783 (10)",300200570_,шт,30,25,41,27,86,58,53,82,77,74,65,37,58,57,38,46,46,39,38,30,26,25,24,32,31,20,14,22,21,13,12,22,20
367,"K052 Переключ. 1 кл 10А с/у б/рамки ""ATLAS"" ГРИФЕЛЬ ATN761 (10)",300200571_,шт,15,8,35,15,145,127,117,134,130,113,110,84,93,89,87,86,86,81,75,51,51,50,46,41,39,33,29,26,24,24,24,23,23
368,"K053 Переключ. 1 кл с инд 10А с/у б/рамки  ""ATLAS"" ГРИФЕЛЬ ATN763  (10)",300200572_,шт,4,4,4,4,4,4,4,,10,10,10,10,10,10,10,9,9,9,9,9,9,9,9,9,9,9,9,9,9,9,9,8,8
369,"K054 Перекрест.переключ. 1 кл 10А с/у б/рамки ""ATLAS"" ГРИФЕЛЬ ATN771 (5)",300200573_,шт,55,50,50,40,30,28,26,41,40,39,39,39,63,63,63,62,62,62,62,61,61,60,60,60,61,61,54,54,54,54,54,54,53
370,"K055 Роз. 2-ная с/у 16А ""ATLAS"" ГРИФЕЛЬ ATN720 (6)",300200574_,шт,2,2,94,70,213,168,177,204,203,231,231,192,203,199,199,196,196,196,191,180,164,162,151,151,131,126,126,126,124,120,120,125,120
371,"K056 Роз. 2-ная с/у 16А с з/к з/ш ""ATLAS"" ГРИФЕЛЬ ATN726 (6)",300200575_,шт,53,32,79,79,207,207,207,206,190,188,124,95,51,90,63,58,148,148,147,147,145,133,115,115,113,113,101,74,56,53,48,48,48
372,"K057 Роз. RJ45+RJ45 5Е кат 5Е механизм б/рамки ""ATLAS"" ГРИФЕЛЬ ATN785 (10)",300200511_,шт,16,11,10,,20,18,18,32,10,20,20,9,46,46,46,45,45,24,24,24,24,24,24,12,12,12,13,12,12,12,12,12,8
373,"K058 Роз. с з/к 16А с/у з/ш ""ATLAS"" ГРИФЕЛЬ ATN744 (10)",300200576_,шт,80,64,244,227,438,415,385,375,355,369,351,321,319,315,235,232,232,210,208,208,207,207,198,167,166,160,158,110,109,105,95,95,65
374,"K0588 Роз. без з/к без з/ш б/рамки 16А ""ATLAS"" ГРИФЕЛЬ ATN741   (10) NEW",300200776_,шт,,,,,,220,217,221,220,185,187,78,124,114,114,163,163,163,163,163,161,157,157,157,153,153,153,153,152,149,149,159,154
375,"K059 ТV роз. оконечная с/у б/рамки ""ATLAS"" ГРИФЕЛЬ ATN791 (10)",300200577_,шт,34,29,29,21,21,21,27,36,35,34,31,27,44,44,44,43,43,43,42,40,40,40,40,39,39,39,39,39,39,39,39,39,39
376,"K061 Рамка 1-ная ""ATLAS"" ГРИФЕЛЬ ATN701 (10)",300200579_,шт,298,203,362,299,1249,1064,1042,981,898,772,670,484,521,506,506,666,654,551,516,439,358,273,257,237,206,133,57,265,246,243,240,197,123
377,"K062 Рамка 2-ная ""ATLAS"" ГРИФЕЛЬ ATN702 (10)",300200580_,шт,252,236,339,295,640,497,477,532,494,453,405,342,311,293,284,343,340,307,280,240,227,197,183,155,116,79,31,67,103,103,80,83,80
378,"K063 Рамка 3-ная ""ATLAS"" ГРИФЕЛЬ ATN703 (15)",300200581_,шт,55,38,87,69,214,189,175,165,145,124,95,88,139,122,83,219,217,204,140,129,126,113,108,99,94,82,57,56,44,53,52,41,41
379,"K064 Рамка 4-ная ""ATLAS"" ГРИФЕЛЬ ATN704 (15)",300200582_,шт,13,12,21,9,79,64,81,118,116,83,71,53,94,89,89,86,86,74,72,67,62,53,52,43,38,25,12,23,21,20,19,24,23
380,"K065 Рамка 5-ная ""ATLAS"" ГРИФЕЛЬ ATN705 (5)",300200583_,шт,18,12,12,11,15,,8,59,53,42,41,34,49,49,49,48,48,46,46,46,46,43,43,42,37,37,36,34,33,32,30,41,41
381,"K066 Переключ. 2 кл 10А с/у б/рамки ""ATLAS"" ГРИФЕЛЬ ATN765 (10)",300200584_,шт,61,45,44,33,91,82,78,99,97,101,98,80,101,101,100,95,95,91,91,86,86,81,81,73,73,73,71,62,55,55,54,62,59
382,"K067 Роз. с з/к 16А с/у б/рамки ""ATLAS"" КАРБОН ATN1043 (5)",300200343_,шт,2202,555,7,11810,27768,23168,16944,25764,21183,17358,14160,15686,19234,16295,14277,17826,25799,23870,21930,20161,17518,14890,13367,11665,9648,8422,6801,5683,5928,4219,3208,4302,3776
383,"K0677 Роз. без з/к без шторок, 16А, механизм ""ATLAS"" КАРБОН ATN1041 (10)",020100163_,шт,5,4,889,677,1791,1536,1023,1433,1173,1058,888,1174,1482,1358,1221,1572,1807,1786,1671,1555,1324,1278,1244,1187,1130,1099,1040,929,908,897,849,559,429
384,"K068 Выкл 1 кл 10А с/у ""ATLAS"" КАРБОН ATN1012 (5)",300200459_,шт,210,4,4,1315,2498,2057,1892,1831,1660,1490,1344,1227,1173,1088,920,1298,1224,1176,1093,879,782,627,566,489,396,381,313,322,350,227,258,279,293
385,"K0688 Выкл 1 кл 10А механизм ""ATLAS"" КАРБОН ATN1011 (5)",020100158_,шт,71,5,1086,575,3104,2480,1477,2834,2213,1732,2015,2278,3153,2689,2301,2959,3989,3659,3218,2926,2450,2072,1864,1493,1253,1074,1137,928,1174,844,636,533,536
386,"K069 Выкл 1 кл с инд 10А с/у б/рамки ""ATLAS"" КАРБОН - ATN1013",020100159_,шт,12,8,59,9,362,321,315,365,331,297,299,274,265,247,97,260,221,207,173,159,156,146,140,145,123,123,123,119,119,148,139,143,143
387,"K070 Выкл 2 кл 10А с/у ""ATLAS"" КАРБОН ATN1052 (5)",300200460_,шт,1186,986,887,777,2092,1882,1759,1579,1433,1345,1288,1200,1197,1107,977,924,884,834,711,637,594,433,391,339,273,268,203,217,253,220,195,168,182
388,"K0700 Выкл 2 кл 10А механизм ""ATLAS"" КАРБОН ATN1051 (5)",020100160_,шт,6,6,6,408,1566,1096,329,1405,1275,1369,1346,1528,2275,1970,1719,2181,3107,2924,2631,2487,2126,1894,1709,1533,1274,1134,989,833,763,560,451,363,417
389,"K071 Выкл 2 кл с инд 10А с/у б/рамки ""ATLAS"" КАРБОН  - ATN1053",020100161_,шт,44,9,3,32,302,279,249,281,276,250,257,212,215,202,172,166,128,126,114,80,80,73,73,73,58,58,58,57,57,57,51,57,47
390,"K072 Выкл 3 кл 10А с/у б/рамки ""ATLAS"" КАРБОН  ATN1031",300200461_,шт,,,174,310,304,266,231,239,167,73,89,194,255,224,189,328,297,267,240,207,194,178,157,128,93,70,78,62,99,89,73,58,46
391,"K074 Комп. роз. RJ45 5Е механизм б/рамки ""ATLAS"" КАРБОН ATN1083 (5)",300200472_,шт,182,94,48,754,1800,1560,1283,1568,1317,1150,971,755,1220,1041,866,1562,1510,1421,1266,1187,1045,995,968,873,708,687,588,493,424,266,204,162,142
392,"K075 Переключ. 1 кл 10А с/у б/рамки ""ATLAS"" КАРБОН ATN1061 (5)",300200462_,шт,162,93,10,727,1756,1447,1188,1599,1363,1219,988,805,930,753,709,863,1232,1099,1004,932,788,656,590,536,443,408,386,333,301,254,198,170,144
393,"K076 Переключ. 1 кл с инд 10А с/у б/рамки  ""ATLAS"" КАРБОН ATN1063 (2)",300200517_,шт,6,6,,,25,11,11,59,31,30,29,29,34,30,30,34,34,34,34,28,28,28,26,26,26,26,26,26,26,26,26,26,26
394,"K077 Перекрест.переключ. 1 кл 10А с/у б/рамки ""ATLAS"", КАРБОН -  ATN1071 (2)",020100162_,шт,95,73,185,148,490,458,359,345,257,236,191,178,232,199,157,308,284,230,213,203,189,186,182,161,162,147,153,130,127,88,80,75,52
395,"K0777 Перекрест. перекл. 2 кл 10А с/у б/рамки мех. ""ATLAS"" КАРБОН ATN1073   (5) NEW",300200772_,шт,,,,,,488,375,317,258,234,174,241,264,192,198,363,347,334,319,306,290,282,278,271,260,248,227,222,219,206,197,187,180
396,"K078 Роз. 2-ная с/у 16А ""ATLAS"" КАРБОН ATN1020 (6)",300200468_,шт,12,4,1035,1005,1355,1307,1157,1122,983,810,689,651,835,822,755,760,834,800,670,552,433,347,340,390,361,336,274,267,308,176,163,133,159
397,"K079 Роз. 2-ная с/у 16А с з/к з/ш ""ATLAS"" КАРБОН ATN1026 (6)",300200515_,шт,2,5,832,1463,1682,1324,1179,1152,953,707,543,649,929,779,594,1424,1267,1123,896,755,675,579,523,464,542,513,411,370,369,309,293,186,198
398,"K080 Роз. RJ45+RJ45 5Е кат 5Е механизм б/рамки ""ATLAS"" КАРБОН ATN1085 (5)",300200518_,шт,1,11,92,76,130,124,88,107,43,41,42,103,170,161,105,139,126,144,107,158,146,124,82,112,103,89,87,30,107,82,53,60,50
399,"K081 Роз. с з/к 16А с/у з/ш ""ATLAS"" КАРБОН ATN1044 (5)",300200516_,шт,160,39,943,256,1182,1110,1051,2479,2423,2241,2086,1889,1615,1550,1496,1573,1320,1264,1175,1057,964,913,808,775,525,478,346,278,403,323,311,306,302
400,"K082 ТV роз. оконечная с/у б/рамки ""ATLAS"" КАРБОН ATN1091",300200471_,шт,134,2,49,8,484,443,423,421,408,393,377,371,363,344,328,320,279,302,262,249,228,219,217,193,190,189,187,186,178,178,178,160,145
401,"K083 Телефонная роз. RJ11 механизм б/рамки ""ATLAS"" КАРБОН ATN1081",300200470_,шт,17,2,2,22,49,49,48,67,54,44,24,32,55,55,45,45,45,45,40,40,40,40,39,39,39,34,34,34,34,34,34,34,34
402,"K084 Рамка 1-ая ""ATLAS"" КАРБОН ATN1001 (10)",300200463_,шт,751,156,5556,9905,15152,12243,9140,14500,12772,11038,8966,7731,10895,9344,8307,10297,13885,12707,11470,10418,9286,8317,7749,6695,5229,4754,3937,3281,3105,2453,1903,1376,1469
403,"K085 Рамка 2-ая ""ATLAS"" КАРБОН ATN1002 (5)",300200464_,шт,713,407,3864,6586,8148,7222,5561,6860,5586,4296,3638,3783,5238,4618,3934,4896,7110,6341,5945,5464,4786,4119,3757,3300,2699,2157,1605,1682,1758,1183,887,1048,757
404,"K086 Рамка 3-ая ""ATLAS"" КАРБОН ATN1003 (15)",300200465_,шт,357,201,1740,2988,3776,3350,2614,3323,2722,2297,1790,1546,2415,2053,1798,2275,3249,2978,2802,2544,2286,2071,1889,1720,1447,1320,1193,1023,783,586,370,436,398
405,"K087 Рамка 4-ая ""ATLAS"" КАРБОН ATN1004",300200466_,шт,5,,706,1255,1432,1249,890,1036,736,672,601,624,875,780,682,1451,1372,1321,1231,1171,1031,879,734,684,630,597,500,470,423,313,282,229,248
406,"K088 Рамка 5-ая ""ATLAS"" КАРБОН ATN1005",300200467_,шт,36,,,191,397,343,260,301,253,206,157,188,274,237,214,332,304,291,276,265,220,214,199,168,134,132,116,103,70,53,46,45,76
407,"K089 Переключ. 2 кл 10А с/у б/рамки ""ATLAS"" КАРБОН ATN1065 (5)",300200519_,шт,153,45,898,1724,1746,1466,1234,1526,1329,1190,1070,910,740,645,568,616,1027,949,877,802,692,586,545,509,458,405,355,294,265,227,157,158,113
408,"K090 Диммер повортно нажимной мех. LED RC 400Вт ""ATLAS"" КАРБОН ATN1023 (1) NEW",300200775_,шт,,,,,,29,26,25,21,30,27,28,27,23,23,3,3,23,23,23,23,23,22,12,8,12,12,14,14,14,14,14,14
409,"K091 Выкл. AQUA 2 кл IP44 мех. ""ATLAS"" КАРБОН ATN441051   (5) NEW",300200781_,шт,,,,,,50,50,50,49,48,44,37,37,37,35,34,34,34,33,33,33,33,33,27,24,24,24,20,20,20,20,20,19
410,"K093 Роз. AQUA с з/к с ш/т 16А с крышкой IP44 механизам ""ATLAS"" КАРБОН ATN441046 (10) NEW",300200779_,шт,,,,,,392,125,561,461,480,442,402,414,413,373,440,406,368,339,332,253,211,161,114,99,85,127,125,141,99,88,90,84
411,"K094 Рамка 1-ная AQUA IP44 ""ATLAS"" КАРБОН ATN441001     (10) NEW",300200782_,шт,,,,,,400,397,387,376,376,369,348,345,336,328,324,320,316,307,307,282,262,236,229,213,213,213,210,210,205,201,196,192
412,"K095 Рамка 2-ная AQUA IP44 ""ATLAS"" КАРБОН ATN441002     (5) NEW",300200783_,шт,,,,,,100,99,98,96,95,94,91,89,89,84,81,83,83,80,80,64,57,57,48,48,47,47,35,28,27,27,28,23
413,"S197 Рамка 1-ная   ""Wessen 59"" (90) !!!",300100015_,шт,108,108,108,78,74,74,74,75,48,48,48,48,48,48,48,48,48,116,116,96,96,96,91,,,,,,,,,,
414,"S198 Рамка 2-ная   ""Wessen 59"" (60) !!!",300100006_,шт,165,164,164,160,160,157,155,313,313,310,309,309,309,309,309,309,309,425,423,474,474,474,468,,,,,,,,,,
415,"S199 Рамка 3-ная ""Wessen 59"" (15/60) !!!",300100003_,шт,241,238,238,237,237,228,202,203,203,201,201,201,201,201,200,200,200,276,275,352,352,352,352,,,,,,,,,,
416,"S200 Рамка 4-ная  ""Wessen 59"" (15/60) !!!",300100012_,шт,10,7,7,7,7,7,7,8,8,8,8,8,8,8,8,8,8,8,8,18,18,18,18,,,,,,,,,,
417,"S231 1кл с/у. 6А IP20 ""Прима"" ВС 16-057-б (96) !!!",030200006_,шт,,,,,,,,6,6,6,6,6,6,,,,,2,101,93,67,,,,2,2,2,2,1,1,1,1,1
418,"S232 2кл с/у. 6А IP20 ""Прима"" ВС 56-043-б (96) !!!",030200008_,шт,,,,,,,,,,,,,,,,,,3,181,181,146,99,72,38,6,,,,,,,,
419,"S233 1кл. инд.с/у 6А IP20 ""Прима"" ВС 16-053-б (96) !!!",030200005_,шт,151,148,140,133,131,128,126,655,655,655,655,655,654,650,650,650,646,646,740,771,771,753,742,740,441,430,428,423,419,419,388,378,361
420,"S234 2кл.инд.с/у 6А IP20 ""Прима"" ВС 56-039-б (96) !!!",030200007_,шт,52,46,43,40,39,32,29,585,585,585,585,585,585,570,570,570,570,572,665,707,707,705,704,702,161,161,161,161,161,161,118,117,116
421,"S235 с/у 10А IP20  ""Прима"" РС 10-184-б (99) !!!",030200013_,шт,1,1,1,1,1,1,1,54,54,54,54,54,54,51,51,51,51,51,51,375,375,375,375,375,323,323,323,323,323,323,323,323,323
422,"S236 с/у з/к.з/ш.16А IP20 ""Прима"" РС 16-004-б (81) !!!",030200015_,шт,1,1,1,1,1,1,1,8,8,8,8,8,8,8,8,8,8,7,11,5,5,5,1,5,4,4,4,4,3,3,3,3,3
423,"S238 2-я с/у.з/к.з/ш 16А IP20 ""Прима"" РС 16-212-б (68)  !!!",030200016_,шт,,,,,,,,65,65,65,65,65,65,65,65,65,65,70,70,70,70,70,70,70,62,62,62,62,62,62,62,62,62
424,"S239 1кл о/у. 6А IP20  ""Прима"" ВА 16-051-б (130) !!!",030200002_,шт,,,,,,,,,,,,,,,,,,,9,9,3,3,3,3,3,3,3,3,3,3,3,3,3
425,"S242 2кл.инд  о/у 6А IP20  ""Прима"" ВА 56-007-б (130) !!!",030200003_,шт,6,6,6,6,6,6,6,6,6,6,6,6,6,6,6,6,2,2,131,116,108,107,94,91,88,84,84,81,72,66,19,14,4
426,"S243 о\у 10А IP20  ""Прима"" РА 10-164-б (168) !!!",030200009_,шт,,,,,,,,,,,,,,,,,,1,1,20,6,1,1,1,2,2,2,2,2,2,2,2,2
427,"S244 о/у з/к.з/ш 16А IP20 ""Прима"" РА 16-003/1-б (111)",030200011_,шт,2,2,2,2,2,2,2,2,2,2,2,2,2,2,2,2,2,2,2,2,2,2,2,2,2,2,2,2,2,2,2,2,2
428,"S245 2-я.о/у 10А IP20 ""Прима"" РА 16-213-Iб (112) !!!",030200266_,шт,5,5,5,5,5,5,5,5,5,5,5,5,5,5,5,5,5,5,5,5,5,5,5,5,5,5,5,5,5,5,5,5,5
429,"S245 2-я.о/у 10А IP20 ""Прима"" РА 16-213-б (112)",030200010_,шт,,,,,,,,,,,,,,,,,,,,44,44,44,44,44,44,44,44,44,44,44,44,44,44
430,"S246 2-я о\у.з/к.з/ш 16А IP20 ""Прима"" РА 16-214-б (84)",030200012_,шт,,,,,,,,,,,,,,,,,,,,,,,,,8,8,8,8,8,8,8,8,8
431,"S247 4-я.о/у.з/к.з/ш 16А IP20 ""Прима"" РА 16-411М-б (22) !!!",030200075_,шт,1,1,1,1,1,1,1,1,1,1,1,1,1,1,1,1,1,1,1,1,1,1,1,221,1,1,1,1,1,1,1,1,1
432,"S248 с/у. 6А IP20 ""ХИТ"" ВС 16-133-б (96) !!!",030200030_,шт,832,667,799,858,2424,3747,2745,2755,2685,2661,70,721,2557,571,488,1,1,1,1,1,1,1,,,,,,,,,1200,,
433,"S249 2кл. с/у. 6А IP20 ""ХИТ"" ВС 56-234-б (96)  !!!",030200031_,шт,1005,989,959,828,587,1339,1107,1287,1262,2675,412,387,357,283,234,1,1,1,1,1,1,1,,192,,,,,,,960,,
434,"S250 с/у 10А IP20  ""ХИТ"" РС 10-132-б / 10-135-б (114)  !!!",030200036_,шт,1582,1027,989,948,1025,1321,957,2755,2715,777,731,671,1740,694,570,1,1,1,1,1,1,1,,,,,,,,,120,,
435,"S251 с/у.з/к 16А  IP20  ""ХИТ"" РС 16-134-б (81) !!!",030200038_,шт,496,452,404,604,760,1976,2499,3541,3511,3825,476,1266,1216,1194,1063,1033,191,1,1,1,1,1,,,10,10,,,,,,,
436,"S252 2-я с/у 10А IP20  ""ХИТ""  РС 16-235-б / 16-230-б (80) !!!",030200037_,шт,2040,1183,888,550,2422,2303,2250,2231,6641,2471,611,401,2891,321,271,1,1,1,1,1,1,1,1601,4,1,1,1,1,1,1,2401,1,1
437,"S253 2-я с/у.з/к 16А IP20 ""ХИТ"" РС 16-236-б  (68) !!!",030200039_,шт,920,681,788,676,1725,2481,2431,2537,2526,2500,1297,1286,1272,1842,318,63,53,,,,,,,,53,51,51,36,36,,,,
438,"S254 о/у. 6А IP20  ""ХИТ"" ВА 16-131-б (168) !!!",030200028_,шт,52,1,1457,2921,4508,4408,4351,4260,4043,5574,2053,1908,3566,1698,1610,1559,1,1,1,1,1,1,841,1,1,1,1,1,1,1,1601,1,1
439,"S255 2кл.о/у. 6А IP20 ""ХИТ"" ВА 56-232-б (168) !!!",030200029_,шт,9,7,482,950,1324,1312,1312,2634,2609,2588,2569,2495,2482,2470,2470,2455,2446,1,1,1,1,1,,,9,9,9,9,9,,,,
440,"S256 о/у.10А IP20  ""ХИТ"" РА 10-131-б (168) !!!",030200032_,шт,825,752,397,365,921,906,866,2138,2110,2104,2072,2037,1753,1721,1678,1594,1597,1,1,1,1,1,,,,,,,,,200,,
441,"S257 о/у. з/к 16А IP20  ""ХИТ""  РА 16-133-б (132) !!!",030200034_,шт,470,55,1185,1525,2751,2621,2838,3126,2966,2868,2780,2579,2601,2524,2340,2229,2091,1,1,1,1,1,,,119,119,99,67,67,,,,
442,"S258  2-я.о/у. 10А IP20 ""ХИТ"" РА 16-237I-б / РА 16-233I-б (112) !!!",030200239_,шт,3088,1810,1708,1656,4056,3998,3946,3826,3544,1550,718,581,2752,285,190,1,1,1,1,1,1,1,1,1,1,1,1,1,1,1,1,2657,1
443,"S259 2-я. о/у.з/к.16А IP20 ""ХИТ"" РА 16-238I-б (84) !!!",030200240_,шт,2075,89,2094,2476,5293,4980,4901,4483,4398,4027,3897,3663,4378,3182,2249,75,75,1,1,1345,1,1,421,1,24,23,13,8,8,961,1921,1,1
444,"S263 кнопка звонка IP20 ""Wessen"" А10-4-011 !!!",030200076_,шт,,,,,,,,,,,,,,,,,,,,,,,,,,,,,,,,,
445,S264 РП-1 (Розетка потолочная до15кг)  (180),030200060_,шт,,,,,,,,12,12,12,12,12,12,9,9,9,9,9,9,9,9,9,9,9,9,9,9,9,9,9,9,9,9
446,"S265 2кл инд с/у 10A ""Wessen 59"" BC 510-251-1-86 (10/60) !!!",030200372_,шт,4,4,4,4,4,4,4,4,4,4,3,3,3,3,3,3,3,3,3,3,3,3,3,,,,,,,,,,
447,"S266 1кл с/у инд 10А ""Wessen 59"" ВС 110-153-18 (10/60) !!!",030200379_,шт,3,3,3,3,3,3,3,3,3,3,3,3,3,2,2,2,2,10,10,10,10,10,9,,,,,,,,,,
448,"S269 2кл.с/у.инд. 6А IP20 ""Рондо"" ВС 56-051-би (15/90) !!!",030200042_,шт,,,,,,,,47,47,47,47,47,47,38,38,38,38,38,38,38,38,38,38,38,,,,,,,,,
449,"S271 1кл Перекл. с/у, с индик. 6А""Рондо"" ВС 66-004-би (15/90) !!!",030200105_,шт,,,,,,,,24,24,24,24,24,24,24,24,24,24,24,24,24,24,24,24,24,,,,,,,,,
450,"S273 с/у. 10А  IP20 ""Рондо"" РС 10-185-би (15/90) !!!",030200045_,шт,,,,,,,,27,27,27,27,27,27,27,27,27,27,27,27,27,27,27,27,27,,,,,,,,,
451,"S276 с/у.з/к.з/ш. 16А IP20 ""Рондо"" РС 16-121-би (12/72) !!!",030200047_,шт,,,,,,,,39,39,39,39,39,39,39,39,39,39,39,39,39,39,39,39,39,,,,,,,,,
452,"S280 с/у.телефонная ""Рондо"" РТ-4С-би (18/108) !!!",030200062_,шт,,,,,,,,403,403,403,403,403,403,403,403,403,403,403,403,403,403,403,403,403,,,,,,,,,
453,"S283 о/у. 6А IP44 ""Рондо"" ВА 66-102Б-би переключатель (10/60) !!!",030200026_,шт,502,261,44,2,1,1,1,2,2,1,1,1,1,1,1,1,1,1,1,1,1,1,1,1,5,5,5,5,5,4,4,4,4
454,"S284 2кл. о/у 6А IP44  ""Рондо"" ВА 56-225Б-би (10/60) !!!",030200025_,шт,81,70,8,2,2,2,2,4,4,3,3,3,3,3,3,3,3,3,3,3,3,3,3,3,1,1,1,1,1,1,1,1,1
455,"S285 с/у.з/к.з/ш 16А IP44 ""Рондо"" РС 16-126Б-би (10/60) !!!",030200027_,шт,107,99,95,110,110,91,91,91,90,90,45,45,45,45,45,45,45,45,38,33,33,27,27,26,26,26,26,26,26,23,21,21,21
456,"S286 о/у.з/ш. 10А IP44 ""Рондо"" РА 10-125Б-би (12/72) !!!",030200052_,шт,8,1,1,1,1,1,1,1,1,1,1,1,1,1,1,1,1,1,1,1,1,1,,,,,,,,,,,
457,"S287 о/у.з/к.з/ш.16А IP44 ""Рондо"" РА 16-112Б-би (10/60) !!!",030200053_,шт,2,2,2,2,2,2,1,1,1,1,1,1,1,1,1,1,1,1,1,1,1,1,,,,,,,,,,,
458,"S288 2-я.о/у. з/к.з/ш 16А IP44 ""Рондо"" РА 16-227Б-би (5/30) !!!",030200054_,шт,17,17,17,17,17,17,17,17,17,17,17,17,17,17,17,17,17,17,17,17,17,17,17,17,19,19,19,18,18,18,18,18,18
459,"S296  Розетка с/у, з/к, з/ш ЭТЮД (120) РС16-004В!!!",030200184_,шт,13,13,13,13,13,13,13,13,13,13,13,13,13,13,13,13,13,13,13,13,13,13,13,13,,,,,,,,,
460,"S297  Розетка  2-ая с/у, з/ш ЭТЮД (120) РС16-006В !!!",030200183_,шт,93,93,93,93,93,93,93,93,93,93,93,93,93,93,93,88,88,88,88,88,88,88,88,88,88,88,88,88,88,88,88,88,88
461,S302  Выкл. 1-кл. о/у Белый ЭТЮД ВА10-001В (25),030200194_,шт,2,2,2,2,2,2,2,2,2,2,2,2,2,2,2,2,2,2,2,2,2,2,2,2,2,2,2,2,2,2,2,2,2
462,S303  Выкл. 2-кл. о/у Белый ЭТЮД ВА10-002В (200),030200179_,шт,2,2,2,2,2,2,2,2,2,2,2,2,2,2,2,2,2,2,2,2,2,2,2,2,2,2,2,2,2,2,2,2,2
463,"S310  Розетка IP44 с/у, з/к, з/ш ЭТЮД РС16-044В (120)",030200191_,шт,54,54,52,51,64,64,64,64,64,64,64,64,51,51,49,49,49,49,45,45,1,1,1,1,3,2,2,2,2,2,2,2,2
464,S313  Выкл. 1-кл. с инд. о/у IP44 Белый ЭТЮД ВА10-045В (112),030200175_,шт,16,16,16,14,10,10,10,10,10,10,10,7,7,7,7,7,7,2,2,2,2,2,2,2,2,2,2,2,2,2,2,2,2
465,S314  Выкл. 2-кл. о/у IP44 Белый ЭТЮД (112) ВА10-042В!!!,030200174_,шт,,,,,,,,,,,,,,,,,,,,,,,,,,,,,,,,,
466,"S315  Розетка 1-я о/у, з/ш, з/к IP44 Белая ЭТЮД РА16-044В (96)",030200176_,шт,14,14,32,1,22,22,22,21,21,21,20,6,18,16,14,1,1,25,25,25,25,25,25,10,8,7,7,7,6,6,6,4,1
467,"S360 Выкл 1 кл 10А с/у ""GLOSSA"" белый GSL112 (15)",030200247_,шт,158,155,193,171,297,252,214,196,150,170,151,147,115,107,107,66,39,35,49,47,47,25,24,1,2,2,2,2,1,1,1,1,1
468,"S361 Выкл 1 кл с инд 10А с/у б/рамки "" белый GSL113 (20)",030200246_,шт,42,42,42,38,38,38,22,17,5,17,11,28,21,21,21,21,21,21,39,56,56,56,56,46,,,,,,,,,
469,"S362 Выкл 2 кл 10А с/у ""GLOSSA"" белый GSL152 (15)",030200243_,шт,121,102,77,65,164,147,134,114,99,106,97,107,94,87,86,81,72,68,84,102,102,101,99,99,98,98,98,92,91,91,91,90,21
470,"S363 Выкл 2 кл с инд 10А с/у б/рамки ""GLOSSA"" белый GSL153 (20)",030200244_,шт,46,46,46,46,44,39,30,28,28,23,26,24,22,20,20,20,20,20,20,38,33,33,33,24,1,1,1,1,1,1,,,
471,"S364 Выкл 3 кл 10А с/у б/рамки ""GLOSSA"" белый GSL131 (20)",030200245_,шт,50,49,43,43,27,26,24,19,19,19,8,28,28,28,28,28,28,28,27,42,42,42,42,40,38,38,37,37,37,37,33,31,31
472,"S365 Переключ. 1 кл 10А с/у б/рамки ""GLOSSA"" белый GSL161 (20)",030200248_,шт,57,50,50,65,81,63,46,45,45,45,40,40,40,39,39,39,39,39,38,49,49,49,49,46,23,12,9,9,6,,,,
473,"S366 Переключ. 1 кл с инд 10А с/у б/рамки ""GLOSSA"" белый GSL163 (20)",030200249_,шт,28,22,22,22,22,22,11,8,8,26,28,28,27,27,27,27,26,24,23,77,75,75,74,56,46,44,33,32,31,21,5,1,1
474,"S367 Роз. 2-ная с/у 16А ""GLOSSA"" белый GSL120 (15)",030200259_,шт,46,43,20,43,174,144,128,116,12,112,93,91,85,85,69,69,59,59,61,81,81,81,81,17,14,2,,,,,,,
475,"S368 Роз. 2-ная с/у 16А с з/к з/ш ""GLOSSA"" белый GSL126 (10)",030200260_,шт,2,1,1,123,288,259,250,250,247,237,220,214,211,211,211,199,199,196,259,259,259,259,259,103,,,,,,,,,
476,"S369 Роз. с з/к 16А с/у ""GLOSSA"" белый GSL142 (15)",030200256_,шт,6,6,4,657,1229,1108,925,877,640,598,523,492,422,402,397,374,360,283,359,391,386,335,280,169,14,4,4,4,3,3,3,3,3
477,"S370 Роз. с з/к 16А с/у з/ш ""GLOSSA"" белый GSL144 (15)",030200257_,шт,55,5,4,124,299,342,303,295,141,275,259,185,165,160,160,120,120,70,70,102,102,102,99,36,,,,,,,,,
478,"S371 Роз. с з/к 16А с/у з/ш IP44 ""GLOSSA"" белый GSL148 (10)",030200258_,шт,1,1,1,31,99,83,65,65,5,61,60,60,59,57,56,56,56,45,43,53,47,46,42,26,4,4,4,4,4,4,4,4,4
479,"S373 Диммер поворотно-нажимной (с/у 600Вт) ""GLOSSA"" белый GSL136 (2)",030200264_,шт,1,1,1,1,1,1,1,1,1,1,1,1,1,1,1,1,1,1,1,1,1,1,,,,,,,,,,,
480,"S374 Комп. роз. RJ45 5Е механизм б/рамки ""GLOSSA"" белый GSL181K (10)",030200263_,шт,32,30,34,34,53,48,43,42,39,37,35,35,33,33,33,31,31,29,36,47,45,45,43,,1,1,1,1,1,1,1,1,1
481,"S375 Роз. RG11+RJ45 5Е кат 5Е механизм б/рамки ""GLOSSA"" белый GSL185 (10)",030200262_,шт,9,9,19,27,36,34,34,34,34,34,32,32,32,32,32,30,30,30,30,60,60,60,60,,,,,,,,,,
482,"S376 ТV роз. проход.с/у б/рамки ""GLOSSA"" белый GSL192 (10)",030200265_,шт,1,1,16,12,16,16,8,6,16,16,14,13,14,14,14,14,11,11,11,41,41,41,41,,,,,,,,,,
483,"S377 Телефонная роз. RJ11 механизм б/рамки ""GLOSSA"" белый GSL181T (10)",030200261_,шт,12,11,11,11,10,10,10,10,10,10,10,10,7,7,7,7,6,6,7,15,15,15,15,,,,,,,,,,
484,"S378 USB розетка - 2х5В/ 1050 мА с/у б/рамки ""GLOSSA"" белый GSL133 (1)",030200292_,шт,23,23,20,17,17,17,17,17,17,17,17,17,15,15,15,15,15,15,15,15,15,15,15,13,7,7,7,7,2,2,2,2,2
485,"S379 Рамка 1-ная ""GLOSSA"" белый GSL101 (45)",030200250_,шт,280,277,265,263,287,259,229,219,163,154,151,146,137,121,121,117,112,110,109,198,187,187,167,119,49,49,44,42,21,15,14,14,11
486,"S380 Рамка 2-ная ""GLOSSA"" белый GSL102 (30)",030200251_,шт,157,146,108,136,315,283,228,222,175,191,163,179,145,134,132,128,114,105,113,152,139,139,124,80,54,54,51,50,41,22,19,15,11
487,"S381 Рамка 3-ная ""GLOSSA"" белый GSL103 (15)",030200252_,шт,22,18,41,41,98,86,66,63,78,75,64,60,50,47,46,46,46,44,48,84,80,80,68,57,44,44,44,44,40,38,38,38,36
488,"S382 Рамка 4-ная ""GLOSSA"" белый GSL104 (15)",030200253_,шт,44,43,36,36,58,52,38,36,34,34,32,32,33,33,33,32,31,24,24,35,33,33,29,19,18,18,17,17,17,17,17,17,17
489,"S383 Рамка 5-ная ""GLOSSA"" белый GSL105 (5)",030200254_,шт,23,23,22,22,22,21,21,21,21,19,17,17,16,16,16,13,11,8,8,23,23,23,23,21,19,19,19,19,19,19,19,19,19
490,"S3833 Выкл 1 кл 10А с/у б/рамки ""ATLAS"" белый (20) ATN111",300200331_,шт,854,165,2449,1205,9619,7102,5037,8610,5931,6060,4749,6010,10216,8621,7437,9281,13723,11825,10302,9250,7501,6811,6414,6315,5139,4054,4373,3552,3798,3179,2571,1900,2093
491,"S384 Выкл 1 кл 10А с/у ""ATLAS"" белый ATN112  (15)",300200296_,шт,1928,980,3964,6582,8858,8093,7014,7683,6623,5921,5440,4805,4111,3820,3249,2842,4639,4098,3684,3151,2355,2215,1998,2119,1621,1152,1527,1373,1804,1247,926,1399,963
492,"S385 Выкл 1 кл с инд 10А с/у б/рамки ""ATLAS"" белый ATN113 (20)",300200283_,шт,142,102,675,488,1105,1034,945,989,914,875,850,806,773,762,651,700,628,562,475,454,155,269,251,248,265,206,276,246,260,312,236,201,167
493,"S386 Выкл 2 кл 10А с/у ""ATLAS"" белый ATN152 (15)",300200302_,шт,461,106,1609,2872,5309,4957,4411,5199,4679,4129,3859,3476,3130,2887,2425,2420,3623,3515,3235,2891,2368,1985,1689,1399,1129,904,1007,932,896,652,540,880,737
494,"S3866 Выкл 2 кл 10А механизм ""ATLAS"" белый ATN151 (20)",300200333_,шт,106,74,61,938,4399,2648,1734,4588,3021,3400,2720,3377,5098,4175,3587,4803,7065,6034,5315,4830,3750,3520,3338,3349,2847,2255,2043,2002,2183,1809,1221,1011,851
495,"S387 Выкл 2 кл с инд 10А с/у б/рамки ""ATLAS"" белый ATN153 (20)",300200288_,шт,27,27,21,186,470,428,243,559,510,412,406,401,388,337,223,200,337,312,267,260,234,169,195,176,200,164,134,107,135,91,80,46,54
496,"S388 Выкл 3 кл 10А с/у б/рамки ""ATLAS"" белый ATN131 (20)",300200284_,шт,123,114,227,156,576,414,309,529,91,465,448,458,592,516,399,979,934,815,754,686,609,552,529,491,416,361,294,227,196,164,151,107,105
497,"S389 Диммер поворотно-нажимной с/у б/рамки 315Вт ""ATLAS"" белый ATN134 (1)",300200285_,шт,1,1,1,1,1,1,1,1,1,1,1,1,1,1,1,1,1,1,1,1,1,1,,,,,,,,,,,
498,"S3899 Диммер поворотно-нажимной с/у б/рамки 400Вт ""ATLAS"" белый ATN123 (1)",300200767_,шт,13,12,42,41,35,27,27,22,8,13,4,17,22,22,21,19,29,28,28,29,26,17,14,14,10,8,3,8,8,7,7,6,6
499,"S390 Комп. роз. RJ45 5Е механизм б/рамки ""ATLAS"" белый ATN183 (10)",300200293_,шт,1034,846,714,85,3971,3286,2894,3596,3252,2593,2323,1913,2515,2173,1891,3687,3452,3140,2754,2528,2248,2098,1960,1810,1684,1495,988,809,706,518,373,375,332
500,"S391 Переключ. 1 кл 10А с/у б/рамки ""ATLAS"" белый ATN161 (20)",300200289_,шт,174,18,1050,829,2784,2506,2098,2194,1774,1356,942,1346,2027,1771,1435,1873,2663,2341,2038,1693,1403,1424,1240,1358,1203,939,845,771,713,619,426,455,257
501,"S392 Переключ. 1 кл с инд 10А с/у б/рамки  ""ATLAS"" белый ATN163 (20)",300200290_,шт,2,2,78,78,153,146,135,165,165,155,153,153,148,148,148,137,129,117,113,113,133,131,131,127,123,113,113,113,113,95,91,91,87
502,"S393 Перекрест.переключ. 1 кл 10А с/у б/рамки ""ATLAS"" белый ATN171 (5)",300200291_,шт,2,1,179,106,476,401,288,609,502,424,377,323,385,370,317,500,458,389,352,306,299,276,239,166,136,95,99,129,121,95,61,66,70
503,"S394 Роз. 2-ная с/у 16А ""ATLAS"" белый ATN120 (15)",300200297_,шт,66,14,2096,1172,5637,4742,3984,5284,3810,3304,2466,3420,4879,4146,3594,3816,6637,5957,5196,4263,3500,3171,2643,2573,2262,1721,1966,1948,2230,1729,1340,1285,1064
504,"S395 Роз. 2-ная с/у 16А с з/к з/ш ""ATLAS"" белый ATN126 (10)",300200298_,шт,37,4,2561,1201,5930,4847,3978,6238,5043,3866,2541,3673,4697,4014,3512,3159,7149,6071,5194,4059,3535,3829,3109,2625,2254,1467,2660,2246,3194,2458,1420,1585,1707
505,"S396 Роз. 2-ная с/у 16А с з/к з/ш со сдвиж.крыш.""ATLAS"" белый ATN128 (6)",300200299_,шт,30,26,56,50,85,82,64,94,83,63,63,62,61,61,57,68,66,16,16,39,32,84,94,88,132,132,132,131,131,131,131,131,129
506,"S397 Роз. RJ45+RJ45 5Е кат 5Е механизм б/рамки ""ATLAS"" белый ATN185 (10)",300200294_,шт,155,101,293,163,1206,1151,1091,977,684,477,486,380,735,710,495,1049,971,915,877,813,532,490,394,246,317,357,358,298,304,275,246,233,184
507,"S398 Роз. с з/к 16А с/у б/рамки ""ATLAS"" белый ATN143 (20)",300200286_,шт,4005,765,15746,9064,60702,50598,41695,55359,43334,32926,26512,34683,49976,43475,37510,45851,64549,56836,49671,43811,35605,29322,25170,23761,19298,15093,14339,16109,19174,15732,11138,9939,10252
508,"S3988 Роз. без з/к без шторок 16А механизм ""ATLAS"" белый ATN141 (20)",300200332_,шт,13,1813,1605,739,5606,4806,3620,4700,3141,3316,2627,2936,6337,5613,4623,5158,7803,7006,5718,5510,4715,4780,4379,3916,3270,2498,2516,3004,2872,2521,1813,1673,1367
509,"S399 Роз. с з/к 16А с/у з/ш ""ATLAS"" белый ATN144 (15)",300200301_,шт,336,182,3816,3017,6799,6400,5564,6774,6128,5145,4737,4085,3492,3624,2967,2775,4587,4089,3842,2909,2216,2610,2366,1880,1430,639,1250,1688,2040,1667,1454,1346,973
510,"S400 Роз. с з/к 16А с/у з/ш с выталкивателем б/рамки ""ATLAS"" белый ATN147 (15)",300200287_,шт,17,13,35,20,152,145,140,177,82,66,46,106,118,117,117,123,123,121,116,107,107,107,103,76,44,44,44,36,36,4,34,44,43
511,"S4000 Роз. с з/к 16А с/у з/ш с крышкой б/рамки""ATLAS"" белый  ATN146 (15)",300200700_,шт,1,1,251,33,814,581,377,621,478,585,582,527,562,617,624,1168,1122,972,780,559,470,452,510,579,533,484,336,270,380,320,231,276,145
512,"S401 ТV роз. оконечная с/у б/рамки ""ATLAS"" белый ATN191 (10)",300200295_,шт,119,1,505,382,1148,1060,993,864,797,629,592,477,609,565,364,887,838,766,721,683,626,591,572,540,513,508,504,496,472,460,446,410,387
513,"S402 Телефонная роз. RJ11 механизм б/рамки ""ATLAS"" белый ATN181 (10)",300200292_,шт,12,20,81,69,270,259,224,186,152,140,140,136,148,147,95,197,197,180,157,142,132,130,137,121,99,74,64,61,61,60,60,59,55
514,"S403 ТЕРМОСТАТ для теп.пола с датч. с/у 16А ""ATLAS"" белый (1) ATN138",300200300_,шт,8,2,32,20,78,68,64,77,67,63,58,47,40,36,31,57,49,49,49,49,49,49,45,35,33,33,33,33,25,25,23,23,21
515,"S404 USB розетка - 2 порта с/у б/рамки ""ATLAS"" белый (1) ATL133",300200312_,шт,1,1,1,1,1,1,1,1,1,54,47,45,48,47,46,44,43,34,26,26,26,26,25,25,15,15,15,8,11,11,2,4,7
516,"S405 Рамка 1-ная ""ATLAS"" белый (45) ATN101",300200303_,шт,2696,556,11310,6718,32985,25920,20507,31327,22721,17854,14801,19556,32966,29374,24257,29867,41124,35331,30638,28225,22546,23256,20492,17044,13268,10526,9662,10206,11501,9578,5803,6360,6621
517,"S406 Рамка 2-ная ""ATLAS"" белый (30) ATN102",300200304_,шт,1460,496,4470,2478,14963,12204,10271,13918,10782,9140,6980,9080,14786,12808,10822,13984,17092,15041,13371,11748,9207,8839,8117,6540,4792,3324,4249,4594,5308,4484,3094,3894,2707
518,"S407 Рамка 3-ная ""ATLAS"" белый (15) ATN103",300200305_,шт,436,87,2279,1300,7200,5929,4944,6301,4808,4386,3416,3479,5744,5018,4383,5535,7461,6570,5837,5210,4415,3808,3230,2588,1994,1281,1396,1780,1825,1503,1287,1186,978
519,"S408 Рамка 4-ная ""ATLAS"" белый (15) ATN104",300200306_,шт,328,253,1990,1582,3376,3062,2737,2948,2489,1902,1413,1127,2447,2246,1891,3252,3070,2756,2482,2200,1960,1736,1509,1246,754,465,637,885,898,813,612,562,344
520,"S409 Рамка 5-ная ""ATLAS"" белый (5) ATN105",300200307_,шт,39,72,377,299,895,844,758,780,691,595,502,427,484,466,417,551,499,467,352,290,258,260,134,157,225,216,201,203,197,203,160,167,136
521,"S410 Переключ. AQUA 1 кл 10А с/у б/рамки IP 44 ""ATLAS"" белый ATN0161 (20)",300200310_,шт,4,4,81,21,149,146,146,248,237,232,227,219,243,223,223,222,222,220,217,204,189,136,136,134,128,128,116,115,110,110,110,70,60
522,"S411 Роз. AQUA с з/к 16А с/у з/ш c крышкой б/рамки IP 44 ""ATLAS"" белый ATN0146 (15)",300200311_,шт,5,2,410,324,984,794,746,862,655,422,314,475,558,513,455,879,719,582,438,446,371,437,397,247,259,103,63,462,459,420,258,242,181
523,"S412 Рамка 1-ная AQUA IP 44 ""ATLAS"" белый ATN0101 (10)",300200308_,шт,150,135,250,227,532,462,454,319,298,288,280,141,202,200,181,212,196,175,172,158,141,91,90,82,19,56,22,64,101,91,75,94,55
524,"S413 Рамка 2-ная AQUA IP 44 ""ATLAS"" белый ATN0102 (5)",300200309_,шт,27,27,61,48,103,103,85,153,144,142,140,134,124,121,112,107,103,88,82,74,71,65,61,40,20,29,1,54,53,47,30,31,26
525,"S414 Выкл 1 кл  с/у 6А 250B ""BLANCA"" белый BLNVS006101 (60)",300200313_,шт,248,236,179,564,1293,1259,1118,1137,1036,939,818,753,534,476,413,393,439,951,988,934,829,797,730,708,683,588,456,402,422,380,365,320,256
526,"S414 Переключ. 2 кл 10А с/у б/рамки ""ATLAS"" белый ATN165 (20)",300200498_,шт,51,54,702,530,1918,1656,1395,1758,1460,1171,974,848,1280,1143,1005,1210,1615,1306,1029,993,846,768,725,744,574,365,426,525,574,495,340,302,138
527,"S415 Адаптер 45 ""ATLAS"" белый ATN108  (15)",ATN000108,шт,2,2,32,32,52,18,18,78,66,61,61,61,71,71,71,81,81,80,80,80,80,80,80,80,80,77,77,77,77,77,77,16,16
528,"S415 Выкл 2 кл  с/у 6А 250B ""BLANCA"" белый BLNVS006501 (60)",300200314_,шт,31,30,30,210,335,286,253,340,285,239,190,192,177,294,135,171,546,600,596,549,524,521,518,514,512,431,392,212,225,212,200,175,161
529,"S416 Заглушка б/с ""ATLAS"" белый ATN109  (15)",ATN000109,шт,1,1,36,32,52,40,38,53,50,45,42,37,37,37,33,31,10,25,11,22,22,1,31,1,33,33,29,29,28,27,25,25,19
530,"S416 Роз  с/у без з/к 16А 250В ""BLANCA""  белый BLNRS000011 (60)",300200315_,шт,113,116,114,229,596,532,501,476,373,373,343,283,285,285,285,271,266,266,261,241,236,236,236,236,216,216,216,216,196,196,190,260,240
531,"S417 USB розетка А+С 5В/2,4А ""ATLAS"" белый ATN139",ATN000139,шт,1,1,1,1,1,1,1,1,1,1,1,1,1,1,1,1,1,1,1,1,1,1,1,1,1,1,1,1,1,1,1,1,1
532,"S417 Перекрест. перекл. 2 кл 10А с/у б/рамки мех. ""ATLAS"" белый ATN173   (5) NEW",300200771_,шт,,,,,,491,451,439,401,298,250,214,218,184,162,270,197,187,175,239,200,175,157,117,104,94,86,100,81,47,15,75,68
533,"S417 Роз  2-ная  с/у без з/к 16А 250В ""BLANCA""  белый BLNRS000021 (36)",300200316_,шт,173,91,88,288,1018,937,736,933,882,862,787,765,759,738,727,708,850,766,704,696,696,686,683,683,348,182,21,16,20,18,17,11,11
534,"S418 Вывод кабеля механизм ""ATLAS"" белый ATN000199  (10)",300200959_,шт,,,,,,,,,,,,,50,37,28,138,2,95,176,236,200,178,157,119,79,55,118,109,144,113,89,69,60
535,"S418 Роз  с/у с з/к 16А 250В ""BLANCA""  белый BLNRS001011 (60)",300200317_,шт,333,40,37,411,1484,955,912,1869,1182,1169,839,750,508,1012,870,1366,1785,1656,1573,1111,951,803,790,759,739,577,431,430,395,520,443,481,434
536,"S419 Выкл. 1 кл с самовозвр. механизм ""ATLAS"" белый ATN000115 (5)",300200496_,шт,,,,,,,,,,,,,65,48,65,15,1,121,121,111,101,121,121,121,109,108,97,47,84,79,83,8,52
537,"S419 Роз  с/у с з/к с штор. 16А 250В ""BLANCA"" белый BLNRS001111 (60)",300200346_,шт,18,18,18,38,58,58,58,58,57,57,47,47,180,52,72,132,96,96,96,96,96,94,94,94,92,57,117,96,76,76,46,44,44
538,"S420 Роз  2-ная  с/у с з/к 16А 250В ""BLANCA""  белый BLNRS001021 (36)",300200318_,шт,246,30,30,354,701,336,197,1132,359,535,654,645,707,713,665,616,696,1734,1665,1583,1453,1382,1314,1280,1562,1314,1213,636,538,515,350,344,294
539,"S421 Роз  2-ная  с/у с з/к с штор. 16А 250В ""BLANCA"" белый BLNRS001121 (36)",300200347_,шт,40,2,2,59,126,,126,583,476,443,231,310,324,354,324,602,436,472,472,472,467,467,463,463,452,452,449,307,306,306,296,226,223
540,"S422 Выкл 1 кл  о/у 6А 250B ИЗОЛ.ПЛ. ""BLANCA""  белый BLNVA061011 (90)",300200319_,шт,35,5,1,1049,2125,1667,1187,2551,2171,1520,1009,1226,1640,1538,991,846,3076,2638,2311,1703,1226,1887,1561,1679,1118,758,1549,1220,1538,1097,1221,1065,946
541,"S423 Выкл 2 кл  о/у 6А 250B ИЗОЛ.ПЛ. ""BLANCA""  белый BLNVA065011 (90)",300200320_,шт,45,35,290,296,641,549,461,666,580,518,264,397,639,405,558,495,985,857,776,637,292,681,610,514,459,284,287,404,414,435,330,394,423
542,"S424 Роз  о/у без з/к 16А 250В ИЗОЛ.ПЛ. ""BLANCA"" белый BLNRA000111 (108)",300200321_,шт,19,19,17,135,287,125,109,408,308,253,309,253,421,131,298,507,579,444,359,340,234,333,324,317,276,122,155,137,131,140,202,78,75
543,"S425 Роз  2-ная  о/у без з/к 16А 250В ИЗОЛ.ПЛ. ""BLANCA"" белый BLNRA000211 (60)",300200322_,шт,1,1,1,396,640,483,451,701,533,315,306,460,557,487,484,1096,951,878,688,659,503,535,653,541,379,329,296,340,367,349,216,143,179
544,"S426 Роз  о/у с з/к 16А 250В ИЗОЛ.ПЛ. ""BLANCA"" белый BLNRA010111 (72)",300200323_,шт,517,42,30,1047,2667,1798,1249,3892,3369,2699,2088,1649,2119,2068,2189,2849,3743,3110,2627,2064,1438,2182,1768,1575,714,357,1539,1035,1593,1049,958,743,754
545,"S427 Роз  2-ная  о/у с з/к 16А 250В ИЗОЛ.ПЛ. ""BLANCA"" белый BLNRA010211 (48)",300200324_,шт,60,,,2564,5579,4615,3628,6385,5297,3978,2772,2460,2409,3762,3487,7409,6428,5336,4575,4056,3102,4418,3577,3601,2544,1562,2594,2569,3857,3146,2365,3488,2601
546,"S428 Роз 3-ная  о/у без з/к 16А 250В ИЗОЛ.ПЛ. ""BLANCA"" белый BLNRA000311 (36)",300200325_,шт,272,19,28,46,316,281,218,307,223,175,159,223,251,213,81,506,477,438,395,373,330,227,253,283,246,87,136,129,119,199,202,120,112
547,"S429 Роз 3-ная  о/у с з/к 16А 250В ИЗОЛ.ПЛ. ""BLANCA"" белый BLNRA010311 (30)",300200326_,шт,160,4,3,583,1738,1202,803,1792,1414,1069,993,923,1040,689,1016,2705,2400,2138,1890,1492,1203,1436,1064,1211,830,299,851,861,1176,1020,593,1094,667
548,"S430 Роз 4-ная  о/у без з/к 16А 250В ИЗОЛ.ПЛ. ""BLANCA"" белый BLNRA000411 (30)",300200327_,шт,93,1,92,123,525,473,423,512,457,325,303,281,395,256,217,425,402,386,356,334,317,213,204,180,110,89,109,119,90,204,188,89,81
549,"S431 Роз 4-ная  о/у с з/к со штор. 16А 250В ИЗОЛ.ПЛ. ""BLANCA"" белый BLNRA011411 (24)",300200328_,шт,92,9,5,760,2173,1914,1675,1896,1565,1146,810,1017,1182,1086,920,1841,1600,1409,1090,1205,937,1165,1043,818,747,356,473,730,760,541,503,669,654
550,"S432 Звонок проводной  о/у ""BLANCA"" белый BLNZA000011 (48)",300200330_,шт,11,10,10,49,120,115,117,64,59,57,10,49,44,42,39,55,54,52,52,28,27,27,27,24,22,21,21,19,17,14,13,13,14
551,"S433 Роз  2-ная  с/у с з/к с крыш. IP44 16А 250B ""BLANCA"" белый BLNRS441121 (30)",300200348_,шт,63,263,55,80,103,94,79,83,46,72,56,52,50,50,42,37,36,66,66,65,64,63,63,63,60,58,58,57,57,54,51,50,49
552,"S434 Роз с/у компьютерная RJ45 кат.5Е ""BLANCA"" белый BLNIS045001 (60)",300200350_,шт,17,1,20,38,53,53,50,30,39,36,36,46,46,27,22,57,57,57,57,54,53,51,51,51,41,41,37,37,37,37,37,37,37
553,"S435 Роз TV коннектор ""BLANCA"" белый BLNTS000011  (60)",300200352_,шт,5,5,5,15,35,34,34,34,33,33,33,33,37,37,37,37,37,37,37,36,36,36,36,36,36,36,36,36,36,36,36,36,36
554,"SO + USB РОЗЕТКА A+A, 5В/2,4А, 2х5В/1,2А, механизм ""ATLAS"" алюминий ATN330",ATN000330,шт,1,1,1,1,1,1,1,1,1,1,1,1,1,1,1,1,1,1,1,1,1,1,1,1,1,1,1,1,1,1,1,1,1
555,"А384 Выкл 1 кл 10А с/у ""ATLAS"" алюминий ATN312 (10)",300200430_,шт,200,92,262,236,751,632,561,505,480,491,425,355,377,354,339,355,355,310,210,198,186,144,121,152,100,75,139,115,145,125,100,75,94
556,"А3844 Выкл 1 кл 10А механизм ""ATLAS"" алюминий ATN311 (10)",300200588_,шт,12,12,168,138,1767,1652,1543,1755,1624,1513,1427,1372,1250,1117,1085,1006,942,835,704,627,600,525,380,373,253,236,308,255,300,280,170,123,303
557,"А385 Выкл 1 кл с инд 10А с/у б/рамки ""ATLAS"" алюминий ATN313  (10)",300200443_,шт,63,53,90,80,140,130,100,122,113,87,71,61,95,94,74,79,79,49,38,38,33,19,36,43,32,32,42,42,37,39,39,57,67
558,"А386 Выкл 2 кл 10А с/у ""ATLAS"" алюминий ATN352 (10)",300200432_,шт,94,41,211,206,602,541,524,542,511,503,477,449,458,435,408,368,383,305,294,287,274,235,224,211,165,155,154,150,141,136,132,111,102
559,"А387 Выкл 2 кл с инд 10А с/у б/рамки ""ATLAS"" алюминий ATN353 (10)",300200444_,шт,22,17,26,17,45,45,41,88,85,72,54,48,72,72,72,67,67,27,27,37,37,27,27,24,24,24,24,24,24,24,24,39,47
560,"А388 Выкл 3 кл 10А с/у б/рамки ""ATLAS"" алюминий ATN331 (10)",300200449_,шт,25,14,12,11,44,25,24,139,134,122,109,107,108,108,93,92,91,73,74,57,54,43,41,38,38,38,38,38,37,37,33,47,55
561,"А389 Диммер поворотно-нажимной с/у б/рамки 315Вт ""ATLAS"" алюминий ATN334 (1) !!!",300200447_,шт,1,1,1,1,1,1,1,3,3,3,3,3,3,3,3,3,3,3,3,3,3,3,3,3,3,1,1,1,1,1,1,1,1
562,"А390 Комп. роз. RJ45 5Е механизм б/рамки ""ATLAS"" алюминий ATN383 (10)",300200433_,шт,38,34,67,38,157,118,94,151,141,131,107,104,131,116,75,194,188,165,166,163,174,144,137,133,121,119,118,117,91,90,86,85,84
563,"А391 Переключ. 1 кл 10А с/у б/рамки ""ATLAS"" алюминий ATN361 (10)",300200439_,шт,79,69,85,75,263,229,217,264,240,193,166,148,167,155,146,185,167,141,138,118,111,101,101,95,77,67,57,41,56,43,39,52,47
564,"А392 Переключ. 1 кл с инд 10А с/у б/рамки  ""ATLAS"" алюминий ATN363  (10)",300200451_,шт,9,4,4,4,14,14,12,5,14,24,24,24,29,28,28,27,27,27,27,27,27,10,10,10,10,10,10,10,10,10,10,10,10
565,"А393 Перекрест. переключ. 1 кл 10А с/у б/рамки ""ATLAS"" алюминий ATN371 (5)",300200448_,шт,19,12,12,3,53,53,53,74,73,62,59,59,89,89,89,86,86,85,85,80,80,74,74,74,74,74,74,73,73,73,72,81,88
566,"А3933 Перекрест. переключ. 2 кл 10А с/у б/рамки ""ATLAS"" алюминий ATN373 (5) NEW",300200774_,шт,,,,,,100,100,99,87,87,87,87,87,87,87,84,83,83,83,82,82,80,80,78,78,78,78,77,77,77,76,76,74
567,"А394 Роз. 2-ная с/у 16А ""ATLAS"" алюминий ATN320 (6)",300200436_,шт,34,27,96,44,816,772,678,843,802,727,652,580,544,518,457,583,521,320,252,300,263,294,166,301,228,197,254,183,271,247,207,203,217
568,"А395 Роз. 2-ная с/у 16А с з/к з/ш ""ATLAS"" алюминий ATN326 (6)",300200431_,шт,37,8,31,19,290,256,238,305,281,270,171,162,199,185,171,242,181,159,173,169,145,91,145,174,141,114,114,98,94,83,61,44,59
569,"А396 Роз. 2-ная с/у 16А с з/к з/ш со сдвиж.крыш.""ATLAS"" алюминий ATN328 (6)",300200452_,шт,35,29,29,29,29,28,28,27,26,26,26,24,38,26,26,25,25,25,25,20,20,18,16,16,16,16,16,16,10,10,9,11,11
570,"А397 Роз. RJ45+RJ45 5Е кат 5Е механизм б/рамки ""ATLAS"" алюминий ATN385 (10)",300200434_,шт,33,27,101,101,111,100,100,108,100,87,81,76,70,70,62,61,61,51,3,48,48,47,30,34,25,22,32,41,41,39,25,24,38
571,"А399 Роз. с з/к 16А с/у з/ш ""ATLAS"" алюминий ATN344 (10)",300200429_,шт,98,42,42,231,717,535,517,524,471,459,353,259,407,342,342,370,326,332,293,292,291,210,201,200,190,135,127,102,112,92,84,53,81
572,"А3999 Роз. без з/к без шторок 16А механизм ""ATLAS"" алюминий ATN341 (10)",300200632_,шт,452,412,407,337,427,407,369,430,350,292,276,205,276,266,206,355,314,204,71,366,332,317,223,200,173,181,188,188,163,99,97,105,30
573,"А401 ТV роз. оконечная с/у б/рамки ""ATLAS"" алюминий ATN391(10)",300200441_,шт,4,4,102,90,110,85,78,97,95,95,93,92,93,93,93,85,85,77,80,80,79,75,75,74,74,74,74,74,24,24,22,22,21
574,"А402 Телефонная роз. RJ11 механизм б/рамки ""ATLAS"" алюминий ATN381 (10)",300200450_,шт,21,16,9,1,31,11,10,88,87,87,87,87,98,98,98,97,96,96,96,96,96,96,96,96,96,96,96,96,95,95,95,95,95
575,"А405 Рамка 1-ная ""ATLAS"" алюминий ATN301 (20)",300200435_,шт,894,727,1057,843,3012,2550,2149,2630,2257,1823,1547,1242,1330,1150,994,1745,2416,1878,1629,1555,1450,1170,819,1144,778,521,901,677,836,817,660,582,747
576,"А406 Рамка 2-ная ""ATLAS"" алюминий ATN302 (10)",300200437_,шт,300,209,1005,999,1526,1369,1252,1478,1301,1218,1157,961,830,682,606,905,876,617,587,595,559,373,421,562,531,466,416,350,297,254,193,173,188
577,"А407 Рамка 3-ная ""ATLAS"" алюминий ATN303 (15)",300200438_,шт,72,45,398,383,527,446,404,674,646,590,556,516,475,446,403,312,276,222,198,211,186,108,169,191,160,175,172,147,157,132,99,128,144
578,"А408 Рамка 4-ная ""ATLAS"" алюминий ATN304 (15)",300200440_,шт,55,35,120,120,173,137,125,475,467,434,415,410,418,397,376,360,343,316,255,240,238,196,152,139,128,127,123,118,103,100,73,71,72
579,"А409 Рамка 5-ная ""ATLAS"" алюминий ATN305 (5)",300200445_,шт,6,1,28,28,48,36,49,88,86,74,66,66,79,76,75,73,103,91,91,88,85,78,78,77,76,76,67,67,66,66,63,67,74
580,"А414 Переключ. 2 кл 10А с/у б/рамки ""ATLAS"" алюминий ATN365 (10)",300200446_,шт,8,8,38,28,87,39,23,310,317,303,298,296,302,290,260,258,250,238,218,197,193,164,164,154,154,154,154,150,125,117,113,121,121
581,"ВЫВОД КАБЕЛЯ, механизм ""ATLAS"" алюминий ATN399 !!!",ATN000399,шт,1,1,1,1,1,1,1,32,32,32,32,32,30,28,28,28,28,26,26,26,22,22,22,1,3,2,2,2,2,2,2,2,2
582,"ВЫВОД КАБЕЛЯ, механизм, ЖЕМЧУГ ATN499",ATN000499,шт,2,2,2,2,2,2,2,2,2,2,2,2,2,2,2,1,1,1,1,1,1,1,1,1,12,12,12,12,1,1,1,1,1
583,"Выкл 1-кл, сх.1, 10АХ, механизм, шампань ""ATLAS""",300200592_,шт,19,19,89,85,325,112,16,181,137,229,92,391,466,354,424,1051,877,779,738,608,639,590,572,529,370,346,415,347,281,360,294,347,260
584,Выкл 2 кл 10А механизм жемчуг ATN000451,300200366_,шт,1,10,61,31,141,91,53,10,55,6,136,136,105,125,82,234,188,144,156,201,198,185,182,182,182,182,182,182,181,169,143,119,119
585,Выкл 2 кл о/у 10А 250B белый BLANCA,LNVA105011,шт,2,2,2,2,17,7,4,62,5,35,9,38,38,38,18,78,63,62,52,51,49,39,29,44,14,12,26,26,25,23,3,18,16
586,"Выкл 2-кл, сх.5, 10АХ, механизм, сталь ""ATLAS""",300200595_,шт,1,1,1,61,71,55,45,713,712,685,639,629,604,604,601,600,548,538,531,519,513,464,451,438,416,416,413,412,410,388,388,386,370
587,"ВЫКЛЮЧАТЕЛЬ ""ХИТ""СУ 1КЛ. ИБЕЛ. VS16-135-B Shn.Elec. !!!",030200097_,шт,86,86,86,86,86,86,86,161,161,161,161,161,161,161,161,237,237,237,237,237,237,237,237,,10,10,10,7,7,,,,
588,Выключатель 1-клавишный WDE000311 скрытой установки Серебро Wessen,WDE000311,шт,,,,,,,,14,14,14,14,14,14,,,,,,,,,,,,,,,,,,,,
589,Выключатель 1-клавишный WDE000411 скрытой установки Шампань Wessen,WDE000411,шт,,,,,,,,64,64,64,64,64,64,,,,,,,,,,,,,,,,,,,,
590,Выключатель 1-клавишный WDE000413 скрытой установки подсветка Шампань Wessen,WDE000413,шт,,,,,,,,20,20,20,20,20,20,,,,,,,,,,,,,,,,,,,,
591,"Выключатель 1-клавишный WDE000461 механизм, Шампань Wessen",WDE000461,шт,,,,,,,,49,49,49,49,49,49,,,,,,,,,,,,,,,,,,,,
592,Выключатель 1-клавишный WDE000471 механизм Шампань Wessen,WDE000471,шт,,,,,,,,15,15,15,15,15,15,,,,,,,,,,,,,,,,,,,,
593,Выключатель 1-клавишный ВА1У-112-би Wessen,VA1U-112-B,шт,,,,,,,,70,70,70,70,70,70,,,,,,,,,,,,,,,,,,,,
594,Выключатель 1-клавишный ВС 116-153-1-86 Wessen,VS116-153-1-86,шт,,,,,,,,141,141,141,141,141,141,,,,,,,,,,,,,,,,,,,,
595,Выключатель 1-клавишный ВС 116-154-1-86 Wessen,VS116-154-1-86,шт,,,,,,,,1,1,1,1,1,1,,,,,,,,,,,,,,,,,,,,
596,Выключатель 2-клавишный WDE000151 скрытой установки Wessen,WDE000151,шт,,,,,,,,1,1,1,1,1,1,,,,,,,,,,,,,,,,,,,,
597,Выключатель 2-клавишный WDE000351 скрытой установки Серебро Wessen,WDE000351,шт,,,,,,,,4,4,4,4,4,4,,,,,,,,,,,,,,,,,,,,
598,Выключатель 2-клавишный WDE000451 скрытой установки Шампань Wessen,WDE000451,шт,,,,,,,,80,80,80,80,80,80,,,,,,,,,,,,,,,,,,,,
599,Выключатель 2-клавишный ВА 510-228Б Wessen,VA510-228B-BI,шт,,,,,,,,64,64,64,64,64,64,,,,,,,,,,,,,,,,,,,,
600,Выключатель 2-клавишный ВС 516-252-18 Wessen,VS516-252-18,шт,,,,,,,,5,5,5,5,5,5,,,,,,,,,,,,14,14,14,14,14,14,14,14,14
601,Выключатель 2-клавишный ВС 516-252-9-86  Wessen 59 !!!,030200198_,шт,,,,,,,,,,,,,,,,,,10,10,10,10,10,10,,,,,,,,,,
602,Выключатель 2-клавишный С 56-043 Wessen скрытой установки,S56-043-BI,шт,,,,,,,,60,60,60,60,60,60,,,,,,,,,,,,,,,,,,,,
603,"Выключатель 3-клавишный WDE000431 механизм, Шампань Wessen",WDE000431,шт,,,,,,,,26,26,26,26,26,26,,,,,,,,,,,,,,,,,,,,
604,Диммер WDE000436 универсальный 600Вт/ВА Шампань Wessen,WDE000436,шт,,,,,,,,1,1,1,1,1,1,,,,,,,,,,,,,,,,,,,,
605,"Диммер поворотно-нажимной с/у б/рамки 400Вт ""ATLAS"" жемчуг ATN423 (1)",300200956_,шт,,,,,,,,,,3,,,,,,,,,,,,,,,,,,,,,,,
606,К090 Роз. с з/к 16А с/у б/рамки ATLAS ПЕСОЧНЫЙ ATN1243 (5),300200718_,шт,118,118,1543,1415,1029,689,298,1298,1229,1133,1126,1022,1045,1033,937,1265,2839,2078,2024,1942,1434,1512,1604,1963,1713,1629,1314,1046,1061,940,936,744,496
607,К091 Роз. с з/к с з/ш 16А механизм ATLAS ПЕСОЧНЫЙ ATN1245 (5),300200719_,шт,5,1,51,51,15,15,15,73,1,42,39,64,38,53,56,166,146,136,136,136,136,128,15,75,55,69,19,48,68,63,63,88,88
608,К092 Выкл 1 кл 10А с/у ATLAS ПЕСОЧНЫЙ ATN1212 (5),300200720_,шт,,,54,43,155,45,2,138,133,141,125,128,179,183,160,143,352,329,315,279,271,256,215,168,127,134,109,109,116,113,54,72,20
609,К093 Выкл 1 кл с инд 10А с/у б/рамки ATLAS ПЕСОЧНЫЙ ATN1213,300200721_,шт,,,18,18,47,47,42,47,46,46,46,36,35,35,32,32,12,12,11,21,21,21,21,12,2,6,16,6,5,16,11,13,11
610,К094 Выкл 2 кл 10А с/у ATLAS ПЕСОЧНЫЙ ATN1252 (5),300200722_,шт,8,8,72,60,111,85,75,99,113,115,100,72,89,94,54,70,213,196,160,148,134,114,100,100,65,82,67,72,70,65,51,56,9
611,"К0944 Выкл. 2 кл 10А б/рамки ""ATLAS"" ПЕСОЧНЫЙ ATN1251 (5) NEW",300200777_,шт,,,,,,77,41,60,165,202,166,108,86,157,136,384,312,271,271,232,236,221,245,224,218,210,185,177,142,128,105,107,111
612,К095 Выкл 2 кл с инд 10А с/у б/рамки ATLAS ПЕСОЧНЫЙ ATN1253,300200723_,шт,18,,40,40,40,40,35,35,33,33,33,33,32,32,32,31,31,31,28,28,28,28,28,28,20,16,16,16,16,16,14,14,9
613,К096 Выкл 3 кл 10А с/у б/рамки ATLAS ПЕСОЧНЫЙ ATN1231 (5),300200724_,шт,14,14,9,7,24,23,23,12,16,9,3,,8,2,1,,27,20,32,29,28,26,29,29,23,23,23,21,15,15,11,12,8
614,К097 Комп. роз. RJ45 5Е механизм б/рамки ATLAS ПЕСОЧНЫЙ ATN1283 (5),300200725_,шт,27,20,19,12,60,53,36,62,96,91,80,69,44,57,12,129,113,93,76,66,57,56,58,78,68,64,52,42,43,51,49,38,10
615,К098 Переключ. 1 кл 10А с/у б/рамки ATLAS ПЕСОЧНЫЙ ATN1261 (5),300200726_,шт,10,2,9,1,101,93,71,105,85,84,53,41,112,110,89,152,147,113,99,84,69,45,79,81,86,73,73,73,69,78,64,62,53
616,К099 Переключ. 1 кл с инд 10А с/у б/рамки ATLAS ПЕСОЧНЫЙ ATN1263,300200727_,шт,3,3,8,8,13,13,13,13,12,12,12,12,12,12,12,11,11,11,2,7,7,7,7,7,7,7,7,7,7,7,7,7,7
617,К100 Перекрест.переключ. 1 кл 10А с/у б/рамки ATLAS ПЕСОЧНЫЙ ATN1271 (5),300200728_,шт,23,23,21,20,10,6,2,17,14,14,4,9,16,15,7,36,26,26,21,21,20,16,15,10,7,12,8,8,7,8,8,9,4
618,К101 Роз. 2-ная с/у 16А ATLAS ПЕСОЧНЫЙ ATN1220 (6),300200729_,шт,11,11,21,20,16,10,3,34,6,60,19,17,60,60,33,115,70,70,88,78,66,46,66,28,77,71,53,75,79,76,28,51,74
619,К102 Роз. 2-ная с/у 16А с з/к з/ш ATLAS ПЕСОЧНЫЙ ATN1226 (6),300200730_,шт,19,18,36,34,56,42,12,44,74,76,51,7,66,42,22,142,60,60,36,12,114,96,105,81,58,106,102,78,80,70,50,47,20
620,К103 Роз. RJ45+RJ45 5Е кат 5Е механизм б/рамки ATLAS ПЕСОЧНЫЙ ATN1285 (5),300200731_,шт,4,1,1,1,11,8,7,5,8,6,5,8,7,7,6,10,10,5,3,8,8,8,8,8,4,4,3,3,3,3,3,3,1
621,К104 Роз. с з/к 16А с/у з/ш ATLAS ПЕСОЧНЫЙ ATN1244 (5),300200732_,шт,,,110,110,105,57,50,79,40,34,12,88,108,106,105,134,134,134,130,129,126,121,121,121,114,77,77,67,62,60,41,34,27
622,"К1044 Роз. без з/к без с/ш 16А б/рамки ""ATLAS"" ПЕСОЧНЫЙ ATN1241 (5) NEW",300200778_,шт,,,,,,168,141,98,147,164,164,76,24,159,159,180,174,163,153,113,40,105,129,8,158,93,143,131,125,127,126,114,97
623,К105 ТV роз. оконечная с/у б/рамки ATLAS ПЕСОЧНЫЙ ATN1291 (5),300200733_,шт,1,2,32,32,27,15,13,32,24,18,13,3,32,32,27,37,32,32,22,19,24,24,24,24,22,21,19,15,11,10,11,16,14
624,К106 Телефонная роз. RJ11 механизм б/рамки ATLAS ПЕСОЧНЫЙ ATN1281 (5),300200734_,шт,13,13,13,13,11,10,9,9,8,8,8,8,8,8,8,6,6,6,6,6,6,6,5,5,5,4,4,4,4,4,3,3,3
625,К107 Рамка 1-ная ATLAS ПЕСОЧНЫЙ ATN1201 (10),300200735_,шт,139,130,473,431,654,546,389,521,584,726,649,376,649,591,731,782,1403,1079,1097,1000,886,795,970,814,922,858,712,570,660,470,362,434,197
626,К108 Рамка 2-ная ATLAS ПЕСОЧНЫЙ ATN1202 (5),300200736_,шт,121,117,92,69,350,216,115,394,677,598,536,430,390,405,280,337,697,494,603,520,407,447,375,510,394,445,330,286,378,363,292,235,222
627,К109 Рамка 3-ная ATLAS ПЕСОЧНЫЙ ATN1203 (5),300200737_,шт,43,43,28,22,130,89,50,146,256,216,156,143,176,167,163,360,268,219,253,226,181,193,211,256,195,193,157,118,150,141,107,69,77
628,К110 Рамка 4-ная ATLAS ПЕСОЧНЫЙ ATN1204 (5),300200738_,шт,9,6,10,5,55,37,31,90,90,85,63,47,61,51,53,118,101,51,82,61,45,73,75,105,85,84,74,61,75,68,56,39,16
629,К111 Выкл 1-кл о/у IP54 10А Atlas Profi 54 БЕЛЫЙ ATN540111 (12),300200742_,шт,81,73,380,343,430,410,285,285,275,225,241,90,466,451,312,234,656,555,495,463,418,538,400,239,197,130,149,265,359,282,190,248,63
630,К111 Рамка 5-ная ATLAS ПЕСОЧНЫЙ ATN1205 (5),300200739_,шт,8,7,10,6,26,22,21,66,62,61,48,44,41,42,35,32,24,19,22,16,19,17,15,18,18,18,14,14,11,11,11,12,12
631,К112 Выкл 2-кл о/у IP54 10А Atlas Profi 54 БЕЛЫЙ ATN540151 (12),300200743_,шт,,,,24,23,17,6,48,77,27,,33,64,60,42,101,93,80,50,49,71,93,83,65,24,38,18,63,91,73,52,76,52
632,К112 Переключ. 2 кл 10А с/у б/рамки ATLAS ПЕСОЧНЫЙ ATN1265 (5),300200740_,шт,20,12,32,28,102,82,68,83,74,81,67,65,35,73,46,120,74,58,72,67,102,151,145,128,117,108,78,76,73,63,56,53,42
633,К113 Выкл 1-кл сх.1 10АХ механизм ПЕСОЧНЫЙ ATLAS ATN1211 (5),300200741_,шт,9,9,72,72,50,27,19,34,87,157,86,122,142,157,149,333,275,175,265,246,190,172,242,328,313,306,284,265,188,217,129,104,131
634,К113 Роз. з/к з/ш о/у IP54 16А 250В Atlas Profi 54 БЕЛЫЙ ATN540145 (12),300200744_,шт,284,267,228,167,350,287,163,193,22,55,311,359,498,476,356,253,773,684,526,487,387,545,420,408,368,310,274,283,387,102,300,470,268
635,К114 Роз. 2-я з/к о/у IP54 16А Atlas Profi 54 БЕЛЫЙ ATN540126 (6),300200745_,шт,520,401,378,372,472,277,236,383,355,194,212,287,420,316,260,517,405,347,295,253,231,135,305,132,265,215,245,294,338,252,262,284,181
636,К115 Перекл 1-кл о/у IP54 Atlas Profi 54 БЕЛЫЙ ATN540161 (12),300200746_,шт,453,420,402,394,378,349,319,337,294,255,144,169,162,202,177,334,312,175,130,207,195,261,172,129,102,32,202,218,242,170,94,334,275
637,"К116 Роз,Выкл.2-кл з/к з/ш о/у IP54 16А Atlas Profi 54 БЕЛЫЙ ATN540174 (6)",300200747_,шт,9,8,8,8,49,45,42,45,43,42,41,39,39,39,37,36,36,32,31,30,30,23,22,22,22,22,21,20,19,22,22,25,24
638,"К117 Роз,Выкл.1-кл з/к з/ш о/у IP54 16А Atlas Profi 54 БЕЛЫЙ ATN540170 (6)",300200748_,шт,5,4,4,4,51,45,37,22,23,29,30,26,25,23,33,32,40,36,30,29,20,10,1,32,31,30,29,15,15,11,2,12,11
639,К118 Выкл 1-кл о/у IP54 Atlas Profi 54 АНТРАЦИТ ATN544011 (12),300200749_,шт,150,91,80,58,300,230,194,199,132,297,249,227,229,237,194,386,345,280,231,187,204,185,169,132,152,124,189,172,169,153,98,156,100
640,К119 Выкл 2-кл о/у IP54 Atlas Profi 54 АНТРАЦИТ ATN544051 (12),300200750_,шт,7,,26,3,111,62,44,145,120,116,93,121,149,146,127,201,170,140,126,100,80,57,51,67,89,84,70,51,64,50,54,54,53
641,К120 Роз. з/к з/ш о/у IP54 16А 250В Atlas Profi 54 АНТРАЦИТ ATN544045 (12),300200751_,шт,114,66,38,26,375,272,241,295,205,234,82,241,322,341,273,568,514,388,340,374,318,385,302,197,190,133,256,170,235,193,103,315,145
642,К121 Роз. 2-я з/к о/у IP54 16А Atlas Profi 54 АНТРАЦИТ ATN544026 (6),300200752_,шт,164,112,68,54,399,288,230,312,176,440,375,390,380,348,371,696,658,588,476,413,377,286,298,343,201,132,200,242,258,259,178,183,82
643,К122 Перекл 1-кл о/у IP54 Atlas Profi 54 АНТРАЦИТ ATN544061 (12),300200753_,шт,328,325,313,308,308,298,289,305,295,286,280,273,256,252,249,220,204,159,128,106,89,52,39,75,78,90,86,78,94,78,22,106,93
644,К123 Блок:Роз+выкл 2-кл з/к з/ш о/у IP54 16А Atlas Profi 54 АНТРАЦИТ ATN544074 (6),300200754_,шт,21,17,17,16,35,33,29,33,26,22,19,11,8,26,24,36,30,23,12,23,22,9,12,23,31,30,30,30,27,20,16,11,5
645,К124 Блок:Роз+выкл 1-кл з/к з/ш о/у IP54 16А Atlas Profi 54 АНТРАЦИТ ATN544070 (6),300200755_,шт,6,1,1,1,58,56,54,53,49,35,30,23,20,23,13,41,38,33,24,20,3,6,11,35,61,49,46,45,36,27,20,24,39
646,"КОРОБКА МОНТАЖН.С / У Д / СИЛ.РОЗЕТОК, ЗЕЛЕН",300200497_,шт,,,,,,,,,,,,,,,,,,,,,,,,,,,,,,,,,
647,"РА16-244В Розетка 2-я IP44 о/у, з/к, з/ш, Белая Этюд (7)  Шнайдер",030200399_,шт,,,,,,,,,,,,,,,,,,,,,,,,,,,,,,,,,
648,"Рамка 1-постовая универсальная ""Atlas"" Лотос ATN001301",яярп5490,шт,,,,,1040,,,,,,,,,,,,,,,,,,,,1040,1040,1040,1040,1040,1040,1040,1040,1040
649,"Рамка 2-постовая универсальная ""Atlas"" Лотос ATN001301",ATN001302,шт,,,,,,,,,,,,5,5,5,5,5,5,5,5,5,5,5,5,5,5,5,5,5,5,5,5,5,5
650,"Рамка 2-постовая, WDE000302 скрытой установки Серебро Wessen",WDE000302,шт,,,,,,,,1,1,1,1,1,1,,,,,,,,,,,,,,,,,,,,
651,"Рамка 2-постовая, КД-РС-254-18 Wessen",KD-RS254-18,шт,,,,,,,,6,6,6,6,6,6,,,,,,,,,,,,,,,,,,,,
652,"Рамка 2-постовая, КД-РС-254-98 Wessen59 !!!",030200200_,шт,,,,,,,,,,,,,,,,,,2,2,2,2,2,2,,,,,,,,,,
653,Рамка 3-постовая WDE000403 скрытой установки Шампань Wessen,WDE000403,шт,,,,,,,,44,44,44,44,44,44,,,,,,,,,,,,,,,,,,,,
654,"Рамка 3-постовая, WDE000303 скрытой установки Серебро Wessen",WDE000303,шт,,,,,,,,13,13,13,13,13,13,,,,,,,,,,,,,,,,,,,,
655,Рамка 4-постовая WDE000404 скрытой установки Шампань Wessen,WDE000404,шт,,,,,,,,49,49,49,49,49,49,,,,,,,,,,,,,,,,,,,,
656,"Рамка 4-постовая, WDE000304 скрытой установки Серебро Wessen",WDE000304,шт,,,,,,,,4,4,4,4,4,4,,,,,,,,,,,,,,,,,,,,
657,Рамка КД-2-48 Wessen,KD-2-48,шт,,,,,,,,4,4,4,4,4,4,,,,,,,,,,,,,,,,,,,,
658,Рамка КД-2-88 Wessen,KD-2-88,шт,,,,,,,,4,4,4,4,4,4,,,,,,,,,,,,,,,,,,,,
659,Рамка КД-3-48 Wessen,KD-3-48,шт,,,,,,,,5,5,5,5,5,5,,,,,,,,,,,,,,,,,,,,
660,Распределительная  коробка о/у  с сальниками  65х45 IP55 IMT35093 Systeme Electric (150),030200226_,шт,7,7,1,1020,2023,1478,1460,1838,1469,1097,553,1693,1575,400,1219,2754,2577,2547,2503,2487,2338,2328,2550,2343,1897,1421,899,653,453,808,806,501,462
661,Распределительная  коробка о/у  с сальниками  70х70х40 IP55 IMT35090 Systeme Electric (96),030200223_,шт,1178,218,165,2961,4690,3177,2316,6383,3964,3186,4393,5029,5886,6221,4019,9593,8847,7561,6902,6007,5497,5183,3901,3422,5111,3372,2086,3985,3363,4939,3469,3403,2818
662,Распределительная  коробка о/у  с сальниками  80х40 IP55 IMT35094 Systeme Electric (96),030200227_,шт,774,486,216,756,2421,2419,1928,1098,733,1144,710,1331,1109,1239,1124,997,2588,2307,2152,1786,1456,1394,1244,1092,427,69,311,886,906,839,1380,232,862
663,Распределительная  коробка о/у  с сальниками  85х85х40 IP55 IMT35092 Systeme Electric (72),030200225_,шт,1455,107,16,2645,8829,6000,4910,9861,8059,5612,3731,4039,4359,9777,7306,13258,12261,11293,9549,8748,7843,5195,6279,4182,5458,4209,4367,4253,5270,3814,3906,5031,3991
664,Распределительная  коробка о/у  с сальниками 100х100х50 IP55 IMT35091 Systeme Electric (45),030200224_,шт,4583,708,1,3439,18318,16519,13097,14002,9592,8407,2015,10350,15071,10955,10715,23239,20834,17313,14194,12966,14823,13265,13918,13396,10677,7013,7621,7923,7899,8197,7234,6815,5523
665,Распределительная коробка с/у для полых стен г/к  80х45 IP20 IMT35160 Systeme Electric (120),030200221_,шт,37,35,2063,775,13258,12215,8905,10836,8368,8482,4225,6852,7260,5868,6193,3976,10555,8611,7604,7918,7061,7008,5260,5526,7132,4174,2672,4634,6466,4552,5523,5764,5215
666,Распределительная коробка с/у для полых стен г/к 100х100х50 IP20 IMT35161 Systeme Electric (72),030200222_,шт,1148,65,4078,3506,6241,5522,4346,5697,5215,4159,3018,2800,3140,2578,2621,2198,5470,5129,4127,3873,1929,3413,3630,4496,3103,2725,2327,2588,2300,2056,1611,1779,1052
667,Роз. 2-ная c/у с з/к з/ш 16А белый ХИТ !!!,030200331_,шт,,,,,,,,67,67,67,67,67,67,67,67,,,,,,,,,,,,,,,,,,
668,Роз. 2-ная о/у с з/к з/ш 16А белый ХИТ !!!,030200322_,шт,,,,,,,,7,7,7,7,7,7,7,7,,,,,,,,,,,,,,,,,,
669,Роз. 2-ная с з/к 16А в сборе жемчуг ATLASDESIGN !!!,300200473_,шт,1,1,1,1,1,1,1,10,10,7,7,7,6,2,2,2,2,2,2,2,2,2,2,2,1,1,1,1,1,1,1,1,1
670,Роз. 2-ная с/у  з/ш 16А белый ХИТ !!!,030200323_,шт,,,,,,,,44,44,44,44,44,44,44,44,,,,,,,,,,,,,,,,,,
671,Роз. c/у с з/к з/ш 16А 250В белый ХИТ,030200330_,шт,,,,,,,,,,,,,,,,,,,,,,,,,,,,,,,,,
672,"Роз. двойная с з/к, 16А, в сборе, грифель ""ATLAS""",ATN000724,шт,1,1,1,1,1,1,1,1,1,1,1,1,1,1,1,1,1,1,1,1,1,1,1,1,1,1,1,1,1,1,1,1,1
673,"Роз. двойная с з/к, 16А, в сборе, карбон ""ATLAS""",300200469_,шт,1,1,1,1,1,1,1,1,1,1,1,1,1,1,1,1,1,1,1,1,1,1,1,1,1,1,1,1,1,1,1,1,1
674,Роз. с з/к  со з/ш с крышкой 16А IP20 механизм жемчуг ATLASDESIGN,ATN000446,шт,8,8,21,14,72,64,54,49,15,35,45,37,40,37,31,80,76,73,49,45,32,34,34,33,27,22,22,22,25,23,18,17,17
675,Розетка TV серебро WDE000391 Wessen,WDE000391,шт,,,,,,,,2,2,2,2,2,2,,,,,,,,,,,,,,,,,,,,
676,"Розетка WDE000193 TV-R 2DB механизм Белый, Wessen",WDE000193,шт,,,,,,,,4,4,4,4,4,4,,,,,,,,,,,,,,,,,,,,
677,"Розетка WDE000195 TV-R 11DB проходная механизм Белый, Wessen",WDE000195,шт,,,,,,,,9,9,9,9,9,9,,,,,,,,,,,,,,,,,,,,
678,Розетка WDE000441 скрытой установки без заземляющего контакта Шампань Wessen,WDE000441,шт,,,,,,,,10,10,10,10,10,10,,,,,,,,,,,,,,,,,,,,
679,"Розетка WDE000448 с ЗК, шторки, крышка IP44 Шампань Wessen",WDE000448,шт,,,,,,,,11,11,11,11,11,11,,,,,,,,,,,,,,,,,,,,
680,Розетка WDE000493 скрытой установки одинарная TV-R 2DB Шампань Wessen,WDE000493,шт,,,,,,,,10,10,10,10,10,10,,,,,,,,,,,,,,,,,,,,
681,"РОЗЕТКА дв. б/з,16А, в сборе, БАЗАЛЬТ ""ATLAS"" Schneider NEW",ATN001420,шт,,,,,,,,,,,,,,6,6,6,6,6,6,6,6,6,6,6,6,6,6,6,6,6,6,6,6
682,Розетка двойная RJ11+RJ45 кат.5Е белая WDE000185 Wessen,WDE000185,шт,,,,,,,,8,8,8,8,8,8,,,,,,,,,,,,,,,,,,,,
683,"РОЗЕТКА двойная комп+ТВ, RJ45+TV, кат.5E, механизм""ATLAS"" алюминий ATN389 !!!",ATN000389,шт,1,1,1,1,1,1,1,25,25,25,25,25,24,19,19,19,19,19,19,19,18,18,18,18,19,19,19,19,19,19,19,19,19
684,"РОЗЕТКА двойная компьютерная RJ45+RJ45, кат.5E, механизм белый GSL000185KK",GSL000185KK,шт,1,1,1,1,1,1,1,1,1,1,1,1,1,1,1,1,1,1,1,1,1,1,1,1,1,1,1,1,1,1,1,1,1
685,"РОЗЕТКА О/У 4- ая з/к шт.16А, БЕЛЫЙ Этюд",030200297_,шт,,,,,,,,,,,,,,,,,,,,,,,,,,,,,,,,,
686,Розетка РА 10-164 Wessen одинарная наружная,RA10-164-BI,шт,,,,,,,,28,28,28,28,28,28,,,,,,,,,,,,,,,,,,,,
687,Розетка РА 16-213 Wessen,RA16-213-BI,шт,,,,,,,,1,1,1,1,1,1,,,,,,,,,,,,,,,,,,,,
688,Розетка РС 16-212 /Wessen/ двойная с заземляющим контактом со шторкой,RS16-212-S,шт,,,,,,,,34,34,34,34,34,34,,,,,,,,,,,,,,,,,,,,
689,Розетка РС 6-253-18 Wessen,RS6-253-18,шт,,,,,,,,248,248,248,248,248,248,,,,,,,,,,,,,,,,,,,,
690,Розетка РСИ-251 КК5Е-28 Wessen,RSI-251KK5E-28,шт,,,,,,,,2,2,2,2,2,2,,,,,,,,,,,,,,,,,,,,
691,Розетка телефонная RJ11 серебро WDE000381 Wessen,WDE000381,шт,,,,,,,,12,12,12,12,12,12,,,,,,,,,,,,,,,,,,,,
692,Розетка телефонная RJ11 Шампань WDE000481 Wessen,WDE000481,шт,,,,,,,,17,17,17,17,17,17,,,,,,,,,,,,,,,,,,,,
693,РС 6-253-18 Wessen 59 (60)(для плоских вилок) Shn.Elec.!!!,030200140_,шт,67,67,67,67,67,67,67,67,67,67,67,67,67,67,67,67,67,67,67,67,67,67,67,67,67,67,67,67,67,67,67,67,67
694,"Сжим У 731М  (4-10/1,5-10) SE (140)",130300026_,шт,105,805,18,1458,2409,4355,4461,3048,2897,1813,1069,1475,1192,715,2056,1923,3966,2644,2510,2551,1496,1946,1962,1868,939,792,1140,1280,1387,622,336,426,247
695,"Сжим У 733M (16-35/1,5-10)  SE (140)",130300027_,шт,580,229,869,491,3133,2908,1750,59,1884,2416,1515,3407,3906,3865,2714,2592,6542,5458,5273,5599,3490,2004,865,2545,2469,1675,2266,2621,2614,2509,276,15,6
696,Сжим У 734М (16-35/16-25) SE (140),130300028_,шт,990,647,27,167,2527,2377,687,1902,2366,1693,1231,1355,1330,1250,935,2163,2058,934,840,1077,907,1149,1149,909,415,734,1014,919,1046,996,996,864,196
697,Соединитель коробок IMT35150/IMT351501 Systeme Electric (900),030200203_,шт,1,1,1751,1652,1453,1063,1,7550,5883,3836,3072,3610,6140,5088,5486,11742,10590,8981,8064,7184,5501,6809,5473,6478,5498,4641,3311,2422,3232,2267,3927,5108,4668
698,"ХИТ О/У РОЗЕТКА телевизионная, БЕЛЫЙ. !!!",RAT-1A3-B,шт,,,,,,,,471,471,471,471,471,471,471,471,471,471,3,3,3,3,3,3,3,,,,,,,,,
699,"ХИТ О/У РОЗЕТКА телефонная RJ11, БЕЛЫЙ. Россия",RT-4A3-B,шт,,,,,,,,731,731,731,731,731,731,,,,,,,,,,,,,,,,,,,,
700,Этюд РА 16-009B роз.3я без з/к,030200295_,шт,,,,,,,,,,,,,,,,,,,,,,,,,,,,,,,,,
701,Этюд РА 16-011B роз.3я с з/к,030200296_,шт,,,,,,,,,,,,,,,,,,,,,,,,,,,,,,,,,
